v 0.190665 -0.213829 0.000321
v 0.192062 -0.216430 0.032513
v 0.194470 -0.236821 0.024307
v 0.190272 -0.234356 -0.010032
v 0.190266 -0.195600 0.004590
v 0.190113 -0.200460 0.034879
v 0.188481 -0.223278 0.053934
v 0.190965 -0.242877 0.052990
v 0.133395 -0.324864 -0.094453
v 0.142808 -0.341954 -0.083036
v 0.106801 -0.344966 -0.100802
v 0.107248 -0.327583 -0.106358
v 0.036783 -0.323145 -0.113856
v 0.076389 -0.328735 -0.112780
v 0.066282 -0.344767 -0.106503
v 0.028816 -0.340759 -0.103786
v 0.039251 -0.209037 -0.113659
v 0.038909 -0.189817 -0.107135
v 0.064144 -0.186891 -0.104630
v 0.066432 -0.207633 -0.112519
v 0.194795 -0.367369 0.063397
v 0.192827 -0.397253 0.055533
v 0.197918 -0.393692 0.016607
v 0.201909 -0.359545 0.019098
v 0.162460 -0.389982 -0.051428
v 0.125279 -0.391065 -0.069158
v 0.134889 -0.365145 -0.077576
v 0.168391 -0.360946 -0.055306
v 0.028624 -0.259884 0.160716
v 0.037256 -0.235452 0.167912
v 0.017805 -0.237884 0.170417
v 0.014883 -0.259461 0.162756
v 0.179999 -0.228674 0.075891
v 0.177459 -0.210805 0.076741
v 0.162760 -0.214607 0.096501
v 0.163637 -0.233414 0.097493
v 0.056251 -0.361271 -0.093225
v 0.021161 -0.357521 -0.087689
v 0.172845 -0.368438 0.101399
v 0.173220 -0.403616 0.095605
v 0.142289 -0.408981 0.126255
v 0.143722 -0.376681 0.127210
v 0.109109 -0.378698 0.138962
v 0.106589 -0.410196 0.137790
v 0.010434 -0.355792 0.122677
v 0.009730 -0.364296 0.118255
v 0.029670 -0.340709 0.134497
v 0.027290 -0.325397 0.137580
v 0.035359 -0.292028 -0.121988
v 0.067519 -0.293817 -0.123582
v 0.070064 -0.311333 -0.119183
v 0.038235 -0.307490 -0.119378
v 0.083612 -0.386106 -0.077297
v 0.090610 -0.415429 -0.066015
v 0.054159 -0.414661 -0.059437
v 0.038572 -0.382709 -0.069249
v 0.152553 -0.419414 -0.048308
v 0.187708 -0.390085 -0.022652
v 0.178213 -0.421087 -0.024139
v 0.187313 -0.430189 0.055860
v 0.190162 -0.425364 0.011499
v 0.137364 -0.441550 0.124889
v 0.102108 -0.442484 0.135004
v 0.017201 -0.418202 0.101641
v 0.014731 -0.443949 0.090603
v 0.035661 -0.441083 0.113314
v 0.040555 -0.414707 0.121772
v 0.073295 -0.262674 0.148814
v 0.079516 -0.290616 0.143496
v 0.110594 -0.271182 0.134086
v 0.111467 -0.245954 0.134897
v 0.182554 -0.249939 0.076270
v 0.011838 -0.398490 -0.033564
v 0.021371 -0.422251 -0.038445
v 0.002989 -0.433290 -0.008009
v -0.000401 -0.413129 0.004427
v 0.185622 -0.205824 0.057335
v 0.192878 -0.356996 -0.022736
v 0.132212 -0.472597 0.121924
v 0.097819 -0.474238 0.129487
v 0.093480 -0.504295 0.121801
v 0.126219 -0.502358 0.116575
v 0.003018 -0.470016 0.047898
v 0.006264 -0.496444 0.036033
v 0.012989 -0.497086 0.064383
v 0.013420 -0.471341 0.077865
v 0.010068 -0.523674 0.026768
v 0.013024 -0.550451 0.017569
v 0.017045 -0.555835 0.045235
v 0.017314 -0.526204 0.058620
v 0.167089 -0.438160 0.097068
v 0.170911 -0.492146 0.059443
v 0.178611 -0.462991 0.059567
v 0.161030 -0.468840 0.095455
v 0.154049 -0.498398 0.092747
v 0.122424 -0.420327 -0.061012
v 0.002671 -0.421915 0.076398
v 0.001914 -0.444763 0.061898
v 0.017229 -0.487253 -0.020918
v 0.009599 -0.459244 -0.015558
v 0.029934 -0.452347 -0.041867
v 0.038421 -0.481950 -0.044955
v 0.153455 -0.478229 -0.036036
v 0.154877 -0.448894 -0.040233
v 0.176229 -0.451338 -0.013959
v 0.171259 -0.480838 -0.009272
v 0.183310 -0.456579 0.021513
v 0.176158 -0.485755 0.024543
v 0.157020 -0.551256 0.057998
v 0.163695 -0.521490 0.058909
v 0.146673 -0.528029 0.090074
v 0.138928 -0.557156 0.086712
v 0.164037 -0.544177 0.025108
v 0.169521 -0.514482 0.025416
v 0.162990 -0.538421 -0.005740
v 0.166644 -0.509525 -0.006925
v 0.150636 -0.535740 -0.031336
v 0.152112 -0.507013 -0.033477
v 0.129589 -0.534306 -0.049816
v 0.128487 -0.506394 -0.051822
v 0.100500 -0.506155 -0.059517
v 0.103819 -0.534358 -0.057979
v 0.077634 -0.535015 -0.058115
v 0.072868 -0.506960 -0.058421
v 0.030397 -0.540592 -0.032162
v 0.024102 -0.514448 -0.026469
v 0.045624 -0.509742 -0.047998
v 0.051908 -0.537054 -0.050326
v 0.048817 -0.639852 -0.050360
v 0.044110 -0.615338 -0.047482
v 0.065417 -0.612763 -0.054059
v 0.070238 -0.636707 -0.054922
v 0.092622 -0.634467 -0.056824
v 0.087832 -0.610722 -0.055159
v 0.110214 -0.609321 -0.053080
v 0.114070 -0.633003 -0.054331
v 0.146860 -0.612907 -0.025861
v 0.148890 -0.638322 -0.026302
v 0.132673 -0.633897 -0.043414
v 0.130174 -0.609619 -0.042502
v 0.155807 -0.618640 -0.002576
v 0.155593 -0.644465 -0.002349
v 0.154180 -0.627113 0.024887
v 0.151275 -0.653438 0.026020
v 0.139415 -0.635861 0.053960
v 0.134182 -0.661404 0.052867
v 0.017234 -0.629146 0.007318
v 0.017413 -0.625022 -0.013025
v 0.022808 -0.648178 -0.023320
v 0.019570 -0.653764 0.000681
v 0.046006 -0.641986 0.058949
v 0.046178 -0.665152 0.045685
v 0.068787 -0.666170 0.068715
v 0.070930 -0.643500 0.078422
v 0.150496 -0.580079 0.056224
v 0.159334 -0.572553 0.025165
v 0.159192 -0.566274 -0.004148
v 0.148446 -0.562243 -0.028696
v 0.036067 -0.566413 -0.037983
v 0.057284 -0.562888 -0.052023
v 0.016988 -0.582280 0.032985
v 0.014548 -0.576313 0.007386
v 0.099386 -0.617723 0.087659
v 0.122902 -0.614072 0.077433
v 0.130813 -0.585566 0.082014
v 0.105680 -0.589543 0.093988
v 0.156531 -0.600440 0.024730
v 0.156723 -0.592774 -0.003218
v 0.146449 -0.587868 -0.026086
v 0.107495 -0.585277 -0.053269
v 0.129005 -0.585432 -0.043819
v 0.084558 -0.586561 -0.055148
v 0.040265 -0.590858 -0.043049
v 0.061857 -0.588045 -0.052793
v 0.017287 -0.607334 0.019984
v 0.016011 -0.600856 -0.003038
v 0.093333 -0.666243 0.075288
v 0.113015 -0.665368 0.069041
v 0.117046 -0.641145 0.073273
v 0.095646 -0.643946 0.082412
v 0.090789 -0.685444 0.067224
v 0.067988 -0.683614 0.059278
v 0.119426 -0.658225 -0.056417
v 0.098769 -0.659041 -0.059855
v 0.137331 -0.659532 -0.045916
v 0.147123 -0.679026 0.027801
v 0.155333 -0.670679 -0.001507
v 0.127037 -0.686100 0.053073
v 0.109124 -0.683282 0.066066
v 0.031018 -0.700019 -0.021242
v 0.031812 -0.702107 -0.000533
v 0.025316 -0.678463 -0.000195
v 0.026312 -0.673475 -0.022425
v 0.061132 -0.692102 -0.059611
v 0.054439 -0.665014 -0.052855
v 0.076633 -0.662199 -0.058062
v 0.083441 -0.688818 -0.066014
v 0.125214 -0.685309 -0.061431
v 0.105495 -0.686476 -0.066581
v 0.142781 -0.686496 -0.049232
v 0.155283 -0.697451 -0.000625
v 0.154552 -0.690581 -0.028455
v 0.151499 -0.663555 -0.027580
v 0.142071 -0.706368 0.030873
v 0.120188 -0.733219 0.040963
v 0.141378 -0.732814 0.026794
v 0.119566 -0.708822 0.049803
v 0.101122 -0.835266 0.024885
v 0.104353 -0.868037 0.019546
v 0.120501 -0.861151 0.020904
v 0.124231 -0.828732 0.025909
v 0.036944 -0.726641 -0.031996
v 0.036812 -0.728488 -0.006253
v 0.091475 -0.715976 -0.074697
v 0.068056 -0.721515 -0.068250
v 0.158194 -0.753406 -0.007659
v 0.160464 -0.747976 -0.035429
v 0.157446 -0.719363 -0.026473
v 0.154163 -0.725466 0.001651
v 0.038880 -0.817667 -0.028725
v 0.038483 -0.788800 -0.022247
v 0.039102 -0.786052 -0.046198
v 0.039762 -0.817258 -0.049985
v 0.086376 -0.747147 -0.083018
v 0.085226 -0.778687 -0.089735
v 0.066565 -0.779066 -0.081473
v 0.065032 -0.751056 -0.074742
v 0.160720 -0.819748 -0.014837
v 0.162876 -0.815394 -0.042699
v 0.162921 -0.780268 -0.039963
v 0.161516 -0.784919 -0.011684
v 0.124304 -0.762735 0.034680
v 0.129503 -0.794106 0.029484
v 0.150139 -0.787231 0.013657
v 0.145893 -0.758829 0.019067
v 0.099198 -0.763905 0.034789
v 0.102638 -0.798224 0.030737
v 0.051823 -0.883718 -0.053218
v 0.049657 -0.890281 -0.030093
v 0.042707 -0.852220 -0.031175
v 0.044619 -0.847687 -0.053796
v 0.088761 -0.809345 -0.092987
v 0.092493 -0.844621 -0.091461
v 0.071885 -0.845590 -0.084676
v 0.067351 -0.811424 -0.084783
v 0.153557 -0.892649 -0.022182
v 0.154938 -0.888618 -0.044261
v 0.159499 -0.852380 -0.044364
v 0.157937 -0.856051 -0.019193
v 0.124165 -0.897618 0.013147
v 0.144949 -0.893705 -0.000720
v 0.143181 -0.858193 0.007795
v 0.101569 -0.901712 0.014300
v 0.099598 -0.937632 0.013721
v 0.122550 -0.934164 0.011391
v 0.053461 -0.920998 -0.050802
v 0.052812 -0.924668 -0.029323
v 0.081712 -0.919776 -0.084524
v 0.080056 -0.883554 -0.083309
v 0.098633 -0.877983 -0.089499
v 0.099445 -0.914012 -0.089372
v 0.136880 -0.889017 -0.077963
v 0.138331 -0.921230 -0.076123
v 0.121757 -0.916832 -0.086818
v 0.117044 -0.881734 -0.088036
v 0.153614 -0.921815 -0.044031
v 0.148223 -0.920101 -0.062459
v 0.148611 -0.886230 -0.063016
v 0.153207 -0.922641 -0.025243
v 0.142506 -0.928380 -0.003448
v 0.002821 -0.391527 0.004527
v 0.004284 -0.389273 -0.017650
v 0.001408 -0.402740 0.023286
v 0.000152 -0.399136 0.043595
v 0.033373 -0.500163 0.093367
v 0.036307 -0.468126 0.105374
v 0.032419 -0.559988 0.072651
v 0.038353 -0.531324 0.088181
v 0.030324 -0.587448 0.059370
v 0.027024 -0.638650 0.030704
v 0.029079 -0.613331 0.046141
v 0.028310 -0.661393 0.021347
v 0.036006 -0.683326 0.020145
v 0.042572 -0.707535 0.019053
v 0.049323 -0.756727 0.009248
v 0.048583 -0.731296 0.017360
v 0.038669 -0.758195 -0.015587
v 0.049256 -0.821557 -0.004604
v 0.049542 -0.786590 0.002943
v 0.059030 -0.895993 -0.009617
v 0.052885 -0.859567 -0.007529
v 0.063228 -0.929761 -0.008879
v 0.076947 -0.356525 0.138348
v 0.079505 -0.334238 0.139756
v 0.050360 -0.348140 0.136488
v 0.046182 -0.366187 0.132955
v 0.001169 -0.381306 0.085103
v 0.000354 -0.384805 0.078995
v 0.001865 -0.377305 0.098129
v 0.002252 -0.373859 0.102348
v 0.144890 -0.608306 0.054891
v 0.129416 -0.560757 -0.046811
v 0.081537 -0.561683 -0.056537
v 0.106018 -0.560614 -0.055588
v 0.048240 -0.617715 0.071026
v 0.074823 -0.618501 0.086172
v 0.079972 -0.591434 0.093917
v 0.052993 -0.590934 0.082288
v 0.094446 -0.739760 0.041569
v 0.069314 -0.736378 0.033737
v 0.071999 -0.763032 0.027212
v 0.095021 -0.716924 0.051406
v 0.149622 -0.714731 -0.050185
v 0.133311 -0.713052 -0.065969
v 0.111703 -0.742710 -0.083060
v 0.113421 -0.713712 -0.073554
v 0.133645 -0.742135 -0.075452
v 0.062836 -0.536281 0.105096
v 0.056808 -0.563065 0.094143
v 0.085471 -0.562539 0.103702
v 0.089466 -0.533803 0.113140
v 0.086164 -0.228976 0.150352
v 0.059859 -0.233098 0.161303
v 0.046618 -0.260524 0.156797
v 0.011127 -0.332300 0.133564
v 0.003028 -0.348894 0.125245
v 0.001461 -0.369304 0.106860
v 0.001270 -0.379966 0.086795
v 0.000935 -0.390733 0.059672
v -0.001549 -0.392769 0.047040
v 0.000228 -0.388430 0.071469
v 0.019125 -0.395681 0.111459
v 0.021504 -0.378287 0.120151
v 0.004886 -0.389538 0.100425
v 0.003326 -0.402864 0.089641
v 0.202350 -0.326015 0.027042
v 0.193116 -0.334538 0.069075
v 0.096519 -0.364886 -0.090604
v 0.066525 -0.229313 -0.119043
v 0.038155 -0.230005 -0.119274
v 0.171020 -0.332388 -0.057563
v 0.192809 -0.318543 -0.020596
v 0.043521 -0.387800 0.128092
v 0.052568 -0.315062 0.142308
v 0.047681 -0.297891 0.146187
v 0.000870 -0.388724 0.066368
v 0.001486 -0.386939 0.070110
v 0.199465 -0.295061 0.037375
v 0.188547 -0.301516 0.076591
v 0.027631 -0.279202 0.153691
v 0.015318 -0.279706 0.153950
v 0.001737 -0.392688 0.050831
v 0.001542 -0.391930 0.055830
v 0.001188 -0.421166 0.043696
v 0.000607 -0.407178 0.060951
v 0.007058 -0.376164 -0.059374
v 0.002609 -0.384172 -0.029817
v 0.002676 -0.382520 -0.036900
v 0.002445 -0.376428 -0.059700
v 0.065568 -0.445244 0.128630
v 0.071646 -0.411381 0.134682
v 0.064112 -0.478206 0.120894
v 0.061929 -0.508850 0.112492
v 0.052909 -0.688546 0.042100
v 0.063380 -0.711862 0.040797
v 0.072819 -0.794130 0.021119
v 0.073511 -0.827904 0.015340
v 0.077998 -0.866744 0.011047
v 0.078302 -0.936244 0.005895
v 0.078754 -0.905532 0.005621
v 0.195959 -0.261295 0.013266
v 0.188221 -0.255931 -0.019096
v 0.115065 -0.222857 0.135086
v 0.008300 -0.371825 0.113575
v 0.028023 -0.352626 0.130776
v -0.000579 -0.441639 0.027769
v 0.195509 -0.266299 0.047079
v 0.007407 -0.492531 0.006787
v 0.001941 -0.466080 0.015972
v 0.067707 -0.478367 -0.058045
v 0.061400 -0.447543 -0.057742
v 0.093974 -0.447081 -0.060943
v 0.097248 -0.477319 -0.059964
v 0.125659 -0.447668 -0.055145
v 0.126815 -0.477399 -0.053274
v 0.112835 -0.559863 0.102252
v 0.110526 -0.776277 -0.091014
v 0.135164 -0.811668 -0.085477
v 0.110528 -0.811070 -0.093937
v 0.135737 -0.774220 -0.082017
v 0.150796 -0.743904 -0.059348
v 0.153655 -0.776342 -0.064332
v 0.147005 -0.819396 0.011865
v 0.114400 -0.844766 -0.091640
v 0.136230 -0.851665 -0.081155
v 0.153913 -0.811886 -0.065776
v 0.151660 -0.849121 -0.065112
v 0.000710 -0.396032 0.075299
v 0.001806 -0.360414 -0.083002
v 0.165904 -0.309329 0.107197
v 0.171056 -0.337160 0.104104
v 0.081012 -0.313049 0.141020
v 0.110831 -0.298347 0.134767
v 0.038399 -0.285276 0.149943
v 0.001248 -0.382550 0.092736
v 0.074816 -0.381833 0.136689
v 0.110434 -0.350590 0.137499
v 0.143573 -0.346550 0.127073
v 0.140349 -0.237836 0.116808
v 0.139289 -0.261710 0.118438
v 0.164844 -0.255346 0.099638
v 0.001977 -0.388965 -0.000679
v 0.002378 -0.386039 -0.016686
v 0.052787 -0.331565 0.139908
v 0.016937 -0.545705 -0.008593
v 0.012182 -0.519447 -0.000342
v 0.020936 -0.570412 -0.017000
v 0.024365 -0.595324 -0.025722
v 0.027736 -0.619409 -0.033199
v 0.033445 -0.641404 -0.040013
v 0.037025 -0.665396 -0.041190
v 0.041611 -0.694251 -0.044360
v 0.039398 -0.755914 -0.040566
v 0.048542 -0.723334 -0.053187
v 0.050464 -0.752217 -0.060882
v 0.049944 -0.782738 -0.066784
v 0.055109 -0.847677 -0.070894
v 0.050698 -0.814090 -0.070039
v 0.062808 -0.879769 -0.071662
v 0.065172 -0.916406 -0.071102
v -0.001422 -0.393054 0.041840
v 0.001850 -0.393210 0.022070
v 0.001757 -0.342168 -0.098898
v 0.002368 -0.323512 -0.109248
v 0.161133 -0.192460 -0.060528
v 0.163584 -0.184961 -0.055291
v 0.179035 -0.186088 -0.028967
v 0.180346 -0.196936 -0.030434
v 0.187411 -0.181948 0.002173
v 0.188964 -0.187093 0.032541
v 0.182731 -0.188314 0.058635
v 0.175254 -0.196257 0.076221
v 0.161754 -0.198758 0.094937
v 0.141615 -0.217698 0.116499
v 0.141848 -0.201484 0.115792
v 0.118329 -0.202813 0.134551
v 0.093243 -0.204204 0.151855
v 0.068572 -0.206411 0.165092
v 0.043335 -0.209686 0.173492
v 0.019813 -0.212707 0.176873
v 0.000672 -0.218119 0.175894
v 0.002164 -0.242452 0.168792
v 0.096563 -0.169409 0.149114
v 0.118330 -0.174973 0.132989
v 0.029834 -0.168268 0.177546
v 0.051822 -0.165782 0.171846
v 0.073601 -0.165215 0.162602
v 0.137888 -0.178286 0.116685
v 0.175736 -0.300456 -0.052373
v 0.157958 -0.315081 -0.075479
v 0.147204 -0.301583 -0.086428
v 0.161543 -0.289729 -0.071077
v 0.174102 -0.251757 -0.048016
v 0.178301 -0.230696 -0.040828
v 0.179860 -0.211321 -0.035088
v 0.126987 -0.308531 -0.101085
v 0.097258 -0.293659 -0.116452
v 0.101427 -0.311776 -0.111987
v 0.161631 -0.208477 -0.063152
v 0.160181 -0.228015 -0.067606
v 0.150916 -0.283933 -0.082485
v 0.154271 -0.269965 -0.077682
v 0.169538 -0.272688 -0.058045
v 0.122163 -0.291748 -0.105593
v 0.139699 -0.289767 -0.092991
v 0.064565 -0.168068 -0.096325
v 0.038970 -0.169725 -0.099064
v 0.137590 -0.174263 -0.076106
v 0.002864 -0.304743 -0.115397
v 0.138521 -0.273493 -0.093508
v 0.094302 -0.273559 -0.119236
v 0.118855 -0.272466 -0.107577
v 0.090957 -0.205356 -0.107766
v 0.115414 -0.204679 -0.098854
v 0.112027 -0.227315 -0.106115
v 0.089599 -0.226428 -0.114208
v 0.140057 -0.206369 -0.084185
v 0.140252 -0.189142 -0.079079
v 0.089049 -0.184482 -0.100185
v 0.115517 -0.186140 -0.092823
v 0.117027 -0.171963 -0.085988
v 0.137250 -0.228425 -0.090213
v 0.090542 -0.249906 -0.118609
v 0.061492 -0.251975 -0.123665
v 0.034034 -0.250618 -0.122701
v 0.006421 -0.255715 -0.121254
v 0.007465 -0.233009 -0.119015
v 0.087195 -0.168791 -0.093766
v 0.119335 -0.531969 0.110142
v -0.000105 -0.394339 0.028191
v 0.001071 -0.393953 0.061273
v 0.184513 -0.272970 0.078973
v 0.196326 -0.287254 0.000428
v 0.184382 -0.279185 -0.032347
v 0.007066 -0.379801 0.108223
v 0.025071 -0.364807 0.125958
v 0.166168 -0.281420 0.103380
v 0.111002 -0.324688 0.135586
v 0.001071 -0.388559 0.085859
v 0.157592 -0.249392 -0.072270
v 0.138242 -0.253092 -0.092388
v 0.117004 -0.250531 -0.107357
v 0.065620 -0.273907 -0.125329
v 0.033242 -0.272261 -0.123354
v 0.005562 -0.273528 -0.120849
v 0.025488 -0.303653 0.144459
v 0.013913 -0.296383 0.147140
v 0.022001 -0.292310 0.148899
v 0.003951 -0.284625 0.151656
v 0.004351 -0.300963 0.144710
v 0.014028 -0.312645 0.140653
v 0.004293 -0.317756 0.138432
v 0.004342 -0.332671 0.132758
v 0.096495 -0.184999 0.150489
v 0.119048 -0.188257 0.133749
v 0.021749 -0.189372 0.180105
v 0.049390 -0.186423 0.174169
v 0.173945 -0.185059 0.076299
v 0.073241 -0.184118 0.164421
v 0.142484 -0.188705 0.114835
v 0.161680 -0.182442 0.093077
v 0.008677 -0.191436 -0.108951
v 0.011799 -0.171835 -0.101253
v -0.001091 -0.194841 0.180206
v 0.001429 -0.393005 0.030050
v 0.001238 -0.390532 0.008453
v 0.055262 -0.954599 -0.027059
v 0.054152 -0.951602 -0.049082
v 0.054482 -0.977861 -0.045856
v 0.056818 -0.979576 -0.024307
v 0.095656 -0.946729 -0.090304
v 0.076880 -0.948660 -0.083242
v 0.115611 -0.946458 -0.089514
v 0.134345 -0.947712 -0.079448
v 0.129935 -0.973378 -0.082973
v 0.111439 -0.973364 -0.091492
v 0.146776 -0.949239 -0.063054
v 0.150636 -0.975850 -0.046106
v 0.151984 -0.950783 -0.044025
v 0.150926 -0.950026 -0.022460
v 0.149541 -0.974852 -0.023357
v 0.140281 -0.958117 -0.001722
v 0.139372 -0.982010 -0.002661
v 0.122234 -0.962296 0.011563
v 0.066115 -0.958605 -0.006359
v 0.067336 -0.982053 -0.003635
v 0.091254 -0.974749 -0.091384
v 0.073384 -0.976640 -0.082665
v 0.059918 -0.977128 -0.066528
v 0.061942 -0.950368 -0.068224
v 0.054330 -1.000226 -0.042134
v 0.057435 -1.001329 -0.021529
v 0.085617 -1.000172 -0.092453
v 0.069332 -1.000160 -0.081225
v 0.126095 -0.996767 -0.087228
v 0.106422 -0.997783 -0.095470
v 0.149135 -0.998048 -0.050179
v 0.141232 -0.997028 -0.070501
v 0.144217 -0.974531 -0.066715
v 0.148961 -0.997709 -0.026436
v 0.139225 -1.004906 -0.004479
v 0.066442 -1.002848 -0.002495
v 0.058250 -1.000258 -0.062950
v 0.084065 -0.984138 0.011459
v 0.083289 -0.961444 0.009144
v 0.103636 -0.966739 0.015686
v 0.103639 -0.988616 0.016587
v 0.122427 -0.986019 0.011139
v 0.083004 -1.002503 0.013448
v 0.101886 -1.005915 0.018228
v 0.123243 -1.006756 0.011045
v 0.149230 -1.017046 -0.030525
v 0.147650 -1.016114 -0.055547
v 0.138161 -1.015556 -0.076003
v 0.122692 -1.015164 -0.092292
v 0.101498 -1.015786 -0.099980
v 0.066606 -1.017098 0.001843
v 0.081822 -1.016933 0.015545
v 0.098783 -1.018180 0.020802
v 0.120267 -1.018416 0.014865
v 0.056426 -1.021022 -0.018911
v 0.053211 -1.020224 -0.038020
v 0.055665 -1.019600 -0.058785
v 0.079148 -1.019734 -0.094566
v 0.064196 -1.019493 -0.078446
v 0.140046 -1.024003 -0.004228
v 0.076387 -0.698420 0.056095
v 0.093283 -0.700495 0.060842
v 0.108056 -0.698050 0.060289
v 0.139160 -0.288744 0.121961
v 0.141318 -0.317400 0.125634
v 0.004368 -0.287901 -0.119168
v 0.007821 -0.211187 -0.114724
v -0.003188 -0.171655 0.179483
v 0.003365 -0.265463 0.160595
v -0.187864 -0.224094 -0.011733
v -0.186870 -0.241899 -0.018900
v -0.192645 -0.244215 0.015581
v -0.191430 -0.225157 0.019797
v -0.191263 -0.211860 0.018443
v -0.188012 -0.209763 -0.009286
v -0.188847 -0.247525 0.045145
v -0.187575 -0.228860 0.044531
v -0.130050 -0.329166 -0.097008
v -0.103896 -0.331146 -0.108385
v -0.103787 -0.349464 -0.101813
v -0.139546 -0.347248 -0.084799
v -0.031831 -0.323557 -0.114638
v -0.025989 -0.342518 -0.104627
v -0.063549 -0.348485 -0.107348
v -0.072494 -0.331311 -0.114113
v -0.024539 -0.209100 -0.114737
v -0.054624 -0.210091 -0.114774
v -0.054382 -0.192378 -0.107956
v -0.025166 -0.190643 -0.108532
v -0.191334 -0.373691 0.058124
v -0.199533 -0.365234 0.015215
v -0.196234 -0.398932 0.013142
v -0.189622 -0.403471 0.051147
v -0.160960 -0.395801 -0.054314
v -0.166399 -0.366524 -0.058588
v -0.133030 -0.370618 -0.079083
v -0.124551 -0.398577 -0.071236
v -0.023714 -0.262742 0.157371
v -0.009272 -0.260831 0.161180
v -0.014313 -0.239801 0.167899
v -0.033171 -0.240098 0.163603
v -0.178036 -0.232170 0.068676
v -0.161966 -0.236033 0.091974
v -0.161569 -0.215452 0.090647
v -0.176815 -0.213365 0.068384
v -0.018632 -0.359290 -0.088870
v -0.055214 -0.365334 -0.093044
v -0.170601 -0.411995 0.089738
v -0.170403 -0.377069 0.095000
v -0.140287 -0.418741 0.119521
v -0.106101 -0.419115 0.132860
v -0.109568 -0.388279 0.134811
v -0.143060 -0.386625 0.120743
v -0.006513 -0.356770 0.120002
v -0.021618 -0.327260 0.133950
v -0.026200 -0.343199 0.130693
v -0.007198 -0.365391 0.115026
v -0.027709 -0.291863 -0.122538
v -0.032301 -0.307288 -0.119898
v -0.064867 -0.312626 -0.121038
v -0.060828 -0.294570 -0.125407
v -0.082645 -0.393076 -0.078594
v -0.037619 -0.387222 -0.071420
v -0.054020 -0.421788 -0.061925
v -0.090448 -0.424153 -0.068504
v -0.150608 -0.426769 -0.051875
v -0.176449 -0.427495 -0.027478
v -0.185933 -0.395132 -0.025721
v -0.189182 -0.431432 0.008604
v -0.184308 -0.437241 0.051860
v -0.135841 -0.450415 0.118015
v -0.101573 -0.451048 0.129271
v -0.014130 -0.424756 0.096900
v -0.037533 -0.422219 0.118670
v -0.031511 -0.447957 0.108534
v -0.011296 -0.449867 0.084113
v -0.070109 -0.268441 0.143079
v -0.109232 -0.251875 0.128911
v -0.109580 -0.279106 0.129068
v -0.078063 -0.296178 0.138196
v -0.180375 -0.253964 0.069366
v -0.009576 -0.403045 -0.038496
v 0.001287 -0.417665 -0.002174
v -0.003066 -0.438260 -0.012753
v -0.021861 -0.427635 -0.042604
v -0.186799 -0.211889 0.044727
v -0.190464 -0.362027 -0.026484
v -0.130464 -0.480632 0.114947
v -0.124104 -0.509421 0.111199
v -0.091770 -0.511121 0.117235
v -0.096321 -0.481844 0.123832
v -0.002134 -0.475133 0.041411
v -0.010697 -0.476910 0.070929
v -0.010625 -0.501857 0.057706
v -0.006248 -0.501197 0.030980
v -0.010276 -0.528137 0.022258
v -0.015992 -0.530799 0.053194
v -0.015775 -0.560060 0.039539
v -0.012893 -0.554294 0.012640
v -0.164257 -0.446760 0.091021
v -0.168926 -0.499886 0.055526
v -0.151564 -0.505937 0.088089
v -0.158538 -0.477127 0.089671
v -0.175704 -0.470498 0.055344
v -0.121516 -0.429288 -0.064044
v 0.000180 -0.449902 0.054480
v -0.000328 -0.427758 0.070189
v -0.018087 -0.492678 -0.024739
v -0.039433 -0.488360 -0.048103
v -0.031333 -0.458393 -0.045375
v -0.010212 -0.464825 -0.019346
v -0.152657 -0.485320 -0.039286
v -0.169981 -0.487640 -0.012347
v -0.174855 -0.458399 -0.016888
v -0.153545 -0.456541 -0.043586
v -0.182383 -0.463285 0.018170
v -0.175303 -0.493054 0.021152
v -0.156777 -0.557301 0.054340
v -0.137706 -0.563546 0.083172
v -0.144718 -0.534536 0.085895
v -0.162534 -0.528473 0.054733
v -0.163872 -0.550057 0.022736
v -0.169147 -0.521473 0.022551
v -0.166258 -0.516018 -0.009459
v -0.162608 -0.544408 -0.007190
v -0.149924 -0.541174 -0.033363
v -0.151601 -0.512921 -0.036127
v -0.127527 -0.512493 -0.054559
v -0.128507 -0.539824 -0.051943
v -0.100112 -0.512721 -0.062234
v -0.072753 -0.513528 -0.060468
v -0.076997 -0.540210 -0.059689
v -0.103123 -0.539765 -0.060244
v -0.031281 -0.545340 -0.035405
v -0.052242 -0.542162 -0.052157
v -0.046298 -0.515929 -0.050248
v -0.025461 -0.519637 -0.029948
v -0.048387 -0.643327 -0.051052
v -0.068965 -0.640422 -0.055879
v -0.064423 -0.616805 -0.055240
v -0.043314 -0.619140 -0.048790
v -0.091034 -0.637838 -0.057780
v -0.113271 -0.636662 -0.055545
v -0.109326 -0.614075 -0.055210
v -0.086903 -0.615153 -0.056556
v -0.146495 -0.617097 -0.027183
v -0.130078 -0.614478 -0.044814
v -0.132544 -0.637481 -0.045124
v -0.147754 -0.640762 -0.027634
v -0.155349 -0.647200 -0.004469
v -0.155710 -0.622523 -0.004240
v -0.151342 -0.655906 0.023786
v -0.153712 -0.630598 0.022439
v -0.138607 -0.639216 0.051861
v -0.133987 -0.663681 0.050543
v -0.016718 -0.632787 0.003151
v -0.020036 -0.657072 -0.002527
v -0.022898 -0.651338 -0.025220
v -0.017559 -0.628506 -0.016173
v -0.044601 -0.644789 0.054870
v -0.068410 -0.646980 0.075806
v -0.066559 -0.668706 0.065341
v -0.044984 -0.667126 0.042009
v -0.159345 -0.577529 0.022338
v -0.150876 -0.585398 0.053724
v -0.147517 -0.568054 -0.030045
v -0.158920 -0.571756 -0.005391
v -0.036242 -0.569949 -0.040733
v -0.057101 -0.567529 -0.053328
v -0.016230 -0.585900 0.027621
v -0.014477 -0.579861 0.002360
v -0.097806 -0.622368 0.086080
v -0.103457 -0.594802 0.091720
v -0.129481 -0.591564 0.079743
v -0.121029 -0.619041 0.075986
v -0.156166 -0.604190 0.022254
v -0.155809 -0.597451 -0.004493
v -0.145771 -0.593422 -0.027780
v -0.128460 -0.590941 -0.045671
v -0.106708 -0.590556 -0.055236
v -0.083736 -0.591179 -0.057019
v -0.061029 -0.592079 -0.054146
v -0.040245 -0.594394 -0.045100
v -0.015964 -0.604418 -0.007692
v -0.016578 -0.611130 0.015445
v -0.091238 -0.668920 0.073498
v -0.093710 -0.647721 0.081049
v -0.115196 -0.644890 0.071678
v -0.111835 -0.668069 0.067232
v -0.088590 -0.687861 0.065437
v -0.065268 -0.685922 0.056634
v -0.097259 -0.662508 -0.061169
v -0.118680 -0.661060 -0.057644
v -0.136703 -0.661978 -0.046972
v -0.155059 -0.672709 -0.003909
v -0.147708 -0.681004 0.025823
v -0.126609 -0.687989 0.051246
v -0.108062 -0.685901 0.064766
v -0.031391 -0.701937 -0.023321
v -0.027317 -0.676086 -0.024072
v -0.026323 -0.681275 -0.003593
v -0.032017 -0.703907 -0.003472
v -0.059993 -0.694129 -0.059671
v -0.081969 -0.691372 -0.066176
v -0.075021 -0.664658 -0.059248
v -0.053733 -0.667244 -0.053082
v -0.104056 -0.689298 -0.067070
v -0.124487 -0.688069 -0.061656
v -0.141686 -0.688573 -0.049864
v -0.155442 -0.699050 -0.002766
v -0.150036 -0.665421 -0.028865
v -0.153274 -0.692589 -0.029894
v -0.141977 -0.708140 0.029255
v -0.118875 -0.735195 0.041280
v -0.118847 -0.711232 0.049834
v -0.141639 -0.734356 0.025807
v -0.102000 -0.835157 0.025139
v -0.125223 -0.829075 0.025558
v -0.121526 -0.861712 0.020185
v -0.105428 -0.868975 0.019377
v -0.037012 -0.729450 -0.008388
v -0.037043 -0.727794 -0.033744
v -0.066255 -0.723376 -0.067648
v -0.090609 -0.718667 -0.074313
v -0.160089 -0.754297 -0.009441
v -0.155182 -0.726714 0.000196
v -0.156937 -0.720964 -0.027705
v -0.159966 -0.749361 -0.036810
v -0.038925 -0.817377 -0.030093
v -0.038996 -0.817867 -0.049888
v -0.039017 -0.786707 -0.046421
v -0.039072 -0.788488 -0.023325
v -0.084477 -0.749988 -0.082909
v -0.062886 -0.753524 -0.073771
v -0.064366 -0.781650 -0.080196
v -0.083291 -0.781252 -0.088930
v -0.161455 -0.820221 -0.016305
v -0.162388 -0.785514 -0.013545
v -0.162159 -0.781098 -0.040650
v -0.161729 -0.816891 -0.042899
v -0.123508 -0.763677 0.034542
v -0.147514 -0.759771 0.018463
v -0.152138 -0.788158 0.012691
v -0.130607 -0.794850 0.029700
v -0.098371 -0.764622 0.034352
v -0.102951 -0.797598 0.030373
v -0.050330 -0.884316 -0.052939
v -0.042800 -0.848605 -0.053322
v -0.042260 -0.852076 -0.032031
v -0.049803 -0.891510 -0.030414
v -0.086698 -0.811750 -0.091812
v -0.064769 -0.813447 -0.082918
v -0.069179 -0.847909 -0.083440
v -0.090743 -0.846776 -0.090830
v -0.153957 -0.895556 -0.021420
v -0.157501 -0.857678 -0.019417
v -0.157902 -0.854292 -0.044177
v -0.154289 -0.892136 -0.044176
v -0.124605 -0.899679 0.013053
v -0.144190 -0.859021 0.006884
v -0.144989 -0.895968 -0.001305
v -0.122883 -0.939624 0.011758
v -0.101137 -0.944255 0.014222
v -0.103232 -0.904296 0.014062
v -0.052735 -0.927695 -0.029222
v -0.052331 -0.922488 -0.049835
v -0.079715 -0.920849 -0.081976
v -0.098030 -0.916005 -0.086669
v -0.096693 -0.880509 -0.087859
v -0.077552 -0.885324 -0.081437
v -0.134203 -0.892322 -0.077452
v -0.115679 -0.884396 -0.086887
v -0.120500 -0.919511 -0.084900
v -0.136645 -0.924728 -0.075515
v -0.153206 -0.926398 -0.043880
v -0.146812 -0.889960 -0.063569
v -0.146397 -0.924335 -0.062817
v -0.153492 -0.926892 -0.023832
v -0.142212 -0.932477 -0.001982
v 0.002759 -0.391822 -0.000710
v 0.004003 -0.400880 0.037503
v 0.000205 -0.406518 0.016413
v 0.000414 -0.392170 -0.023573
v -0.029327 -0.506057 0.088380
v -0.032060 -0.475004 0.100784
v -0.030491 -0.565114 0.068475
v -0.035724 -0.536855 0.083992
v -0.028711 -0.592123 0.054969
v -0.027465 -0.617346 0.041651
v -0.025531 -0.641997 0.026898
v -0.028436 -0.664868 0.018183
v -0.035228 -0.685561 0.017679
v -0.041816 -0.709080 0.016818
v -0.049080 -0.756776 0.007751
v -0.039614 -0.758519 -0.017848
v -0.047965 -0.732173 0.015559
v -0.048837 -0.821050 -0.003774
v -0.049310 -0.786302 0.002630
v -0.053359 -0.859769 -0.005849
v -0.059899 -0.897945 -0.008965
v -0.063154 -0.934488 -0.008342
v -0.077813 -0.364136 0.135990
v -0.045939 -0.372401 0.129554
v -0.049526 -0.353499 0.133608
v -0.079995 -0.340880 0.136626
v 0.001420 -0.382823 0.081276
v 0.000431 -0.374439 0.100211
v 0.000843 -0.377988 0.094813
v 0.001726 -0.386071 0.076235
v -0.144187 -0.612511 0.052750
v -0.128548 -0.566146 -0.048487
v -0.105429 -0.565722 -0.057489
v -0.080671 -0.566484 -0.058074
v -0.046287 -0.621832 0.067724
v -0.050758 -0.595449 0.078864
v -0.077454 -0.595839 0.090826
v -0.072558 -0.622711 0.083429
v -0.092620 -0.741337 0.041353
v -0.070774 -0.763325 0.026384
v -0.067870 -0.737849 0.032652
v -0.092762 -0.718701 0.050554
v -0.132539 -0.715601 -0.066193
v -0.148491 -0.716890 -0.050898
v -0.110441 -0.745924 -0.083035
v -0.132513 -0.744681 -0.075605
v -0.112624 -0.716391 -0.073422
v -0.060326 -0.542151 0.101650
v -0.087988 -0.540014 0.109437
v -0.083131 -0.568729 0.100338
v -0.054469 -0.567952 0.090714
v -0.082165 -0.235032 0.145328
v -0.041659 -0.264688 0.151894
v -0.055060 -0.239036 0.156203
v -0.003737 -0.333058 0.131851
v 0.001530 -0.391260 0.058559
v 0.001592 -0.390492 0.069284
v -0.000739 -0.393978 0.043727
v -0.017477 -0.401408 0.107284
v -0.002603 -0.408536 0.084696
v -0.003908 -0.393056 0.096076
v -0.020584 -0.382742 0.115756
v -0.190602 -0.341530 0.063258
v -0.200469 -0.331932 0.021381
v -0.095531 -0.370121 -0.091510
v -0.023990 -0.229492 -0.119653
v -0.054820 -0.229656 -0.120387
v -0.191363 -0.324047 -0.026226
v -0.168037 -0.338326 -0.060509
v -0.041957 -0.394815 0.124917
v -0.049942 -0.318795 0.138454
v -0.043835 -0.301223 0.141057
v 0.001435 -0.388914 0.065420
v -0.197517 -0.301551 0.030778
v -0.186707 -0.308753 0.070072
v -0.021881 -0.281444 0.150228
v -0.008449 -0.280658 0.152575
v 0.001399 -0.391719 0.055569
v 0.001070 -0.412036 0.054762
v 0.000756 -0.426260 0.036337
v -0.003698 -0.377101 -0.063401
v 0.002641 -0.384218 -0.033490
v -0.063130 -0.452359 0.125152
v -0.070497 -0.419766 0.131953
v -0.061470 -0.484841 0.117760
v -0.059685 -0.514637 0.109172
v -0.051185 -0.690075 0.038773
v -0.061559 -0.712986 0.038624
v -0.072529 -0.793448 0.021103
v -0.074518 -0.827529 0.016307
v -0.080638 -0.866803 0.011801
v -0.080406 -0.908735 0.006539
v -0.078640 -0.942991 0.006645
v -0.185176 -0.262835 -0.026390
v -0.193702 -0.268032 0.005420
v -0.111718 -0.226436 0.129972
v -0.025713 -0.355529 0.127324
v -0.006638 -0.372779 0.109737
v 0.001359 -0.446882 0.021433
v -0.192544 -0.271636 0.040037
v -0.002463 -0.471130 0.010932
v -0.008312 -0.497296 0.002859
v -0.068118 -0.485565 -0.060130
v -0.096753 -0.484735 -0.063183
v -0.093700 -0.455440 -0.064261
v -0.061885 -0.454800 -0.060299
v -0.126110 -0.484920 -0.056557
v -0.124794 -0.456049 -0.059048
v -0.110966 -0.566859 0.099107
v -0.108709 -0.779205 -0.090614
v -0.133012 -0.814350 -0.085622
v -0.133887 -0.776770 -0.082343
v -0.108975 -0.813697 -0.093196
v -0.152357 -0.777810 -0.065250
v -0.150095 -0.745570 -0.059929
v -0.148809 -0.819537 0.010699
v -0.112942 -0.847393 -0.090805
v -0.133733 -0.854459 -0.080960
v -0.152347 -0.813838 -0.066556
v -0.149480 -0.851817 -0.065681
v 0.002029 -0.400733 0.071182
v -0.169227 -0.344701 0.097995
v -0.165518 -0.316668 0.101667
v -0.110747 -0.305678 0.129981
v -0.080402 -0.318941 0.137156
v -0.032787 -0.287666 0.146070
v 0.001151 -0.383180 0.088949
v -0.074781 -0.390374 0.135244
v -0.111047 -0.359159 0.134759
v -0.142757 -0.355208 0.121335
v -0.138458 -0.242923 0.111727
v -0.163549 -0.260758 0.093450
v -0.138958 -0.268541 0.113579
v 0.002555 -0.389079 -0.002168
v -0.051586 -0.336052 0.136306
v -0.013444 -0.523838 -0.004814
v -0.017791 -0.549580 -0.012567
v -0.021355 -0.574380 -0.020915
v -0.024314 -0.598583 -0.028380
v -0.027127 -0.622886 -0.034750
v -0.032859 -0.645092 -0.040577
v -0.037096 -0.668215 -0.041219
v -0.041591 -0.696321 -0.044431
v -0.039784 -0.756319 -0.040940
v -0.049111 -0.753456 -0.060546
v -0.048184 -0.724938 -0.053106
v -0.048222 -0.784261 -0.065888
v -0.048544 -0.815729 -0.068671
v -0.052407 -0.849441 -0.069437
v -0.060387 -0.881620 -0.070259
v -0.063501 -0.917865 -0.069577
v -0.000027 -0.393616 0.040145
v 0.001809 -0.392808 0.021149
v -0.154800 -0.202167 -0.068823
v -0.175510 -0.208582 -0.041574
v -0.176669 -0.200089 -0.039473
v -0.158437 -0.195059 -0.064364
v -0.187751 -0.194758 -0.005530
v -0.190946 -0.201362 0.019626
v -0.185812 -0.198401 0.044779
v -0.175772 -0.196997 0.066850
v -0.161168 -0.196976 0.089422
v -0.139671 -0.219568 0.112177
v -0.115565 -0.204592 0.130799
v -0.140785 -0.201186 0.111130
v -0.063688 -0.213061 0.161214
v -0.089658 -0.209270 0.148169
v -0.018704 -0.216356 0.174747
v -0.040330 -0.215785 0.170180
v -0.120151 -0.169728 0.126621
v -0.097049 -0.167591 0.144565
v -0.051297 -0.168800 0.170429
v -0.026572 -0.171132 0.177027
v -0.073924 -0.166364 0.159659
v -0.141885 -0.173843 0.107617
v -0.172862 -0.305956 -0.056964
v -0.154597 -0.320640 -0.078364
v -0.158100 -0.294979 -0.075017
v -0.143885 -0.306099 -0.089587
v -0.172599 -0.237795 -0.048070
v -0.170162 -0.258323 -0.054377
v -0.174223 -0.220972 -0.044476
v -0.123390 -0.312185 -0.103937
v -0.097267 -0.314391 -0.114598
v -0.091849 -0.295664 -0.119108
v -0.155014 -0.217183 -0.070380
v -0.154253 -0.234977 -0.073137
v -0.147187 -0.288141 -0.086012
v -0.165971 -0.278048 -0.063300
v -0.150157 -0.274204 -0.081736
v -0.117116 -0.294418 -0.108243
v -0.135719 -0.292978 -0.096245
v -0.029430 -0.174295 -0.101842
v -0.056127 -0.175435 -0.100533
v -0.133343 -0.183608 -0.081754
v -0.134157 -0.276135 -0.096951
v -0.113246 -0.275005 -0.110595
v -0.087123 -0.275505 -0.121227
v -0.081684 -0.210270 -0.111107
v -0.079902 -0.228651 -0.116906
v -0.104556 -0.230970 -0.109343
v -0.108342 -0.211075 -0.102812
v -0.134532 -0.198168 -0.085985
v -0.133542 -0.213941 -0.089009
v -0.081359 -0.192209 -0.104799
v -0.109420 -0.194637 -0.097744
v -0.112757 -0.181039 -0.091934
v -0.131213 -0.233766 -0.094163
v -0.050606 -0.251594 -0.124503
v -0.081874 -0.251166 -0.120878
v -0.020887 -0.249796 -0.122422
v -0.080778 -0.177475 -0.098669
v -0.117734 -0.538144 0.105841
v 0.001291 -0.395983 0.056523
v 0.001884 -0.394271 0.023811
v -0.182898 -0.278439 0.072750
v -0.194794 -0.293552 -0.006758
v -0.181701 -0.285335 -0.038657
v -0.023543 -0.368132 0.122029
v -0.005958 -0.381375 0.103815
v -0.166384 -0.288021 0.097335
v -0.111236 -0.332090 0.132214
v 0.000629 -0.390500 0.081996
v -0.152360 -0.254648 -0.077330
v -0.133124 -0.256333 -0.095759
v -0.110112 -0.253314 -0.110918
v -0.056964 -0.274314 -0.126206
v -0.023230 -0.271859 -0.123662
v -0.018820 -0.305322 0.141558
v -0.015155 -0.293693 0.146255
v -0.005567 -0.296959 0.145861
v -0.005652 -0.313430 0.139203
v -0.118124 -0.186209 0.129579
v -0.094349 -0.187006 0.147435
v -0.045804 -0.192917 0.172931
v -0.022295 -0.194483 0.177654
v -0.174518 -0.184941 0.066026
v -0.070409 -0.189238 0.162552
v -0.160077 -0.179058 0.087295
v -0.141219 -0.185597 0.109587
v -0.054604 -0.959958 -0.025863
v -0.055114 -0.988747 -0.022298
v -0.052638 -0.983282 -0.043527
v -0.052977 -0.954432 -0.047340
v -0.093765 -0.948490 -0.087010
v -0.075277 -0.949787 -0.079838
v -0.114046 -0.948561 -0.086847
v -0.109808 -0.974332 -0.088390
v -0.128778 -0.975620 -0.079779
v -0.132230 -0.950568 -0.077883
v -0.144878 -0.953199 -0.062349
v -0.150347 -0.980099 -0.043637
v -0.149171 -0.979904 -0.020016
v -0.150980 -0.954912 -0.020250
v -0.151564 -0.955485 -0.043366
v -0.139135 -0.964211 0.000800
v -0.138164 -0.988578 0.000203
v -0.121594 -0.970118 0.012859
v -0.065300 -0.966279 -0.004492
v -0.065609 -0.992927 -0.000564
v -0.089682 -0.975146 -0.087277
v -0.071023 -0.977209 -0.077949
v -0.059899 -0.951776 -0.065424
v -0.057989 -0.979368 -0.062668
v -0.051649 -1.009604 -0.039871
v -0.054236 -1.013772 -0.019023
v -0.084100 -0.999741 -0.087665
v -0.067664 -1.001451 -0.077030
v -0.125085 -0.997305 -0.082207
v -0.104677 -0.997139 -0.090481
v -0.149185 -1.001450 -0.046046
v -0.142932 -0.977587 -0.064071
v -0.141015 -0.999077 -0.066147
v -0.148247 -1.001782 -0.022317
v -0.137772 -1.010923 -0.001333
v -0.063014 -1.015314 0.001519
v -0.055943 -1.004285 -0.059358
v -0.082731 -0.971164 0.011122
v -0.082690 -0.995139 0.014937
v -0.103534 -0.976603 0.017175
v -0.121433 -0.994636 0.013162
v -0.102275 -0.999410 0.019302
v -0.080915 -1.013569 0.018303
v -0.121810 -1.014821 0.013533
v -0.099532 -1.015296 0.021633
v -0.148159 -1.018094 -0.050347
v -0.148430 -1.020431 -0.025888
v -0.138260 -1.015762 -0.070298
v -0.099845 -1.013015 -0.093569
v -0.121051 -1.013645 -0.086545
v -0.079540 -1.026927 0.021072
v -0.062721 -1.029408 0.006037
v -0.096656 -1.027326 0.024486
v -0.118005 -1.026100 0.017837
v -0.051961 -1.034032 -0.016239
v -0.049418 -1.031624 -0.035574
v -0.052363 -1.026484 -0.056236
v -0.077263 -1.019512 -0.088932
v -0.061974 -1.022087 -0.074856
v -0.138230 -1.030061 -0.001373
v -0.091134 -0.702759 0.059069
v -0.073813 -0.700280 0.053632
v -0.106633 -0.699950 0.059515
v -0.140066 -0.297286 0.116882
v -0.141529 -0.325943 0.120904
v 0.193162 -0.216058 0.018898
v 0.192885 -0.225373 0.010987
v 0.193853 -0.224936 0.027311
v 0.190968 -0.224205 -0.006016
v 0.193020 -0.235583 0.006608
v 0.190531 -0.203776 0.002249
v 0.192192 -0.206647 0.017851
v 0.191514 -0.208518 0.032407
v 0.191798 -0.198748 0.020300
v 0.191007 -0.220200 0.042363
v 0.192110 -0.229936 0.039746
v 0.192999 -0.241428 0.040473
v 0.190506 -0.233169 0.052330
v 0.136759 -0.333182 -0.090611
v 0.121358 -0.335537 -0.098697
v 0.126569 -0.344690 -0.093058
v 0.119725 -0.327326 -0.101521
v 0.105712 -0.334954 -0.104933
v 0.088619 -0.337397 -0.107874
v 0.093660 -0.329305 -0.109854
v 0.057951 -0.326914 -0.113937
v 0.085721 -0.345585 -0.104170
v 0.050970 -0.334323 -0.110710
v 0.070251 -0.336719 -0.110737
v 0.032041 -0.332183 -0.109714
v 0.046957 -0.342352 -0.105183
v 0.039316 -0.199300 -0.110590
v 0.051422 -0.188578 -0.106105
v 0.053314 -0.208722 -0.113322
v 0.052888 -0.198605 -0.109934
v 0.065586 -0.197095 -0.108922
v 0.193723 -0.383788 0.060516
v 0.195620 -0.396578 0.037819
v 0.199591 -0.363275 0.041608
v 0.197825 -0.379784 0.038829
v 0.200033 -0.376632 0.017673
v 0.145111 -0.389690 -0.060580
v 0.138088 -0.353755 -0.081667
v 0.120438 -0.355004 -0.090258
v 0.148787 -0.376046 -0.063809
v 0.131097 -0.376760 -0.073046
v 0.154837 -0.350633 -0.070559
v 0.165994 -0.375110 -0.053587
v 0.152060 -0.362979 -0.066971
v 0.033368 -0.248268 0.163970
v 0.024556 -0.248867 0.165349
v 0.026964 -0.236535 0.169391
v 0.021055 -0.260272 0.161547
v 0.016451 -0.249800 0.166331
v 0.184481 -0.225785 0.064611
v 0.185810 -0.236121 0.063890
v 0.182959 -0.217039 0.065751
v 0.178949 -0.219589 0.076214
v 0.171751 -0.221737 0.086375
v 0.170766 -0.212914 0.086349
v 0.172415 -0.231058 0.086490
v 0.163279 -0.223649 0.097113
v 0.061635 -0.353072 -0.100693
v 0.042304 -0.351044 -0.099523
v 0.025345 -0.348917 -0.096651
v 0.037370 -0.358898 -0.090600
v 0.184322 -0.370313 0.083401
v 0.184109 -0.386825 0.080157
v 0.185619 -0.402515 0.073419
v 0.173197 -0.384813 0.099666
v 0.156725 -0.407654 0.112451
v 0.158267 -0.374771 0.114505
v 0.158118 -0.390954 0.113588
v 0.143614 -0.392808 0.127094
v 0.125980 -0.393447 0.133588
v 0.126398 -0.377575 0.133637
v 0.124258 -0.409431 0.132606
v 0.108427 -0.394269 0.138894
v 0.010344 -0.360825 0.120420
v 0.019356 -0.348726 0.129128
v 0.018733 -0.353536 0.127414
v 0.019343 -0.341194 0.131600
v 0.029166 -0.334565 0.135816
v 0.051420 -0.293069 -0.123365
v 0.053221 -0.317827 -0.117120
v 0.071271 -0.319884 -0.116838
v 0.068742 -0.302718 -0.121440
v 0.035886 -0.314247 -0.117453
v 0.035629 -0.300228 -0.120699
v 0.052035 -0.301820 -0.121543
v 0.052732 -0.310130 -0.119583
v 0.103868 -0.387937 -0.074818
v 0.071109 -0.372507 -0.085436
v 0.107764 -0.402021 -0.068766
v 0.089155 -0.400500 -0.070702
v 0.069218 -0.399131 -0.069727
v 0.072567 -0.414683 -0.064694
v 0.049958 -0.370624 -0.083634
v 0.030848 -0.367749 -0.079709
v 0.061472 -0.384262 -0.076081
v 0.048604 -0.398654 -0.063998
v 0.158789 -0.404899 -0.049105
v 0.142138 -0.404287 -0.057673
v 0.193198 -0.391064 -0.003320
v 0.175524 -0.389328 -0.037157
v 0.178882 -0.373797 -0.038270
v 0.172029 -0.405001 -0.036347
v 0.165908 -0.419963 -0.037257
v 0.184305 -0.405840 -0.021770
v 0.190047 -0.412366 0.057851
v 0.192718 -0.412762 0.036787
v 0.180626 -0.419272 0.077624
v 0.194425 -0.410027 0.016022
v 0.189948 -0.407456 -0.003435
v 0.185432 -0.422744 -0.007262
v 0.189832 -0.427992 0.031906
v 0.140323 -0.425368 0.125947
v 0.122255 -0.425729 0.131807
v 0.104674 -0.426163 0.136967
v 0.119765 -0.441862 0.130544
v 0.015778 -0.431115 0.096539
v 0.026732 -0.429513 0.107909
v 0.025396 -0.443338 0.103354
v 0.028078 -0.416105 0.112593
v 0.038958 -0.429007 0.118306
v 0.077345 -0.277963 0.145046
v 0.093623 -0.266521 0.141361
v 0.094874 -0.279958 0.139896
v 0.094400 -0.252713 0.142530
v 0.110585 -0.258586 0.134760
v 0.187422 -0.246973 0.063126
v 0.180813 -0.238789 0.075720
v 0.173024 -0.241266 0.086809
v 0.022325 -0.390435 -0.052221
v 0.036601 -0.417371 -0.050042
v 0.030964 -0.402304 -0.052613
v 0.017957 -0.408748 -0.036045
v 0.007284 -0.415866 -0.020447
v 0.010949 -0.427949 -0.023499
v 0.004564 -0.406516 -0.014991
v 0.001293 -0.422041 -0.002885
v 0.189365 -0.211102 0.044903
v 0.188397 -0.202854 0.047116
v 0.187022 -0.214109 0.055818
v 0.181674 -0.208602 0.066812
v 0.195879 -0.374252 -0.002684
v 0.197530 -0.356915 -0.002109
v 0.180527 -0.358409 -0.039116
v 0.190660 -0.373500 -0.022486
v 0.134832 -0.456968 0.123709
v 0.117347 -0.457717 0.128916
v 0.099881 -0.458488 0.132577
v 0.114967 -0.473282 0.126326
v 0.095663 -0.489393 0.125903
v 0.129490 -0.487676 0.119466
v 0.112012 -0.488123 0.123188
v 0.109520 -0.503184 0.119844
v 0.004207 -0.482917 0.041422
v 0.008070 -0.484201 0.056561
v 0.009518 -0.497655 0.050927
v 0.013948 -0.457688 0.084489
v 0.007230 -0.470840 0.062888
v 0.013386 -0.485263 0.071507
v 0.007927 -0.510111 0.031325
v 0.011647 -0.537217 0.022234
v 0.013623 -0.539707 0.036450
v 0.014362 -0.553245 0.031156
v 0.010935 -0.511534 0.046264
v 0.015472 -0.509856 0.062305
v 0.012343 -0.525684 0.041423
v 0.016671 -0.542113 0.051015
v 0.169822 -0.422138 0.097016
v 0.154770 -0.423825 0.111826
v 0.177177 -0.435409 0.077207
v 0.152205 -0.440202 0.111470
v 0.182621 -0.448125 0.058801
v 0.173338 -0.450920 0.077957
v 0.174677 -0.477614 0.059874
v 0.149457 -0.455640 0.110797
v 0.146822 -0.470670 0.109197
v 0.164093 -0.453585 0.096588
v 0.166392 -0.480479 0.077483
v 0.170228 -0.465871 0.077837
v 0.143550 -0.485444 0.107416
v 0.140339 -0.500421 0.105463
v 0.162936 -0.495431 0.076432
v 0.157541 -0.483693 0.094165
v 0.125326 -0.407172 -0.063785
v 0.108281 -0.416764 -0.064038
v 0.136596 -0.418678 -0.055771
v 0.008828 -0.420182 0.089577
v 0.007736 -0.431956 0.083100
v 0.006925 -0.444570 0.076833
v 0.002184 -0.457249 0.054516
v 0.006932 -0.457435 0.069694
v 0.001927 -0.432934 0.069184
v 0.014250 -0.441333 -0.026814
v 0.006333 -0.445988 -0.011614
v 0.013489 -0.473352 -0.018330
v 0.041189 -0.433507 -0.050561
v 0.025914 -0.436955 -0.039862
v 0.022714 -0.470410 -0.031422
v 0.018505 -0.455743 -0.029241
v 0.026509 -0.484531 -0.033500
v 0.034624 -0.467344 -0.043109
v 0.155726 -0.434306 -0.043329
v 0.167804 -0.434920 -0.031044
v 0.154353 -0.463889 -0.037817
v 0.178633 -0.436626 -0.017598
v 0.183868 -0.438937 0.000140
v 0.165482 -0.464978 -0.025733
v 0.166601 -0.450000 -0.028183
v 0.163868 -0.479383 -0.023758
v 0.173721 -0.466347 -0.011347
v 0.185875 -0.444542 0.038837
v 0.187320 -0.441626 0.018806
v 0.181984 -0.459926 0.040606
v 0.181034 -0.453931 0.003317
v 0.178148 -0.468526 0.005574
v 0.174336 -0.488879 0.042095
v 0.178101 -0.474399 0.041846
v 0.174704 -0.483088 0.007120
v 0.179602 -0.471168 0.023340
v 0.167257 -0.506841 0.059447
v 0.159429 -0.510461 0.075991
v 0.160440 -0.536360 0.058480
v 0.136403 -0.515216 0.103603
v 0.150195 -0.513255 0.091718
v 0.152772 -0.539673 0.074355
v 0.156071 -0.525049 0.075091
v 0.149418 -0.554602 0.073207
v 0.142849 -0.542645 0.088409
v 0.161524 -0.547794 0.041488
v 0.164602 -0.532931 0.042032
v 0.171292 -0.503212 0.042016
v 0.172823 -0.500227 0.025163
v 0.167640 -0.518015 0.042065
v 0.166928 -0.529341 0.025334
v 0.165063 -0.541116 0.009381
v 0.167084 -0.526693 0.009206
v 0.169163 -0.495342 -0.007803
v 0.172075 -0.497580 0.008305
v 0.169074 -0.511819 0.008879
v 0.165192 -0.524126 -0.006220
v 0.158678 -0.536775 -0.019568
v 0.159874 -0.522751 -0.020473
v 0.152992 -0.492993 -0.034932
v 0.162572 -0.494078 -0.022356
v 0.161053 -0.508371 -0.021251
v 0.151489 -0.521505 -0.032675
v 0.140995 -0.534766 -0.042181
v 0.141291 -0.520649 -0.043175
v 0.140754 -0.492157 -0.044897
v 0.141148 -0.506689 -0.043944
v 0.129133 -0.520755 -0.051010
v 0.114585 -0.506347 -0.056790
v 0.117070 -0.534408 -0.054989
v 0.115914 -0.520582 -0.056081
v 0.102134 -0.520511 -0.059004
v 0.088475 -0.520681 -0.059925
v 0.090512 -0.534655 -0.059274
v 0.086561 -0.506496 -0.060043
v 0.075005 -0.521405 -0.058488
v 0.020737 -0.501120 -0.023289
v 0.030080 -0.498720 -0.035707
v 0.027525 -0.527556 -0.029188
v 0.042264 -0.496029 -0.046316
v 0.058958 -0.508174 -0.054563
v 0.037133 -0.525558 -0.040276
v 0.033685 -0.511998 -0.038140
v 0.064309 -0.535914 -0.055525
v 0.061574 -0.522144 -0.055124
v 0.040254 -0.538679 -0.042426
v 0.048846 -0.523396 -0.049140
v 0.046166 -0.627818 -0.049133
v 0.056637 -0.626257 -0.052152
v 0.054356 -0.613853 -0.051414
v 0.059151 -0.638218 -0.053451
v 0.067710 -0.624975 -0.054522
v 0.081325 -0.635373 -0.055734
v 0.076671 -0.611697 -0.055048
v 0.078932 -0.623575 -0.055296
v 0.090009 -0.622590 -0.055548
v 0.101054 -0.621765 -0.055704
v 0.099337 -0.609628 -0.055087
v 0.103516 -0.633398 -0.057003
v 0.111913 -0.621069 -0.053304
v 0.147826 -0.625201 -0.026168
v 0.124087 -0.632977 -0.049726
v 0.140021 -0.623150 -0.035351
v 0.141425 -0.635451 -0.036075
v 0.120907 -0.609263 -0.049276
v 0.122313 -0.621080 -0.049027
v 0.139063 -0.610968 -0.035018
v 0.131434 -0.621777 -0.042685
v 0.153244 -0.615538 -0.014989
v 0.153079 -0.628317 -0.014858
v 0.153802 -0.640881 -0.015031
v 0.156054 -0.631506 -0.002497
v 0.156435 -0.622818 0.010639
v 0.155375 -0.635866 0.010853
v 0.154848 -0.648863 0.011347
v 0.152849 -0.640131 0.025203
v 0.148600 -0.631647 0.039819
v 0.146171 -0.644836 0.039913
v 0.144149 -0.657954 0.040652
v 0.136973 -0.648958 0.053423
v 0.016783 -0.628164 -0.002274
v 0.019053 -0.636994 -0.017806
v 0.017673 -0.640427 0.005153
v 0.017667 -0.640169 -0.006875
v 0.019766 -0.651281 -0.012917
v 0.046004 -0.653077 0.052617
v 0.057048 -0.654759 0.064914
v 0.056931 -0.665433 0.059600
v 0.057427 -0.643135 0.071110
v 0.069702 -0.655282 0.073829
v 0.153706 -0.565864 0.057198
v 0.145773 -0.568953 0.072039
v 0.158912 -0.562302 0.041376
v 0.161571 -0.558639 0.025111
v 0.156256 -0.576549 0.040817
v 0.162386 -0.555129 0.009610
v 0.161037 -0.552627 -0.004886
v 0.160315 -0.569302 0.010047
v 0.157520 -0.550686 -0.018715
v 0.149695 -0.549289 -0.030397
v 0.155998 -0.564169 -0.017542
v 0.033573 -0.553469 -0.034861
v 0.043341 -0.551806 -0.044181
v 0.067039 -0.549421 -0.055042
v 0.054711 -0.550264 -0.050842
v 0.045979 -0.564673 -0.045874
v 0.015028 -0.566289 0.025853
v 0.017174 -0.569117 0.039132
v 0.013943 -0.563648 0.012757
v 0.015374 -0.579277 0.019946
v 0.131544 -0.625463 0.066343
v 0.110573 -0.616189 0.083473
v 0.135258 -0.571450 0.084683
v 0.142288 -0.583624 0.070803
v 0.126590 -0.599973 0.079779
v 0.102124 -0.603944 0.090626
v 0.113875 -0.602097 0.086068
v 0.117999 -0.587647 0.089348
v 0.157172 -0.609628 0.010583
v 0.155329 -0.613671 0.024694
v 0.154302 -0.590730 0.040464
v 0.157691 -0.586589 0.025028
v 0.152824 -0.602921 -0.015257
v 0.156263 -0.605815 -0.002847
v 0.158845 -0.582772 0.010217
v 0.157635 -0.579563 -0.003590
v 0.158124 -0.596217 0.010474
v 0.146687 -0.600453 -0.025873
v 0.138604 -0.598725 -0.035073
v 0.154385 -0.577092 -0.016215
v 0.147115 -0.575226 -0.027287
v 0.153500 -0.590013 -0.015316
v 0.097585 -0.597985 -0.054752
v 0.108972 -0.597545 -0.053087
v 0.119468 -0.597375 -0.049044
v 0.129742 -0.597642 -0.043074
v 0.139104 -0.573947 -0.037266
v 0.138640 -0.586481 -0.035778
v 0.118867 -0.585141 -0.050085
v 0.074977 -0.599660 -0.054777
v 0.086067 -0.598682 -0.055160
v 0.096267 -0.586018 -0.055370
v 0.042198 -0.603119 -0.044948
v 0.038265 -0.578636 -0.040410
v 0.048468 -0.576936 -0.047254
v 0.052580 -0.601385 -0.049595
v 0.063649 -0.600400 -0.053411
v 0.059866 -0.575582 -0.052264
v 0.073264 -0.587239 -0.054679
v 0.050533 -0.589391 -0.048957
v 0.017544 -0.619453 0.013611
v 0.017077 -0.594923 0.026709
v 0.015781 -0.591904 0.014086
v 0.016579 -0.616329 0.002643
v 0.016880 -0.613305 -0.008355
v 0.015308 -0.588714 0.002186
v 0.016077 -0.604075 0.008354
v 0.081726 -0.666034 0.072931
v 0.082690 -0.655354 0.077513
v 0.123586 -0.663816 0.062575
v 0.103007 -0.665985 0.073650
v 0.128553 -0.638938 0.065337
v 0.125777 -0.651713 0.063959
v 0.108002 -0.629904 0.081159
v 0.119649 -0.627998 0.075367
v 0.114681 -0.653723 0.071240
v 0.084286 -0.643622 0.081641
v 0.097494 -0.631183 0.085212
v 0.094268 -0.655897 0.079292
v 0.104322 -0.655194 0.076084
v 0.105798 -0.643055 0.078920
v 0.080656 -0.675560 0.068663
v 0.092238 -0.675833 0.071227
v 0.057661 -0.675800 0.054953
v 0.068423 -0.675916 0.063385
v 0.078433 -0.684360 0.064106
v 0.116586 -0.645391 -0.054926
v 0.126175 -0.645482 -0.050544
v 0.095521 -0.646652 -0.057960
v 0.106589 -0.645613 -0.058154
v 0.109479 -0.658261 -0.059315
v 0.143086 -0.648342 -0.036662
v 0.134723 -0.646634 -0.044307
v 0.128806 -0.658597 -0.052035
v 0.149273 -0.666488 0.026928
v 0.141063 -0.670268 0.040751
v 0.155805 -0.657696 -0.001859
v 0.154324 -0.661901 0.012186
v 0.153125 -0.675146 0.013012
v 0.131437 -0.673481 0.052665
v 0.120607 -0.675152 0.061204
v 0.138752 -0.682639 0.041521
v 0.101994 -0.675839 0.070638
v 0.111274 -0.675811 0.067109
v 0.101321 -0.684583 0.067731
v 0.116516 -0.684606 0.061144
v 0.030712 -0.701961 -0.010140
v 0.021490 -0.666876 0.000513
v 0.027821 -0.688343 -0.011801
v 0.028801 -0.690958 -0.001273
v 0.022984 -0.661134 -0.022353
v 0.021599 -0.663978 -0.011065
v 0.029540 -0.686282 -0.022899
v 0.024822 -0.675619 -0.011073
v 0.051272 -0.651958 -0.051772
v 0.062070 -0.650449 -0.053945
v 0.058198 -0.678619 -0.055665
v 0.073075 -0.649167 -0.055674
v 0.084654 -0.647876 -0.056938
v 0.088038 -0.660638 -0.058999
v 0.069030 -0.676981 -0.059407
v 0.065286 -0.663455 -0.055935
v 0.091441 -0.673840 -0.062519
v 0.072420 -0.690488 -0.063518
v 0.080236 -0.675418 -0.061553
v 0.122433 -0.671824 -0.058550
v 0.131516 -0.672072 -0.053920
v 0.112520 -0.671961 -0.061504
v 0.102217 -0.672728 -0.062781
v 0.094714 -0.687403 -0.066971
v 0.115742 -0.685850 -0.064754
v 0.140074 -0.673019 -0.047482
v 0.134460 -0.685796 -0.056337
v 0.151740 -0.688263 0.014078
v 0.155987 -0.684125 -0.001200
v 0.155953 -0.680179 -0.015179
v 0.150133 -0.688356 -0.039957
v 0.156800 -0.693745 -0.015329
v 0.150468 -0.650804 -0.027029
v 0.154544 -0.653961 -0.015068
v 0.145347 -0.661243 -0.037928
v 0.155518 -0.666623 -0.015138
v 0.147581 -0.674563 -0.038909
v 0.153584 -0.676940 -0.028105
v 0.145083 -0.691518 0.029151
v 0.135286 -0.694810 0.041859
v 0.150771 -0.701093 0.014815
v 0.132469 -0.719718 0.038504
v 0.142151 -0.720618 0.027845
v 0.132855 -0.732733 0.034432
v 0.124324 -0.698885 0.051150
v 0.129946 -0.708235 0.043591
v 0.120595 -0.719118 0.045757
v 0.102292 -0.852685 0.022079
v 0.112476 -0.847509 0.022992
v 0.112536 -0.864821 0.020259
v 0.112702 -0.830104 0.025419
v 0.122786 -0.846466 0.023326
v 0.034297 -0.712845 -0.027470
v 0.033150 -0.714536 -0.015603
v 0.034091 -0.713190 -0.003929
v 0.035786 -0.728110 -0.019807
v 0.086773 -0.702468 -0.070229
v 0.097835 -0.700947 -0.071203
v 0.064653 -0.705896 -0.063081
v 0.075473 -0.704040 -0.067597
v 0.080361 -0.717500 -0.072814
v 0.160898 -0.750603 -0.021662
v 0.156853 -0.707454 -0.015180
v 0.156423 -0.704411 -0.028696
v 0.158770 -0.735867 -0.019028
v 0.158104 -0.733061 -0.032453
v 0.155341 -0.711106 -0.000558
v 0.149927 -0.714338 0.014500
v 0.148421 -0.728560 0.016438
v 0.156080 -0.738856 -0.004576
v 0.157187 -0.722425 -0.012733
v 0.038336 -0.804424 -0.025269
v 0.038074 -0.802938 -0.036594
v 0.038075 -0.787518 -0.034359
v 0.039089 -0.818599 -0.038283
v 0.038999 -0.801331 -0.048465
v 0.088683 -0.730624 -0.078780
v 0.077221 -0.732509 -0.075910
v 0.086561 -0.764384 -0.087539
v 0.076076 -0.762187 -0.083227
v 0.076296 -0.777558 -0.086422
v 0.066844 -0.737940 -0.072327
v 0.073900 -0.747753 -0.078511
v 0.066385 -0.763569 -0.078335
v 0.163398 -0.817519 -0.029107
v 0.162216 -0.763576 -0.037996
v 0.164345 -0.799724 -0.027562
v 0.163717 -0.797420 -0.041382
v 0.160704 -0.768753 -0.009682
v 0.163459 -0.766177 -0.024066
v 0.161864 -0.801936 -0.013076
v 0.163904 -0.782467 -0.025925
v 0.122523 -0.747824 0.036598
v 0.133497 -0.746300 0.030964
v 0.125503 -0.811409 0.028465
v 0.126088 -0.778207 0.033185
v 0.155345 -0.771414 0.004047
v 0.156156 -0.787422 0.002493
v 0.140408 -0.791750 0.020993
v 0.143415 -0.744273 0.022283
v 0.153395 -0.756092 0.006627
v 0.151450 -0.741728 0.009845
v 0.134654 -0.760788 0.027616
v 0.136675 -0.776381 0.025160
v 0.147811 -0.774310 0.016561
v 0.110348 -0.749167 0.038416
v 0.112110 -0.763707 0.035399
v 0.101169 -0.817732 0.027781
v 0.113670 -0.812745 0.028502
v 0.113746 -0.779267 0.033088
v 0.117501 -0.795437 0.030971
v 0.100507 -0.779553 0.033100
v 0.049756 -0.887969 -0.040934
v 0.040166 -0.832655 -0.028516
v 0.040913 -0.835183 -0.040216
v 0.046859 -0.869715 -0.041833
v 0.046244 -0.872361 -0.030569
v 0.041798 -0.833724 -0.051526
v 0.047031 -0.863489 -0.052417
v 0.043123 -0.851766 -0.044472
v 0.087334 -0.792423 -0.091845
v 0.090665 -0.826680 -0.092787
v 0.079608 -0.827530 -0.089960
v 0.082135 -0.844940 -0.089243
v 0.076457 -0.793714 -0.088528
v 0.066415 -0.795097 -0.083447
v 0.077558 -0.810263 -0.089949
v 0.069050 -0.828408 -0.085132
v 0.155382 -0.890572 -0.033482
v 0.161522 -0.833776 -0.043692
v 0.157336 -0.872622 -0.032638
v 0.156634 -0.870767 -0.043833
v 0.159585 -0.837677 -0.016972
v 0.162093 -0.835832 -0.030758
v 0.155367 -0.874637 -0.020608
v 0.160043 -0.854017 -0.032081
v 0.112720 -0.882588 0.017522
v 0.122465 -0.877202 0.018211
v 0.149627 -0.894585 -0.010376
v 0.150806 -0.876235 -0.008049
v 0.135913 -0.897443 0.006138
v 0.129992 -0.862306 0.016846
v 0.133741 -0.844077 0.017948
v 0.153994 -0.839512 -0.002898
v 0.152481 -0.857822 -0.005680
v 0.132630 -0.879789 0.010635
v 0.143730 -0.878462 0.003476
v 0.102226 -0.883667 0.017251
v 0.112375 -0.901107 0.014728
v 0.101035 -0.919519 0.013685
v 0.122851 -0.917602 0.011665
v 0.112339 -0.918976 0.013987
v 0.112178 -0.935409 0.013888
v 0.052760 -0.903718 -0.051430
v 0.050960 -0.905680 -0.040644
v 0.051730 -0.907866 -0.029987
v 0.051859 -0.922570 -0.040176
v 0.085578 -0.862798 -0.087721
v 0.075802 -0.863388 -0.083249
v 0.080892 -0.904479 -0.083680
v 0.095522 -0.862648 -0.089541
v 0.090635 -0.880743 -0.087641
v 0.088783 -0.916438 -0.087207
v 0.089193 -0.899156 -0.087152
v 0.098265 -0.894177 -0.089081
v 0.137350 -0.906515 -0.077127
v 0.111456 -0.915947 -0.089163
v 0.128784 -0.900921 -0.083325
v 0.131459 -0.917930 -0.081478
v 0.106616 -0.880721 -0.089613
v 0.108056 -0.898860 -0.089296
v 0.127739 -0.883103 -0.084109
v 0.118766 -0.899733 -0.087491
v 0.154426 -0.905561 -0.044141
v 0.143310 -0.903087 -0.070615
v 0.143279 -0.919535 -0.070416
v 0.151562 -0.920847 -0.053701
v 0.152857 -0.887170 -0.054139
v 0.143478 -0.885265 -0.071238
v 0.152211 -0.904493 -0.053992
v 0.148727 -0.903798 -0.062669
v 0.153349 -0.909563 -0.023523
v 0.154689 -0.907434 -0.033850
v 0.154063 -0.923376 -0.033899
v 0.149361 -0.911779 -0.012038
v 0.133284 -0.915731 0.006514
v 0.142689 -0.909581 -0.001120
v 0.132587 -0.932563 0.005880
v 0.149923 -0.926972 -0.015698
v 0.006605 -0.392152 -0.027200
v 0.001867 -0.400007 -0.007097
v 0.002059 -0.389688 -0.006461
v 0.001463 -0.406556 0.013500
v 0.001094 -0.395572 0.013655
v 0.001574 -0.395929 0.002378
v 0.001677 -0.396059 0.024121
v -0.001261 -0.400493 0.033498
v 0.020684 -0.500115 0.076521
v 0.023110 -0.485974 0.085465
v 0.024341 -0.514408 0.075910
v 0.024623 -0.457171 0.097598
v 0.036892 -0.453814 0.110808
v 0.023700 -0.471394 0.091910
v 0.035032 -0.483317 0.100384
v 0.023655 -0.557890 0.058828
v 0.024262 -0.543788 0.065202
v 0.027134 -0.529689 0.075173
v 0.035092 -0.516411 0.089934
v 0.033758 -0.545800 0.079599
v 0.023601 -0.571389 0.052396
v 0.023118 -0.584632 0.046124
v 0.031338 -0.574078 0.066097
v 0.020206 -0.633741 0.016864
v 0.022129 -0.646239 0.015735
v 0.036325 -0.640036 0.045490
v 0.036121 -0.651395 0.039549
v 0.022071 -0.622632 0.025813
v 0.036898 -0.628177 0.052420
v 0.022716 -0.598023 0.039315
v 0.022411 -0.610407 0.032842
v 0.029517 -0.600484 0.052904
v 0.028239 -0.625691 0.039073
v 0.024027 -0.657754 0.012541
v 0.035470 -0.662001 0.032098
v 0.026060 -0.669007 0.010782
v 0.027878 -0.651879 0.026405
v 0.040141 -0.673729 0.032630
v 0.033184 -0.693422 0.008916
v 0.029907 -0.680877 0.009701
v 0.031843 -0.671739 0.021425
v 0.035980 -0.705922 0.007892
v 0.038695 -0.718674 0.006183
v 0.039290 -0.695301 0.019339
v 0.042952 -0.744947 0.000047
v 0.042137 -0.731961 0.006878
v 0.045793 -0.720284 0.017763
v 0.048932 -0.742756 0.012688
v 0.038119 -0.742534 -0.024154
v 0.038171 -0.743599 -0.011898
v 0.038346 -0.773210 -0.018942
v 0.043541 -0.759031 -0.003932
v 0.041960 -0.821337 -0.018883
v 0.043334 -0.805395 -0.013693
v 0.045118 -0.838456 -0.017608
v 0.043609 -0.789620 -0.010349
v 0.049309 -0.771413 0.006184
v 0.043810 -0.774224 -0.007309
v 0.049672 -0.802957 -0.000339
v 0.053485 -0.893164 -0.019780
v 0.055055 -0.910508 -0.019574
v 0.050729 -0.874831 -0.019639
v 0.047728 -0.856517 -0.018641
v 0.050860 -0.841343 -0.005831
v 0.055675 -0.878142 -0.008858
v 0.056782 -0.927114 -0.018922
v 0.061230 -0.913547 -0.009513
v 0.092877 -0.366359 0.138431
v 0.078390 -0.345280 0.139064
v 0.062936 -0.350394 0.137758
v 0.064604 -0.340693 0.138946
v 0.061232 -0.360814 0.136384
v 0.048290 -0.356895 0.134813
v 0.000578 -0.382646 0.082511
v 0.004536 -0.372343 0.108268
v 0.000941 -0.379516 0.091204
v 0.000471 -0.381140 0.088643
v 0.004875 -0.367052 0.112632
v 0.004751 -0.369425 0.110400
v 0.001140 -0.378184 0.093040
v 0.002150 -0.375400 0.100257
v 0.150648 -0.618388 0.039805
v 0.142332 -0.622268 0.054428
v 0.147512 -0.594237 0.055520
v 0.134904 -0.611497 0.067795
v 0.138107 -0.597744 0.069092
v 0.152559 -0.604612 0.040129
v 0.140457 -0.548114 -0.040681
v 0.129689 -0.547677 -0.048312
v 0.140231 -0.561450 -0.039261
v 0.118589 -0.572934 -0.051149
v 0.129169 -0.573520 -0.045216
v 0.092438 -0.548169 -0.058280
v 0.079700 -0.548656 -0.057438
v 0.069472 -0.562263 -0.055253
v 0.083411 -0.574096 -0.055531
v 0.071691 -0.574833 -0.054661
v 0.117558 -0.547663 -0.054163
v 0.104992 -0.547892 -0.056916
v 0.106673 -0.572992 -0.054223
v 0.095090 -0.573623 -0.055708
v 0.118329 -0.560739 -0.052713
v 0.093614 -0.561151 -0.056936
v 0.046337 -0.630221 0.065930
v 0.059169 -0.631221 0.075761
v 0.039096 -0.602851 0.065235
v 0.037308 -0.615905 0.059199
v 0.072749 -0.631460 0.082170
v 0.087838 -0.618259 0.087489
v 0.086210 -0.631238 0.084391
v 0.061131 -0.618602 0.080754
v 0.090163 -0.604376 0.090377
v 0.092983 -0.590628 0.094510
v 0.077300 -0.605098 0.089634
v 0.042312 -0.575950 0.077850
v 0.040712 -0.589467 0.071622
v 0.050273 -0.604445 0.076329
v 0.063840 -0.605252 0.084716
v 0.066241 -0.591559 0.090015
v 0.106380 -0.737181 0.042911
v 0.097465 -0.750113 0.038279
v 0.058950 -0.747680 0.021805
v 0.057355 -0.734480 0.025348
v 0.082756 -0.737829 0.039681
v 0.085800 -0.764085 0.032130
v 0.059873 -0.761596 0.018134
v 0.060220 -0.776536 0.015155
v 0.084244 -0.750071 0.035790
v 0.071032 -0.749306 0.030272
v 0.108812 -0.724870 0.046877
v 0.110057 -0.713810 0.051692
v 0.095491 -0.729825 0.045726
v 0.081351 -0.726562 0.043553
v 0.145721 -0.700358 -0.050871
v 0.152006 -0.702326 -0.040700
v 0.156118 -0.730686 -0.045415
v 0.155142 -0.716705 -0.039454
v 0.128273 -0.698968 -0.064204
v 0.137376 -0.699089 -0.058621
v 0.142155 -0.713506 -0.059307
v 0.100177 -0.729164 -0.080002
v 0.099808 -0.743853 -0.083878
v 0.118646 -0.699288 -0.067991
v 0.108379 -0.699976 -0.070108
v 0.102593 -0.714361 -0.075466
v 0.123635 -0.713129 -0.070851
v 0.111656 -0.728059 -0.078951
v 0.132755 -0.727342 -0.071623
v 0.123084 -0.742126 -0.080767
v 0.122613 -0.727072 -0.076645
v 0.050811 -0.533087 0.099566
v 0.043696 -0.561859 0.084723
v 0.045956 -0.547280 0.090878
v 0.068800 -0.577662 0.094677
v 0.054862 -0.577231 0.088374
v 0.059292 -0.548441 0.100174
v 0.095790 -0.575871 0.098692
v 0.082599 -0.577092 0.098450
v 0.073527 -0.548679 0.105458
v 0.071105 -0.563344 0.100409
v 0.091183 -0.519161 0.117638
v 0.074972 -0.534245 0.109853
v 0.087724 -0.548321 0.108401
v 0.081214 -0.244202 0.149440
v 0.097641 -0.238579 0.142837
v 0.047962 -0.234187 0.164932
v 0.066724 -0.246981 0.154548
v 0.072370 -0.231696 0.156211
v 0.036979 -0.260237 0.159117
v 0.043403 -0.247740 0.161746
v 0.057702 -0.261292 0.153632
v 0.054314 -0.247508 0.158733
v 0.012702 -0.343457 0.129306
v 0.017718 -0.331191 0.134650
v 0.006724 -0.353338 0.123128
v 0.007486 -0.341650 0.129312
v 0.004087 -0.364433 0.114158
v 0.002299 -0.371830 0.104038
v 0.002112 -0.360652 0.116780
v 0.001521 -0.380246 0.086814
v 0.001521 -0.377106 0.094839
v 0.001417 -0.375558 0.097067
v 0.000324 -0.388400 0.068891
v 0.001488 -0.393129 0.053875
v 0.000547 -0.386097 0.075806
v 0.000339 -0.389982 0.065408
v 0.001000 -0.391982 0.059743
v 0.018571 -0.406251 0.106484
v 0.029493 -0.403377 0.116517
v 0.032994 -0.371801 0.127431
v 0.019885 -0.386421 0.116107
v 0.010968 -0.391179 0.106373
v 0.011838 -0.384135 0.111029
v 0.009977 -0.408967 0.095282
v 0.003354 -0.412090 0.083138
v 0.010317 -0.399343 0.100972
v 0.003888 -0.395592 0.095224
v 0.199816 -0.346895 0.044592
v 0.203073 -0.342432 0.021986
v 0.194922 -0.350800 0.066300
v 0.183741 -0.353989 0.085258
v 0.198989 -0.330456 0.048448
v 0.101429 -0.355951 -0.096845
v 0.081440 -0.354364 -0.099418
v 0.111830 -0.376155 -0.079284
v 0.116095 -0.364917 -0.084984
v 0.076494 -0.363316 -0.093268
v 0.092051 -0.374994 -0.083709
v 0.053194 -0.219181 -0.116539
v 0.066645 -0.218203 -0.116294
v 0.038734 -0.219347 -0.116804
v 0.052711 -0.229843 -0.119178
v 0.158039 -0.337468 -0.071710
v 0.169160 -0.347072 -0.057115
v 0.181843 -0.342927 -0.040850
v 0.198648 -0.339154 -0.000927
v 0.193559 -0.339113 -0.022762
v 0.199954 -0.322232 0.003530
v 0.183101 -0.325884 -0.040813
v 0.042282 -0.400988 0.125045
v 0.045040 -0.376353 0.130456
v 0.030238 -0.391734 0.120683
v 0.031590 -0.381339 0.124171
v 0.040864 -0.328007 0.139273
v 0.039458 -0.320538 0.140399
v 0.065490 -0.302825 0.143869
v 0.037518 -0.311829 0.142082
v 0.059634 -0.282131 0.148302
v 0.063416 -0.292548 0.146001
v 0.050724 -0.306720 0.143834
v 0.001317 -0.385419 0.073980
v 0.001022 -0.386866 0.071463
v 0.001236 -0.389436 0.064072
v 0.001412 -0.384788 0.075776
v 0.001240 -0.383548 0.078588
v 0.001259 -0.388125 0.067381
v 0.201812 -0.309960 0.032685
v 0.197219 -0.314539 0.052371
v 0.191580 -0.318468 0.072275
v 0.194974 -0.299114 0.056063
v 0.028520 -0.270931 0.156434
v 0.035866 -0.271675 0.155285
v 0.021870 -0.270793 0.157288
v 0.015546 -0.268478 0.158877
v 0.021799 -0.280094 0.153662
v 0.001253 -0.390785 0.059030
v 0.001552 -0.390266 0.061096
v 0.001609 -0.391465 0.057196
v 0.001390 -0.390854 0.059281
v 0.001720 -0.392594 0.053095
v 0.001372 -0.417687 0.024499
v 0.000272 -0.422519 0.061194
v 0.000246 -0.432541 0.053062
v 0.001084 -0.411615 0.033855
v -0.000043 -0.413331 0.069004
v 0.001588 -0.406242 0.042983
v 0.001259 -0.402544 0.052046
v 0.000310 -0.405679 0.076100
v 0.000871 -0.414031 0.052810
v 0.014854 -0.366352 -0.076361
v 0.020526 -0.376580 -0.065797
v 0.011008 -0.384371 -0.047670
v 0.004857 -0.383354 -0.038535
v 0.001818 -0.387067 -0.012429
v 0.002461 -0.385249 -0.025930
v 0.003122 -0.380748 -0.045338
v 0.002482 -0.382851 -0.035779
v 0.003296 -0.375598 -0.061100
v 0.002551 -0.380159 -0.047520
v 0.002543 -0.380560 -0.046040
v 0.084624 -0.442687 0.132707
v 0.048027 -0.442818 0.120818
v 0.053691 -0.428082 0.125728
v 0.082723 -0.459026 0.129488
v 0.050741 -0.457764 0.118598
v 0.088906 -0.410422 0.136758
v 0.086922 -0.426428 0.135116
v 0.055562 -0.412669 0.128906
v 0.057057 -0.398083 0.131275
v 0.069484 -0.427295 0.132501
v 0.080670 -0.474632 0.126180
v 0.078993 -0.489760 0.122242
v 0.048732 -0.488246 0.109269
v 0.049898 -0.472958 0.113675
v 0.065676 -0.463143 0.124835
v 0.077507 -0.504883 0.118631
v 0.048322 -0.503157 0.104750
v 0.048170 -0.518295 0.101011
v 0.061761 -0.523443 0.108566
v 0.076340 -0.519710 0.114315
v 0.062870 -0.493494 0.116760
v 0.049596 -0.677958 0.043628
v 0.060091 -0.685319 0.052318
v 0.043356 -0.685163 0.031380
v 0.047299 -0.696982 0.030995
v 0.051571 -0.709312 0.030773
v 0.055215 -0.721922 0.028707
v 0.067325 -0.724052 0.037758
v 0.077670 -0.715200 0.047613
v 0.057963 -0.699906 0.041542
v 0.086829 -0.779097 0.029720
v 0.087374 -0.795458 0.026956
v 0.060186 -0.808458 0.009015
v 0.060437 -0.792211 0.012037
v 0.072714 -0.777988 0.024184
v 0.088126 -0.830168 0.021167
v 0.087852 -0.812497 0.024031
v 0.060713 -0.825522 0.006355
v 0.061576 -0.843387 0.003734
v 0.073151 -0.810631 0.018249
v 0.089577 -0.848119 0.018978
v 0.093610 -0.866049 0.018000
v 0.090286 -0.883862 0.013666
v 0.065915 -0.880643 0.000057
v 0.063651 -0.861960 0.001572
v 0.074798 -0.846003 0.012807
v 0.086650 -0.935180 0.009931
v 0.070930 -0.932215 -0.000371
v 0.090082 -0.901898 0.011102
v 0.089224 -0.919517 0.010592
v 0.068272 -0.898779 -0.001152
v 0.069884 -0.916346 -0.001141
v 0.077764 -0.887417 0.007701
v 0.078967 -0.922666 0.005568
v 0.195568 -0.249525 0.018296
v 0.192797 -0.246922 0.002163
v 0.197740 -0.277544 0.024759
v 0.189074 -0.245047 -0.014088
v 0.192578 -0.258588 -0.003137
v 0.113646 -0.233855 0.134921
v 0.100865 -0.225707 0.143289
v 0.009163 -0.367934 0.116185
v 0.003908 -0.374717 0.105590
v 0.018183 -0.358403 0.125445
v 0.028766 -0.346448 0.133016
v 0.038593 -0.349148 0.134302
v 0.017211 -0.362877 0.122999
v 0.000380 -0.437581 0.009950
v 0.000210 -0.426730 0.016579
v 0.000325 -0.455974 0.038120
v -0.000267 -0.444159 0.045536
v 0.000628 -0.430786 0.035564
v 0.195078 -0.251767 0.033762
v 0.193674 -0.252115 0.049205
v 0.189591 -0.258131 0.062116
v 0.197725 -0.280808 0.041721
v 0.193325 -0.284515 0.059163
v 0.196506 -0.264283 0.029328
v 0.006466 -0.494609 0.021206
v 0.008581 -0.508225 0.016987
v 0.011357 -0.489897 -0.007171
v 0.007756 -0.476360 -0.003814
v 0.001852 -0.449888 0.004439
v 0.001909 -0.468697 0.032179
v 0.003789 -0.481466 0.026370
v 0.004849 -0.462803 0.000080
v -0.000025 -0.453615 0.021051
v 0.004665 -0.479152 0.011044
v 0.052757 -0.480067 -0.052735
v 0.070406 -0.492990 -0.057925
v 0.055791 -0.494114 -0.053657
v 0.075214 -0.430818 -0.061577
v 0.057993 -0.431106 -0.057837
v 0.045032 -0.449427 -0.051149
v 0.049240 -0.464972 -0.051705
v 0.064595 -0.463116 -0.057801
v 0.092224 -0.431305 -0.062640
v 0.108927 -0.432115 -0.060628
v 0.080238 -0.462437 -0.059964
v 0.077973 -0.446883 -0.060346
v 0.098839 -0.491833 -0.059816
v 0.084539 -0.492085 -0.059988
v 0.082539 -0.477567 -0.059961
v 0.095729 -0.462312 -0.060415
v 0.140550 -0.433314 -0.050980
v 0.124907 -0.432862 -0.057703
v 0.140745 -0.448000 -0.048649
v 0.109959 -0.447193 -0.058458
v 0.111008 -0.462316 -0.058025
v 0.140724 -0.477786 -0.045653
v 0.140916 -0.463124 -0.047051
v 0.127438 -0.491991 -0.052831
v 0.113247 -0.491982 -0.057244
v 0.112193 -0.477189 -0.057609
v 0.126459 -0.462687 -0.054061
v 0.125975 -0.558669 0.096055
v 0.121689 -0.572758 0.092498
v 0.109207 -0.574800 0.098088
v 0.099071 -0.561290 0.103210
v 0.101635 -0.546764 0.107617
v 0.098782 -0.759571 -0.087990
v 0.095720 -0.775228 -0.090276
v 0.099626 -0.791525 -0.092964
v 0.111648 -0.757868 -0.087205
v 0.124360 -0.791511 -0.089952
v 0.100529 -0.808850 -0.093984
v 0.101686 -0.826212 -0.093861
v 0.111988 -0.795430 -0.093380
v 0.120918 -0.808946 -0.091409
v 0.123857 -0.757602 -0.084926
v 0.134857 -0.757760 -0.079452
v 0.124413 -0.773931 -0.087555
v 0.136281 -0.791653 -0.084182
v 0.157329 -0.745813 -0.048324
v 0.158801 -0.761519 -0.051029
v 0.149687 -0.728789 -0.055981
v 0.142062 -0.727735 -0.065217
v 0.143413 -0.742425 -0.068733
v 0.160527 -0.795491 -0.054363
v 0.159866 -0.778061 -0.052882
v 0.144616 -0.758553 -0.072141
v 0.145845 -0.775184 -0.074242
v 0.152675 -0.759646 -0.062274
v 0.135560 -0.826209 0.020108
v 0.155170 -0.821597 -0.000828
v 0.156162 -0.804073 0.000828
v 0.136888 -0.809085 0.021907
v 0.148085 -0.802445 0.013322
v 0.145600 -0.837301 0.010047
v 0.103325 -0.844563 -0.092493
v 0.105352 -0.862693 -0.090554
v 0.115762 -0.863201 -0.088903
v 0.125194 -0.827115 -0.089981
v 0.113014 -0.826295 -0.092951
v 0.136024 -0.870609 -0.078658
v 0.127056 -0.864620 -0.085617
v 0.144082 -0.866949 -0.072309
v 0.136816 -0.832739 -0.083368
v 0.126138 -0.845692 -0.088282
v 0.159830 -0.813586 -0.055084
v 0.158842 -0.832110 -0.055626
v 0.146545 -0.810711 -0.076010
v 0.146590 -0.792341 -0.075665
v 0.154205 -0.793806 -0.065515
v 0.154187 -0.869200 -0.054270
v 0.156778 -0.850746 -0.055091
v 0.149907 -0.868021 -0.063665
v 0.146102 -0.829341 -0.075800
v 0.145407 -0.848077 -0.074451
v 0.153352 -0.830391 -0.066033
v 0.001117 -0.398280 0.061051
v 0.001759 -0.393653 0.088375
v 0.001716 -0.399004 0.082849
v 0.001869 -0.401131 0.068450
v 0.008553 -0.357689 -0.085543
v 0.005524 -0.366914 -0.074690
v 0.002354 -0.369783 -0.072065
v 0.176099 -0.307872 0.094400
v 0.172101 -0.352715 0.102869
v 0.182278 -0.337981 0.087071
v 0.180737 -0.322223 0.089315
v 0.169651 -0.322074 0.105465
v 0.080419 -0.301976 0.141892
v 0.080573 -0.323939 0.140210
v 0.066431 -0.312488 0.142350
v 0.095171 -0.292843 0.139227
v 0.110652 -0.284874 0.134660
v 0.095604 -0.305158 0.138975
v 0.053341 -0.275641 0.150739
v 0.044595 -0.273293 0.153173
v 0.043831 -0.290428 0.148156
v 0.032257 -0.281984 0.152023
v 0.000462 -0.383230 0.085511
v 0.001608 -0.379864 0.095536
v 0.000520 -0.385596 0.082457
v 0.003308 -0.378049 0.103333
v 0.091895 -0.380042 0.138127
v 0.090419 -0.394867 0.137830
v 0.076054 -0.368904 0.137462
v 0.059818 -0.372134 0.134768
v 0.058633 -0.384262 0.133177
v 0.073265 -0.395916 0.136285
v 0.127055 -0.363141 0.133044
v 0.109983 -0.364411 0.139030
v 0.093607 -0.353316 0.138685
v 0.094477 -0.341082 0.138530
v 0.158012 -0.359195 0.115228
v 0.144215 -0.361530 0.127436
v 0.157263 -0.343748 0.115691
v 0.126934 -0.348387 0.132147
v 0.152960 -0.235488 0.107140
v 0.126908 -0.241258 0.126268
v 0.127554 -0.230283 0.126093
v 0.125576 -0.265536 0.127006
v 0.126095 -0.253457 0.126473
v 0.139985 -0.249596 0.117537
v 0.163943 -0.243933 0.098121
v 0.174032 -0.252689 0.087723
v 0.152866 -0.246620 0.107955
v 0.152736 -0.258555 0.109259
v 0.001658 -0.389940 0.000306
v 0.001783 -0.386716 -0.013565
v 0.002436 -0.384939 -0.023120
v 0.002789 -0.384422 -0.028777
v 0.002117 -0.387299 -0.009617
v 0.040633 -0.335279 0.138183
v 0.065726 -0.331469 0.140374
v 0.051782 -0.339962 0.138450
v 0.053273 -0.323641 0.141226
v 0.039938 -0.342232 0.136542
v 0.066229 -0.322256 0.141281
v 0.014433 -0.547907 0.004275
v 0.022970 -0.542916 -0.020457
v 0.020218 -0.530067 -0.016828
v 0.015918 -0.560912 0.000122
v 0.010815 -0.521553 0.013173
v 0.012492 -0.534720 0.008924
v 0.014349 -0.503692 -0.010049
v 0.016893 -0.516913 -0.013213
v 0.009892 -0.506047 0.003256
v 0.014564 -0.532661 -0.004284
v 0.025506 -0.555612 -0.023929
v 0.028006 -0.568121 -0.027778
v 0.017227 -0.573359 -0.004912
v 0.018200 -0.585630 -0.009446
v 0.019050 -0.558024 -0.012474
v 0.020748 -0.610154 -0.018940
v 0.030090 -0.580644 -0.031155
v 0.031575 -0.592828 -0.034996
v 0.019376 -0.598177 -0.014535
v 0.022752 -0.583059 -0.021337
v 0.035375 -0.617134 -0.040599
v 0.022124 -0.622222 -0.023577
v 0.024289 -0.633885 -0.027714
v 0.033670 -0.605101 -0.037745
v 0.026090 -0.607462 -0.029350
v 0.040023 -0.641473 -0.045584
v 0.037758 -0.629450 -0.043450
v 0.028011 -0.645449 -0.033133
v 0.030029 -0.631467 -0.036763
v 0.042861 -0.653918 -0.046548
v 0.028534 -0.658232 -0.032022
v 0.031846 -0.670856 -0.032379
v 0.045660 -0.666391 -0.047445
v 0.033946 -0.653059 -0.040903
v 0.034854 -0.698128 -0.032586
v 0.034244 -0.683885 -0.033748
v 0.051688 -0.693875 -0.053239
v 0.048901 -0.679972 -0.049513
v 0.039338 -0.711042 -0.038624
v 0.040545 -0.678354 -0.042045
v 0.038858 -0.741075 -0.036413
v 0.038235 -0.772204 -0.031326
v 0.039196 -0.770742 -0.043679
v 0.038328 -0.757101 -0.028011
v 0.055111 -0.707775 -0.056471
v 0.041924 -0.724981 -0.043209
v 0.057555 -0.721762 -0.060690
v 0.046071 -0.709258 -0.048883
v 0.044081 -0.739560 -0.047538
v 0.058410 -0.736103 -0.064815
v 0.043991 -0.769097 -0.054603
v 0.058317 -0.750556 -0.068666
v 0.043979 -0.754141 -0.051358
v 0.050316 -0.737746 -0.057183
v 0.043789 -0.784487 -0.057259
v 0.043882 -0.799897 -0.059058
v 0.057789 -0.780819 -0.074774
v 0.057813 -0.765433 -0.072182
v 0.050169 -0.767271 -0.064254
v 0.052488 -0.866151 -0.061915
v 0.049045 -0.848842 -0.061843
v 0.062623 -0.846597 -0.078672
v 0.060138 -0.829458 -0.078655
v 0.044880 -0.815886 -0.060538
v 0.057567 -0.796500 -0.076862
v 0.046563 -0.832234 -0.061328
v 0.058386 -0.812731 -0.078179
v 0.049938 -0.798145 -0.068708
v 0.052451 -0.830782 -0.070772
v 0.057647 -0.883787 -0.064365
v 0.066273 -0.864090 -0.077890
v 0.069777 -0.882019 -0.077196
v 0.059126 -0.864747 -0.070418
v 0.057529 -0.902008 -0.061707
v 0.057393 -0.919445 -0.060729
v 0.074252 -0.917560 -0.079642
v 0.071952 -0.900205 -0.077830
v 0.063672 -0.896054 -0.070508
v -0.000118 -0.393378 0.050000
v -0.000085 -0.393957 0.042674
v -0.000565 -0.393142 0.044444
v 0.001109 -0.392961 0.049976
v 0.002728 -0.393796 0.033125
v 0.000793 -0.391555 0.011286
v -0.000318 -0.393471 0.032383
v 0.013765 -0.339344 -0.101435
v 0.011619 -0.348423 -0.094114
v 0.001620 -0.351377 -0.091767
v 0.017872 -0.321658 -0.110927
v 0.015684 -0.330623 -0.106808
v 0.001990 -0.332723 -0.104713
v 0.160907 -0.186826 -0.058729
v 0.186089 -0.189489 -0.012144
v 0.172511 -0.187337 -0.042674
v 0.186481 -0.205360 -0.015698
v 0.186792 -0.197497 -0.013310
v 0.171536 -0.195295 -0.046646
v 0.171810 -0.191073 -0.044331
v 0.180400 -0.191460 -0.029192
v 0.181067 -0.180247 -0.020248
v 0.188622 -0.186996 0.005220
v 0.185544 -0.180733 -0.008796
v 0.176741 -0.179826 -0.031971
v 0.189036 -0.183410 0.012064
v 0.191114 -0.191589 0.021489
v 0.189290 -0.193944 0.036013
v 0.190016 -0.185243 0.022908
v 0.187873 -0.188066 0.041499
v 0.186756 -0.195871 0.049211
v 0.183695 -0.197968 0.058595
v 0.185634 -0.188838 0.050905
v 0.176281 -0.203336 0.076831
v 0.180160 -0.201054 0.067327
v 0.179251 -0.194191 0.067455
v 0.169918 -0.204662 0.086035
v 0.162311 -0.206261 0.095932
v 0.169305 -0.197164 0.085375
v 0.153248 -0.216220 0.106804
v 0.153199 -0.225392 0.107070
v 0.128804 -0.220008 0.126046
v 0.141161 -0.227395 0.116673
v 0.152920 -0.207848 0.106274
v 0.152980 -0.200354 0.105914
v 0.141836 -0.209197 0.115940
v 0.116770 -0.212118 0.135010
v 0.129896 -0.210494 0.125946
v 0.130454 -0.202447 0.125516
v 0.090124 -0.216007 0.151650
v 0.103506 -0.214021 0.143913
v 0.105795 -0.203366 0.143537
v 0.076779 -0.217801 0.158139
v 0.064547 -0.219565 0.163556
v 0.080816 -0.205518 0.159097
v 0.040116 -0.222648 0.170865
v 0.051931 -0.220822 0.167586
v 0.055668 -0.207973 0.169918
v 0.029011 -0.224024 0.172761
v 0.018951 -0.225198 0.174059
v 0.031010 -0.211169 0.175580
v 0.009460 -0.226419 0.173708
v 0.009605 -0.213903 0.176744
v 0.009331 -0.238703 0.170078
v 0.009162 -0.250375 0.166169
v 0.001205 -0.230429 0.172381
v 0.156070 -0.177491 -0.061292
v 0.107903 -0.172564 0.141081
v 0.041216 -0.166911 0.175250
v 0.085399 -0.166988 0.156171
v 0.063403 -0.164387 0.167879
v 0.128848 -0.176939 0.124696
v 0.146828 -0.179247 0.108536
v 0.174501 -0.316229 -0.054755
v 0.183654 -0.307963 -0.039669
v 0.146600 -0.320507 -0.086045
v 0.151252 -0.328669 -0.080967
v 0.163966 -0.322915 -0.068465
v 0.167571 -0.308347 -0.064233
v 0.141925 -0.312869 -0.090708
v 0.152411 -0.307861 -0.081666
v 0.168507 -0.294682 -0.062511
v 0.161298 -0.301958 -0.072248
v 0.155251 -0.296376 -0.078842
v 0.181499 -0.253747 -0.034034
v 0.184690 -0.232358 -0.025933
v 0.183144 -0.242934 -0.029519
v 0.176351 -0.241059 -0.044221
v 0.186241 -0.213404 -0.018620
v 0.185740 -0.222359 -0.022201
v 0.171267 -0.201852 -0.047787
v 0.180019 -0.203569 -0.032692
v 0.179549 -0.220514 -0.037815
v 0.130249 -0.316725 -0.097945
v 0.117649 -0.318976 -0.104468
v 0.137723 -0.305493 -0.093769
v 0.082767 -0.293916 -0.120287
v 0.084263 -0.302869 -0.118150
v 0.103869 -0.320547 -0.109594
v 0.088034 -0.320416 -0.113671
v 0.086182 -0.311718 -0.115944
v 0.114993 -0.310606 -0.106736
v 0.099341 -0.302826 -0.114389
v 0.161652 -0.199904 -0.061425
v 0.170312 -0.219211 -0.051982
v 0.171002 -0.209978 -0.049625
v 0.167757 -0.239536 -0.057255
v 0.169285 -0.229029 -0.054591
v 0.161295 -0.217864 -0.065453
v 0.150443 -0.291538 -0.083511
v 0.155717 -0.286391 -0.077550
v 0.159264 -0.279278 -0.072874
v 0.152595 -0.277902 -0.080208
v 0.173497 -0.285499 -0.054143
v 0.165903 -0.282091 -0.064275
v 0.172613 -0.262307 -0.052656
v 0.161994 -0.270951 -0.068545
v 0.124210 -0.300514 -0.103682
v 0.110058 -0.292909 -0.110875
v 0.112342 -0.301938 -0.109127
v 0.143389 -0.295051 -0.090245
v 0.134405 -0.298217 -0.096666
v 0.145734 -0.286114 -0.087944
v 0.132032 -0.290218 -0.098554
v 0.063008 -0.176116 -0.100119
v 0.037362 -0.180508 -0.103673
v 0.049995 -0.178582 -0.101862
v 0.051955 -0.168692 -0.097609
v 0.163330 -0.178828 -0.052135
v 0.170708 -0.179623 -0.042114
v 0.148802 -0.183228 -0.069451
v 0.147193 -0.175940 -0.068529
v 0.019193 -0.313791 -0.114073
v 0.019568 -0.298277 -0.118421
v 0.023603 -0.306481 -0.117022
v 0.002633 -0.314855 -0.112507
v 0.146080 -0.278116 -0.087022
v 0.146388 -0.270036 -0.085991
v 0.130325 -0.281277 -0.099634
v 0.139374 -0.282051 -0.093255
v 0.081386 -0.284187 -0.121265
v 0.095697 -0.283754 -0.117964
v 0.108139 -0.283343 -0.112322
v 0.120384 -0.282649 -0.106762
v 0.129240 -0.271964 -0.100280
v 0.106842 -0.273172 -0.113344
v 0.077921 -0.195753 -0.106624
v 0.078728 -0.206524 -0.110258
v 0.103066 -0.204810 -0.103631
v 0.103197 -0.216079 -0.106878
v 0.115002 -0.215698 -0.101860
v 0.079094 -0.217603 -0.113924
v 0.079147 -0.228719 -0.116638
v 0.091250 -0.216510 -0.111199
v 0.100353 -0.227409 -0.111362
v 0.150771 -0.207162 -0.074121
v 0.150262 -0.217017 -0.076250
v 0.127699 -0.205609 -0.091692
v 0.150232 -0.190464 -0.070422
v 0.151227 -0.198362 -0.072026
v 0.139308 -0.181951 -0.077123
v 0.140412 -0.197209 -0.081715
v 0.076881 -0.185322 -0.102189
v 0.076206 -0.175144 -0.098111
v 0.090249 -0.194481 -0.104068
v 0.102399 -0.194093 -0.100169
v 0.115418 -0.194727 -0.095553
v 0.128143 -0.195905 -0.088935
v 0.128363 -0.187915 -0.085947
v 0.101747 -0.185082 -0.096678
v 0.127789 -0.173280 -0.080988
v 0.128940 -0.180447 -0.083214
v 0.117044 -0.179910 -0.089723
v 0.149662 -0.227383 -0.078898
v 0.127077 -0.215885 -0.094918
v 0.124011 -0.227068 -0.099758
v 0.139279 -0.216300 -0.086835
v 0.079111 -0.239865 -0.119270
v 0.092913 -0.262462 -0.118995
v 0.103536 -0.239130 -0.112190
v 0.091532 -0.236537 -0.115949
v 0.065819 -0.240500 -0.121808
v 0.051626 -0.240984 -0.121779
v 0.075423 -0.251711 -0.121648
v 0.037203 -0.241176 -0.121578
v 0.047049 -0.251962 -0.123281
v 0.021226 -0.252752 -0.122049
v 0.022776 -0.230182 -0.119037
v 0.022051 -0.241431 -0.121035
v 0.006894 -0.244454 -0.120558
v 0.075780 -0.167957 -0.094819
v 0.088091 -0.175408 -0.096763
v 0.102145 -0.178056 -0.094179
v 0.105989 -0.175268 -0.092550
v 0.107588 -0.170567 -0.089169
v 0.096667 -0.169715 -0.091998
v 0.106650 -0.517983 0.115989
v 0.122735 -0.517234 0.113689
v 0.132982 -0.530228 0.101601
v 0.129410 -0.544435 0.098988
v 0.104052 -0.532614 0.112039
v 0.116038 -0.545797 0.106544
v 0.001235 -0.393144 0.016347
v -0.001262 -0.396671 0.035160
v -0.001187 -0.393847 0.037845
v 0.000735 -0.392212 0.011993
v 0.001638 -0.393176 0.023116
v 0.001394 -0.396352 0.053369
v 0.001294 -0.393878 0.053872
v 0.000715 -0.390842 0.067613
v 0.000621 -0.394320 0.068677
v -0.001644 -0.395196 0.045058
v 0.184775 -0.261463 0.076686
v 0.187693 -0.284175 0.076578
v 0.189804 -0.271659 0.065328
v 0.175442 -0.264937 0.088986
v 0.199737 -0.306175 0.011795
v 0.195525 -0.301992 -0.009125
v 0.199133 -0.291121 0.018978
v 0.196635 -0.273791 0.007256
v 0.192167 -0.270725 -0.009299
v 0.188989 -0.296892 -0.026784
v 0.186842 -0.267321 -0.025220
v 0.181179 -0.290590 -0.041584
v 0.179829 -0.264538 -0.039553
v 0.177133 -0.275297 -0.046249
v 0.191266 -0.283504 -0.017061
v 0.013085 -0.378568 0.114702
v 0.005503 -0.384418 0.104896
v 0.007851 -0.375503 0.110917
v 0.002583 -0.381325 0.100449
v 0.036768 -0.356369 0.132477
v 0.034762 -0.364079 0.130206
v 0.023218 -0.371064 0.123094
v 0.015882 -0.367779 0.120550
v 0.026640 -0.358693 0.128673
v 0.014661 -0.372879 0.117879
v 0.178257 -0.292193 0.090950
v 0.167399 -0.295969 0.105278
v 0.152234 -0.271292 0.110893
v 0.165487 -0.267738 0.101364
v 0.176521 -0.277922 0.089804
v 0.095091 -0.329051 0.138817
v 0.095518 -0.317319 0.138634
v 0.110718 -0.311459 0.134829
v 0.110739 -0.337175 0.136710
v 0.127025 -0.334516 0.131699
v 0.000487 -0.388249 0.078450
v 0.001825 -0.388945 0.093293
v 0.000715 -0.391947 0.081113
v 0.001144 -0.385290 0.089705
v 0.000191 -0.391180 0.074220
v 0.002304 -0.385009 0.097378
v 0.166040 -0.250173 -0.060722
v 0.158854 -0.238569 -0.069941
v 0.155917 -0.260202 -0.074876
v 0.164384 -0.260965 -0.064514
v 0.148577 -0.238526 -0.080646
v 0.147094 -0.260316 -0.084538
v 0.138201 -0.263708 -0.092958
v 0.128292 -0.261515 -0.100204
v 0.138381 -0.241641 -0.090913
v 0.147952 -0.249690 -0.082530
v 0.105792 -0.262316 -0.113387
v 0.117824 -0.261845 -0.107557
v 0.115837 -0.238970 -0.106303
v 0.127242 -0.238964 -0.098833
v 0.104562 -0.250731 -0.113294
v 0.127870 -0.250524 -0.099748
v 0.050755 -0.283676 -0.123844
v 0.066428 -0.284150 -0.124442
v 0.080227 -0.273834 -0.122229
v 0.079144 -0.262908 -0.121992
v 0.064893 -0.263080 -0.124501
v 0.035014 -0.283035 -0.122871
v 0.050125 -0.262981 -0.123999
v 0.035528 -0.260308 -0.123422
v 0.020520 -0.263657 -0.122368
v 0.050392 -0.273671 -0.124297
v 0.005692 -0.266430 -0.121485
v 0.016404 -0.273420 -0.121573
v 0.027067 -0.312879 0.141310
v 0.034911 -0.302739 0.144893
v 0.031838 -0.295606 0.147324
v 0.013946 -0.288750 0.149844
v 0.018711 -0.301129 0.145199
v 0.024350 -0.286200 0.151247
v 0.018691 -0.287722 0.150489
v 0.028114 -0.290454 0.149205
v 0.023561 -0.297164 0.147170
v 0.018294 -0.294492 0.147785
v 0.008982 -0.281658 0.153052
v 0.008647 -0.289939 0.149397
v 0.008985 -0.298007 0.146180
v 0.004111 -0.292654 0.147915
v 0.019786 -0.319253 0.138539
v 0.013285 -0.322267 0.137350
v 0.019569 -0.309481 0.142104
v 0.013973 -0.303891 0.143736
v 0.009105 -0.306527 0.142879
v 0.008022 -0.323932 0.136253
v 0.004381 -0.309251 0.141628
v 0.008850 -0.314847 0.139962
v 0.006706 -0.332518 0.133111
v 0.003793 -0.338554 0.130487
v 0.004382 -0.326678 0.134880
v 0.107318 -0.194237 0.142924
v 0.095188 -0.193971 0.151141
v 0.096567 -0.176882 0.149615
v 0.085548 -0.174706 0.157037
v 0.130810 -0.195265 0.125279
v 0.119037 -0.194927 0.134354
v 0.107930 -0.179696 0.142027
v 0.118860 -0.182324 0.133620
v 0.107774 -0.186644 0.142346
v 0.033254 -0.199305 0.177238
v 0.020823 -0.200907 0.179040
v 0.023622 -0.178591 0.179427
v 0.059038 -0.196124 0.170260
v 0.046413 -0.197743 0.174612
v 0.039196 -0.176995 0.176759
v 0.051134 -0.175813 0.173132
v 0.035728 -0.187860 0.177920
v 0.178543 -0.187187 0.067176
v 0.174820 -0.190815 0.076143
v 0.083141 -0.194206 0.158572
v 0.071039 -0.194929 0.165192
v 0.062935 -0.173895 0.168964
v 0.073959 -0.173705 0.163497
v 0.084851 -0.183907 0.158046
v 0.061491 -0.184958 0.170108
v 0.153314 -0.193058 0.104754
v 0.141971 -0.194773 0.115359
v 0.130332 -0.184193 0.124779
v 0.142530 -0.183654 0.115367
v 0.130593 -0.189309 0.124827
v 0.169158 -0.189625 0.084727
v 0.161812 -0.190611 0.094128
v 0.154903 -0.181156 0.101689
v 0.168571 -0.183477 0.084310
v 0.153980 -0.186439 0.103516
v 0.024324 -0.199046 -0.111109
v 0.024751 -0.189457 -0.107718
v 0.024504 -0.180922 -0.104412
v 0.026021 -0.170737 -0.100256
v 0.009334 -0.182399 -0.106009
v 0.009636 -0.202079 0.178925
v -0.000129 -0.206136 0.178308
v 0.009324 -0.190844 0.180418
v 0.002087 -0.392879 0.039316
v 0.000968 -0.393361 0.035107
v 0.001854 -0.393402 0.025120
v 0.001910 -0.389445 0.002891
v 0.002331 -0.388466 -0.003538
v 0.001161 -0.391470 0.014710
v 0.002013 -0.392182 0.020024
v 0.054012 -0.940202 -0.028322
v 0.058280 -0.942353 -0.017600
v 0.053877 -0.936887 -0.050094
v 0.052641 -0.938192 -0.039130
v 0.053546 -0.953013 -0.038129
v 0.054060 -0.966353 -0.036562
v 0.054496 -0.965210 -0.047663
v 0.056254 -0.967724 -0.025592
v 0.054594 -0.978657 -0.035083
v 0.087835 -0.932430 -0.087321
v 0.097139 -0.931983 -0.089713
v 0.079129 -0.933155 -0.083465
v 0.070560 -0.934041 -0.077263
v 0.085828 -0.947827 -0.087782
v 0.107424 -0.931662 -0.090045
v 0.117830 -0.932032 -0.088298
v 0.105556 -0.946338 -0.090633
v 0.136431 -0.933665 -0.077694
v 0.127856 -0.932736 -0.083971
v 0.125432 -0.947023 -0.085526
v 0.123202 -0.960253 -0.087017
v 0.132215 -0.960856 -0.081522
v 0.103660 -0.960368 -0.091505
v 0.113506 -0.960187 -0.090822
v 0.120968 -0.973157 -0.088519
v 0.142881 -0.934685 -0.070168
v 0.147627 -0.935316 -0.062268
v 0.141484 -0.948413 -0.071854
v 0.149126 -0.963130 -0.054807
v 0.152776 -0.936917 -0.043727
v 0.150773 -0.935965 -0.053440
v 0.150000 -0.950067 -0.053744
v 0.151291 -0.963872 -0.044806
v 0.153396 -0.938072 -0.033290
v 0.151968 -0.936313 -0.023242
v 0.147419 -0.942425 -0.012411
v 0.152455 -0.951777 -0.033239
v 0.151100 -0.976508 -0.034847
v 0.151754 -0.964476 -0.034219
v 0.150149 -0.962931 -0.022323
v 0.132037 -0.947322 0.005959
v 0.140835 -0.945099 -0.002131
v 0.146690 -0.955820 -0.011568
v 0.145919 -0.968073 -0.011585
v 0.145513 -0.979554 -0.012488
v 0.139790 -0.970336 -0.001936
v 0.112094 -0.950372 0.014418
v 0.122390 -0.948878 0.011281
v 0.131615 -0.960658 0.006005
v 0.131377 -0.972825 0.005631
v 0.064720 -0.944854 -0.007707
v 0.072442 -0.946883 0.001098
v 0.059697 -0.956674 -0.016260
v 0.060758 -0.969096 -0.014758
v 0.061518 -0.980720 -0.013533
v 0.067000 -0.970775 -0.004867
v 0.093680 -0.961017 -0.090769
v 0.084012 -0.961961 -0.087898
v 0.101550 -0.973744 -0.092475
v 0.074776 -0.963220 -0.082898
v 0.081636 -0.975853 -0.088105
v 0.056804 -0.964656 -0.057917
v 0.056412 -0.977474 -0.056473
v 0.065957 -0.977180 -0.075162
v 0.057168 -0.935906 -0.060050
v 0.063181 -0.934864 -0.069155
v 0.056989 -0.950903 -0.059139
v 0.068780 -0.949565 -0.076535
v 0.067333 -0.963919 -0.076263
v 0.061172 -0.964199 -0.067441
v 0.054432 -0.989544 -0.044059
v 0.054924 -0.990033 -0.033488
v 0.057348 -0.990660 -0.022983
v 0.061419 -0.991905 -0.012796
v 0.054952 -1.000432 -0.031484
v 0.088511 -0.988316 -0.092106
v 0.079209 -0.988927 -0.087769
v 0.071255 -0.989076 -0.082024
v 0.064450 -0.989165 -0.074079
v 0.076921 -1.000601 -0.087729
v 0.127992 -0.985530 -0.084839
v 0.118599 -0.985696 -0.090248
v 0.109004 -0.986102 -0.093292
v 0.098895 -0.987121 -0.093731
v 0.095845 -0.999058 -0.095323
v 0.116486 -0.996952 -0.092300
v 0.149456 -0.987528 -0.048022
v 0.136166 -0.985940 -0.077456
v 0.134374 -0.996629 -0.079571
v 0.146119 -0.997504 -0.060968
v 0.139691 -0.961433 -0.073793
v 0.138009 -0.973890 -0.075491
v 0.145459 -0.962189 -0.064662
v 0.148157 -0.975262 -0.056508
v 0.147221 -0.986683 -0.058513
v 0.142594 -0.986168 -0.068139
v 0.150494 -0.988342 -0.036665
v 0.149208 -0.986546 -0.024751
v 0.145061 -0.991396 -0.013670
v 0.150180 -0.998988 -0.038588
v 0.139147 -0.993702 -0.003553
v 0.145084 -1.002547 -0.015200
v 0.067193 -0.993032 -0.002803
v 0.061280 -1.002162 -0.011856
v 0.056108 -0.989346 -0.054895
v 0.059438 -0.989266 -0.064890
v 0.055504 -1.000288 -0.052732
v 0.063118 -1.000372 -0.072848
v 0.074992 -0.983124 0.005025
v 0.074401 -0.993533 0.005810
v 0.091322 -0.949940 0.012472
v 0.081326 -0.948455 0.007682
v 0.074131 -0.960331 0.002276
v 0.074855 -0.972284 0.003784
v 0.083874 -0.973487 0.010342
v 0.102297 -0.954136 0.014863
v 0.112708 -0.963768 0.014643
v 0.093842 -0.974595 0.014771
v 0.093284 -0.962792 0.013583
v 0.093708 -0.985312 0.015399
v 0.103798 -0.978431 0.016256
v 0.131569 -0.984342 0.005419
v 0.122173 -0.974685 0.011444
v 0.131794 -0.995535 0.004780
v 0.113272 -0.975796 0.014710
v 0.113529 -0.986547 0.015221
v 0.073625 -1.002498 0.006763
v 0.083569 -0.994015 0.012398
v 0.093230 -0.994773 0.016173
v 0.102908 -0.998346 0.017417
v 0.092233 -1.003097 0.016971
v 0.132161 -1.006619 0.003835
v 0.113457 -0.996947 0.015209
v 0.122712 -0.996896 0.011043
v 0.112976 -1.005491 0.016301
v 0.150051 -1.008246 -0.041252
v 0.149118 -1.007528 -0.028583
v 0.145158 -1.013278 -0.016199
v 0.148384 -1.007291 -0.052566
v 0.144939 -1.006962 -0.063025
v 0.149816 -1.016606 -0.044052
v 0.132637 -1.006229 -0.081955
v 0.139708 -1.006506 -0.072895
v 0.143716 -1.015990 -0.065970
v 0.124107 -1.006078 -0.089477
v 0.114447 -1.006617 -0.094794
v 0.130926 -1.015247 -0.084980
v 0.092263 -1.010092 -0.096932
v 0.103869 -1.007716 -0.097593
v 0.113164 -1.015231 -0.097169
v 0.065885 -1.011576 -0.001067
v 0.073939 -1.009653 0.007970
v 0.082524 -1.009677 0.014348
v 0.091245 -1.010090 0.018073
v 0.074002 -1.016483 0.009832
v 0.100040 -1.012079 0.019305
v 0.090001 -1.016936 0.019131
v 0.111255 -1.011781 0.017880
v 0.122866 -1.014243 0.012584
v 0.108979 -1.017591 0.019665
v 0.124890 -1.023572 0.012624
v 0.148515 -1.024699 -0.025060
v 0.149931 -1.025263 -0.036211
v 0.149364 -1.025470 -0.047780
v 0.146837 -1.025237 -0.059227
v 0.142329 -1.024942 -0.070240
v 0.121087 -1.023346 -0.094824
v 0.112426 -1.022702 -0.099646
v 0.136060 -1.024366 -0.079683
v 0.128922 -1.023547 -0.088201
v 0.104431 -1.022083 -0.101791
v 0.096209 -1.021204 -0.101714
v 0.107708 -1.023505 0.022084
v 0.116489 -1.023466 0.018468
v 0.098811 -1.023557 0.022854
v 0.081770 -1.023737 0.017433
v 0.090095 -1.023688 0.021084
v 0.063098 -1.022754 -0.002193
v 0.068284 -1.023425 0.005323
v 0.074382 -1.023850 0.012003
v 0.056986 -1.011365 -0.020622
v 0.060593 -1.012389 -0.011359
v 0.059513 -1.022137 -0.009965
v 0.054079 -1.010460 -0.040242
v 0.054755 -1.010653 -0.029877
v 0.054282 -1.020503 -0.028393
v 0.054689 -1.010227 -0.050725
v 0.056989 -1.010024 -0.060814
v 0.053796 -1.020074 -0.048544
v 0.082535 -1.011190 -0.093761
v 0.074725 -1.010365 -0.088100
v 0.087005 -1.020621 -0.098967
v 0.067308 -1.010235 -0.080436
v 0.061166 -1.010206 -0.070868
v 0.058909 -1.019369 -0.069176
v 0.070958 -1.019390 -0.087343
v 0.139778 -1.015778 -0.005344
v 0.133110 -1.016285 0.003516
v 0.145681 -1.024422 -0.014696
v 0.133239 -1.024058 0.004761
v 0.083492 -0.692446 0.062343
v 0.071897 -0.690576 0.057893
v 0.083691 -0.707475 0.053825
v 0.063893 -0.694320 0.050623
v 0.070487 -0.704273 0.049388
v 0.092671 -0.694686 0.063668
v 0.093904 -0.706102 0.057569
v 0.087351 -0.700075 0.059643
v 0.100890 -0.692150 0.064927
v 0.117271 -0.693783 0.057950
v 0.109348 -0.690219 0.063165
v 0.113934 -0.703474 0.055381
v 0.103662 -0.706683 0.056871
v 0.099035 -0.699924 0.061424
v 0.125167 -0.279293 0.127753
v 0.153393 -0.299666 0.114988
v 0.125245 -0.293156 0.129097
v 0.138722 -0.274985 0.119803
v 0.152465 -0.285264 0.112893
v 0.154778 -0.314317 0.115787
v 0.156534 -0.328692 0.116483
v 0.125787 -0.306791 0.129968
v 0.142722 -0.331641 0.126730
v 0.126289 -0.320615 0.130810
v 0.139964 -0.303040 0.124275
v 0.019578 -0.290506 -0.119925
v 0.003364 -0.295416 -0.117764
v 0.019755 -0.282410 -0.121323
v 0.005049 -0.279742 -0.120466
v 0.023747 -0.208902 -0.113886
v 0.023325 -0.219197 -0.116863
v 0.007672 -0.221766 -0.117306
v 0.007952 -0.201139 -0.112194
v 0.018719 -0.168891 0.178970
v 0.008475 -0.170678 0.179395
v 0.008634 -0.180326 0.180096
v -0.002019 -0.184408 0.180392
v 0.009454 -0.261574 0.162058
v 0.009294 -0.272110 0.157399
v 0.002976 -0.254185 0.164664
v 0.003795 -0.275662 0.155678
v -0.187111 -0.232627 -0.015865
v -0.190391 -0.234251 0.000477
v -0.190875 -0.244009 -0.002665
v -0.190259 -0.226096 0.006367
v -0.191786 -0.232872 0.016308
v -0.189857 -0.218298 0.003475
v -0.191202 -0.218286 0.018254
v -0.188054 -0.216183 -0.011469
v -0.189606 -0.211964 0.004799
v -0.191185 -0.247478 0.032601
v -0.190791 -0.236782 0.030120
v -0.190048 -0.227399 0.031106
v -0.188488 -0.238545 0.043881
v -0.116302 -0.331411 -0.103624
v -0.118302 -0.340134 -0.100673
v -0.102560 -0.338978 -0.106613
v -0.133508 -0.338096 -0.092777
v -0.123496 -0.349504 -0.094213
v -0.012850 -0.322079 -0.111192
v -0.013881 -0.313571 -0.114228
v -0.010296 -0.339897 -0.101440
v -0.011925 -0.330742 -0.106870
v -0.028249 -0.333272 -0.110348
v -0.083111 -0.349813 -0.104667
v -0.046998 -0.336594 -0.111686
v -0.044241 -0.345029 -0.106278
v -0.090033 -0.332471 -0.111355
v -0.085316 -0.340982 -0.109267
v -0.053590 -0.328336 -0.115429
v -0.066518 -0.339743 -0.112126
v -0.008160 -0.198959 -0.111395
v -0.008184 -0.208641 -0.114047
v -0.039993 -0.209721 -0.114917
v -0.054540 -0.201090 -0.111430
v -0.008144 -0.189088 -0.108976
v -0.008881 -0.179963 -0.106688
v -0.024727 -0.199707 -0.111703
v -0.040350 -0.200403 -0.111779
v -0.040475 -0.192158 -0.108517
v -0.196708 -0.369190 0.037011
v -0.198204 -0.382149 0.014145
v -0.190628 -0.390289 0.055718
v -0.195080 -0.385722 0.035047
v -0.193004 -0.402320 0.033933
v -0.151697 -0.355987 -0.072130
v -0.164138 -0.381115 -0.056278
v -0.117884 -0.359983 -0.091094
v -0.135406 -0.359089 -0.082875
v -0.147611 -0.382145 -0.066191
v -0.149813 -0.368530 -0.068910
v -0.144034 -0.396432 -0.062991
v -0.130073 -0.383350 -0.075557
v -0.004331 -0.251434 0.165051
v -0.003199 -0.262581 0.161168
v -0.015903 -0.262559 0.159275
v -0.007441 -0.227549 0.172306
v -0.005804 -0.239864 0.168992
v -0.020385 -0.251420 0.162599
v -0.011917 -0.251745 0.164170
v -0.029156 -0.251726 0.160020
v -0.023415 -0.240145 0.166074
v -0.184383 -0.240573 0.056468
v -0.183289 -0.230639 0.056708
v -0.171005 -0.233885 0.080246
v -0.170602 -0.223657 0.079852
v -0.161812 -0.225351 0.091273
v -0.182950 -0.220907 0.056743
v -0.177402 -0.222490 0.068743
v -0.170050 -0.214106 0.079574
v -0.005360 -0.358152 -0.086532
v -0.008459 -0.349678 -0.094698
v -0.022873 -0.350790 -0.097236
v -0.040520 -0.353779 -0.099357
v -0.059650 -0.357194 -0.101049
v -0.035853 -0.362214 -0.090835
v -0.180540 -0.394060 0.074889
v -0.181904 -0.409810 0.068352
v -0.181115 -0.377573 0.077138
v -0.170441 -0.393467 0.093608
v -0.154459 -0.416768 0.106131
v -0.123569 -0.419207 0.127230
v -0.125270 -0.403102 0.128236
v -0.108162 -0.403769 0.134242
v -0.156026 -0.400749 0.106860
v -0.156510 -0.384212 0.107976
v -0.142180 -0.402853 0.120121
v -0.126614 -0.387453 0.128645
v -0.002009 -0.354142 0.121571
v -0.001257 -0.364923 0.112327
v -0.014241 -0.342482 0.128087
v -0.015285 -0.349965 0.125487
v -0.024857 -0.336724 0.132173
v -0.007628 -0.361844 0.117248
v -0.016056 -0.354704 0.123856
v -0.013000 -0.298069 -0.118294
v -0.011337 -0.290442 -0.119797
v -0.017802 -0.306062 -0.117194
v -0.030320 -0.314204 -0.118006
v -0.029095 -0.300132 -0.121219
v -0.048268 -0.318735 -0.118037
v -0.066829 -0.321886 -0.118122
v -0.046875 -0.310329 -0.120305
v -0.044203 -0.293428 -0.123858
v -0.045736 -0.302379 -0.122361
v -0.062707 -0.303833 -0.123249
v -0.102841 -0.395564 -0.076398
v -0.070097 -0.378032 -0.085827
v -0.029157 -0.371071 -0.081048
v -0.048488 -0.374444 -0.084198
v -0.060561 -0.389457 -0.077504
v -0.068303 -0.405974 -0.071181
v -0.048387 -0.404531 -0.065817
v -0.107180 -0.410448 -0.070732
v -0.088288 -0.408458 -0.072652
v -0.072409 -0.422610 -0.066689
v -0.157344 -0.411714 -0.052439
v -0.140867 -0.411826 -0.060538
v -0.170124 -0.410949 -0.039465
v -0.164184 -0.426647 -0.041012
v -0.191661 -0.396385 -0.006557
v -0.173745 -0.394979 -0.040588
v -0.176783 -0.379331 -0.041651
v -0.182354 -0.411496 -0.025242
v -0.193176 -0.415845 0.012644
v -0.184100 -0.429014 -0.010277
v -0.188389 -0.413202 -0.006636
v -0.190196 -0.418879 0.033287
v -0.187103 -0.419023 0.053530
v -0.176955 -0.426962 0.072432
v -0.188142 -0.434671 0.028377
v -0.138121 -0.434563 0.119133
v -0.121045 -0.434978 0.126119
v -0.103879 -0.435205 0.131643
v -0.118805 -0.450827 0.124787
v -0.024161 -0.423363 0.108769
v -0.022566 -0.436531 0.103371
v -0.034931 -0.436151 0.114626
v -0.012407 -0.437157 0.090875
v -0.021180 -0.449957 0.098018
v -0.091814 -0.258724 0.136539
v -0.091413 -0.272945 0.135606
v -0.108799 -0.265506 0.128771
v -0.075070 -0.283832 0.140026
v -0.093397 -0.286651 0.134780
v -0.185723 -0.251230 0.055607
v -0.179336 -0.242812 0.068828
v -0.171704 -0.244937 0.080648
v -0.020749 -0.394392 -0.055724
v -0.003543 -0.410325 -0.020384
v -0.007511 -0.420492 -0.024818
v -0.000092 -0.426869 -0.008251
v -0.030765 -0.407118 -0.055340
v -0.037153 -0.423420 -0.053802
v -0.017287 -0.413607 -0.040494
v -0.011756 -0.432753 -0.027731
v -0.189483 -0.218694 0.031588
v -0.189116 -0.211592 0.031924
v -0.187282 -0.219938 0.044733
v -0.182451 -0.212285 0.056736
v -0.195704 -0.362570 -0.006165
v -0.193909 -0.379901 -0.006250
v -0.178251 -0.363793 -0.042357
v -0.188636 -0.378788 -0.025904
v -0.133328 -0.465583 0.116836
v -0.115969 -0.466096 0.122749
v -0.127452 -0.495135 0.113318
v -0.108040 -0.510027 0.114658
v -0.099061 -0.466377 0.126925
v -0.113433 -0.481397 0.120194
v -0.110689 -0.495643 0.117510
v -0.094129 -0.496412 0.120853
v -0.010465 -0.463378 0.077594
v -0.005707 -0.476052 0.055810
v -0.006212 -0.489138 0.050098
v -0.010817 -0.490473 0.064595
v -0.004136 -0.488141 0.035715
v -0.008833 -0.502600 0.044755
v -0.008333 -0.514831 0.026619
v -0.013048 -0.514784 0.056059
v -0.010328 -0.516290 0.040640
v -0.012355 -0.530017 0.036125
v -0.013026 -0.544004 0.030969
v -0.015622 -0.546377 0.045537
v -0.011838 -0.541359 0.017389
v -0.013943 -0.557080 0.025775
v -0.167269 -0.430744 0.091482
v -0.152361 -0.433096 0.105579
v -0.173816 -0.443145 0.072527
v -0.149908 -0.448572 0.105065
v -0.140835 -0.493684 0.101583
v -0.137658 -0.507657 0.100293
v -0.160946 -0.503052 0.071999
v -0.147246 -0.463985 0.104093
v -0.144347 -0.479041 0.102712
v -0.161715 -0.462134 0.090653
v -0.164044 -0.488534 0.072173
v -0.155290 -0.491643 0.088902
v -0.179473 -0.455234 0.054656
v -0.170798 -0.459019 0.072829
v -0.172329 -0.485308 0.055593
v -0.167492 -0.474083 0.072623
v -0.124354 -0.415691 -0.066648
v -0.107629 -0.425602 -0.066798
v -0.135225 -0.426796 -0.059010
v -0.004689 -0.450205 0.069590
v -0.000901 -0.462174 0.047551
v -0.004506 -0.462794 0.062305
v -0.005884 -0.426584 0.083939
v -0.004870 -0.438337 0.076717
v 0.000290 -0.438463 0.062231
v -0.028055 -0.490213 -0.037093
v -0.042017 -0.440075 -0.053409
v -0.026993 -0.442883 -0.043749
v -0.024066 -0.475768 -0.034968
v -0.035669 -0.473254 -0.046525
v -0.006863 -0.450990 -0.016488
v -0.015403 -0.446783 -0.030920
v -0.014211 -0.478617 -0.022206
v -0.019918 -0.461190 -0.032487
v -0.162760 -0.486171 -0.026845
v -0.177013 -0.443559 -0.020697
v -0.182695 -0.445141 -0.002948
v -0.163837 -0.471896 -0.028660
v -0.172374 -0.473244 -0.014408
v -0.153838 -0.441852 -0.046834
v -0.165936 -0.442056 -0.034401
v -0.153011 -0.471007 -0.041257
v -0.165139 -0.457088 -0.031290
v -0.186364 -0.448150 0.015698
v -0.183761 -0.451031 0.035082
v -0.179932 -0.466232 0.036772
v -0.177121 -0.475094 0.002406
v -0.180096 -0.460263 0.000082
v -0.172968 -0.496091 0.038687
v -0.176317 -0.481414 0.037812
v -0.174157 -0.489721 0.003851
v -0.178718 -0.478180 0.019885
v -0.148641 -0.560751 0.070049
v -0.134213 -0.521937 0.098589
v -0.148246 -0.520148 0.087018
v -0.151550 -0.546116 0.070221
v -0.141502 -0.549118 0.084772
v -0.165585 -0.514011 0.055145
v -0.157663 -0.517264 0.071242
v -0.159618 -0.542919 0.054557
v -0.154705 -0.531690 0.070870
v -0.161351 -0.553534 0.038200
v -0.163869 -0.539099 0.038616
v -0.169608 -0.510333 0.038844
v -0.172085 -0.507316 0.022028
v -0.166676 -0.524751 0.038858
v -0.166664 -0.536051 0.022793
v -0.168410 -0.501899 -0.010979
v -0.171263 -0.504306 0.005349
v -0.169068 -0.518565 0.006186
v -0.164651 -0.547096 0.007772
v -0.166680 -0.532919 0.007071
v -0.164673 -0.530278 -0.008338
v -0.159262 -0.528583 -0.022735
v -0.158199 -0.542660 -0.021359
v -0.152122 -0.499227 -0.037611
v -0.161188 -0.500117 -0.025009
v -0.160397 -0.514397 -0.023978
v -0.150879 -0.527106 -0.034977
v -0.140022 -0.498824 -0.047442
v -0.140236 -0.512577 -0.046433
v -0.139980 -0.540177 -0.043984
v -0.140185 -0.526394 -0.045184
v -0.128256 -0.526212 -0.053392
v -0.114034 -0.512602 -0.059328
v -0.086325 -0.512951 -0.062309
v -0.088226 -0.526534 -0.061960
v -0.074840 -0.526979 -0.060181
v -0.115187 -0.526020 -0.058577
v -0.116288 -0.539757 -0.057094
v -0.101605 -0.526269 -0.061575
v -0.090027 -0.539801 -0.060942
v -0.062018 -0.527775 -0.056891
v -0.064425 -0.540771 -0.056703
v -0.041402 -0.543549 -0.044726
v -0.043196 -0.502343 -0.048965
v -0.059495 -0.514335 -0.056318
v -0.038045 -0.530690 -0.043017
v -0.049682 -0.529087 -0.051187
v -0.021789 -0.506190 -0.027380
v -0.031509 -0.504266 -0.039146
v -0.028530 -0.532545 -0.032630
v -0.035024 -0.517462 -0.040980
v -0.058424 -0.641942 -0.053691
v -0.056028 -0.630031 -0.052849
v -0.066723 -0.628913 -0.055417
v -0.045738 -0.631462 -0.050127
v -0.053675 -0.617939 -0.052601
v -0.080087 -0.639107 -0.056923
v -0.102234 -0.637123 -0.057823
v -0.099853 -0.625766 -0.056942
v -0.110932 -0.625254 -0.055205
v -0.077831 -0.627736 -0.056384
v -0.075845 -0.615933 -0.056335
v -0.088797 -0.626461 -0.056749
v -0.098046 -0.614431 -0.056673
v -0.121888 -0.625046 -0.051024
v -0.120260 -0.613958 -0.051554
v -0.138877 -0.615389 -0.037046
v -0.123452 -0.636732 -0.051281
v -0.139564 -0.626820 -0.037011
v -0.131213 -0.625758 -0.044952
v -0.146895 -0.628787 -0.027139
v -0.140930 -0.638740 -0.037526
v -0.153008 -0.643625 -0.016797
v -0.152261 -0.619340 -0.016285
v -0.152474 -0.631463 -0.016346
v -0.155167 -0.634583 -0.004541
v -0.154962 -0.651360 0.009178
v -0.155712 -0.638829 0.008610
v -0.156237 -0.626226 0.008658
v -0.152455 -0.643236 0.023168
v -0.146045 -0.647674 0.037764
v -0.148011 -0.635169 0.037496
v -0.144227 -0.660152 0.038326
v -0.136300 -0.651528 0.051295
v -0.017970 -0.644005 0.001517
v -0.020443 -0.654464 -0.015111
v -0.016424 -0.631656 -0.006147
v -0.017755 -0.643561 -0.009692
v -0.019590 -0.640390 -0.019830
v -0.055209 -0.646453 0.067592
v -0.055054 -0.657093 0.061361
v -0.067416 -0.658032 0.070983
v -0.044649 -0.655381 0.048656
v -0.055385 -0.667788 0.055677
v -0.158861 -0.567627 0.037863
v -0.161868 -0.563886 0.022566
v -0.153947 -0.571513 0.054075
v -0.145081 -0.574785 0.068889
v -0.156841 -0.581378 0.037973
v -0.156763 -0.556097 -0.019808
v -0.148773 -0.554646 -0.031784
v -0.162498 -0.560921 0.008213
v -0.160852 -0.558239 -0.006192
v -0.160412 -0.574291 0.008112
v -0.155394 -0.569741 -0.018594
v -0.034261 -0.557657 -0.038044
v -0.043951 -0.556318 -0.046548
v -0.066543 -0.553948 -0.056500
v -0.054932 -0.554857 -0.052514
v -0.046299 -0.568415 -0.047824
v -0.015793 -0.573120 0.033585
v -0.014451 -0.569816 0.020174
v -0.013874 -0.567155 0.007285
v -0.014907 -0.582700 0.014549
v -0.100352 -0.608848 0.088571
v -0.133775 -0.577742 0.081742
v -0.141605 -0.588905 0.068367
v -0.115925 -0.593441 0.086706
v -0.130117 -0.629647 0.064932
v -0.108581 -0.620925 0.081919
v -0.112121 -0.607244 0.084326
v -0.125317 -0.605308 0.078042
v -0.156536 -0.613533 0.008257
v -0.155169 -0.617548 0.022329
v -0.157701 -0.590899 0.022347
v -0.154142 -0.594747 0.037591
v -0.152116 -0.607556 -0.016175
v -0.155735 -0.610070 -0.004424
v -0.158585 -0.587486 0.008135
v -0.156966 -0.584853 -0.004809
v -0.157484 -0.600632 0.008280
v -0.146251 -0.605611 -0.027291
v -0.138048 -0.603919 -0.036959
v -0.146462 -0.580905 -0.028562
v -0.153743 -0.582760 -0.017559
v -0.152523 -0.595419 -0.016538
v -0.118939 -0.602430 -0.051459
v -0.129088 -0.602882 -0.045099
v -0.138048 -0.579708 -0.038554
v -0.137847 -0.592005 -0.037207
v -0.107667 -0.602416 -0.054979
v -0.096362 -0.602817 -0.056427
v -0.117960 -0.590658 -0.052118
v -0.073839 -0.603908 -0.055814
v -0.085234 -0.603202 -0.056658
v -0.095192 -0.590829 -0.056716
v -0.062777 -0.604475 -0.054781
v -0.052004 -0.605343 -0.051363
v -0.059171 -0.579905 -0.053426
v -0.072332 -0.591451 -0.055863
v -0.042055 -0.606776 -0.046896
v -0.038547 -0.582288 -0.042848
v -0.048503 -0.581009 -0.048824
v -0.050257 -0.593094 -0.050229
v -0.015643 -0.619714 -0.001932
v -0.016791 -0.616327 -0.012306
v -0.015224 -0.592099 -0.002895
v -0.016741 -0.623140 0.009194
v -0.016561 -0.598626 0.021509
v -0.015189 -0.595283 0.009005
v -0.015567 -0.607762 0.003398
v -0.080817 -0.658101 0.075160
v -0.079377 -0.668593 0.070812
v -0.081856 -0.647217 0.079409
v -0.095383 -0.635481 0.083687
v -0.092310 -0.658791 0.077415
v -0.127272 -0.642420 0.063532
v -0.124945 -0.654657 0.061666
v -0.106344 -0.634093 0.079441
v -0.117754 -0.632248 0.073858
v -0.104007 -0.646449 0.077166
v -0.122785 -0.666476 0.060511
v -0.101941 -0.668699 0.072232
v -0.102903 -0.658070 0.074619
v -0.113567 -0.656997 0.069362
v -0.078268 -0.678125 0.066184
v -0.090125 -0.678369 0.069685
v -0.066044 -0.678275 0.060559
v -0.056242 -0.677530 0.051401
v -0.075973 -0.686904 0.061359
v -0.094100 -0.649867 -0.059375
v -0.105133 -0.649002 -0.058794
v -0.115948 -0.648505 -0.056493
v -0.125592 -0.648773 -0.051796
v -0.108362 -0.661528 -0.060202
v -0.134477 -0.649421 -0.045752
v -0.142314 -0.651009 -0.037948
v -0.128187 -0.661200 -0.052904
v -0.155360 -0.659630 -0.004286
v -0.154036 -0.664255 0.010046
v -0.149852 -0.668466 0.024859
v -0.141531 -0.672465 0.038568
v -0.153634 -0.676800 0.011129
v -0.131118 -0.675506 0.050128
v -0.120118 -0.677424 0.059245
v -0.138944 -0.684853 0.039594
v -0.100823 -0.678483 0.069508
v -0.110351 -0.678481 0.065826
v -0.100036 -0.687152 0.066582
v -0.115964 -0.687049 0.060256
v -0.022745 -0.667131 -0.013522
v -0.023776 -0.664179 -0.023805
v -0.029531 -0.688486 -0.024879
v -0.022558 -0.669922 -0.002676
v -0.028276 -0.690844 -0.014350
v -0.025550 -0.678507 -0.013897
v -0.030914 -0.703898 -0.012914
v -0.029349 -0.693276 -0.004083
v -0.089630 -0.676526 -0.063976
v -0.070834 -0.692512 -0.063922
v -0.071831 -0.652209 -0.056920
v -0.082872 -0.651088 -0.058668
v -0.086151 -0.663562 -0.060827
v -0.067318 -0.678888 -0.060487
v -0.078366 -0.677755 -0.062819
v -0.050839 -0.655192 -0.051795
v -0.060950 -0.653477 -0.054982
v -0.056698 -0.680279 -0.056219
v -0.063981 -0.665872 -0.056725
v -0.100713 -0.675451 -0.064046
v -0.111540 -0.674759 -0.062618
v -0.093107 -0.690190 -0.067548
v -0.121664 -0.674301 -0.059541
v -0.130849 -0.674623 -0.054735
v -0.114552 -0.688484 -0.065088
v -0.139109 -0.675098 -0.048231
v -0.133553 -0.688141 -0.056700
v -0.155384 -0.685744 -0.003128
v -0.152204 -0.689806 0.011949
v -0.148538 -0.653227 -0.028085
v -0.153133 -0.655985 -0.016897
v -0.144365 -0.663358 -0.038643
v -0.154330 -0.668761 -0.017162
v -0.146104 -0.676481 -0.039814
v -0.154558 -0.682147 -0.017273
v -0.148474 -0.690129 -0.041088
v -0.156057 -0.695667 -0.017121
v -0.151606 -0.678893 -0.029649
v -0.145477 -0.693542 0.027084
v -0.135419 -0.697034 0.040145
v -0.151121 -0.702802 0.013244
v -0.131440 -0.721829 0.037748
v -0.123778 -0.700709 0.050185
v -0.129422 -0.710375 0.043093
v -0.119466 -0.721081 0.045648
v -0.142452 -0.722335 0.026589
v -0.132452 -0.734294 0.034087
v -0.113667 -0.830118 0.025603
v -0.113389 -0.847927 0.022660
v -0.123952 -0.846773 0.022897
v -0.103260 -0.853269 0.021972
v -0.113179 -0.865437 0.019574
v -0.032814 -0.716215 -0.017842
v -0.033885 -0.714671 -0.006507
v -0.034334 -0.714344 -0.029199
v -0.035375 -0.729441 -0.022056
v -0.062757 -0.707949 -0.063517
v -0.073553 -0.706240 -0.068151
v -0.085204 -0.705056 -0.070212
v -0.096690 -0.703789 -0.071340
v -0.078820 -0.720069 -0.072425
v -0.155520 -0.712640 -0.002136
v -0.150402 -0.715962 0.013310
v -0.149747 -0.729736 0.015424
v -0.158007 -0.739803 -0.006077
v -0.156445 -0.709607 -0.016888
v -0.154919 -0.706542 -0.030085
v -0.159930 -0.737134 -0.020192
v -0.158141 -0.723796 -0.014229
v -0.161704 -0.751379 -0.023445
v -0.158220 -0.734603 -0.033742
v -0.038551 -0.818848 -0.039451
v -0.038177 -0.803088 -0.037694
v -0.038432 -0.801879 -0.048670
v -0.038685 -0.803901 -0.026507
v -0.038525 -0.787676 -0.035251
v -0.075645 -0.734834 -0.075394
v -0.087333 -0.733376 -0.078407
v -0.064656 -0.739981 -0.071498
v -0.071773 -0.750078 -0.077568
v -0.074369 -0.764771 -0.082541
v -0.064271 -0.766071 -0.077652
v -0.085179 -0.767008 -0.087037
v -0.074188 -0.780135 -0.085306
v -0.161978 -0.769519 -0.011605
v -0.163471 -0.766709 -0.025694
v -0.162509 -0.802414 -0.014817
v -0.161600 -0.764790 -0.038984
v -0.164450 -0.800407 -0.028606
v -0.164307 -0.783176 -0.027409
v -0.163322 -0.818323 -0.029732
v -0.162686 -0.798563 -0.041969
v -0.121480 -0.749297 0.036672
v -0.133111 -0.747739 0.030413
v -0.144415 -0.745434 0.021356
v -0.155660 -0.757035 0.005251
v -0.153370 -0.742649 0.008704
v -0.135513 -0.761939 0.027614
v -0.157361 -0.772116 0.002867
v -0.158043 -0.787913 0.001012
v -0.149696 -0.774985 0.015776
v -0.126751 -0.811852 0.028231
v -0.126161 -0.779004 0.032892
v -0.137876 -0.777438 0.025213
v -0.141875 -0.792535 0.020526
v -0.109065 -0.750403 0.038616
v -0.111440 -0.764245 0.035008
v -0.101989 -0.817436 0.027545
v -0.114630 -0.812823 0.028223
v -0.113387 -0.779527 0.032805
v -0.118051 -0.795819 0.030548
v -0.099824 -0.779715 0.032684
v -0.040230 -0.834297 -0.051224
v -0.045447 -0.864113 -0.052109
v -0.039910 -0.832448 -0.029676
v -0.039521 -0.835047 -0.040926
v -0.045277 -0.870448 -0.041846
v -0.041791 -0.851940 -0.044637
v -0.048976 -0.888693 -0.041241
v -0.045788 -0.872787 -0.030579
v -0.085438 -0.794773 -0.090918
v -0.064168 -0.797118 -0.082182
v -0.074127 -0.795876 -0.087303
v -0.074907 -0.812544 -0.088494
v -0.076752 -0.829455 -0.088812
v -0.066091 -0.830404 -0.083700
v -0.088301 -0.829004 -0.091804
v -0.079400 -0.847174 -0.088210
v -0.159915 -0.838682 -0.017863
v -0.161788 -0.837058 -0.031171
v -0.155142 -0.876613 -0.020858
v -0.160616 -0.835228 -0.043854
v -0.156724 -0.874956 -0.032629
v -0.159399 -0.856012 -0.031836
v -0.155382 -0.893702 -0.032992
v -0.155167 -0.873529 -0.043850
v -0.123364 -0.877739 0.017244
v -0.113710 -0.883646 0.016786
v -0.135005 -0.844419 0.017271
v -0.131005 -0.863033 0.016189
v -0.154817 -0.840075 -0.004356
v -0.153115 -0.859139 -0.006509
v -0.133715 -0.881271 0.010106
v -0.150088 -0.897248 -0.010255
v -0.150966 -0.878414 -0.008892
v -0.136602 -0.899965 0.005682
v -0.144563 -0.880272 0.002316
v -0.123211 -0.921001 0.011578
v -0.113133 -0.941428 0.014073
v -0.103795 -0.884779 0.016566
v -0.113311 -0.903308 0.014070
v -0.113251 -0.922877 0.013762
v -0.102631 -0.923768 0.013924
v -0.051467 -0.909879 -0.029782
v -0.052002 -0.905049 -0.050937
v -0.050339 -0.907272 -0.040340
v -0.051072 -0.924744 -0.039546
v -0.086782 -0.917964 -0.084570
v -0.093265 -0.865057 -0.088560
v -0.096374 -0.896293 -0.086728
v -0.072605 -0.865461 -0.081868
v -0.082682 -0.865093 -0.086725
v -0.078360 -0.905863 -0.081383
v -0.087307 -0.900957 -0.084617
v -0.088527 -0.883053 -0.085753
v -0.106601 -0.901217 -0.087392
v -0.105220 -0.883355 -0.087933
v -0.125850 -0.885820 -0.083042
v -0.110104 -0.918432 -0.087057
v -0.126972 -0.904072 -0.082151
v -0.117180 -0.902359 -0.085999
v -0.135371 -0.910109 -0.076926
v -0.129687 -0.921186 -0.080722
v -0.153678 -0.909963 -0.044071
v -0.151462 -0.890887 -0.054472
v -0.140916 -0.889024 -0.071249
v -0.151091 -0.908894 -0.054189
v -0.141181 -0.906940 -0.070714
v -0.141216 -0.923371 -0.070209
v -0.150497 -0.925385 -0.053828
v -0.146646 -0.907885 -0.062979
v -0.153522 -0.913145 -0.022492
v -0.154758 -0.911495 -0.033469
v -0.153991 -0.927868 -0.032960
v -0.149416 -0.915178 -0.011091
v -0.133289 -0.919326 0.006829
v -0.142865 -0.912500 -0.000951
v -0.132355 -0.937297 0.006554
v -0.150039 -0.931326 -0.014046
v 0.002055 -0.396735 0.018793
v -0.001197 -0.410459 0.006536
v 0.001484 -0.397805 0.007260
v 0.001739 -0.403260 0.026716
v -0.004287 -0.395229 -0.032059
v -0.000196 -0.403675 -0.013060
v 0.000980 -0.390589 -0.012216
v 0.001919 -0.399577 -0.003767
v -0.019512 -0.491765 0.079693
v -0.017948 -0.505168 0.070207
v -0.022049 -0.519902 0.070418
v -0.032501 -0.460548 0.105759
v -0.020376 -0.463620 0.091767
v -0.019738 -0.477605 0.085734
v -0.030836 -0.489540 0.095618
v -0.022543 -0.548425 0.060453
v -0.022074 -0.562443 0.054067
v -0.024713 -0.535065 0.070452
v -0.031941 -0.522499 0.085380
v -0.031363 -0.550861 0.075457
v -0.022071 -0.576210 0.047482
v -0.021619 -0.588826 0.041004
v -0.029210 -0.578906 0.061909
v -0.035366 -0.631662 0.048480
v -0.021632 -0.601665 0.034686
v -0.021265 -0.614184 0.028133
v -0.027855 -0.604873 0.048482
v -0.019282 -0.637586 0.013177
v -0.021869 -0.649977 0.012008
v -0.034954 -0.642964 0.041719
v -0.035291 -0.653567 0.035698
v -0.020627 -0.626279 0.021788
v -0.026664 -0.629300 0.034926
v -0.023969 -0.661251 0.009436
v -0.034898 -0.664378 0.028577
v -0.026377 -0.671997 0.007724
v -0.027265 -0.655078 0.022756
v -0.039605 -0.675649 0.029536
v -0.029838 -0.683638 0.006850
v -0.032851 -0.695348 0.006189
v -0.031438 -0.674347 0.018649
v -0.035751 -0.707524 0.005497
v -0.038529 -0.719565 0.004097
v -0.038640 -0.697133 0.017344
v -0.042435 -0.745215 -0.001463
v -0.038489 -0.744337 -0.014001
v -0.037178 -0.743104 -0.026380
v -0.039363 -0.773216 -0.020874
v -0.043656 -0.759035 -0.005314
v -0.042233 -0.732607 0.004929
v -0.044752 -0.721156 0.015804
v -0.048293 -0.743644 0.011073
v -0.041609 -0.820821 -0.019445
v -0.042773 -0.805074 -0.013826
v -0.044644 -0.838257 -0.017403
v -0.043451 -0.789128 -0.011129
v -0.049055 -0.771166 0.005099
v -0.043522 -0.773964 -0.008370
v -0.049064 -0.802015 0.000318
v -0.047242 -0.856583 -0.018438
v -0.050811 -0.875650 -0.019175
v -0.051070 -0.841170 -0.004219
v -0.053705 -0.894590 -0.019697
v -0.055154 -0.913330 -0.019218
v -0.056533 -0.878939 -0.007268
v -0.056317 -0.930975 -0.018630
v -0.061911 -0.916741 -0.009308
v -0.093455 -0.374913 0.136722
v -0.061158 -0.367856 0.134026
v -0.063103 -0.356985 0.135064
v -0.047802 -0.362622 0.131395
v -0.078924 -0.352328 0.136394
v -0.064257 -0.346696 0.136181
v 0.001311 -0.381774 0.083248
v 0.001516 -0.384801 0.075261
v 0.000207 -0.372578 0.102668
v 0.001216 -0.377590 0.092439
v -0.002550 -0.367984 0.109942
v -0.002496 -0.370417 0.107286
v 0.001394 -0.378844 0.089955
v -0.002008 -0.372917 0.104488
v 0.001691 -0.380518 0.087570
v 0.000833 -0.376201 0.097168
v 0.001516 -0.384153 0.078686
v 0.001934 -0.382325 0.084998
v -0.150030 -0.621869 0.037513
v -0.141301 -0.625986 0.052419
v -0.147874 -0.599229 0.053425
v -0.137540 -0.602345 0.067496
v -0.133678 -0.616183 0.066520
v -0.152468 -0.608243 0.037681
v -0.139569 -0.553685 -0.042311
v -0.128630 -0.553202 -0.050423
v -0.138832 -0.566772 -0.040417
v -0.128122 -0.578755 -0.046736
v -0.117434 -0.578331 -0.052941
v -0.117053 -0.552993 -0.055707
v -0.104435 -0.553038 -0.058914
v -0.105816 -0.578421 -0.056094
v -0.094167 -0.578427 -0.057391
v -0.117335 -0.566025 -0.054200
v -0.078946 -0.553516 -0.059001
v -0.091602 -0.553174 -0.059979
v -0.068589 -0.566611 -0.056321
v -0.082343 -0.578785 -0.057453
v -0.070597 -0.579215 -0.055858
v -0.093180 -0.565833 -0.058658
v -0.044453 -0.633776 0.062006
v -0.056868 -0.634661 0.072601
v -0.037355 -0.607226 0.061463
v -0.035822 -0.620037 0.055232
v -0.040285 -0.580563 0.074381
v -0.038798 -0.594095 0.067881
v -0.048375 -0.608822 0.073441
v -0.088282 -0.609110 0.088396
v -0.090858 -0.595453 0.092055
v -0.064096 -0.595896 0.086981
v -0.070252 -0.635419 0.080182
v -0.085943 -0.622359 0.085402
v -0.083723 -0.635286 0.082416
v -0.058914 -0.622668 0.077734
v -0.061696 -0.609338 0.081796
v -0.074960 -0.609337 0.087259
v -0.104462 -0.738625 0.042779
v -0.096000 -0.751315 0.038282
v -0.084620 -0.764267 0.031345
v -0.059027 -0.761928 0.017039
v -0.059442 -0.776125 0.014454
v -0.082643 -0.751341 0.034734
v -0.058027 -0.748478 0.020221
v -0.056339 -0.735732 0.023556
v -0.081281 -0.739483 0.038769
v -0.069623 -0.750271 0.029097
v -0.107180 -0.726715 0.046573
v -0.108361 -0.715927 0.051458
v -0.093616 -0.731388 0.044852
v -0.079424 -0.728042 0.042455
v -0.127799 -0.701628 -0.064180
v -0.136884 -0.701689 -0.058748
v -0.144250 -0.702489 -0.051279
v -0.150445 -0.704193 -0.041698
v -0.154404 -0.718927 -0.040228
v -0.155126 -0.732389 -0.046038
v -0.141681 -0.715748 -0.059668
v -0.099473 -0.732026 -0.079526
v -0.098317 -0.746882 -0.083411
v -0.131820 -0.729853 -0.071436
v -0.122050 -0.744925 -0.080654
v -0.107602 -0.702612 -0.070626
v -0.118148 -0.701887 -0.068361
v -0.101963 -0.717211 -0.075397
v -0.123237 -0.715570 -0.070621
v -0.111001 -0.730657 -0.078608
v -0.122209 -0.729870 -0.076364
v -0.047645 -0.538973 0.095703
v -0.090030 -0.525543 0.113361
v -0.073177 -0.540367 0.106804
v -0.093977 -0.581529 0.095854
v -0.080249 -0.582452 0.095769
v -0.071353 -0.554545 0.102151
v -0.086014 -0.554458 0.105205
v -0.041440 -0.566671 0.081048
v -0.043236 -0.552568 0.087273
v -0.052306 -0.581941 0.084998
v -0.066461 -0.582415 0.091700
v -0.056490 -0.553900 0.096614
v -0.068850 -0.568606 0.097380
v -0.077756 -0.250016 0.143964
v -0.094544 -0.244171 0.137247
v -0.032167 -0.263730 0.154598
v -0.038727 -0.252232 0.157323
v -0.053261 -0.266048 0.148168
v -0.043595 -0.239753 0.160463
v -0.062626 -0.252713 0.149326
v -0.068080 -0.237774 0.151317
v -0.049849 -0.252514 0.153549
v -0.000497 -0.342166 0.128239
v 0.000459 -0.324161 0.135437
v 0.001655 -0.332767 0.132458
v -0.006716 -0.343821 0.126669
v -0.010954 -0.332064 0.131597
v 0.002477 -0.389135 0.067791
v 0.002076 -0.388521 0.073107
v 0.001342 -0.390986 0.063332
v 0.000002 -0.393054 0.052131
v 0.000892 -0.392917 0.056786
v -0.015558 -0.412865 0.102558
v -0.026686 -0.410565 0.112989
v -0.006937 -0.415442 0.090578
v -0.001273 -0.417888 0.077876
v -0.008698 -0.405134 0.096451
v -0.009969 -0.395914 0.101702
v -0.003357 -0.400509 0.090860
v -0.032098 -0.377382 0.123592
v -0.019157 -0.391529 0.111707
v -0.011111 -0.388022 0.106321
v -0.191907 -0.357172 0.060757
v -0.180858 -0.361542 0.079267
v -0.196953 -0.352624 0.039482
v -0.201025 -0.348148 0.017532
v -0.196374 -0.336862 0.042721
v -0.099441 -0.360645 -0.097918
v -0.079515 -0.359372 -0.099958
v -0.114914 -0.370803 -0.086189
v -0.110872 -0.382807 -0.080683
v -0.075747 -0.367903 -0.093134
v -0.090891 -0.380832 -0.084750
v -0.008175 -0.229619 -0.119188
v -0.008422 -0.218695 -0.117114
v -0.024249 -0.218968 -0.117504
v -0.040055 -0.219598 -0.117855
v -0.054669 -0.219324 -0.117839
v -0.039654 -0.229671 -0.120145
v -0.197220 -0.344415 -0.005567
v -0.191690 -0.344345 -0.027414
v -0.198598 -0.327700 -0.001570
v -0.155063 -0.343462 -0.074138
v -0.166816 -0.352622 -0.059988
v -0.179536 -0.348398 -0.044314
v -0.180876 -0.331438 -0.045105
v -0.039743 -0.408535 0.122506
v -0.044031 -0.383227 0.127418
v -0.028565 -0.398201 0.116909
v -0.030384 -0.387095 0.120313
v -0.035542 -0.322958 0.136559
v -0.037831 -0.330750 0.135604
v -0.063361 -0.307364 0.139453
v -0.032894 -0.314177 0.138202
v -0.056267 -0.286563 0.142798
v -0.060475 -0.297046 0.140634
v -0.047480 -0.309941 0.139352
v 0.001761 -0.388061 0.067002
v 0.001038 -0.390824 0.059123
v 0.001627 -0.385910 0.073214
v 0.001682 -0.387349 0.070641
v 0.000569 -0.389993 0.063111
v -0.195264 -0.321343 0.046260
v -0.199620 -0.316287 0.026388
v -0.189337 -0.325751 0.066101
v -0.193182 -0.306194 0.049444
v -0.023546 -0.273565 0.153000
v -0.030852 -0.274704 0.150802
v -0.001496 -0.282143 0.152463
v -0.002326 -0.272765 0.156759
v -0.016015 -0.272686 0.154897
v -0.009227 -0.270020 0.157580
v -0.015547 -0.281886 0.151074
v 0.000130 -0.392365 0.052818
v 0.001217 -0.391604 0.056692
v 0.000621 -0.390788 0.059313
v 0.003262 -0.419484 0.062585
v -0.000217 -0.405456 0.045632
v 0.002367 -0.410731 0.036079
v 0.002133 -0.411411 0.071139
v -0.000458 -0.422548 0.017396
v 0.001174 -0.437993 0.045569
v 0.003560 -0.428655 0.053927
v 0.001788 -0.416421 0.026535
v 0.001125 -0.418938 0.045045
v 0.001469 -0.375702 -0.063590
v -0.001591 -0.367173 -0.076296
v -0.012124 -0.367508 -0.078485
v -0.018829 -0.379181 -0.068500
v -0.008445 -0.387105 -0.051807
v -0.000138 -0.385567 -0.043262
v 0.002581 -0.382865 -0.037085
v 0.002602 -0.380364 -0.049398
v 0.002684 -0.385217 -0.024660
v 0.002353 -0.387719 -0.017067
v 0.001987 -0.385577 -0.031056
v 0.001917 -0.381379 -0.049137
v -0.083502 -0.450817 0.129318
v -0.050477 -0.435638 0.123065
v -0.044213 -0.450349 0.116906
v -0.081168 -0.466376 0.126128
v -0.047253 -0.464761 0.114632
v -0.088571 -0.419319 0.133880
v -0.085994 -0.435247 0.131810
v -0.053095 -0.420813 0.126817
v -0.055446 -0.405910 0.129039
v -0.067742 -0.435150 0.129188
v -0.077066 -0.496396 0.118944
v -0.078924 -0.481578 0.122698
v -0.045116 -0.494800 0.105568
v -0.046054 -0.479834 0.110226
v -0.063039 -0.469672 0.121682
v -0.075868 -0.511240 0.115069
v -0.044929 -0.509754 0.101201
v -0.045207 -0.524062 0.097417
v -0.059225 -0.529287 0.105283
v -0.074710 -0.525828 0.111123
v -0.060210 -0.499864 0.113885
v -0.048467 -0.679542 0.040030
v -0.057921 -0.687137 0.048715
v -0.042783 -0.686954 0.028254
v -0.046381 -0.698439 0.027950
v -0.050421 -0.710557 0.028242
v -0.054060 -0.722858 0.026494
v -0.065661 -0.725272 0.036019
v -0.075588 -0.716959 0.045745
v -0.055980 -0.701148 0.038831
v -0.085942 -0.779125 0.028978
v -0.086958 -0.794885 0.026857
v -0.060321 -0.807628 0.009865
v -0.059898 -0.791434 0.012279
v -0.071870 -0.777939 0.023537
v -0.089029 -0.829597 0.022143
v -0.088168 -0.811943 0.024373
v -0.061251 -0.825134 0.007581
v -0.062725 -0.843277 0.005550
v -0.073363 -0.809940 0.018534
v -0.090843 -0.847900 0.019791
v -0.095764 -0.866681 0.018364
v -0.092863 -0.884984 0.014130
v -0.065510 -0.862383 0.003223
v -0.068046 -0.881927 0.000909
v -0.076272 -0.846038 0.014109
v -0.090954 -0.924071 0.010887
v -0.092009 -0.904809 0.011518
v -0.069980 -0.901167 -0.000496
v -0.070423 -0.920015 -0.000523
v -0.080472 -0.889160 0.008096
v -0.087724 -0.941947 0.010952
v -0.071234 -0.938029 0.000466
v -0.079669 -0.927559 0.006701
v -0.186015 -0.252096 -0.022100
v -0.190652 -0.254671 -0.006454
v -0.193236 -0.256295 0.009965
v -0.195712 -0.283538 0.017329
v -0.190681 -0.265599 -0.010962
v -0.110504 -0.238632 0.129454
v -0.097298 -0.230572 0.138419
v -0.026255 -0.349152 0.129035
v -0.015408 -0.360163 0.121761
v -0.037049 -0.353086 0.130924
v -0.006909 -0.369153 0.112512
v -0.001895 -0.375829 0.102117
v -0.015081 -0.364978 0.119547
v 0.001122 -0.432543 0.009855
v 0.000067 -0.443006 0.004148
v 0.000498 -0.461168 0.031640
v 0.001930 -0.449107 0.038624
v 0.000510 -0.436405 0.027888
v -0.193056 -0.258098 0.026140
v -0.190742 -0.257382 0.041582
v -0.187220 -0.263276 0.054996
v -0.195357 -0.287007 0.034819
v -0.191225 -0.290743 0.052692
v -0.194353 -0.270522 0.022156
v -0.002709 -0.455012 -0.000564
v -0.001822 -0.473580 0.026374
v -0.004063 -0.486295 0.021264
v -0.006042 -0.467997 -0.004032
v 0.000142 -0.458550 0.015856
v -0.007006 -0.499357 0.017017
v -0.009160 -0.512639 0.012837
v -0.012537 -0.494863 -0.010941
v -0.008817 -0.481324 -0.007893
v -0.005359 -0.483977 0.006778
v -0.053366 -0.486414 -0.055379
v -0.070413 -0.499769 -0.060330
v -0.056506 -0.500726 -0.055708
v -0.098413 -0.498770 -0.062647
v -0.084193 -0.499015 -0.062352
v -0.082380 -0.485034 -0.062625
v -0.092221 -0.439945 -0.065077
v -0.108268 -0.440952 -0.063765
v -0.080522 -0.470208 -0.062395
v -0.095537 -0.470279 -0.063318
v -0.058221 -0.438378 -0.060411
v -0.075481 -0.438924 -0.063745
v -0.050156 -0.471707 -0.054689
v -0.046214 -0.455928 -0.054078
v -0.064987 -0.470530 -0.060236
v -0.078169 -0.454992 -0.063011
v -0.139787 -0.484913 -0.048989
v -0.139324 -0.470445 -0.050226
v -0.126843 -0.498755 -0.055609
v -0.112565 -0.498914 -0.059954
v -0.111396 -0.484789 -0.060617
v -0.138800 -0.441507 -0.054410
v -0.124038 -0.441507 -0.060750
v -0.139159 -0.456159 -0.052245
v -0.110106 -0.470385 -0.061175
v -0.109245 -0.455896 -0.062225
v -0.125233 -0.470682 -0.057626
v -0.124112 -0.565111 0.092520
v -0.107354 -0.581022 0.095223
v -0.119937 -0.579099 0.089386
v -0.099920 -0.553347 0.104092
v -0.097165 -0.567664 0.100182
v -0.097407 -0.762257 -0.087748
v -0.093891 -0.778468 -0.089843
v -0.097802 -0.794277 -0.092674
v -0.110334 -0.761276 -0.087251
v -0.122581 -0.794084 -0.090229
v -0.122710 -0.760309 -0.084766
v -0.133820 -0.760181 -0.079889
v -0.122521 -0.776880 -0.087766
v -0.134181 -0.794202 -0.084502
v -0.098927 -0.811136 -0.093513
v -0.100153 -0.828743 -0.093097
v -0.110588 -0.798274 -0.092996
v -0.119068 -0.811682 -0.091259
v -0.158679 -0.779297 -0.053619
v -0.159374 -0.796919 -0.054932
v -0.143809 -0.760271 -0.072812
v -0.144383 -0.777129 -0.074786
v -0.156217 -0.747109 -0.049247
v -0.157819 -0.762667 -0.051498
v -0.141733 -0.729840 -0.065406
v -0.148878 -0.730622 -0.056311
v -0.142442 -0.744605 -0.069317
v -0.151675 -0.761138 -0.062971
v -0.137079 -0.826601 0.019710
v -0.156720 -0.821954 -0.002315
v -0.157765 -0.804603 -0.000738
v -0.150103 -0.802786 0.012062
v -0.138629 -0.809570 0.021420
v -0.147547 -0.837870 0.008616
v -0.101781 -0.847042 -0.092213
v -0.103460 -0.865332 -0.089748
v -0.114022 -0.866030 -0.088167
v -0.123480 -0.829909 -0.090123
v -0.111548 -0.828879 -0.092341
v -0.133297 -0.873492 -0.078660
v -0.124743 -0.867146 -0.085054
v -0.141305 -0.869995 -0.072944
v -0.134079 -0.835682 -0.083786
v -0.124333 -0.848522 -0.087940
v -0.158550 -0.815104 -0.055651
v -0.157484 -0.834020 -0.056036
v -0.144426 -0.813018 -0.076752
v -0.144785 -0.794567 -0.076474
v -0.152818 -0.795461 -0.066474
v -0.154998 -0.853057 -0.055418
v -0.152220 -0.871939 -0.054784
v -0.147116 -0.870954 -0.064217
v -0.143836 -0.832000 -0.076756
v -0.142651 -0.850897 -0.075013
v -0.151332 -0.832646 -0.066985
v 0.001372 -0.401466 0.055640
v 0.000757 -0.403829 0.078211
v -0.000702 -0.397185 0.084185
v 0.001041 -0.406085 0.063153
v -0.170052 -0.360786 0.096940
v -0.179821 -0.345515 0.081350
v -0.178552 -0.329606 0.083352
v -0.174790 -0.315334 0.088319
v -0.168498 -0.329725 0.099493
v -0.110428 -0.292586 0.129321
v -0.094982 -0.299582 0.134468
v -0.079599 -0.307767 0.137432
v -0.080368 -0.329754 0.136647
v -0.065027 -0.317172 0.138793
v -0.095520 -0.311665 0.134469
v -0.048842 -0.279520 0.145552
v -0.039254 -0.276493 0.148540
v -0.039177 -0.293130 0.143586
v -0.026602 -0.284164 0.148382
v 0.000790 -0.380054 0.091854
v 0.002076 -0.384400 0.081967
v 0.001850 -0.387075 0.078956
v -0.001640 -0.378953 0.099472
v -0.090558 -0.404053 0.135647
v -0.092391 -0.389030 0.136491
v -0.076432 -0.376835 0.136018
v -0.059635 -0.379444 0.132695
v -0.057684 -0.392129 0.131335
v -0.072629 -0.404418 0.134081
v -0.110672 -0.373343 0.135155
v -0.126831 -0.372372 0.128867
v -0.094598 -0.361253 0.136713
v -0.094939 -0.348373 0.136018
v -0.156378 -0.367985 0.109173
v -0.143171 -0.370774 0.121129
v -0.155862 -0.351978 0.109875
v -0.126853 -0.357438 0.128845
v -0.151113 -0.239111 0.102113
v -0.124453 -0.247005 0.120382
v -0.125045 -0.234472 0.121027
v -0.162651 -0.247770 0.092446
v -0.172591 -0.257344 0.081319
v -0.151505 -0.251434 0.102767
v -0.124651 -0.259788 0.120905
v -0.124855 -0.272944 0.121546
v -0.138691 -0.255522 0.112258
v -0.152085 -0.264575 0.104202
v 0.002715 -0.387718 -0.010730
v 0.002719 -0.389811 0.001758
v 0.002897 -0.389591 -0.003412
v 0.002492 -0.386915 -0.016242
v -0.038265 -0.338341 0.134363
v -0.050718 -0.344565 0.134915
v -0.065229 -0.336826 0.136653
v -0.051407 -0.327350 0.137240
v -0.038134 -0.345711 0.132711
v -0.065576 -0.326858 0.137530
v -0.011583 -0.525859 0.008724
v -0.013232 -0.538787 0.004304
v -0.015322 -0.508333 -0.014232
v -0.018681 -0.521399 -0.017515
v -0.010829 -0.510500 -0.001012
v -0.015044 -0.551745 0.000035
v -0.024008 -0.547072 -0.024164
v -0.021361 -0.534386 -0.020824
v -0.016243 -0.564577 -0.004745
v -0.015775 -0.536544 -0.008595
v -0.026155 -0.559636 -0.027831
v -0.028180 -0.571733 -0.031145
v -0.017455 -0.576827 -0.009479
v -0.018218 -0.589218 -0.014088
v -0.019643 -0.562151 -0.016914
v -0.020608 -0.613406 -0.022032
v -0.030086 -0.584101 -0.034557
v -0.031988 -0.596160 -0.037182
v -0.019279 -0.601390 -0.018086
v -0.022772 -0.586343 -0.024871
v -0.035226 -0.620787 -0.042266
v -0.024022 -0.637461 -0.029289
v -0.021892 -0.625663 -0.025739
v -0.033674 -0.608355 -0.039966
v -0.025851 -0.610626 -0.031782
v -0.039681 -0.645276 -0.045638
v -0.037279 -0.633121 -0.044310
v -0.027778 -0.648930 -0.033839
v -0.029595 -0.635261 -0.037875
v -0.042106 -0.656931 -0.046870
v -0.028983 -0.661310 -0.032765
v -0.031390 -0.673727 -0.033569
v -0.044926 -0.668966 -0.048003
v -0.033684 -0.656337 -0.041153
v -0.034536 -0.700196 -0.033902
v -0.033809 -0.686240 -0.034442
v -0.050402 -0.695718 -0.053542
v -0.046868 -0.682025 -0.050726
v -0.038158 -0.712668 -0.040063
v -0.039203 -0.680795 -0.043254
v -0.038956 -0.741695 -0.037580
v -0.039491 -0.771209 -0.044012
v -0.038985 -0.772580 -0.032719
v -0.038952 -0.757528 -0.029626
v -0.056437 -0.737664 -0.064512
v -0.043374 -0.769825 -0.054308
v -0.056429 -0.752504 -0.067826
v -0.043578 -0.755206 -0.051269
v -0.052883 -0.709540 -0.057509
v -0.041300 -0.726460 -0.044048
v -0.055732 -0.723675 -0.060754
v -0.045172 -0.711046 -0.049497
v -0.043000 -0.740593 -0.047931
v -0.049135 -0.739004 -0.057040
v -0.042703 -0.800899 -0.058467
v -0.042845 -0.785412 -0.056620
v -0.055716 -0.767318 -0.071294
v -0.055637 -0.782778 -0.073532
v -0.048679 -0.768500 -0.063432
v -0.043195 -0.816776 -0.059567
v -0.055563 -0.798480 -0.075514
v -0.044454 -0.833369 -0.060413
v -0.055857 -0.814553 -0.076490
v -0.048108 -0.799630 -0.067736
v -0.050514 -0.867451 -0.061136
v -0.046723 -0.850082 -0.060966
v -0.056950 -0.831261 -0.076837
v -0.059853 -0.848485 -0.077252
v -0.049514 -0.832317 -0.069416
v -0.055636 -0.884771 -0.063319
v -0.063093 -0.865939 -0.076480
v -0.066994 -0.883664 -0.075728
v -0.056188 -0.866633 -0.069327
v -0.056002 -0.903051 -0.060644
v -0.056084 -0.920767 -0.059474
v -0.072653 -0.918938 -0.077658
v -0.069619 -0.901654 -0.076075
v -0.061517 -0.897628 -0.069215
v -0.000860 -0.392842 0.044198
v 0.000552 -0.393459 0.034569
v 0.000751 -0.392868 0.049657
v -0.000900 -0.394048 0.040791
v 0.002329 -0.392500 0.050039
v 0.001820 -0.392822 0.024892
v 0.001074 -0.391686 0.014005
v 0.000189 -0.394163 0.030967
v 0.002837 -0.391248 0.009651
v -0.000036 -0.393802 0.031492
v -0.001937 -0.172217 -0.101411
v -0.181698 -0.216251 -0.027365
v -0.182287 -0.210242 -0.025600
v -0.165138 -0.205686 -0.055781
v -0.183097 -0.203829 -0.023129
v -0.176074 -0.204244 -0.040049
v -0.155177 -0.196671 -0.067557
v -0.166370 -0.202130 -0.053910
v -0.167635 -0.199224 -0.052644
v -0.179270 -0.193995 -0.030458
v -0.174334 -0.193530 -0.041588
v -0.188352 -0.202566 -0.007145
v -0.184783 -0.194616 -0.017109
v -0.190852 -0.206341 0.019145
v -0.189603 -0.206428 0.005975
v -0.190030 -0.201715 0.006771
v -0.189183 -0.195146 0.007746
v -0.189974 -0.194264 0.018987
v -0.188992 -0.205431 0.031888
v -0.186635 -0.204882 0.044747
v -0.188780 -0.200439 0.032376
v -0.187425 -0.193170 0.032024
v -0.184583 -0.191088 0.044899
v -0.176406 -0.204590 0.067709
v -0.181804 -0.204443 0.056289
v -0.181113 -0.196935 0.055788
v -0.161378 -0.206168 0.090213
v -0.169317 -0.204719 0.078956
v -0.169014 -0.196068 0.078102
v -0.151326 -0.227552 0.101979
v -0.151290 -0.217146 0.101779
v -0.125971 -0.223012 0.121263
v -0.138878 -0.230793 0.111601
v -0.113739 -0.215000 0.130609
v -0.127258 -0.212153 0.121526
v -0.151373 -0.207899 0.101005
v -0.151722 -0.198783 0.100558
v -0.139934 -0.209745 0.111738
v -0.128284 -0.202687 0.121199
v -0.072748 -0.224158 0.153526
v -0.059774 -0.225702 0.159104
v -0.086045 -0.221826 0.146819
v -0.100009 -0.218233 0.139332
v -0.102298 -0.206783 0.139606
v -0.076538 -0.211657 0.155058
v -0.008912 -0.215540 0.175718
v -0.010177 -0.204215 0.177606
v -0.016564 -0.228048 0.171186
v -0.026608 -0.228224 0.169470
v -0.036928 -0.227985 0.167144
v -0.048111 -0.227052 0.163733
v -0.051968 -0.214666 0.166497
v -0.029190 -0.216575 0.172682
v -0.150802 -0.187904 -0.068427
v -0.108683 -0.168893 0.135853
v -0.013853 -0.171535 0.178432
v -0.038139 -0.170252 0.174096
v -0.085459 -0.167054 0.152250
v -0.062127 -0.167430 0.165381
v -0.131639 -0.171188 0.116881
v -0.181103 -0.313611 -0.044542
v -0.171837 -0.322259 -0.058532
v -0.143329 -0.325441 -0.088482
v -0.148303 -0.334368 -0.083204
v -0.160411 -0.328804 -0.071214
v -0.164502 -0.314006 -0.067912
v -0.165357 -0.299862 -0.066696
v -0.157923 -0.307232 -0.075658
v -0.138464 -0.317480 -0.093110
v -0.148915 -0.313052 -0.084617
v -0.151764 -0.301142 -0.082039
v -0.180366 -0.239735 -0.033787
v -0.179349 -0.249874 -0.036831
v -0.178233 -0.260333 -0.040839
v -0.171575 -0.247787 -0.050785
v -0.181345 -0.223062 -0.029241
v -0.180888 -0.230844 -0.031209
v -0.165033 -0.211798 -0.057193
v -0.174768 -0.214071 -0.043137
v -0.173635 -0.228866 -0.046065
v -0.126822 -0.320845 -0.100927
v -0.113875 -0.322685 -0.106717
v -0.134177 -0.309484 -0.096686
v -0.099863 -0.323721 -0.111973
v -0.084096 -0.323321 -0.115339
v -0.081678 -0.313913 -0.117759
v -0.110894 -0.313703 -0.109303
v -0.079091 -0.304913 -0.120164
v -0.076603 -0.295497 -0.122418
v -0.094583 -0.305243 -0.117126
v -0.154983 -0.209399 -0.069358
v -0.164520 -0.227298 -0.059590
v -0.164871 -0.219073 -0.058100
v -0.163808 -0.236476 -0.061308
v -0.162622 -0.246387 -0.063448
v -0.154943 -0.225665 -0.071701
v -0.152118 -0.291035 -0.081302
v -0.146800 -0.295918 -0.086885
v -0.170550 -0.291056 -0.058880
v -0.162614 -0.287324 -0.068909
v -0.168608 -0.268318 -0.058462
v -0.155459 -0.284158 -0.077109
v -0.148873 -0.281992 -0.083923
v -0.158256 -0.275649 -0.073239
v -0.120134 -0.303482 -0.106711
v -0.107598 -0.304866 -0.111595
v -0.104968 -0.295471 -0.113646
v -0.139734 -0.299128 -0.093535
v -0.130839 -0.301584 -0.100015
v -0.141956 -0.289840 -0.091257
v -0.127727 -0.293197 -0.101846
v -0.015303 -0.173512 -0.101873
v -0.040089 -0.183908 -0.105408
v -0.026497 -0.182554 -0.105438
v -0.053849 -0.183597 -0.104575
v -0.042485 -0.174949 -0.101214
v -0.166477 -0.192196 -0.052132
v -0.158516 -0.190188 -0.062328
v -0.143172 -0.192591 -0.077441
v -0.141210 -0.186079 -0.076427
v -0.142377 -0.281655 -0.090455
v -0.142444 -0.273380 -0.089878
v -0.125773 -0.284114 -0.102905
v -0.135013 -0.285061 -0.096284
v -0.102648 -0.285693 -0.115071
v -0.115119 -0.285229 -0.109321
v -0.124644 -0.274586 -0.103809
v -0.074454 -0.285919 -0.123230
v -0.089294 -0.285877 -0.120294
v -0.100648 -0.275273 -0.116150
v -0.068376 -0.210095 -0.113670
v -0.068164 -0.200902 -0.110442
v -0.068629 -0.219577 -0.117027
v -0.068712 -0.229973 -0.119513
v -0.081968 -0.220077 -0.114336
v -0.094841 -0.220233 -0.111301
v -0.091829 -0.230380 -0.114713
v -0.095093 -0.210326 -0.107988
v -0.107795 -0.220523 -0.105845
v -0.144315 -0.200163 -0.078316
v -0.144609 -0.207541 -0.079157
v -0.134128 -0.191391 -0.084104
v -0.144687 -0.215473 -0.080125
v -0.144570 -0.224301 -0.082247
v -0.121385 -0.212106 -0.096765
v -0.134072 -0.205695 -0.087431
v -0.067936 -0.192367 -0.106818
v -0.068055 -0.183603 -0.103627
v -0.081629 -0.201051 -0.108060
v -0.095189 -0.200869 -0.105151
v -0.108788 -0.202041 -0.100424
v -0.122914 -0.196726 -0.092173
v -0.122001 -0.203811 -0.094244
v -0.095094 -0.192706 -0.101935
v -0.122417 -0.182250 -0.086873
v -0.123697 -0.190124 -0.089662
v -0.111161 -0.188954 -0.095267
v -0.143886 -0.233800 -0.083868
v -0.118004 -0.231638 -0.103486
v -0.121064 -0.221536 -0.099463
v -0.133144 -0.222790 -0.091290
v -0.039025 -0.240530 -0.122335
v -0.054437 -0.240524 -0.122883
v -0.069019 -0.240524 -0.122027
v -0.085165 -0.264206 -0.121227
v -0.082325 -0.238279 -0.118552
v -0.096032 -0.241538 -0.115836
v -0.065773 -0.251674 -0.124168
v -0.008149 -0.252163 -0.121693
v -0.007832 -0.240846 -0.120728
v -0.023557 -0.240350 -0.121580
v -0.034971 -0.251160 -0.123539
v -0.068181 -0.176504 -0.099879
v -0.081188 -0.183967 -0.101922
v -0.096008 -0.186238 -0.099076
v -0.100291 -0.183362 -0.097470
v -0.102486 -0.179296 -0.094621
v -0.091033 -0.177716 -0.097490
v -0.120899 -0.524006 0.108864
v -0.105176 -0.524612 0.111463
v -0.127450 -0.550645 0.094446
v -0.131157 -0.536256 0.096790
v -0.103060 -0.539089 0.107971
v -0.114537 -0.552625 0.102704
v -0.000547 -0.397498 0.047315
v 0.002100 -0.392626 0.064280
v -0.001374 -0.394675 0.049775
v 0.001437 -0.397321 0.063866
v 0.000675 -0.393190 0.012311
v 0.001683 -0.397391 0.029867
v -0.000467 -0.394936 0.033867
v 0.001974 -0.391327 0.008600
v 0.001758 -0.393142 0.020663
v 0.002353 -0.396385 0.040315
v -0.182281 -0.266557 0.069998
v -0.185945 -0.290663 0.070446
v -0.187835 -0.277079 0.058413
v -0.173881 -0.270374 0.082414
v -0.198649 -0.311951 0.005541
v -0.194252 -0.307827 -0.015303
v -0.197552 -0.297196 0.012026
v -0.190023 -0.277135 -0.016500
v -0.194318 -0.280635 -0.000033
v -0.187333 -0.302385 -0.033008
v -0.183873 -0.273988 -0.031918
v -0.178683 -0.296581 -0.046880
v -0.176530 -0.271107 -0.045849
v -0.174168 -0.281156 -0.051731
v -0.189015 -0.289727 -0.023726
v -0.034058 -0.368630 0.126114
v -0.035909 -0.360686 0.128914
v -0.021939 -0.375170 0.119012
v -0.024752 -0.361576 0.124927
v -0.014026 -0.369999 0.116629
v -0.005094 -0.386896 0.100193
v -0.012147 -0.381030 0.110254
v -0.006405 -0.377100 0.106956
v -0.001788 -0.382414 0.096515
v -0.013237 -0.375440 0.113724
v -0.176947 -0.298788 0.084609
v -0.166986 -0.302961 0.098939
v -0.164668 -0.274032 0.095572
v -0.152619 -0.277993 0.105691
v -0.175391 -0.284201 0.083698
v -0.095522 -0.335965 0.135168
v -0.111150 -0.318856 0.130934
v -0.095619 -0.323940 0.134759
v -0.111075 -0.345154 0.133900
v -0.126927 -0.342625 0.128359
v 0.001773 -0.389977 0.075158
v -0.001176 -0.390954 0.089248
v 0.001419 -0.395355 0.077297
v 0.001024 -0.386866 0.085746
v 0.001753 -0.393376 0.070404
v -0.001465 -0.386525 0.093036
v -0.161490 -0.256476 -0.066556
v -0.153035 -0.244686 -0.075052
v -0.159977 -0.266269 -0.069722
v -0.151386 -0.264711 -0.079666
v -0.143290 -0.243754 -0.085667
v -0.142745 -0.264212 -0.088544
v -0.133499 -0.266687 -0.096294
v -0.123412 -0.264189 -0.103707
v -0.132755 -0.246045 -0.094753
v -0.143021 -0.253773 -0.087331
v -0.111502 -0.264411 -0.110468
v -0.098955 -0.264493 -0.116809
v -0.108587 -0.242373 -0.109689
v -0.121386 -0.242719 -0.102806
v -0.097471 -0.252947 -0.116727
v -0.122380 -0.253522 -0.103555
v -0.042784 -0.284025 -0.124362
v -0.058847 -0.284990 -0.125689
v -0.072399 -0.275309 -0.124261
v -0.055428 -0.263027 -0.125835
v -0.070493 -0.263756 -0.124381
v -0.008934 -0.263166 -0.121945
v -0.005577 -0.273313 -0.121310
v -0.010189 -0.282009 -0.120865
v -0.026118 -0.282916 -0.123329
v -0.039675 -0.262424 -0.125005
v -0.023672 -0.259608 -0.123591
v -0.041065 -0.273667 -0.125100
v -0.021005 -0.314384 0.137925
v -0.029748 -0.304803 0.141025
v -0.025995 -0.297632 0.143686
v -0.018143 -0.288203 0.148074
v -0.011646 -0.289102 0.148536
v -0.022108 -0.292458 0.145998
v -0.016857 -0.298406 0.143742
v -0.000813 -0.290558 0.148667
v -0.000404 -0.298309 0.145426
v -0.006083 -0.289620 0.148615
v -0.011236 -0.302324 0.143050
v -0.010809 -0.295574 0.145643
v -0.000347 -0.306623 0.142269
v -0.000212 -0.315020 0.139023
v -0.012958 -0.320331 0.136048
v -0.005471 -0.322832 0.135380
v -0.011952 -0.310522 0.139881
v -0.005481 -0.304928 0.142673
v -0.116760 -0.195152 0.130338
v -0.129215 -0.193767 0.120690
v -0.119414 -0.177853 0.128340
v -0.107476 -0.177674 0.137605
v -0.104594 -0.196311 0.139380
v -0.092196 -0.197792 0.147684
v -0.095857 -0.176909 0.146267
v -0.084230 -0.176648 0.154345
v -0.106093 -0.186577 0.138784
v -0.055115 -0.202943 0.167486
v -0.043235 -0.204434 0.171586
v -0.048387 -0.180661 0.171790
v -0.036047 -0.182862 0.175396
v -0.011584 -0.193728 0.179428
v -0.012681 -0.183451 0.179373
v -0.020693 -0.204910 0.176429
v -0.031579 -0.205154 0.174350
v -0.024197 -0.183711 0.178097
v -0.033971 -0.194422 0.175756
v -0.180413 -0.188172 0.054049
v -0.175945 -0.190640 0.066189
v -0.067363 -0.200979 0.162107
v -0.079731 -0.199368 0.155470
v -0.060550 -0.178785 0.166886
v -0.072606 -0.177004 0.161363
v -0.082288 -0.187878 0.155156
v -0.057926 -0.191144 0.168053
v -0.168912 -0.187832 0.076833
v -0.160829 -0.188224 0.088192
v -0.152206 -0.176160 0.097166
v -0.168752 -0.181832 0.075338
v -0.151579 -0.190790 0.099628
v -0.141061 -0.192642 0.110541
v -0.130941 -0.178236 0.118668
v -0.142112 -0.179581 0.108936
v -0.129998 -0.185562 0.119896
v -0.151552 -0.183037 0.098738
v -0.053696 -0.944186 -0.027735
v -0.057654 -0.947604 -0.016858
v -0.055011 -0.974727 -0.024118
v -0.052740 -0.971771 -0.034942
v -0.052939 -0.985881 -0.033270
v -0.051680 -0.941493 -0.038476
v -0.052773 -0.938929 -0.048642
v -0.052395 -0.956871 -0.036799
v -0.053003 -0.968993 -0.045447
v -0.086012 -0.933944 -0.084359
v -0.095505 -0.933829 -0.086796
v -0.077464 -0.934639 -0.080831
v -0.069192 -0.935245 -0.075063
v -0.084506 -0.949074 -0.084379
v -0.106137 -0.933978 -0.087713
v -0.116451 -0.934477 -0.086203
v -0.103983 -0.948222 -0.088143
v -0.101831 -0.961616 -0.088621
v -0.111823 -0.961866 -0.087573
v -0.121653 -0.962434 -0.084414
v -0.119576 -0.974705 -0.085277
v -0.126154 -0.935581 -0.082451
v -0.134457 -0.936909 -0.076747
v -0.123719 -0.949455 -0.083306
v -0.130466 -0.963343 -0.079003
v -0.140817 -0.938261 -0.070226
v -0.145816 -0.939425 -0.062348
v -0.139604 -0.951767 -0.070783
v -0.148156 -0.967024 -0.053475
v -0.151030 -0.981437 -0.032195
v -0.153143 -0.942858 -0.032032
v -0.151917 -0.940816 -0.021417
v -0.147420 -0.947088 -0.009868
v -0.150117 -0.967880 -0.020083
v -0.152497 -0.941577 -0.043238
v -0.149665 -0.940502 -0.053693
v -0.148928 -0.954169 -0.053378
v -0.150927 -0.968348 -0.043182
v -0.151793 -0.969378 -0.031856
v -0.152330 -0.956624 -0.031777
v -0.131402 -0.953181 0.007398
v -0.140232 -0.950321 -0.000133
v -0.145409 -0.973723 -0.008435
v -0.146258 -0.960996 -0.008819
v -0.144915 -0.985292 -0.009138
v -0.138415 -0.976615 0.000975
v -0.122304 -0.955854 0.012186
v -0.113075 -0.957943 0.014719
v -0.130790 -0.967226 0.007712
v -0.130059 -0.980077 0.008013
v -0.064190 -0.950891 -0.006476
v -0.072143 -0.954290 0.002317
v -0.058555 -0.963116 -0.014747
v -0.059445 -0.977780 -0.012953
v -0.059470 -0.991135 -0.011417
v -0.065753 -0.980272 -0.002397
v -0.091874 -0.962110 -0.087355
v -0.082274 -0.963066 -0.084124
v -0.099872 -0.974660 -0.089127
v -0.073175 -0.963966 -0.078931
v -0.079962 -0.976368 -0.083681
v -0.055697 -0.937382 -0.058224
v -0.061454 -0.936399 -0.067136
v -0.055221 -0.952852 -0.056626
v -0.067176 -0.950877 -0.073569
v -0.065125 -0.965042 -0.072306
v -0.054358 -0.981018 -0.053335
v -0.054917 -0.967341 -0.055222
v -0.063934 -0.978155 -0.071084
v -0.058837 -0.966060 -0.064172
v -0.053005 -0.999419 -0.031216
v -0.052231 -0.996985 -0.042041
v -0.055151 -1.001784 -0.020502
v -0.058706 -1.003825 -0.009823
v -0.052295 -1.011830 -0.029115
v -0.087061 -0.988058 -0.087547
v -0.077666 -0.989087 -0.083329
v -0.069363 -0.989974 -0.077443
v -0.062437 -0.991043 -0.070171
v -0.075243 -1.000665 -0.083178
v -0.117267 -0.986530 -0.086293
v -0.127028 -0.986925 -0.080959
v -0.107394 -0.986531 -0.089152
v -0.097077 -0.987150 -0.089810
v -0.094371 -0.998139 -0.090699
v -0.115148 -0.996742 -0.087920
v -0.149664 -0.991244 -0.044778
v -0.136714 -0.976411 -0.072680
v -0.138035 -0.964474 -0.071765
v -0.143924 -0.965910 -0.062902
v -0.147351 -0.979052 -0.054045
v -0.146786 -0.990222 -0.055180
v -0.135522 -0.987891 -0.073533
v -0.134092 -0.998238 -0.075012
v -0.146028 -1.000274 -0.056495
v -0.142075 -0.988913 -0.064745
v -0.150198 -0.992501 -0.032878
v -0.148845 -0.991296 -0.020781
v -0.144497 -0.996452 -0.010170
v -0.149879 -1.002530 -0.034406
v -0.137855 -1.000074 -0.000697
v -0.143993 -1.007217 -0.011254
v -0.064379 -1.004800 0.000886
v -0.057698 -1.015130 -0.008849
v -0.053580 -0.994329 -0.051594
v -0.056971 -0.992551 -0.061141
v -0.052730 -1.006673 -0.049711
v -0.060926 -1.002751 -0.068908
v -0.092096 -0.958438 0.013317
v -0.081386 -0.956666 0.009088
v -0.073103 -0.969099 0.004349
v -0.073832 -0.982422 0.006548
v -0.073270 -0.994449 0.008205
v -0.072119 -1.005232 0.009614
v -0.083134 -0.983847 0.013215
v -0.103272 -0.962942 0.015811
v -0.112854 -0.972678 0.015789
v -0.093110 -0.972638 0.015414
v -0.093286 -0.985157 0.017143
v -0.130001 -0.991971 0.007511
v -0.121369 -0.982964 0.013157
v -0.130326 -1.003175 0.006814
v -0.112687 -0.984990 0.016718
v -0.092752 -0.996171 0.018538
v -0.103251 -0.988620 0.018393
v -0.112267 -0.996465 0.016808
v -0.071131 -1.014296 0.011346
v -0.081671 -1.005599 0.016674
v -0.091576 -1.005780 0.020105
v -0.130593 -1.014060 0.006313
v -0.121245 -1.005533 0.013028
v -0.111819 -1.006235 0.017875
v -0.101135 -1.007963 0.020551
v -0.090176 -1.013409 0.021257
v -0.111143 -1.014357 0.018952
v -0.148510 -1.009821 -0.048044
v -0.145398 -1.008871 -0.058293
v -0.149683 -1.010900 -0.037004
v -0.148298 -1.011096 -0.024212
v -0.144006 -1.017724 -0.012763
v -0.149630 -1.019198 -0.039234
v -0.132481 -1.006769 -0.076668
v -0.139959 -1.007908 -0.067924
v -0.144343 -1.016852 -0.060732
v -0.091176 -1.008168 -0.091508
v -0.102207 -1.005755 -0.091767
v -0.123170 -1.005723 -0.084077
v -0.112976 -1.005276 -0.089384
v -0.130345 -1.014526 -0.079391
v -0.111431 -1.012904 -0.091043
v -0.080294 -1.020396 0.019714
v -0.089265 -1.020036 0.022255
v -0.062096 -1.024162 0.002946
v -0.070756 -1.021551 0.013131
v -0.071057 -1.027673 0.015260
v -0.097955 -1.021751 0.022790
v -0.087992 -1.026636 0.023681
v -0.121195 -1.021819 0.014580
v -0.109045 -1.020061 0.020256
v -0.106529 -1.025834 0.022395
v -0.122267 -1.031114 0.015674
v -0.147438 -1.028867 -0.020422
v -0.149392 -1.027306 -0.042826
v -0.149616 -1.028261 -0.031423
v -0.146911 -1.025957 -0.053854
v -0.142197 -1.024834 -0.064346
v -0.110968 -1.020354 -0.092971
v -0.119365 -1.021475 -0.088998
v -0.135831 -1.023795 -0.073984
v -0.127741 -1.022554 -0.082429
v -0.102607 -1.019752 -0.095161
v -0.094008 -1.019045 -0.095212
v -0.105213 -1.032126 0.024798
v -0.113927 -1.031661 0.021288
v -0.096559 -1.032907 0.026288
v -0.079412 -1.034041 0.023114
v -0.088055 -1.033597 0.025969
v -0.058402 -1.035305 0.001469
v -0.071370 -1.034671 0.017385
v -0.064323 -1.035292 0.009832
v -0.052989 -1.024850 -0.017890
v -0.056205 -1.025595 -0.008387
v -0.055048 -1.034814 -0.006640
v -0.050553 -1.021357 -0.037794
v -0.051043 -1.023226 -0.027539
v -0.049805 -1.032906 -0.025721
v -0.051464 -1.018379 -0.047933
v -0.054352 -1.015486 -0.057885
v -0.049987 -1.029215 -0.045827
v -0.080872 -1.010136 -0.088355
v -0.073092 -1.010597 -0.083331
v -0.085727 -1.019029 -0.093294
v -0.065455 -1.012025 -0.076613
v -0.059012 -1.013327 -0.067660
v -0.056218 -1.023957 -0.065919
v -0.069126 -1.020579 -0.082536
v -0.138181 -1.021835 -0.002364
v -0.131431 -1.023259 0.005847
v -0.143982 -1.029595 -0.011000
v -0.131040 -1.030840 0.007409
v -0.090473 -0.696840 0.061738
v -0.091744 -0.708288 0.055921
v -0.080961 -0.694376 0.059935
v -0.069497 -0.693059 0.055337
v -0.081553 -0.709310 0.052306
v -0.061861 -0.696068 0.047389
v -0.068458 -0.706103 0.047055
v -0.084894 -0.702341 0.057608
v -0.099056 -0.694541 0.063461
v -0.116562 -0.695536 0.057342
v -0.108292 -0.692561 0.062159
v -0.112774 -0.705297 0.055161
v -0.101928 -0.708737 0.055749
v -0.097076 -0.702117 0.060005
v -0.125447 -0.287174 0.122664
v -0.153789 -0.307482 0.109442
v -0.125825 -0.301125 0.124059
v -0.139417 -0.282752 0.115029
v -0.153296 -0.292538 0.107620
v -0.155356 -0.336798 0.110742
v -0.154470 -0.322460 0.110266
v -0.125963 -0.315113 0.125311
v -0.142015 -0.340205 0.121582
v -0.126547 -0.328939 0.126979
v -0.140738 -0.311614 0.119224
f 1183 3 1182
f 1182 1 1181
f 1181 2 1183
f 1183 1182 1181
f 1182 3 1185
f 1185 4 1184
f 1184 1 1182
f 1182 1185 1184
f 1181 1 1187
f 1187 6 1188
f 1188 2 1181
f 1181 1187 1188
f 1187 1 1186
f 1186 5 1189
f 1189 6 1187
f 1187 1186 1189
f 1190 7 1191
f 1191 3 1183
f 1183 2 1190
f 1190 1191 1183
f 1191 7 1193
f 1193 8 1192
f 1192 3 1191
f 1191 1193 1192
f 1196 11 1195
f 1195 9 1194
f 1194 10 1196
f 1196 1195 1194
f 1195 11 1198
f 1198 12 1197
f 1197 9 1195
f 1195 1198 1197
f 1204 15 1203
f 1203 13 1201
f 1201 14 1204
f 1204 1203 1201
f 1203 15 1206
f 1206 16 1205
f 1205 13 1203
f 1203 1206 1205
f 1207 18 1210
f 1210 20 1209
f 1209 17 1207
f 1207 1210 1209
f 1210 18 1208
f 1208 19 1211
f 1211 20 1210
f 1210 1208 1211
f 1212 22 1215
f 1215 24 1214
f 1214 21 1212
f 1212 1215 1214
f 1215 22 1213
f 1213 23 1216
f 1216 24 1215
f 1215 1213 1216
f 1221 27 1220
f 1220 25 1217
f 1217 26 1221
f 1221 1220 1217
f 1220 27 1224
f 1224 28 1223
f 1223 25 1220
f 1220 1224 1223
f 1227 31 1226
f 1226 29 1225
f 1225 30 1227
f 1227 1226 1225
f 1226 31 1229
f 1229 32 1228
f 1228 29 1226
f 1226 1229 1228
f 1235 35 1234
f 1234 33 1233
f 1233 34 1235
f 1235 1234 1233
f 1234 35 1237
f 1237 36 1236
f 1236 33 1234
f 1234 1237 1236
f 1238 37 1239
f 1239 16 1206
f 1206 15 1238
f 1238 1239 1206
f 1239 37 1241
f 1241 38 1240
f 1240 16 1239
f 1239 1241 1240
f 1212 21 1243
f 1243 40 1244
f 1244 22 1212
f 1212 1243 1244
f 1243 21 1242
f 1242 39 1245
f 1245 40 1243
f 1243 1242 1245
f 1251 43 1250
f 1250 41 1249
f 1249 42 1251
f 1251 1250 1249
f 1250 43 1253
f 1253 44 1252
f 1252 41 1250
f 1250 1253 1252
f 1256 47 1255
f 1255 45 1254
f 1254 46 1256
f 1256 1255 1254
f 1255 47 1258
f 1258 48 1257
f 1257 45 1255
f 1255 1258 1257
f 1259 50 1265
f 1265 52 1264
f 1264 49 1259
f 1259 1265 1264
f 1265 50 1262
f 1262 51 1266
f 1266 52 1265
f 1265 1262 1266
f 1272 55 1271
f 1271 53 1270
f 1270 54 1272
f 1272 1271 1270
f 1271 55 1276
f 1276 56 1275
f 1275 53 1271
f 1271 1276 1275
f 1277 25 1282
f 1282 59 1283
f 1283 57 1277
f 1277 1282 1283
f 1282 25 1280
f 1280 58 1284
f 1284 59 1282
f 1282 1280 1284
f 1285 60 1286
f 1286 23 1213
f 1213 22 1285
f 1285 1286 1213
f 1286 60 1291
f 1291 61 1288
f 1288 23 1286
f 1286 1291 1288
f 1252 44 1293
f 1293 62 1292
f 1292 41 1252
f 1252 1293 1292
f 1293 44 1294
f 1294 63 1295
f 1295 62 1293
f 1293 1294 1295
f 1298 66 1297
f 1297 64 1296
f 1296 65 1298
f 1298 1297 1296
f 1297 66 1300
f 1300 67 1299
f 1299 64 1297
f 1297 1300 1299
f 1303 70 1302
f 1302 68 1301
f 1301 69 1303
f 1303 1302 1301
f 1302 70 1305
f 1305 71 1304
f 1304 68 1302
f 1302 1305 1304
f 1230 33 1231
f 1231 8 1193
f 1193 7 1230
f 1230 1231 1193
f 1231 33 1307
f 1307 72 1306
f 1306 8 1231
f 1231 1307 1306
f 1314 75 1313
f 1313 73 1312
f 1312 74 1314
f 1314 1313 1312
f 1313 75 1316
f 1316 76 1315
f 1315 73 1313
f 1313 1316 1315
f 1320 34 1232
f 1232 7 1319
f 1319 77 1320
f 1320 1232 1319
f 1232 34 1233
f 1233 33 1230
f 1230 7 1232
f 1232 1233 1230
f 1216 23 1321
f 1321 78 1322
f 1322 24 1216
f 1216 1321 1322
f 1321 23 1279
f 1279 58 1324
f 1324 78 1321
f 1321 1279 1324
f 1288 61 1289
f 1289 58 1279
f 1279 23 1288
f 1288 1289 1279
f 1289 61 1290
f 1290 59 1284
f 1284 58 1289
f 1289 1290 1284
f 1328 80 1331
f 1331 82 1330
f 1330 79 1328
f 1328 1331 1330
f 1331 80 1329
f 1329 81 1332
f 1332 82 1331
f 1331 1329 1332
f 1335 85 1334
f 1334 83 1333
f 1333 84 1335
f 1335 1334 1333
f 1334 85 1338
f 1338 86 1337
f 1337 83 1334
f 1334 1338 1337
f 1342 89 1341
f 1341 87 1340
f 1340 88 1342
f 1342 1341 1340
f 1341 89 1346
f 1346 90 1345
f 1345 87 1341
f 1341 1346 1345
f 1350 91 1348
f 1348 41 1292
f 1292 62 1350
f 1350 1348 1292
f 1348 91 1347
f 1347 40 1246
f 1246 41 1348
f 1348 1347 1246
f 1358 94 1357
f 1357 92 1353
f 1353 93 1358
f 1358 1357 1353
f 1357 94 1362
f 1362 95 1361
f 1361 92 1357
f 1357 1362 1361
f 1363 26 1278
f 1278 57 1365
f 1365 96 1363
f 1363 1278 1365
f 1278 26 1217
f 1217 25 1277
f 1277 57 1278
f 1278 1217 1277
f 1366 97 1367
f 1367 65 1296
f 1296 64 1366
f 1366 1367 1296
f 1367 97 1371
f 1371 98 1368
f 1368 65 1367
f 1367 1371 1368
f 1378 101 1377
f 1377 99 1374
f 1374 100 1378
f 1378 1377 1374
f 1377 101 1380
f 1380 102 1379
f 1379 99 1377
f 1377 1380 1379
f 1387 105 1386
f 1386 103 1383
f 1383 104 1387
f 1387 1386 1383
f 1386 105 1389
f 1389 106 1388
f 1388 103 1386
f 1386 1389 1388
f 1392 93 1396
f 1396 108 1398
f 1398 107 1392
f 1392 1396 1398
f 1396 93 1353
f 1353 92 1395
f 1395 108 1396
f 1396 1353 1395
f 1405 111 1404
f 1404 109 1401
f 1401 110 1405
f 1405 1404 1401
f 1404 111 1407
f 1407 112 1406
f 1406 109 1404
f 1404 1407 1406
f 1412 110 1409
f 1409 113 1413
f 1413 114 1412
f 1412 1409 1413
f 1409 110 1401
f 1401 109 1408
f 1408 113 1409
f 1409 1401 1408
f 1414 115 1415
f 1415 114 1413
f 1413 113 1414
f 1414 1415 1413
f 1415 115 1419
f 1419 116 1418
f 1418 114 1415
f 1415 1419 1418
f 1424 116 1421
f 1421 117 1425
f 1425 118 1424
f 1424 1421 1425
f 1421 116 1419
f 1419 115 1420
f 1420 117 1421
f 1421 1419 1420
f 1426 119 1427
f 1427 118 1425
f 1425 117 1426
f 1426 1427 1425
f 1427 119 1430
f 1430 120 1429
f 1429 118 1427
f 1427 1430 1429
f 1436 123 1435
f 1435 121 1434
f 1434 122 1436
f 1436 1435 1434
f 1435 123 1438
f 1438 124 1437
f 1437 121 1435
f 1435 1438 1437
f 1445 127 1444
f 1444 125 1441
f 1441 126 1445
f 1445 1444 1441
f 1444 127 1449
f 1449 128 1448
f 1448 125 1444
f 1444 1449 1448
f 1452 131 1451
f 1451 129 1450
f 1450 130 1452
f 1452 1451 1450
f 1451 131 1454
f 1454 132 1453
f 1453 129 1451
f 1451 1454 1453
f 1460 135 1459
f 1459 133 1458
f 1458 134 1460
f 1460 1459 1458
f 1459 135 1462
f 1462 136 1461
f 1461 133 1459
f 1459 1462 1461
f 1466 139 1465
f 1465 137 1463
f 1463 138 1466
f 1466 1465 1463
f 1465 139 1470
f 1470 140 1469
f 1469 137 1465
f 1465 1470 1469
f 1471 141 1472
f 1472 138 1463
f 1463 137 1471
f 1471 1472 1463
f 1472 141 1474
f 1474 142 1473
f 1473 138 1472
f 1472 1474 1473
f 1475 143 1476
f 1476 142 1474
f 1474 141 1475
f 1475 1476 1474
f 1476 143 1478
f 1478 144 1477
f 1477 142 1476
f 1476 1478 1477
f 1481 144 1480
f 1480 145 1482
f 1482 146 1481
f 1481 1480 1482
f 1480 144 1478
f 1478 143 1479
f 1479 145 1480
f 1480 1478 1479
f 1483 148 1486
f 1486 150 1485
f 1485 147 1483
f 1483 1486 1485
f 1486 148 1484
f 1484 149 1487
f 1487 150 1486
f 1486 1484 1487
f 1490 153 1489
f 1489 151 1488
f 1488 152 1490
f 1490 1489 1488
f 1489 153 1492
f 1492 154 1491
f 1491 151 1489
f 1489 1492 1491
f 1497 156 1495
f 1495 109 1493
f 1493 155 1497
f 1497 1495 1493
f 1495 156 1496
f 1496 113 1408
f 1408 109 1495
f 1495 1496 1408
f 1503 158 1501
f 1501 115 1499
f 1499 157 1503
f 1503 1501 1499
f 1501 158 1502
f 1502 117 1420
f 1420 115 1501
f 1501 1502 1420
f 1448 128 1505
f 1505 159 1504
f 1504 125 1448
f 1448 1505 1504
f 1505 128 1507
f 1507 160 1508
f 1508 159 1505
f 1505 1507 1508
f 1342 88 1509
f 1509 161 1510
f 1510 89 1342
f 1342 1509 1510
f 1509 88 1511
f 1511 162 1512
f 1512 161 1509
f 1509 1511 1512
f 1514 164 1519
f 1519 166 1518
f 1518 163 1514
f 1514 1519 1518
f 1519 164 1517
f 1517 165 1520
f 1520 166 1519
f 1519 1517 1520
f 1475 141 1521
f 1521 167 1522
f 1522 143 1475
f 1475 1521 1522
f 1521 141 1526
f 1526 168 1529
f 1529 167 1521
f 1521 1526 1529
f 1471 137 1525
f 1525 168 1526
f 1526 141 1471
f 1471 1525 1526
f 1525 137 1530
f 1530 169 1534
f 1534 168 1525
f 1525 1530 1534
f 1541 171 1537
f 1537 135 1536
f 1536 170 1541
f 1541 1537 1536
f 1537 171 1538
f 1538 140 1467
f 1467 135 1537
f 1537 1538 1467
f 1460 134 1535
f 1535 170 1536
f 1536 135 1460
f 1460 1535 1536
f 1535 134 1543
f 1543 172 1544
f 1544 170 1535
f 1535 1543 1544
f 1552 174 1548
f 1548 130 1545
f 1545 173 1552
f 1552 1548 1545
f 1548 174 1549
f 1549 131 1452
f 1452 130 1548
f 1548 1549 1452
f 1483 147 1556
f 1556 176 1557
f 1557 148 1483
f 1483 1556 1557
f 1556 147 1553
f 1553 175 1559
f 1559 176 1556
f 1556 1553 1559
f 1563 178 1572
f 1572 180 1571
f 1571 177 1563
f 1563 1572 1571
f 1572 178 1568
f 1568 179 1573
f 1573 180 1572
f 1572 1568 1573
f 1560 153 1574
f 1574 181 1575
f 1575 177 1560
f 1560 1574 1575
f 1574 153 1577
f 1577 182 1578
f 1578 181 1574
f 1574 1577 1578
f 1583 184 1582
f 1582 136 1579
f 1579 183 1583
f 1583 1582 1579
f 1582 184 1581
f 1581 133 1461
f 1461 136 1582
f 1582 1581 1461
f 1586 183 1580
f 1580 139 1585
f 1585 185 1586
f 1586 1580 1585
f 1580 183 1579
f 1579 136 1464
f 1464 139 1580
f 1580 1579 1464
f 1591 187 1590
f 1590 144 1587
f 1587 186 1591
f 1591 1590 1587
f 1590 187 1589
f 1589 142 1477
f 1477 144 1590
f 1590 1589 1477
f 1562 178 1593
f 1593 188 1592
f 1592 146 1562
f 1562 1593 1592
f 1593 178 1596
f 1596 189 1598
f 1598 188 1593
f 1593 1596 1598
f 1602 192 1601
f 1601 190 1599
f 1599 191 1602
f 1602 1601 1599
f 1601 192 1606
f 1606 193 1605
f 1605 190 1601
f 1601 1606 1605
f 1614 196 1613
f 1613 194 1609
f 1609 195 1614
f 1614 1613 1609
f 1613 196 1617
f 1617 197 1616
f 1616 194 1613
f 1613 1617 1616
f 1623 199 1620
f 1620 183 1618
f 1618 198 1623
f 1623 1620 1618
f 1620 199 1621
f 1621 184 1583
f 1583 183 1620
f 1620 1621 1583
f 1625 198 1619
f 1619 185 1624
f 1624 200 1625
f 1625 1619 1624
f 1619 198 1618
f 1618 183 1586
f 1586 185 1619
f 1619 1618 1586
f 1630 202 1628
f 1628 187 1627
f 1627 201 1630
f 1630 1628 1627
f 1628 202 1636
f 1636 203 1634
f 1634 187 1628
f 1628 1636 1634
f 1639 201 1626
f 1626 186 1637
f 1637 204 1639
f 1639 1626 1637
f 1626 201 1627
f 1627 187 1591
f 1591 186 1626
f 1626 1627 1591
f 1641 204 1640
f 1640 205 1642
f 1642 206 1641
f 1641 1640 1642
f 1640 204 1644
f 1644 207 1645
f 1645 205 1640
f 1640 1644 1645
f 1644 204 1638
f 1638 188 1643
f 1643 207 1644
f 1644 1638 1643
f 1638 204 1637
f 1637 186 1594
f 1594 188 1638
f 1638 1637 1594
f 1648 210 1647
f 1647 208 1646
f 1646 209 1648
f 1648 1647 1646
f 1647 210 1650
f 1650 211 1649
f 1649 208 1647
f 1647 1650 1649
f 1654 213 1652
f 1652 190 1651
f 1651 212 1654
f 1654 1652 1651
f 1652 213 1653
f 1653 191 1599
f 1599 190 1652
f 1652 1653 1599
f 1659 215 1658
f 1658 197 1655
f 1655 214 1659
f 1659 1658 1655
f 1658 215 1657
f 1657 194 1616
f 1616 197 1658
f 1658 1657 1616
f 1664 218 1663
f 1663 216 1660
f 1660 217 1664
f 1664 1663 1660
f 1663 218 1669
f 1669 219 1668
f 1668 216 1663
f 1663 1669 1668
f 1672 222 1671
f 1671 220 1670
f 1670 221 1672
f 1672 1671 1670
f 1671 222 1674
f 1674 223 1673
f 1673 220 1671
f 1671 1674 1673
f 1679 226 1678
f 1678 224 1677
f 1677 225 1679
f 1679 1678 1677
f 1678 226 1682
f 1682 227 1681
f 1681 224 1678
f 1678 1682 1681
f 1686 230 1685
f 1685 228 1683
f 1683 229 1686
f 1686 1685 1683
f 1685 230 1690
f 1690 231 1689
f 1689 228 1685
f 1685 1690 1689
f 1694 233 1702
f 1702 235 1701
f 1701 232 1694
f 1694 1702 1701
f 1702 233 1697
f 1697 234 1703
f 1703 235 1702
f 1702 1697 1703
f 1710 237 1708
f 1708 232 1705
f 1705 236 1710
f 1710 1708 1705
f 1708 237 1709
f 1709 233 1694
f 1694 232 1708
f 1708 1709 1694
f 1715 240 1714
f 1714 238 1711
f 1711 239 1715
f 1715 1714 1711
f 1714 240 1718
f 1718 241 1717
f 1717 238 1714
f 1714 1718 1717
f 1722 244 1721
f 1721 242 1720
f 1720 243 1722
f 1722 1721 1720
f 1721 244 1726
f 1726 245 1725
f 1725 242 1721
f 1721 1726 1725
f 1730 248 1729
f 1729 246 1727
f 1727 247 1730
f 1730 1729 1727
f 1729 248 1734
f 1734 249 1733
f 1733 246 1729
f 1729 1734 1733
f 1745 252 1744
f 1744 250 1739
f 1739 251 1745
f 1745 1744 1739
f 1744 252 1740
f 1740 210 1736
f 1736 250 1744
f 1744 1740 1736
f 1747 253 1750
f 1750 255 1749
f 1749 250 1747
f 1747 1750 1749
f 1750 253 1748
f 1748 254 1751
f 1751 255 1750
f 1750 1748 1751
f 1752 256 1753
f 1753 239 1711
f 1711 238 1752
f 1752 1753 1711
f 1753 256 1755
f 1755 257 1754
f 1754 239 1753
f 1753 1755 1754
f 1758 259 1762
f 1762 261 1761
f 1761 258 1758
f 1758 1762 1761
f 1762 259 1760
f 1760 260 1763
f 1763 261 1762
f 1762 1760 1763
f 1767 264 1766
f 1766 262 1764
f 1764 263 1767
f 1767 1766 1764
f 1766 264 1771
f 1771 265 1770
f 1770 262 1766
f 1766 1771 1770
f 1779 268 1778
f 1778 266 1775
f 1775 267 1779
f 1779 1778 1775
f 1778 268 1776
f 1776 247 1772
f 1772 266 1778
f 1778 1776 1772
f 1780 269 1781
f 1781 247 1727
f 1727 246 1780
f 1780 1781 1727
f 1781 269 1782
f 1782 266 1772
f 1772 247 1781
f 1781 1782 1772
f 1785 270 1783
f 1783 246 1737
f 1737 251 1785
f 1785 1783 1737
f 1783 270 1787
f 1787 269 1780
f 1780 246 1783
f 1783 1787 1780
f 1739 250 1784
f 1784 270 1785
f 1785 251 1739
f 1739 1784 1785
f 1784 250 1749
f 1749 255 1786
f 1786 270 1784
f 1784 1749 1786
f 1793 273 1792
f 1792 271 1790
f 1790 272 1793
f 1793 1792 1790
f 1792 273 1795
f 1795 274 1794
f 1794 271 1792
f 1792 1795 1794
f 1801 86 1797
f 1797 275 1802
f 1802 276 1801
f 1801 1797 1802
f 1797 86 1338
f 1338 85 1796
f 1796 275 1797
f 1797 1338 1796
f 1805 90 1804
f 1804 277 1807
f 1807 278 1805
f 1805 1804 1807
f 1804 90 1346
f 1346 89 1803
f 1803 277 1804
f 1804 1346 1803
f 1809 279 1808
f 1808 89 1510
f 1510 161 1809
f 1809 1808 1510
f 1808 279 1810
f 1810 277 1803
f 1803 89 1808
f 1808 1810 1803
f 1811 280 1815
f 1815 175 1553
f 1553 147 1811
f 1811 1815 1553
f 1815 280 1820
f 1820 281 1818
f 1818 175 1815
f 1815 1820 1818
f 1485 150 1812
f 1812 280 1811
f 1811 147 1485
f 1485 1812 1811
f 1812 150 1821
f 1821 282 1824
f 1824 280 1812
f 1812 1821 1824
f 1602 191 1826
f 1826 283 1827
f 1827 192 1602
f 1602 1826 1827
f 1826 191 1829
f 1829 284 1831
f 1831 283 1826
f 1826 1829 1831
f 1833 213 1832
f 1832 285 1835
f 1835 286 1833
f 1833 1832 1835
f 1832 213 1837
f 1837 287 1839
f 1839 285 1832
f 1832 1837 1839
f 1843 221 1841
f 1841 288 1846
f 1846 289 1843
f 1843 1841 1846
f 1841 221 1670
f 1670 220 1840
f 1840 288 1841
f 1841 1670 1840
f 1852 291 1849
f 1849 239 1847
f 1847 290 1852
f 1852 1849 1847
f 1849 291 1850
f 1850 240 1715
f 1715 239 1849
f 1849 1850 1715
f 1754 257 1848
f 1848 290 1847
f 1847 239 1754
f 1754 1848 1847
f 1848 257 1853
f 1853 292 1854
f 1854 290 1848
f 1848 1853 1854
f 1858 295 1857
f 1857 293 1856
f 1856 294 1858
f 1858 1857 1856
f 1857 295 1860
f 1860 296 1859
f 1859 293 1857
f 1857 1860 1859
f 1864 299 1863
f 1863 297 1861
f 1861 298 1864
f 1864 1863 1861
f 1863 299 1868
f 1868 300 1867
f 1867 297 1863
f 1863 1868 1867
f 1872 164 1513
f 1513 145 1870
f 1870 301 1872
f 1872 1513 1870
f 1513 164 1567
f 1567 179 1564
f 1564 145 1513
f 1513 1567 1564
f 1500 156 1527
f 1527 168 1528
f 1528 157 1500
f 1500 1527 1528
f 1527 156 1524
f 1524 167 1529
f 1529 168 1527
f 1527 1524 1529
f 1540 171 1539
f 1539 158 1533
f 1533 169 1540
f 1540 1539 1533
f 1539 171 1879
f 1879 302 1877
f 1877 158 1539
f 1539 1879 1877
f 1890 304 1888
f 1888 172 1883
f 1883 303 1890
f 1890 1888 1883
f 1888 304 1887
f 1887 170 1544
f 1544 172 1888
f 1888 1887 1544
f 1512 162 1555
f 1555 175 1554
f 1554 161 1512
f 1512 1555 1554
f 1555 162 1558
f 1558 176 1559
f 1559 175 1555
f 1555 1558 1559
f 1898 306 1905
f 1905 308 1904
f 1904 305 1898
f 1898 1905 1904
f 1905 306 1901
f 1901 307 1906
f 1906 308 1905
f 1905 1901 1906
f 1594 186 1588
f 1588 146 1592
f 1592 188 1594
f 1594 1588 1592
f 1588 186 1587
f 1587 144 1481
f 1481 146 1588
f 1588 1587 1481
f 1473 142 1632
f 1632 203 1631
f 1631 138 1473
f 1473 1632 1631
f 1632 142 1589
f 1589 187 1634
f 1634 203 1632
f 1632 1589 1634
f 1453 132 1608
f 1608 195 1607
f 1607 129 1453
f 1453 1608 1607
f 1608 132 1610
f 1610 196 1614
f 1614 195 1608
f 1608 1610 1614
f 1603 193 1604
f 1604 150 1487
f 1487 149 1603
f 1603 1604 1487
f 1604 193 1606
f 1606 192 1600
f 1600 150 1604
f 1604 1606 1600
f 1600 192 1823
f 1823 282 1821
f 1821 150 1600
f 1600 1823 1821
f 1823 192 1827
f 1827 283 1828
f 1828 282 1823
f 1823 1827 1828
f 1916 311 1915
f 1915 309 1911
f 1911 310 1916
f 1916 1915 1911
f 1915 311 1912
f 1912 236 1908
f 1908 309 1915
f 1915 1912 1908
f 1907 205 1917
f 1917 312 1919
f 1919 309 1907
f 1907 1917 1919
f 1917 205 1645
f 1645 207 1918
f 1918 312 1917
f 1917 1645 1918
f 1698 235 1700
f 1700 219 1667
f 1667 206 1698
f 1698 1700 1667
f 1700 235 1699
f 1699 216 1668
f 1668 219 1700
f 1700 1699 1668
f 1927 314 1926
f 1926 200 1921
f 1921 313 1927
f 1927 1926 1921
f 1926 314 1925
f 1925 198 1625
f 1625 200 1926
f 1926 1925 1625
f 1934 316 1937
f 1937 317 1936
f 1936 315 1934
f 1934 1937 1936
f 1937 316 1933
f 1933 314 1935
f 1935 317 1937
f 1937 1933 1935
f 1947 320 1946
f 1946 318 1943
f 1943 319 1947
f 1947 1946 1943
f 1946 320 1950
f 1950 321 1949
f 1949 318 1946
f 1946 1950 1949
f 1955 323 1954
f 1954 68 1951
f 1951 322 1955
f 1955 1954 1951
f 1954 323 1959
f 1959 324 1958
f 1958 68 1954
f 1954 1959 1958
f 1961 325 1960
f 1960 45 1257
f 1257 48 1961
f 1961 1960 1257
f 1960 325 1963
f 1963 326 1962
f 1962 45 1960
f 1960 1963 1962
f 1969 328 1968
f 1968 300 1965
f 1965 327 1969
f 1969 1968 1965
f 1968 328 1967
f 1967 297 1867
f 1867 300 1968
f 1968 1967 1867
f 1974 331 1973
f 1973 329 1971
f 1971 330 1974
f 1974 1973 1971
f 1973 331 1972
f 1972 298 1970
f 1970 329 1973
f 1973 1972 1970
f 1980 334 1979
f 1979 332 1978
f 1978 333 1980
f 1980 1979 1978
f 1979 334 1984
f 1984 335 1983
f 1983 332 1979
f 1979 1984 1983
f 1986 336 1985
f 1985 21 1214
f 1214 24 1986
f 1986 1985 1214
f 1985 336 1989
f 1989 337 1987
f 1987 21 1985
f 1985 1989 1987
f 1218 27 1219
f 1219 11 1196
f 1196 10 1218
f 1218 1219 1196
f 1219 27 1993
f 1993 338 1990
f 1990 11 1219
f 1219 1993 1990
f 1997 339 1996
f 1996 17 1209
f 1209 20 1997
f 1997 1996 1209
f 1996 339 1999
f 1999 340 1998
f 1998 17 1996
f 1996 1999 1998
f 1324 58 1281
f 1281 28 1323
f 1323 78 1324
f 1324 1281 1323
f 1281 58 1280
f 1280 25 1223
f 1223 28 1281
f 1281 1280 1223
f 2001 341 2002
f 2002 78 1323
f 1323 28 2001
f 2001 2002 1323
f 2002 341 2006
f 2006 342 2004
f 2004 78 2002
f 2002 2006 2004
f 1977 333 2010
f 2010 343 2008
f 2008 296 1977
f 1977 2010 2008
f 2010 333 1978
f 1978 332 2009
f 2009 343 2010
f 2010 1978 2009
f 2014 48 2012
f 2012 344 2017
f 2017 345 2014
f 2014 2012 2017
f 2012 48 1258
f 1258 47 2011
f 2011 344 2012
f 2012 1258 2011
f 1552 173 1547
f 1547 160 1550
f 1550 174 1552
f 1552 1547 1550
f 1547 173 1546
f 1546 159 1508
f 1508 160 1547
f 1547 1546 1508
f 1310 74 1311
f 1311 56 1276
f 1276 55 1310
f 1310 1311 1276
f 1311 74 1312
f 1312 73 1309
f 1309 56 1311
f 1311 1312 1309
f 2018 346 2019
f 2019 298 1861
f 1861 297 2018
f 2018 2019 1861
f 2019 346 2020
f 2020 329 1970
f 1970 298 2019
f 2019 2020 1970
f 2022 347 2021
f 2021 297 1967
f 1967 328 2022
f 2022 2021 1967
f 2021 347 2023
f 2023 346 2018
f 2018 297 2021
f 2021 2023 2018
f 2026 337 2025
f 2025 348 2027
f 2027 349 2026
f 2026 2025 2027
f 2025 337 1989
f 1989 336 2024
f 2024 348 2025
f 2025 1989 2024
f 1874 301 1869
f 1869 143 1522
f 1522 167 1874
f 1874 1869 1522
f 1869 301 1870
f 1870 145 1479
f 1479 143 1869
f 1869 1870 1479
f 2028 29 2030
f 2030 351 2032
f 2032 350 2028
f 2028 2030 2032
f 2030 29 1228
f 1228 32 2031
f 2031 351 2030
f 2030 1228 2031
f 2034 352 2033
f 2033 346 2023
f 2023 347 2034
f 2034 2033 2023
f 2033 352 2037
f 2037 353 2036
f 2036 346 2033
f 2033 2037 2036
f 2038 354 2041
f 2041 273 1791
f 1791 76 2038
f 2038 2041 1791
f 2041 354 2046
f 2046 355 2043
f 2043 273 2041
f 2041 2046 2043
f 1983 335 1981
f 1981 64 1975
f 1975 332 1983
f 1983 1981 1975
f 1981 335 1982
f 1982 97 1366
f 1366 64 1981
f 1981 1982 1366
f 1309 73 2049
f 2049 356 2048
f 2048 56 1309
f 1309 2049 2048
f 2049 73 1788
f 1788 272 2050
f 2050 356 2049
f 2049 1788 2050
f 2057 359 2056
f 2056 357 2054
f 2054 358 2057
f 2057 2056 2054
f 2056 359 2055
f 2055 356 2053
f 2053 357 2056
f 2056 2055 2053
f 2065 67 2060
f 2060 360 2067
f 2067 361 2065
f 2065 2060 2067
f 2060 67 1300
f 1300 66 2059
f 2059 360 2060
f 2060 1300 2059
f 1802 275 2070
f 2070 362 2071
f 2071 276 1802
f 1802 2070 2071
f 2070 275 2074
f 2074 363 2078
f 2078 362 2070
f 2070 2074 2078
f 1939 319 1940
f 1940 278 1807
f 1807 277 1939
f 1939 1940 1807
f 1940 319 1943
f 1943 318 1938
f 1938 278 1940
f 1940 1943 1938
f 1903 308 1902
f 1902 277 1810
f 1810 279 1903
f 1903 1902 1810
f 1902 308 1942
f 1942 319 1939
f 1939 277 1902
f 1902 1942 1939
f 1903 279 1893
f 1893 305 1904
f 1904 308 1903
f 1903 1893 1904
f 1893 279 1819
f 1819 281 1894
f 1894 305 1893
f 1893 1819 1894
f 1813 151 1816
f 1816 281 1820
f 1820 280 1813
f 1813 1816 1820
f 1816 151 1891
f 1891 305 1894
f 1894 281 1816
f 1816 1891 1894
f 1813 280 1814
f 1814 152 1488
f 1488 151 1813
f 1813 1814 1488
f 1814 280 1824
f 1824 282 1822
f 1822 152 1814
f 1814 1824 1822
f 1828 283 1825
f 1825 152 1822
f 1822 282 1828
f 1828 1825 1822
f 1825 283 2081
f 2081 364 2079
f 2079 152 1825
f 1825 2081 2079
f 1831 284 2082
f 2082 364 2081
f 2081 283 1831
f 1831 2082 2081
f 2082 284 2083
f 2083 365 2087
f 2087 364 2082
f 2082 2083 2087
f 1834 286 2084
f 2084 365 2083
f 2083 284 1834
f 1834 2084 2083
f 2084 286 1910
f 1910 310 2085
f 2085 365 2084
f 2084 1910 2085
f 1844 289 1914
f 1914 311 1913
f 1913 285 1844
f 1844 1914 1913
f 1914 289 2091
f 2091 366 2092
f 2092 311 1914
f 1914 2091 2092
f 1851 291 2096
f 2096 367 2095
f 2095 288 1851
f 1851 2096 2095
f 2096 291 2102
f 2102 368 2103
f 2103 367 2096
f 2096 2102 2103
f 1854 292 2109
f 2109 370 2108
f 2108 290 1854
f 1854 2109 2108
f 2109 292 2105
f 2105 369 2111
f 2111 370 2109
f 2109 2105 2111
f 1190 2 1317
f 1317 77 1319
f 1319 7 1190
f 1190 1317 1319
f 1317 2 1188
f 1188 6 1318
f 1318 77 1317
f 1317 1188 1318
f 2112 371 2113
f 2113 4 1185
f 1185 3 2112
f 2112 2113 1185
f 2113 371 2116
f 2116 372 2115
f 2115 4 2113
f 2113 2116 2115
f 1304 71 1952
f 1952 322 1951
f 1951 68 1304
f 1304 1952 1951
f 1952 71 2117
f 2117 373 2118
f 2118 322 1952
f 1952 2117 2118
f 2009 332 1976
f 1976 67 2007
f 2007 343 2009
f 2009 1976 2007
f 1976 332 1975
f 1975 64 1299
f 1299 67 1976
f 1976 1975 1299
f 2124 375 2121
f 2121 46 2119
f 2119 374 2124
f 2124 2121 2119
f 2121 375 2122
f 2122 47 1256
f 1256 46 2121
f 2121 2122 1256
f 2125 376 2126
f 2126 76 1316
f 1316 75 2125
f 2125 2126 1316
f 2126 376 2129
f 2129 354 2038
f 2038 76 2126
f 2126 2129 2038
f 2131 377 2130
f 2130 3 1192
f 1192 8 2131
f 2131 2130 1192
f 2130 377 2135
f 2135 371 2112
f 2112 3 2130
f 2130 2135 2112
f 2138 378 2139
f 2139 100 1374
f 1374 99 2138
f 2138 2139 1374
f 2139 378 2145
f 2145 379 2143
f 2143 100 2139
f 2139 2145 2143
f 2157 382 2156
f 2156 380 2153
f 2153 381 2157
f 2157 2156 2153
f 2156 382 2161
f 2161 383 2160
f 2160 380 2156
f 2156 2161 2160
f 2165 384 2166
f 2166 383 2161
f 2161 382 2165
f 2165 2166 2161
f 2166 384 2172
f 2172 385 2171
f 2171 383 2166
f 2166 2172 2171
f 1393 107 1394
f 1394 106 1389
f 1389 105 1393
f 1393 1394 1389
f 1394 107 1398
f 1398 108 1397
f 1397 106 1394
f 1394 1398 1397
f 1446 128 1447
f 1447 124 1438
f 1438 123 1446
f 1446 1447 1438
f 1447 128 1449
f 1449 127 1443
f 1443 124 1447
f 1447 1449 1443
f 2176 320 1944
f 1944 166 2175
f 2175 386 2176
f 2176 1944 2175
f 1944 320 1945
f 1945 307 1900
f 1900 166 1944
f 1944 1945 1900
f 1491 154 1892
f 1892 305 1891
f 1891 151 1491
f 1491 1892 1891
f 1892 154 1895
f 1895 306 1898
f 1898 305 1892
f 1892 1895 1898
f 1455 132 1457
f 1457 134 1458
f 1458 133 1455
f 1455 1457 1458
f 1457 132 1454
f 1454 131 1456
f 1456 134 1457
f 1457 1454 1456
f 1406 112 1494
f 1494 155 1493
f 1493 109 1406
f 1406 1494 1493
f 1494 112 1515
f 1515 165 1516
f 1516 155 1494
f 1494 1515 1516
f 1500 157 1498
f 1498 113 1496
f 1496 156 1500
f 1500 1498 1496
f 1498 157 1499
f 1499 115 1414
f 1414 113 1498
f 1498 1499 1414
f 1432 119 1885
f 1885 304 1886
f 1886 122 1432
f 1432 1885 1886
f 1885 119 1876
f 1876 302 1889
f 1889 304 1885
f 1885 1876 1889
f 1890 303 1880
f 1880 122 1886
f 1886 304 1890
f 1890 1880 1886
f 1880 303 1881
f 1881 123 1436
f 1436 122 1880
f 1880 1881 1436
f 1882 160 1506
f 1506 123 1881
f 1881 303 1882
f 1882 1506 1881
f 1506 160 1507
f 1507 128 1446
f 1446 123 1506
f 1506 1507 1446
f 1551 172 1542
f 1542 131 1549
f 1549 174 1551
f 1551 1542 1549
f 1542 172 1543
f 1543 134 1456
f 1456 131 1542
f 1542 1543 1456
f 1612 196 1611
f 1611 133 1581
f 1581 184 1612
f 1612 1611 1581
f 1611 196 1610
f 1610 132 1455
f 1455 133 1611
f 1611 1610 1455
f 1622 197 1615
f 1615 184 1621
f 1621 199 1622
f 1622 1615 1621
f 1615 197 1617
f 1617 196 1612
f 1612 184 1615
f 1615 1617 1612
f 1932 214 1656
f 1656 199 1931
f 1931 316 1932
f 1932 1656 1931
f 1656 214 1655
f 1655 197 1622
f 1622 199 1656
f 1656 1655 1622
f 2092 366 2088
f 2088 236 1912
f 1912 311 2092
f 2092 2088 1912
f 2088 366 2089
f 2089 237 1710
f 1710 236 2088
f 2088 2089 1710
f 1677 224 2178
f 2178 387 2179
f 2179 225 1677
f 1677 2178 2179
f 2178 224 1929
f 1929 315 2181
f 2181 387 2178
f 2178 1929 2181
f 2185 387 2182
f 2182 388 2186
f 2186 389 2185
f 2185 2182 2186
f 2182 387 2189
f 2189 390 2190
f 2190 388 2182
f 2182 2189 2190
f 2200 392 2198
f 2198 317 2195
f 2195 391 2200
f 2200 2198 2195
f 2198 392 2199
f 2199 390 2188
f 2188 317 2198
f 2198 2199 2188
f 1689 231 2203
f 2203 393 2202
f 2202 228 1689
f 1689 2203 2202
f 2203 231 1696
f 1696 234 2205
f 2205 393 2203
f 2203 1696 2205
f 2099 368 2100
f 2100 253 1746
f 1746 209 2099
f 2099 2100 1746
f 2100 368 2110
f 2110 370 2106
f 2106 253 2100
f 2100 2110 2106
f 2207 394 2208
f 2208 260 1759
f 1759 243 2207
f 2207 2208 1759
f 2208 394 2209
f 2209 265 1768
f 1768 260 2208
f 2208 2209 1768
f 2216 395 2213
f 2213 265 2209
f 2209 394 2216
f 2216 2213 2209
f 2213 395 2212
f 2212 262 1770
f 1770 265 2213
f 2213 2212 1770
f 2227 397 2225
f 2225 388 2219
f 2219 396 2227
f 2227 2225 2219
f 2225 397 2226
f 2226 395 2215
f 2215 388 2225
f 2225 2226 2215
f 1745 251 1738
f 1738 249 1743
f 1743 252 1745
f 1745 1738 1743
f 1738 251 1737
f 1737 246 1733
f 1733 249 1738
f 1738 1737 1733
f 2104 254 2107
f 2107 370 2111
f 2111 369 2104
f 2104 2107 2111
f 2107 254 1748
f 1748 253 2106
f 2106 370 2107
f 2107 1748 2106
f 1768 265 1769
f 1769 261 1763
f 1763 260 1768
f 1768 1769 1763
f 1769 265 1771
f 1771 264 1765
f 1765 261 1769
f 1769 1771 1765
f 2229 398 2230
f 2230 335 1984
f 1984 334 2229
f 2229 2230 1984
f 2230 398 2231
f 2231 355 2045
f 2045 335 2230
f 2230 2231 2045
f 2234 399 2233
f 2233 356 2055
f 2055 359 2234
f 2234 2233 2055
f 2233 399 2232
f 2232 38 2047
f 2047 356 2233
f 2233 2232 2047
f 2239 401 2238
f 2238 349 2235
f 2235 400 2239
f 2239 2238 2235
f 2238 401 2237
f 2237 337 2026
f 2026 349 2238
f 2238 2237 2026
f 2245 403 2243
f 2243 69 2240
f 2240 402 2245
f 2245 2243 2240
f 2243 403 2244
f 2244 70 1303
f 1303 69 2243
f 2243 2244 1303
f 2015 345 2016
f 2016 69 1301
f 1301 68 2015
f 2015 2016 1301
f 2016 345 2017
f 2017 344 2013
f 2013 69 2016
f 2016 2017 2013
f 1874 167 1523
f 1523 155 1871
f 1871 301 1874
f 1874 1523 1871
f 1523 167 1524
f 1524 156 1497
f 1497 155 1523
f 1523 1524 1497
f 1534 169 1532
f 1532 157 1528
f 1528 168 1534
f 1534 1532 1528
f 1532 169 1533
f 1533 158 1503
f 1503 157 1532
f 1532 1533 1503
f 1551 174 1884
f 1884 303 1883
f 1883 172 1551
f 1551 1884 1883
f 1884 174 1550
f 1550 160 1882
f 1882 303 1884
f 1884 1550 1882
f 1818 281 1817
f 1817 161 1554
f 1554 175 1818
f 1818 1817 1554
f 1817 281 1819
f 1819 279 1809
f 1809 161 1817
f 1817 1819 1809
f 2151 381 2152
f 2152 102 1380
f 1380 101 2151
f 2151 2152 1380
f 2152 381 2153
f 2153 380 2146
f 2146 102 2152
f 2152 2153 2146
f 2247 324 2029
f 2029 350 2249
f 2249 404 2247
f 2247 2029 2249
f 2029 324 1956
f 1956 29 2028
f 2028 350 2029
f 2029 1956 2028
f 2252 405 2250
f 2250 298 1972
f 1972 331 2252
f 2252 2250 1972
f 2250 405 2251
f 2251 299 1864
f 1864 298 2250
f 2250 2251 1864
f 1859 296 2257
f 2257 406 2256
f 2256 293 1859
f 1859 2257 2256
f 2257 296 2008
f 2008 343 2258
f 2258 406 2257
f 2257 2008 2258
f 2254 43 1855
f 1855 293 2256
f 2256 406 2254
f 2254 1855 2256
f 1855 43 2261
f 2261 407 2262
f 2262 293 1855
f 1855 2261 2262
f 1247 39 2264
f 2264 408 2265
f 2265 42 1247
f 1247 2264 2265
f 2264 39 2236
f 2236 401 2266
f 2266 408 2264
f 2264 2236 2266
f 2004 342 2003
f 2003 24 1322
f 1322 78 2004
f 2004 2003 1322
f 2003 342 2005
f 2005 336 1986
f 1986 24 2003
f 2003 2005 1986
f 1990 338 1991
f 1991 15 1202
f 1202 11 1990
f 1990 1991 1202
f 1991 338 1994
f 1994 37 1238
f 1238 15 1991
f 1991 1994 1238
f 2277 411 2276
f 2276 409 2273
f 2273 410 2277
f 2277 2276 2273
f 2276 411 2274
f 2274 36 2268
f 2268 409 2276
f 2276 2274 2268
f 2282 413 2280
f 2280 357 2279
f 2279 412 2282
f 2282 2280 2279
f 2280 413 2281
f 2281 358 2054
f 2054 357 2280
f 2280 2281 2054
f 2287 414 2283
f 2283 47 2122
f 2122 375 2287
f 2287 2283 2122
f 2283 414 2286
f 2286 344 2011
f 2011 47 2283
f 2283 2286 2011
f 2290 415 2291
f 2291 126 1441
f 1441 125 2290
f 2290 2291 1441
f 2291 415 2298
f 2298 416 2296
f 2296 126 2291
f 2291 2298 2296
f 2301 162 2292
f 2292 415 2303
f 2303 417 2301
f 2301 2292 2303
f 2292 162 1511
f 1511 88 2289
f 2289 415 2292
f 2292 1511 2289
f 2300 159 2305
f 2305 418 2308
f 2308 417 2300
f 2300 2305 2308
f 2305 159 1546
f 1546 173 2306
f 2306 418 2305
f 2305 1546 2306
f 2310 148 2304
f 2304 418 2313
f 2313 419 2310
f 2310 2304 2313
f 2304 148 1557
f 1557 176 2307
f 2307 418 2304
f 2304 1557 2307
f 2314 420 2315
f 2315 130 1450
f 1450 129 2314
f 2314 2315 1450
f 2315 420 2317
f 2317 419 2309
f 2309 130 2315
f 2315 2317 2309
f 1603 149 2319
f 2319 421 2320
f 2320 193 1603
f 1603 2319 2320
f 2319 149 2316
f 2316 420 2322
f 2322 421 2319
f 2319 2316 2322
f 2325 422 2326
f 2326 195 1609
f 1609 194 2325
f 2325 2326 1609
f 2326 422 2328
f 2328 421 2321
f 2321 195 2326
f 2326 2328 2321
f 2334 424 2337
f 2337 423 2329
f 2329 212 2334
f 2334 2337 2329
f 2337 424 2342
f 2342 425 2341
f 2341 423 2337
f 2337 2342 2341
f 2345 426 2346
f 2346 227 1682
f 1682 226 2345
f 2345 2346 1682
f 2346 426 2347
f 2347 425 2340
f 2340 227 2346
f 2346 2347 2340
f 2350 427 2351
f 2351 245 1726
f 1726 244 2350
f 2350 2351 1726
f 2351 427 2357
f 2357 428 2355
f 2355 245 2351
f 2351 2357 2355
f 2366 430 2362
f 2362 238 2358
f 2358 429 2366
f 2366 2362 2358
f 2362 430 2363
f 2363 256 1752
f 1752 238 2362
f 2362 2363 1752
f 1315 76 1789
f 1789 272 1788
f 1788 73 1315
f 1315 1789 1788
f 1789 76 1791
f 1791 273 1793
f 1793 272 1789
f 1789 1791 1793
f 2051 357 2052
f 2052 272 1790
f 1790 271 2051
f 2051 2052 1790
f 2052 357 2053
f 2053 356 2050
f 2050 272 2052
f 2052 2053 2050
f 2367 329 2035
f 2035 353 2370
f 2370 431 2367
f 2367 2035 2370
f 2035 329 2020
f 2020 346 2036
f 2036 353 2035
f 2035 2020 2036
f 2371 330 2368
f 2368 431 2373
f 2373 432 2371
f 2371 2368 2373
f 2368 330 1971
f 1971 329 2367
f 2367 431 2368
f 2368 1971 2367
f 2379 434 2378
f 2378 16 2374
f 2374 433 2379
f 2379 2378 2374
f 2378 434 2377
f 2377 13 1205
f 1205 16 2378
f 2378 2377 1205
f 1995 53 1268
f 1268 37 1994
f 1994 338 1995
f 1995 1268 1994
f 1268 53 1275
f 1275 56 1273
f 1273 37 1268
f 1268 1275 1273
f 2258 343 2066
f 2066 361 2259
f 2259 406 2258
f 2258 2066 2259
f 2066 343 2007
f 2007 67 2065
f 2065 361 2066
f 2066 2007 2065
f 2376 433 2375
f 2375 38 2232
f 2232 399 2376
f 2376 2375 2232
f 2375 433 2374
f 2374 16 1240
f 1240 38 2375
f 2375 2374 1240
f 2380 436 2386
f 2386 438 2385
f 2385 435 2380
f 2380 2386 2385
f 2386 436 2382
f 2382 437 2387
f 2387 438 2386
f 2386 2382 2387
f 2390 437 2388
f 2388 437 2391
f 2395 439 2392
f 2399 440 2396
f 2402 442 2401
f 2401 77 2398
f 2398 441 2402
f 2402 2401 2398
f 2401 442 2400
f 2400 34 1320
f 1320 77 2401
f 2401 2400 1320
f 2405 443 2403
f 2403 34 2400
f 2400 442 2405
f 2405 2403 2400
f 2403 443 2404
f 2404 35 1235
f 1235 34 2403
f 2403 2404 1235
f 2415 446 2414
f 2414 444 2412
f 2412 445 2415
f 2415 2414 2412
f 2414 446 2413
f 2413 373 2408
f 2408 444 2414
f 2414 2413 2408
f 2421 448 2419
f 2419 322 2416
f 2416 447 2421
f 2421 2419 2416
f 2419 448 2420
f 2420 323 1955
f 1955 322 2419
f 2419 2420 1955
f 2427 450 2425
f 2425 30 2422
f 2422 449 2427
f 2427 2425 2422
f 2425 450 2426
f 2426 31 1227
f 1227 30 2425
f 2425 2426 1227
f 2429 451 2428
f 2428 31 2426
f 2426 450 2429
f 2429 2428 2426
f 2428 451 2432
f 2432 452 2430
f 2430 31 2428
f 2428 2432 2430
f 2006 341 2440
f 2440 459 2441
f 2441 342 2006
f 2006 2440 2441
f 2440 341 2444
f 2444 460 2445
f 2445 459 2440
f 2440 2444 2445
f 2450 462 2449
f 2449 460 2447
f 2447 461 2450
f 2450 2449 2447
f 2449 462 2448
f 2448 459 2445
f 2445 460 2449
f 2449 2448 2445
f 2115 372 2453
f 2453 464 2452
f 2452 4 2115
f 2115 2453 2452
f 2453 372 2451
f 2451 463 2454
f 2454 464 2453
f 2453 2451 2454
f 1184 4 2456
f 2456 465 2455
f 2455 1 1184
f 1184 2456 2455
f 2456 4 2452
f 2452 464 2459
f 2459 465 2456
f 2456 2452 2459
f 2462 461 2446
f 2446 9 2460
f 2460 466 2462
f 2462 2446 2460
f 2446 461 2447
f 2447 460 2442
f 2442 9 2446
f 2446 2447 2442
f 2463 467 2464
f 2464 51 1262
f 1262 50 2463
f 2463 2464 1262
f 2464 467 2469
f 2469 468 2467
f 2467 51 2464
f 2464 2469 2467
f 2458 438 2383
f 2383 1 2455
f 2455 465 2458
f 2458 2383 2455
f 2383 438 2384
f 2384 5 1186
f 1186 1 2383
f 2383 2384 1186
f 2458 465 2457
f 2457 435 2385
f 2385 438 2458
f 2458 2457 2385
f 2457 465 2472
f 2472 469 2470
f 2470 435 2457
f 2457 2472 2470
f 2475 469 2471
f 2471 464 2474
f 2474 470 2475
f 2475 2471 2474
f 2471 469 2472
f 2472 465 2459
f 2459 464 2471
f 2471 2472 2459
f 2479 472 2478
f 2478 462 2477
f 2477 471 2479
f 2479 2478 2477
f 2478 472 2483
f 2483 473 2481
f 2481 462 2478
f 2478 2483 2481
f 2485 474 2486
f 2486 468 2469
f 2469 467 2485
f 2485 2486 2469
f 2486 474 2484
f 2484 466 2468
f 2468 468 2486
f 2486 2484 2468
f 2489 471 2476
f 2476 461 2487
f 2487 475 2489
f 2489 2476 2487
f 2476 471 2477
f 2477 462 2450
f 2450 461 2476
f 2476 2477 2450
f 2495 436 2433
f 2433 436 2498
f 1201 13 1260
f 1260 51 1261
f 1261 14 1201
f 1201 1260 1261
f 1260 13 1263
f 1263 52 1266
f 1266 51 1260
f 1260 1263 1266
f 1263 13 2499
f 2499 479 2501
f 2501 52 1263
f 1263 2499 2501
f 2499 13 2377
f 2377 434 2502
f 2502 479 2499
f 2499 2377 2502
f 2479 471 2503
f 2503 480 2504
f 2504 472 2479
f 2479 2503 2504
f 2503 471 2489
f 2489 475 2506
f 2506 480 2503
f 2503 2489 2506
f 2512 482 2509
f 2509 467 2508
f 2508 481 2512
f 2512 2509 2508
f 2509 482 2510
f 2510 474 2485
f 2485 467 2509
f 2509 2510 2485
f 2517 485 2516
f 2516 483 2515
f 2515 484 2517
f 2517 2516 2515
f 2516 485 2521
f 2521 486 2520
f 2520 483 2516
f 2516 2521 2520
f 2528 488 2526
f 2526 469 2522
f 2522 487 2528
f 2528 2526 2522
f 2526 488 2525
f 2525 435 2470
f 2470 469 2526
f 2526 2525 2470
f 2533 484 2532
f 2532 489 2536
f 2536 490 2533
f 2533 2532 2536
f 2532 484 2515
f 2515 483 2531
f 2531 489 2532
f 2532 2515 2531
f 2539 491 2538
f 2538 488 2535
f 2535 490 2539
f 2539 2538 2535
f 2538 491 2537
f 2537 478 2527
f 2527 488 2538
f 2538 2537 2527
f 2475 470 2523
f 2523 487 2522
f 2522 469 2475
f 2475 2523 2522
f 2523 470 2540
f 2540 492 2543
f 2543 487 2523
f 2523 2540 2543
f 1204 14 1199
f 1199 11 1202
f 1202 15 1204
f 1204 1199 1202
f 1199 14 1200
f 1200 12 1198
f 1198 11 1199
f 1199 1200 1198
f 2467 468 2466
f 2466 14 1261
f 1261 51 2467
f 2467 2466 1261
f 2466 468 2465
f 2465 12 1200
f 1200 14 2466
f 2466 2465 1200
f 2547 493 2544
f 2544 339 2519
f 2519 486 2547
f 2547 2544 2519
f 2544 493 2550
f 2550 494 2548
f 2548 339 2544
f 2544 2550 2548
f 2548 494 2549
f 2549 340 1999
f 1999 339 2548
f 2548 2549 1999
f 2549 494 2552
f 2552 495 2551
f 2551 340 2549
f 2549 2552 2551
f 2556 497 2555
f 2555 495 2553
f 2553 496 2556
f 2556 2555 2553
f 2555 497 2554
f 2554 340 2551
f 2551 495 2555
f 2555 2554 2551
f 1997 20 2518
f 2518 486 2519
f 2519 339 1997
f 1997 2518 2519
f 2518 20 2514
f 2514 483 2520
f 2520 486 2518
f 2518 2514 2520
f 1211 19 2513
f 2513 483 2514
f 2514 20 1211
f 1211 2513 2514
f 2513 19 2529
f 2529 489 2531
f 2531 483 2513
f 2513 2529 2531
f 2491 476 2530
f 2530 489 2529
f 2529 19 2491
f 2491 2530 2529
f 2530 476 2557
f 2557 498 2558
f 2558 489 2530
f 2530 2557 2558
f 1295 63 1326
f 1326 79 1325
f 1325 62 1295
f 1295 1326 1325
f 1326 63 1327
f 1327 80 1328
f 1328 79 1326
f 1326 1327 1328
f 1949 321 2077
f 2077 363 2076
f 2076 318 1949
f 1949 2077 2076
f 2077 321 1948
f 1948 81 2073
f 2073 363 2077
f 2077 1948 2073
f 1345 90 1343
f 1343 84 1339
f 1339 87 1345
f 1345 1343 1339
f 1343 90 1344
f 1344 85 1335
f 1335 84 1343
f 1343 1344 1335
f 1368 98 1370
f 1370 86 1336
f 1336 65 1368
f 1368 1370 1336
f 1370 98 1369
f 1369 83 1337
f 1337 86 1370
f 1370 1369 1337
f 1349 91 1352
f 1352 93 1351
f 1351 60 1349
f 1349 1352 1351
f 1352 91 1356
f 1356 94 1358
f 1358 93 1352
f 1352 1356 1358
f 2565 111 1402
f 1402 82 2564
f 2564 499 2565
f 2565 1402 2564
f 1402 111 1403
f 1403 95 1360
f 1360 82 1402
f 1402 1403 1360
f 1314 74 1372
f 1372 100 1373
f 1373 75 1314
f 1314 1372 1373
f 1372 74 1376
f 1376 101 1378
f 1378 100 1372
f 1372 1376 1378
f 1445 126 1440
f 1440 102 1442
f 1442 127 1445
f 1445 1440 1442
f 1440 126 1439
f 1439 99 1379
f 1379 102 1440
f 1440 1439 1379
f 1283 59 1382
f 1382 104 1381
f 1381 57 1283
f 1283 1382 1381
f 1382 59 1384
f 1384 105 1387
f 1387 104 1382
f 1382 1384 1387
f 1424 118 1423
f 1423 106 1416
f 1416 116 1424
f 1424 1423 1416
f 1423 118 1422
f 1422 103 1388
f 1388 106 1423
f 1423 1422 1388
f 1291 60 1390
f 1390 107 1391
f 1391 61 1291
f 1291 1390 1391
f 1390 60 1351
f 1351 93 1392
f 1392 107 1390
f 1390 1351 1392
f 1412 114 1410
f 1410 92 1399
f 1399 110 1412
f 1412 1410 1399
f 1410 114 1411
f 1411 108 1395
f 1395 92 1410
f 1410 1411 1395
f 1298 65 1799
f 1799 276 1800
f 1800 66 1298
f 1298 1799 1800
f 1799 65 1336
f 1336 86 1801
f 1801 276 1799
f 1799 1336 1801
f 1344 90 1798
f 1798 275 1796
f 1796 85 1344
f 1344 1798 1796
f 1798 90 1805
f 1805 278 1806
f 1806 275 1798
f 1798 1805 1806
f 1800 276 2062
f 2062 360 2059
f 2059 66 1800
f 1800 2062 2059
f 2062 276 2071
f 2071 362 2072
f 2072 360 2062
f 2062 2071 2072
f 2076 363 2075
f 2075 278 1938
f 1938 318 2076
f 2076 2075 1938
f 2075 363 2074
f 2074 275 1806
f 1806 278 2075
f 2075 2074 1806
f 2296 416 2295
f 2295 99 1439
f 1439 126 2296
f 2296 2295 1439
f 2295 416 2297
f 2297 378 2138
f 2138 99 2295
f 2295 2297 2138
f 2128 376 2127
f 2127 83 1369
f 1369 98 2128
f 2128 2127 1369
f 2127 376 2144
f 2144 379 2141
f 2141 83 2127
f 2127 2144 2141
f 1272 54 2149
f 2149 381 2150
f 2150 55 1272
f 1272 2149 2150
f 2149 54 2154
f 2154 382 2157
f 2157 381 2149
f 2149 2154 2157
f 1437 124 2159
f 2159 383 2158
f 2158 121 1437
f 1437 2159 2158
f 2159 124 2147
f 2147 380 2160
f 2160 383 2159
f 2159 2147 2160
f 1364 96 2155
f 2155 382 2154
f 2154 54 1364
f 1364 2155 2154
f 2155 96 2163
f 2163 384 2165
f 2165 382 2155
f 2155 2163 2165
f 1429 120 1428
f 1428 103 1422
f 1422 118 1429
f 1429 1428 1422
f 1428 120 2169
f 2169 385 2167
f 2167 103 1428
f 1428 2169 2167
f 1290 61 1385
f 1385 105 1384
f 1384 59 1290
f 1290 1385 1384
f 1385 61 1391
f 1391 107 1393
f 1393 105 1385
f 1385 1391 1393
f 1418 116 1417
f 1417 108 1411
f 1411 114 1418
f 1418 1417 1411
f 1417 116 1416
f 1416 106 1397
f 1397 108 1417
f 1417 1416 1397
f 1310 55 1375
f 1375 101 1376
f 1376 74 1310
f 1310 1375 1376
f 1375 55 2150
f 2150 381 2151
f 2151 101 1375
f 1375 2150 2151
f 1443 127 2148
f 2148 380 2147
f 2147 124 1443
f 1443 2148 2147
f 2148 127 1442
f 1442 102 2146
f 2146 380 2148
f 2148 1442 2146
f 2332 423 2330
f 2330 221 1838
f 1838 287 2332
f 2332 2330 1838
f 2330 423 2331
f 2331 222 1672
f 1672 221 2330
f 2330 2331 1672
f 1725 245 1723
f 1723 225 1719
f 1719 242 1725
f 1725 1723 1719
f 1723 245 1724
f 1724 226 1679
f 1679 225 1723
f 1723 1724 1679
f 1687 231 1688
f 1688 217 1660
f 1660 216 1687
f 1687 1688 1660
f 1688 231 1690
f 1690 230 1684
f 1684 217 1688
f 1688 1690 1684
f 2201 393 2204
f 2204 233 1693
f 1693 211 2201
f 2201 2204 1693
f 2204 393 2205
f 2205 234 1697
f 1697 233 2204
f 2204 2205 1697
f 1649 211 1707
f 1707 237 1706
f 1706 208 1649
f 1649 1707 1706
f 1707 211 1693
f 1693 233 1709
f 1709 237 1707
f 1707 1693 1709
f 1839 287 1845
f 1845 289 1844
f 1844 285 1839
f 1839 1845 1844
f 1845 287 1838
f 1838 221 1843
f 1843 289 1845
f 1845 1838 1843
f 1846 288 2090
f 2090 366 2091
f 2091 289 1846
f 1846 2090 2091
f 2090 288 2095
f 2095 367 2097
f 2097 366 2090
f 2090 2095 2097
f 2097 367 2094
f 2094 237 2089
f 2089 366 2097
f 2097 2094 2089
f 2094 367 2093
f 2093 208 1706
f 1706 237 2094
f 2094 2093 1706
f 2183 242 2180
f 2180 387 2185
f 2185 389 2183
f 2183 2180 2185
f 2180 242 1719
f 1719 225 2179
f 2179 387 2180
f 2180 1719 2179
f 2181 315 2187
f 2187 390 2189
f 2189 387 2181
f 2181 2187 2189
f 2187 315 1936
f 1936 317 2188
f 2188 390 2187
f 2187 1936 2188
f 2221 392 2196
f 2196 229 2217
f 2217 396 2221
f 2221 2196 2217
f 2196 392 2197
f 2197 230 1686
f 1686 229 2196
f 2196 2197 1686
f 1703 234 1695
f 1695 216 1699
f 1699 235 1703
f 1703 1695 1699
f 1695 234 1696
f 1696 231 1687
f 1687 216 1695
f 1695 1696 1687
f 2355 428 2353
f 2353 226 1724
f 1724 245 2355
f 2355 2353 1724
f 2353 428 2356
f 2356 426 2345
f 2345 226 2353
f 2353 2356 2345
f 1698 206 1692
f 1692 232 1701
f 1701 235 1698
f 1698 1692 1701
f 1692 206 1642
f 1642 205 1691
f 1691 232 1692
f 1692 1642 1691
f 2332 287 1836
f 1836 212 2329
f 2329 423 2332
f 2332 1836 2329
f 1836 287 1837
f 1837 213 1654
f 1654 212 1836
f 1836 1837 1654
f 1675 224 1676
f 1676 215 1659
f 1659 214 1675
f 1675 1676 1659
f 1676 224 1681
f 1681 227 1680
f 1680 215 1676
f 1676 1681 1680
f 1630 201 1661
f 1661 218 1662
f 1662 202 1630
f 1630 1661 1662
f 1661 201 1665
f 1665 219 1669
f 1669 218 1661
f 1661 1665 1669
f 1834 284 1830
f 1830 213 1833
f 1833 286 1834
f 1834 1830 1833
f 1830 284 1829
f 1829 191 1653
f 1653 213 1830
f 1830 1829 1653
f 2085 310 1920
f 1920 312 2086
f 2086 365 2085
f 2085 1920 2086
f 1920 310 1911
f 1911 309 1919
f 1919 312 1920
f 1920 1911 1919
f 1691 205 1704
f 1704 236 1705
f 1705 232 1691
f 1691 1704 1705
f 1704 205 1907
f 1907 309 1908
f 1908 236 1704
f 1704 1907 1908
f 1639 204 1666
f 1666 219 1665
f 1665 201 1639
f 1639 1666 1665
f 1666 204 1641
f 1641 206 1667
f 1667 219 1666
f 1666 1641 1667
f 1664 217 1923
f 1923 313 1924
f 1924 218 1664
f 1664 1923 1924
f 1923 217 2191
f 2191 391 2193
f 2193 313 1923
f 1923 2191 2193
f 1623 198 1930
f 1930 316 1931
f 1931 199 1623
f 1623 1930 1931
f 1930 198 1925
f 1925 314 1933
f 1933 316 1930
f 1930 1925 1933
f 1835 285 1909
f 1909 310 1910
f 1910 286 1835
f 1835 1909 1910
f 1909 285 1913
f 1913 311 1916
f 1916 310 1909
f 1909 1913 1916
f 1675 214 1928
f 1928 315 1929
f 1929 224 1675
f 1675 1928 1929
f 1928 214 1932
f 1932 316 1934
f 1934 315 1928
f 1928 1932 1934
f 2323 422 2327
f 2327 212 1651
f 1651 190 2323
f 2323 2327 1651
f 2327 422 2336
f 2336 424 2334
f 2334 212 2327
f 2327 2336 2334
f 1747 250 1735
f 1735 209 1746
f 1746 253 1747
f 1747 1735 1746
f 1735 250 1736
f 1736 210 1648
f 1648 209 1735
f 1735 1736 1648
f 1673 223 1713
f 1713 240 1712
f 1712 220 1673
f 1673 1713 1712
f 1713 223 1716
f 1716 241 1718
f 1718 240 1713
f 1713 1716 1718
f 1760 259 1756
f 1756 243 1759
f 1759 260 1760
f 1760 1756 1759
f 1756 259 1757
f 1757 244 1722
f 1722 243 1756
f 1756 1757 1722
f 1731 249 1732
f 1732 229 1683
f 1683 228 1731
f 1731 1732 1683
f 1732 249 1734
f 1734 248 1728
f 1728 229 1732
f 1732 1734 1728
f 2201 211 1741
f 1741 252 2206
f 2206 393 2201
f 2201 1741 2206
f 1741 211 1650
f 1650 210 1740
f 1740 252 1741
f 1741 1650 1740
f 1712 240 1842
f 1842 288 1840
f 1840 220 1712
f 1712 1842 1840
f 1842 240 1850
f 1850 291 1851
f 1851 288 1842
f 1842 1850 1851
f 2110 368 2101
f 2101 290 2108
f 2108 370 2110
f 2110 2101 2108
f 2101 368 2102
f 2102 291 1852
f 1852 290 2101
f 2101 2102 1852
f 1646 208 2098
f 2098 368 2099
f 2099 209 1646
f 1646 2098 2099
f 2098 208 2093
f 2093 367 2103
f 2103 368 2098
f 2098 2093 2103
f 2183 389 2184
f 2184 243 1720
f 1720 242 2183
f 2183 2184 1720
f 2184 389 2211
f 2211 394 2207
f 2207 243 2184
f 2184 2211 2207
f 2186 388 2210
f 2210 394 2211
f 2211 389 2186
f 2186 2210 2211
f 2210 388 2215
f 2215 395 2216
f 2216 394 2210
f 2210 2215 2216
f 2224 397 2222
f 2222 247 1776
f 1776 268 2224
f 2224 2222 1776
f 2222 397 2223
f 2223 248 1730
f 1730 247 2222
f 2222 2223 1730
f 2206 252 1742
f 1742 228 2202
f 2202 393 2206
f 2206 1742 2202
f 1742 252 1743
f 1743 249 1731
f 1731 228 1742
f 1742 1743 1731
f 2360 429 2359
f 2359 244 1757
f 1757 259 2360
f 2360 2359 1757
f 2359 429 2361
f 2361 427 2350
f 2350 244 2359
f 2359 2361 2350
f 2013 344 2242
f 2242 402 2240
f 2240 69 2013
f 2013 2242 2240
f 2242 344 2286
f 2286 414 2288
f 2288 402 2242
f 2242 2286 2288
f 2578 501 2575
f 2575 330 2571
f 2571 500 2578
f 2578 2575 2571
f 2575 501 2576
f 2576 331 1974
f 1974 330 2575
f 2575 2576 1974
f 1306 72 2132
f 2132 377 2131
f 2131 8 1306
f 1306 2132 2131
f 2132 72 2579
f 2579 502 2581
f 2581 377 2132
f 2132 2579 2581
f 2589 372 2587
f 2587 503 2593
f 2593 504 2589
f 2589 2587 2593
f 2587 372 2116
f 2116 371 2586
f 2586 503 2587
f 2587 2116 2586
f 2603 506 2601
f 2601 374 2596
f 2596 505 2603
f 2603 2601 2596
f 2601 506 2602
f 2602 375 2124
f 2124 374 2601
f 2601 2602 2124
f 2586 371 2114
f 2114 348 2585
f 2585 503 2586
f 2586 2114 2585
f 2114 371 2135
f 2135 377 2133
f 2133 348 2114
f 2114 2135 2133
f 2275 411 2582
f 2582 502 2579
f 2579 72 2275
f 2275 2582 2579
f 2582 411 2607
f 2607 507 2608
f 2608 502 2582
f 2582 2607 2608
f 2609 508 2610
f 2610 402 2241
f 2241 294 2609
f 2609 2610 2241
f 2610 508 2611
f 2611 403 2245
f 2245 402 2610
f 2610 2611 2245
f 2618 509 2614
f 2614 331 2576
f 2576 501 2618
f 2618 2614 2576
f 2614 509 2617
f 2617 405 2252
f 2252 331 2614
f 2614 2617 2252
f 2598 295 2123
f 2123 375 2602
f 2602 506 2598
f 2598 2123 2602
f 2123 295 2285
f 2285 414 2287
f 2287 375 2123
f 2123 2285 2287
f 2572 500 2573
f 2573 432 2372
f 2372 412 2572
f 2572 2573 2372
f 2573 500 2571
f 2571 330 2371
f 2371 432 2573
f 2573 2571 2371
f 2482 463 2591
f 2591 504 2592
f 2592 473 2482
f 2482 2591 2592
f 2591 463 2451
f 2451 372 2589
f 2589 504 2591
f 2591 2451 2589
f 2621 470 2473
f 2473 463 2620
f 2620 510 2621
f 2621 2473 2620
f 2473 470 2474
f 2474 464 2454
f 2454 463 2473
f 2473 2474 2454
f 2628 492 2624
f 2624 510 2629
f 2629 511 2628
f 2628 2624 2629
f 2624 492 2540
f 2540 470 2621
f 2621 510 2624
f 2624 2540 2621
f 2521 485 2546
f 2546 493 2547
f 2547 486 2521
f 2521 2546 2547
f 2546 485 2632
f 2632 512 2634
f 2634 493 2546
f 2546 2632 2634
f 2638 513 2639
f 2639 493 2545
f 2545 481 2638
f 2638 2639 2545
f 2639 513 2640
f 2640 494 2550
f 2550 493 2639
f 2639 2640 2550
f 2645 514 2642
f 2642 494 2640
f 2640 513 2645
f 2645 2642 2640
f 2642 514 2643
f 2643 495 2552
f 2552 494 2642
f 2642 2643 2552
f 2646 496 2644
f 2644 514 2647
f 2647 515 2646
f 2646 2644 2647
f 2644 496 2553
f 2553 495 2643
f 2643 514 2644
f 2644 2553 2643
f 2650 516 2649
f 2649 345 2248
f 2248 404 2650
f 2650 2649 2248
f 2649 516 2648
f 2648 48 2014
f 2014 345 2649
f 2649 2648 2014
f 2657 518 2654
f 2654 351 2651
f 2651 517 2657
f 2657 2654 2651
f 2654 518 2653
f 2653 350 2032
f 2032 351 2654
f 2654 2653 2032
f 2658 519 2659
f 2659 517 2651
f 2651 351 2658
f 2658 2659 2651
f 2659 519 2661
f 2661 520 2660
f 2660 517 2659
f 2659 2661 2660
f 2657 517 2652
f 2652 516 2656
f 2656 518 2657
f 2657 2652 2656
f 2652 517 2665
f 2665 521 2664
f 2664 516 2652
f 2652 2665 2664
f 1273 56 1274
f 1274 38 1241
f 1241 37 1273
f 1273 1274 1241
f 1274 56 2048
f 2048 356 2047
f 2047 38 1274
f 1274 2048 2047
f 2669 521 2666
f 2666 520 2668
f 2668 522 2669
f 2669 2666 2668
f 2666 521 2665
f 2665 517 2660
f 2660 520 2666
f 2666 2665 2660
f 2670 523 2671
f 2671 326 1963
f 1963 325 2670
f 2670 2671 1963
f 2681 525 2679
f 2679 453 2675
f 2675 524 2681
f 2681 2679 2675
f 2679 525 2680
f 2680 454 2434
f 2434 453 2679
f 2679 2680 2434
f 2689 527 2687
f 2687 455 2684
f 2684 526 2689
f 2689 2687 2684
f 2687 527 2688
f 2688 456 2435
f 2435 455 2687
f 2687 2688 2435
f 2697 529 2694
f 2694 456 2688
f 2688 527 2697
f 2697 2694 2688
f 2694 529 2695
f 2695 457 2437
f 2437 456 2694
f 2694 2695 2437
f 2707 531 2705
f 2705 458 2701
f 2701 530 2707
f 2707 2705 2701
f 2439 458 2705
f 2492 18 2710
f 2710 533 2711
f 2711 477 2492
f 2492 2710 2711
f 2710 18 2709
f 2709 532 2712
f 2712 533 2710
f 2710 2709 2712
f 2496 437 2382
f 2382 436 2495
f 2495 2496 2382
f 2391 437 2496
f 2389 5 2381
f 2381 437 2390
f 2390 439 2389
f 2389 2381 2390
f 2381 5 2384
f 2384 438 2387
f 2387 437 2381
f 2381 2384 2387
f 1189 5 2393
f 2393 440 2394
f 2394 6 1189
f 1189 2393 2394
f 2393 5 2389
f 2389 439 2395
f 2395 440 2393
f 2393 2389 2395
f 1318 6 2397
f 2397 441 2398
f 2398 77 1318
f 1318 2397 2398
f 2397 6 2394
f 2394 440 2399
f 2399 441 2397
f 2397 2394 2399
f 2690 528 2691
f 2691 442 2402
f 2402 441 2690
f 2690 2691 2402
f 2706 531 2703
f 2703 442 2691
f 2691 528 2706
f 2706 2703 2691
f 2703 531 2704
f 2704 443 2405
f 2405 442 2703
f 2703 2704 2405
f 2702 525 2677
f 2677 445 2699
f 2699 530 2702
f 2702 2677 2699
f 2677 525 2678
f 2678 446 2415
f 2415 445 2677
f 2677 2678 2415
f 2696 529 2692
f 2692 447 2674
f 2674 524 2696
f 2696 2692 2674
f 2692 529 2693
f 2693 448 2421
f 2421 447 2692
f 2692 2693 2421
f 2689 526 2682
f 2682 449 2686
f 2686 527 2689
f 2689 2682 2686
f 2682 526 2683
f 2683 450 2427
f 2427 449 2682
f 2682 2683 2427
f 2715 534 2713
f 2713 450 2683
f 2683 526 2715
f 2715 2713 2683
f 2713 534 2714
f 2714 451 2429
f 2429 450 2713
f 2713 2714 2429
f 2491 19 2493
f 2493 477 2494
f 2494 476 2491
f 2491 2493 2494
f 2493 19 1208
f 1208 18 2492
f 2492 477 2493
f 2493 1208 2492
f 2380 435 2497
f 2497 478 2498
f 2498 436 2380
f 2380 2497 2498
f 2497 435 2525
f 2525 488 2527
f 2527 478 2497
f 2497 2525 2527
f 2561 491 2560
f 2560 498 2562
f 2561 2560 2562
f 2037 352 2369
f 2369 431 2370
f 2370 353 2037
f 2037 2369 2370
f 2369 352 2716
f 2716 535 2717
f 2717 431 2369
f 2369 2716 2717
f 2717 535 2718
f 2718 432 2373
f 2373 431 2717
f 2717 2718 2373
f 2718 535 2722
f 2722 536 2721
f 2721 432 2718
f 2718 2722 2721
f 2729 539 2728
f 2728 537 2727
f 2727 538 2729
f 2729 2728 2727
f 2728 539 2731
f 2731 540 2730
f 2730 537 2728
f 2728 2731 2730
f 2734 258 2732
f 2732 541 2736
f 2736 542 2734
f 2734 2732 2736
f 2732 258 1761
f 1761 261 2733
f 2733 541 2732
f 2732 1761 2733
f 2744 545 2743
f 2743 543 2742
f 2742 544 2744
f 2744 2743 2742
f 2743 545 2747
f 2747 546 2746
f 2746 543 2743
f 2743 2747 2746
f 2749 547 2748
f 2748 263 1774
f 1774 267 2749
f 2749 2748 1774
f 2748 547 2750
f 2750 544 2740
f 2740 263 2748
f 2748 2750 2740
f 2755 549 2761
f 2761 551 2760
f 2760 548 2755
f 2755 2761 2760
f 2761 549 2759
f 2759 550 2762
f 2762 551 2761
f 2761 2759 2762
f 2767 551 2766
f 2766 552 2768
f 2768 553 2767
f 2767 2766 2768
f 2766 551 2762
f 2762 550 2765
f 2765 552 2766
f 2766 2762 2765
f 1786 255 2763
f 2763 552 2764
f 2764 270 1786
f 1786 2763 2764
f 2763 255 2770
f 2770 554 2771
f 2771 552 2763
f 2763 2770 2771
f 2730 540 2776
f 2776 555 2775
f 2775 537 2730
f 2730 2776 2775
f 2776 540 2777
f 2777 556 2778
f 2778 555 2776
f 2776 2777 2778
f 2746 546 2745
f 2745 541 2739
f 2739 543 2746
f 2746 2745 2739
f 2745 546 2781
f 2781 557 2779
f 2779 541 2745
f 2745 2781 2779
f 2792 560 2791
f 2791 558 2786
f 2786 559 2792
f 2792 2791 2786
f 2791 560 2790
f 2790 542 2782
f 2782 558 2791
f 2791 2790 2782
f 2795 540 2794
f 2794 561 2797
f 2797 562 2795
f 2795 2794 2797
f 2794 540 2731
f 2731 539 2793
f 2793 561 2794
f 2794 2731 2793
f 2800 558 2799
f 2799 563 2802
f 2802 564 2800
f 2800 2799 2802
f 2799 558 2783
f 2783 557 2798
f 2798 563 2799
f 2799 2783 2798
f 2805 546 2804
f 2804 565 2808
f 2808 566 2805
f 2805 2804 2808
f 2804 546 2747
f 2747 545 2803
f 2803 565 2804
f 2804 2747 2803
f 2818 569 2817
f 2817 567 2812
f 2812 568 2818
f 2818 2817 2812
f 2817 569 2816
f 2816 548 2809
f 2809 567 2817
f 2817 2816 2809
f 2809 548 2819
f 2819 570 2822
f 2822 567 2809
f 2809 2819 2822
f 2819 548 2760
f 2760 551 2820
f 2820 570 2819
f 2819 2760 2820
f 2824 570 2821
f 2821 553 2823
f 2823 571 2824
f 2824 2821 2823
f 2821 570 2820
f 2820 551 2767
f 2767 553 2821
f 2821 2820 2767
f 2825 556 2796
f 2796 562 2826
f 2826 572 2825
f 2825 2796 2826
f 2796 556 2777
f 2777 540 2795
f 2795 562 2796
f 2796 2777 2795
f 2798 557 2806
f 2806 566 2807
f 2807 563 2798
f 2798 2806 2807
f 2806 557 2781
f 2781 546 2805
f 2805 566 2806
f 2806 2781 2805
f 2828 573 2827
f 2827 539 2785
f 2785 559 2828
f 2828 2827 2785
f 2827 573 2829
f 2829 561 2793
f 2793 539 2827
f 2827 2829 2793
f 2837 575 2836
f 2836 556 2831
f 2831 574 2837
f 2837 2836 2831
f 2836 575 2835
f 2835 555 2778
f 2778 556 2836
f 2836 2835 2778
f 2834 575 2833
f 2833 254 2104
f 2104 369 2834
f 2834 2833 2104
f 2833 575 2841
f 2841 576 2838
f 2838 254 2833
f 2833 2841 2838
f 2848 578 2847
f 2847 576 2843
f 2843 577 2848
f 2848 2847 2843
f 2847 578 2845
f 2845 554 2839
f 2839 576 2847
f 2847 2845 2839
f 2723 257 2726
f 2726 538 2727
f 2727 537 2723
f 2723 2726 2727
f 2726 257 1755
f 1755 256 2725
f 2725 538 2726
f 2726 1755 2725
f 2779 557 2780
f 2780 542 2736
f 2736 541 2779
f 2779 2780 2736
f 2780 557 2783
f 2783 558 2782
f 2782 542 2780
f 2780 2783 2782
f 2738 264 2741
f 2741 544 2742
f 2742 543 2738
f 2738 2741 2742
f 2741 264 1767
f 1767 263 2740
f 2740 544 2741
f 2741 1767 2740
f 2815 547 2751
f 2751 548 2816
f 2816 569 2815
f 2815 2751 2816
f 2751 547 2754
f 2754 549 2755
f 2755 548 2751
f 2751 2754 2755
f 2757 550 2756
f 2756 266 1782
f 1782 269 2757
f 2757 2756 1782
f 2756 550 2759
f 2759 549 2752
f 2752 266 2756
f 2756 2759 2752
f 2765 550 2758
f 2758 270 2764
f 2764 552 2765
f 2765 2758 2764
f 2758 550 2757
f 2757 269 1787
f 1787 270 2758
f 2758 2757 1787
f 2773 292 2724
f 2724 537 2775
f 2775 555 2773
f 2773 2724 2775
f 2724 292 1853
f 1853 257 2723
f 2723 537 2724
f 2724 1853 2723
f 2733 261 2737
f 2737 543 2739
f 2739 541 2733
f 2733 2737 2739
f 2737 261 1765
f 1765 264 2738
f 2738 543 2737
f 2737 1765 2738
f 2788 560 2787
f 2787 256 2363
f 2363 430 2788
f 2788 2787 2363
f 2787 560 2789
f 2789 538 2725
f 2725 256 2787
f 2787 2789 2725
f 2834 369 2774
f 2774 555 2835
f 2835 575 2834
f 2834 2774 2835
f 2774 369 2105
f 2105 292 2773
f 2773 555 2774
f 2774 2105 2773
f 2837 574 2840
f 2840 576 2841
f 2841 575 2837
f 2837 2840 2841
f 2840 574 2842
f 2842 577 2843
f 2843 576 2840
f 2840 2842 2843
f 1751 254 2769
f 2769 554 2770
f 2770 255 1751
f 1751 2769 2770
f 2769 254 2838
f 2838 576 2839
f 2839 554 2769
f 2769 2838 2839
f 2825 572 2832
f 2832 574 2831
f 2831 556 2825
f 2825 2832 2831
f 2832 572 2849
f 2849 579 2850
f 2850 574 2832
f 2832 2849 2850
f 2848 577 2855
f 2855 581 2856
f 2856 578 2848
f 2848 2855 2856
f 2855 577 2852
f 2852 580 2857
f 2857 581 2855
f 2855 2852 2857
f 2850 579 2851
f 2851 577 2842
f 2842 574 2850
f 2850 2851 2842
f 2851 579 2853
f 2853 580 2852
f 2852 577 2851
f 2851 2853 2852
f 2859 582 2858
f 2858 567 2822
f 2822 570 2859
f 2859 2858 2822
f 2858 582 2863
f 2863 583 2861
f 2861 567 2858
f 2858 2863 2861
f 2865 568 2862
f 2862 583 2866
f 2866 584 2865
f 2865 2862 2866
f 2862 568 2812
f 2812 567 2861
f 2861 583 2862
f 2862 2812 2861
f 2867 585 2868
f 2868 566 2808
f 2808 565 2867
f 2867 2868 2808
f 2868 585 2872
f 2872 586 2871
f 2871 566 2868
f 2868 2872 2871
f 2873 587 2874
f 2874 579 2849
f 2849 572 2873
f 2873 2874 2849
f 2874 587 2877
f 2877 588 2875
f 2875 579 2874
f 2874 2877 2875
f 2875 588 2876
f 2876 580 2853
f 2853 579 2875
f 2875 2876 2853
f 2876 588 2879
f 2879 589 2878
f 2878 580 2876
f 2876 2879 2878
f 2857 580 2880
f 2880 590 2881
f 2881 581 2857
f 2857 2880 2881
f 2880 580 2878
f 2878 589 2882
f 2882 590 2880
f 2880 2878 2882
f 2854 571 2846
f 2846 578 2856
f 2856 581 2854
f 2854 2846 2856
f 2846 571 2823
f 2823 553 2844
f 2844 578 2846
f 2846 2823 2844
f 2771 554 2772
f 2772 553 2768
f 2768 552 2771
f 2771 2772 2768
f 2772 554 2845
f 2845 578 2844
f 2844 553 2772
f 2772 2845 2844
f 2895 589 2897
f 2896 590 2882
f 2882 589 2895
f 2895 2896 2882
f 2897 589 2899
f 2899 589 2879
f 2879 588 2898
f 2899 2879 2898
f 2898 588 2902
f 2902 588 2877
f 2877 587 2901
f 2902 2877 2901
f 2901 587 2900
f 2900 587 2905
f 2894 586 2893
f 2914 586 2894
f 2893 586 2890
f 2890 586 2872
f 2872 585 2889
f 2890 2872 2889
f 2892 585 2869
f 2869 584 2891
f 2891 2892 2869
f 2889 585 2892
f 2887 583 2886
f 2886 583 2863
f 2863 582 2885
f 2886 2863 2885
f 2915 564 2913
f 2913 594 2918
f 2918 595 2915
f 2915 2913 2918
f 2913 564 2802
f 2802 563 2912
f 2912 594 2913
f 2913 2802 2912
f 2912 563 2870
f 2870 586 2914
f 2914 594 2912
f 2912 2870 2914
f 2870 563 2807
f 2807 566 2871
f 2871 586 2870
f 2870 2807 2871
f 2903 562 2907
f 2907 592 2908
f 2908 591 2903
f 2903 2907 2908
f 2907 562 2797
f 2797 561 2906
f 2906 592 2907
f 2907 2797 2906
f 2910 593 2909
f 2909 561 2829
f 2829 573 2910
f 2910 2909 2829
f 2909 593 2911
f 2911 592 2906
f 2906 561 2909
f 2909 2911 2906
f 2873 572 2904
f 2904 591 2905
f 2905 587 2873
f 2873 2904 2905
f 2904 572 2826
f 2826 562 2903
f 2903 591 2904
f 2904 2826 2903
f 2883 590 2896
f 2922 590 2883
f 2885 582 2884
f 2884 582 2921
f 2921 582 2860
f 2860 571 2919
f 2919 596 2921
f 2921 2860 2919
f 2860 582 2859
f 2859 570 2824
f 2824 571 2860
f 2860 2859 2824
f 2922 596 2920
f 2920 581 2881
f 2881 590 2922
f 2922 2920 2881
f 2920 596 2919
f 2919 571 2854
f 2854 581 2920
f 2920 2919 2854
f 2924 597 2923
f 2923 181 1578
f 1578 182 2924
f 2924 2923 1578
f 2923 597 2930
f 2930 598 2928
f 2928 181 2923
f 2923 2930 2928
f 2086 312 2925
f 2925 597 2927
f 2927 365 2086
f 2086 2925 2927
f 2925 312 2929
f 2929 598 2930
f 2930 597 2925
f 2925 2929 2930
f 2934 599 2935
f 2935 312 1918
f 1918 207 2934
f 2934 2935 1918
f 2935 599 2936
f 2936 598 2929
f 2929 312 2935
f 2935 2936 2929
f 2936 599 2931
f 2931 181 2928
f 2928 598 2936
f 2936 2931 2928
f 2931 599 2933
f 2933 189 1597
f 1597 181 2931
f 2931 2933 1597
f 2063 44 2255
f 2255 406 2259
f 2259 361 2063
f 2063 2255 2259
f 2255 44 1253
f 1253 43 2254
f 2254 406 2255
f 2255 1253 2254
f 2058 63 2064
f 2064 361 2067
f 2067 360 2058
f 2058 2064 2067
f 2064 63 1294
f 1294 44 2063
f 2063 361 2064
f 2064 1294 2063
f 2269 71 2272
f 2272 410 2273
f 2273 409 2269
f 2269 2272 2273
f 2272 71 1305
f 1305 70 2271
f 2271 410 2272
f 2272 1305 2271
f 2068 362 2069
f 2069 81 1329
f 1329 80 2068
f 2068 2069 1329
f 2069 362 2078
f 2078 363 2073
f 2073 81 2069
f 2069 2078 2073
f 1569 154 1561
f 1561 177 1571
f 1571 180 1569
f 1569 1561 1571
f 1561 154 1492
f 1492 153 1560
f 1560 177 1561
f 1561 1492 1560
f 2080 182 1576
f 1576 152 2079
f 2079 364 2080
f 2080 1576 2079
f 1576 182 1577
f 1577 153 1490
f 1490 152 1576
f 1576 1577 1490
f 1896 163 1899
f 1899 307 1901
f 1901 306 1896
f 1896 1899 1901
f 1899 163 1518
f 1518 166 1900
f 1900 307 1899
f 1899 1518 1900
f 2567 321 2177
f 2177 386 2568
f 2568 499 2567
f 2567 2177 2568
f 2177 321 1950
f 1950 320 2176
f 2176 386 2177
f 2177 1950 2176
f 2408 373 2270
f 2270 409 2409
f 2409 444 2408
f 2408 2270 2409
f 2270 373 2117
f 2117 71 2269
f 2269 409 2270
f 2270 2117 2269
f 1906 307 1941
f 1941 319 1942
f 1942 308 1906
f 1906 1941 1942
f 1941 307 1945
f 1945 320 1947
f 1947 319 1941
f 1941 1945 1947
f 1896 306 1897
f 1897 180 1570
f 1570 163 1896
f 1896 1897 1570
f 1897 306 1895
f 1895 154 1569
f 1569 180 1897
f 1897 1895 1569
f 2271 70 2937
f 2937 600 2940
f 2940 410 2271
f 2271 2937 2940
f 2937 70 2244
f 2244 403 2939
f 2939 600 2937
f 2937 2244 2939
f 2267 407 2260
f 2260 42 2265
f 2265 408 2267
f 2267 2260 2265
f 2260 407 2261
f 2261 43 1251
f 1251 42 2260
f 2260 2261 1251
f 2118 373 2417
f 2417 447 2416
f 2416 322 2118
f 2118 2417 2416
f 2417 373 2413
f 2413 446 2418
f 2418 447 2417
f 2417 2413 2418
f 2058 360 2061
f 2061 80 1327
f 1327 63 2058
f 2058 2061 1327
f 2061 360 2072
f 2072 362 2068
f 2068 80 2061
f 2061 2072 2068
f 1332 81 2563
f 2563 499 2564
f 2564 82 1332
f 1332 2563 2564
f 2563 81 1948
f 1948 321 2567
f 2567 499 2563
f 2563 1948 2567
f 2946 508 2613
f 2613 408 2945
f 2945 601 2946
f 2946 2613 2945
f 2613 508 2612
f 2612 407 2267
f 2267 408 2613
f 2613 2612 2267
f 2438 454 2700
f 2700 530 2701
f 2701 458 2438
f 2438 2700 2701
f 2700 454 2680
f 2680 525 2702
f 2702 530 2700
f 2700 2680 2702
f 2418 446 2673
f 2673 524 2674
f 2674 447 2418
f 2418 2673 2674
f 2673 446 2678
f 2678 525 2681
f 2681 524 2673
f 2673 2678 2681
f 2268 36 2407
f 2407 444 2409
f 2409 409 2268
f 2268 2407 2409
f 2407 36 1237
f 1237 35 2406
f 2406 444 2407
f 2407 1237 2406
f 1246 40 1248
f 1248 42 1249
f 1249 41 1246
f 1246 1248 1249
f 1248 40 1245
f 1245 39 1247
f 1247 42 1248
f 1248 1245 1247
f 1244 40 1287
f 1287 60 1285
f 1285 22 1244
f 1244 1287 1285
f 1287 40 1347
f 1347 91 1349
f 1349 60 1287
f 1287 1347 1349
f 1360 95 1359
f 1359 79 1330
f 1330 82 1360
f 1360 1359 1330
f 1359 95 1362
f 1362 94 1355
f 1355 79 1359
f 1359 1362 1355
f 2565 499 2566
f 2566 112 1407
f 1407 111 2565
f 2565 2566 1407
f 2566 499 2568
f 2568 386 2173
f 2173 112 2566
f 2566 2568 2173
f 1872 301 1873
f 1873 165 1517
f 1517 164 1872
f 1872 1873 1517
f 1873 301 1871
f 1871 155 1516
f 1516 165 1873
f 1873 1871 1516
f 1562 146 1565
f 1565 179 1568
f 1568 178 1562
f 1562 1565 1568
f 1565 146 1482
f 1482 145 1564
f 1564 179 1565
f 1565 1482 1564
f 1563 177 1595
f 1595 189 1596
f 1596 178 1563
f 1563 1595 1596
f 1595 177 1575
f 1575 181 1597
f 1597 189 1595
f 1595 1575 1597
f 1573 179 1566
f 1566 163 1570
f 1570 180 1573
f 1573 1566 1570
f 1566 179 1567
f 1567 164 1514
f 1514 163 1566
f 1566 1567 1514
f 2173 386 2174
f 2174 165 1515
f 1515 112 2173
f 2173 2174 1515
f 2174 386 2175
f 2175 166 1520
f 1520 165 2174
f 2174 2175 1520
f 2942 400 2938
f 2938 600 2947
f 2947 601 2942
f 2942 2938 2947
f 2938 400 2605
f 2605 507 2941
f 2941 600 2938
f 2938 2605 2941
f 1987 337 1988
f 1988 39 1242
f 1242 21 1987
f 1987 1988 1242
f 1988 337 2237
f 2237 401 2236
f 2236 39 1988
f 1988 2237 2236
f 1236 36 1308
f 1308 72 1307
f 1307 33 1236
f 1236 1308 1307
f 1308 36 2274
f 2274 411 2275
f 2275 72 1308
f 1308 2274 2275
f 2406 35 2410
f 2410 445 2412
f 2412 444 2406
f 2406 2410 2412
f 2410 35 2404
f 2404 443 2411
f 2411 445 2410
f 2410 2404 2411
f 1355 94 1354
f 1354 62 1325
f 1325 79 1355
f 1355 1354 1325
f 1354 94 1356
f 1356 91 1350
f 1350 62 1354
f 1354 1356 1350
f 1361 95 1400
f 1400 110 1399
f 1399 92 1361
f 1361 1400 1399
f 1400 95 1403
f 1403 111 1405
f 1405 110 1400
f 1400 1403 1405
f 2941 507 2606
f 2606 410 2940
f 2940 600 2941
f 2941 2606 2940
f 2606 507 2607
f 2607 411 2277
f 2277 410 2606
f 2606 2607 2277
f 2411 443 2698
f 2698 530 2699
f 2699 445 2411
f 2411 2698 2699
f 2698 443 2704
f 2704 531 2707
f 2707 530 2698
f 2698 2704 2707
f 1643 188 2932
f 2932 599 2934
f 2934 207 1643
f 1643 2932 2934
f 2932 188 1598
f 1598 189 2933
f 2933 599 2932
f 2932 1598 2933
f 2927 597 2926
f 2926 364 2087
f 2087 365 2927
f 2927 2926 2087
f 2926 597 2924
f 2924 182 2080
f 2080 364 2926
f 2926 2924 2080
f 2288 414 2284
f 2284 294 2241
f 2241 402 2288
f 2288 2284 2241
f 2284 414 2285
f 2285 295 1858
f 1858 294 2284
f 2284 2285 1858
f 2580 349 2134
f 2134 377 2581
f 2581 502 2580
f 2580 2134 2581
f 2134 349 2027
f 2027 348 2133
f 2133 377 2134
f 2134 2027 2133
f 2608 507 2604
f 2604 349 2580
f 2580 502 2608
f 2608 2604 2580
f 2604 507 2605
f 2605 400 2235
f 2235 349 2604
f 2604 2605 2235
f 2721 536 2719
f 2719 412 2372
f 2372 432 2721
f 2721 2719 2372
f 2719 536 2720
f 2720 413 2282
f 2282 412 2719
f 2719 2720 2282
f 2482 473 2623
f 2623 510 2620
f 2620 463 2482
f 2482 2623 2620
f 2623 473 2483
f 2483 472 2622
f 2622 510 2623
f 2623 2483 2622
f 2622 472 2625
f 2625 511 2629
f 2629 510 2622
f 2622 2625 2629
f 2625 472 2504
f 2504 480 2626
f 2626 511 2625
f 2625 2504 2626
f 2634 512 2630
f 2630 481 2545
f 2545 493 2634
f 2634 2630 2545
f 2630 512 2631
f 2631 482 2512
f 2512 481 2630
f 2630 2631 2512
f 1794 274 2570
f 2570 500 2569
f 2569 271 1794
f 1794 2570 2569
f 2570 274 2574
f 2574 501 2578
f 2578 500 2570
f 2570 2574 2578
f 2590 504 2588
f 2588 342 2441
f 2441 459 2590
f 2590 2588 2441
f 2588 504 2593
f 2593 503 2584
f 2584 342 2588
f 2588 2593 2584
f 1980 333 2594
f 2594 505 2595
f 2595 334 1980
f 1980 2594 2595
f 2594 333 2600
f 2600 506 2603
f 2603 505 2594
f 2594 2600 2603
f 2584 503 2583
f 2583 336 2005
f 2005 342 2584
f 2584 2583 2005
f 2583 503 2585
f 2585 348 2024
f 2024 336 2583
f 2583 2585 2024
f 2262 407 2263
f 2263 294 1856
f 1856 293 2262
f 2262 2263 1856
f 2263 407 2612
f 2612 508 2609
f 2609 294 2263
f 2263 2612 2609
f 2228 398 2577
f 2577 501 2574
f 2574 274 2228
f 2228 2577 2574
f 2577 398 2616
f 2616 509 2618
f 2618 501 2577
f 2577 2616 2618
f 1977 296 2599
f 2599 506 2600
f 2600 333 1977
f 1977 2599 2600
f 2599 296 1860
f 1860 295 2598
f 2598 506 2599
f 2599 1860 2598
f 2051 271 2278
f 2278 412 2279
f 2279 357 2051
f 2051 2278 2279
f 2278 271 2569
f 2569 500 2572
f 2572 412 2278
f 2278 2569 2572
f 2481 473 2480
f 2480 459 2448
f 2448 462 2481
f 2481 2480 2448
f 2480 473 2592
f 2592 504 2590
f 2590 459 2480
f 2480 2592 2590
f 2463 50 2507
f 2507 481 2508
f 2508 467 2463
f 2463 2507 2508
f 2507 50 2637
f 2637 513 2638
f 2638 481 2507
f 2507 2637 2638
f 1259 49 2636
f 2636 513 2637
f 2637 50 1259
f 1259 2636 2637
f 2636 49 2641
f 2641 514 2645
f 2645 513 2636
f 2636 2641 2645
f 2948 602 2950
f 2950 514 2641
f 2641 49 2948
f 2948 2950 2641
f 2950 602 2951
f 2951 515 2647
f 2647 514 2950
f 2950 2951 2647
f 2939 403 2944
f 2944 601 2947
f 2947 600 2939
f 2939 2944 2947
f 2944 403 2611
f 2611 508 2946
f 2946 601 2944
f 2944 2611 2946
f 2266 401 2943
f 2943 601 2945
f 2945 408 2266
f 2266 2943 2945
f 2943 401 2239
f 2239 400 2942
f 2942 601 2943
f 2943 2239 2942
f 2000 10 2443
f 2443 460 2444
f 2444 341 2000
f 2000 2443 2444
f 2443 10 1194
f 1194 9 2442
f 2442 460 2443
f 2443 1194 2442
f 1995 338 1992
f 1992 26 1267
f 1267 53 1995
f 1995 1992 1267
f 1992 338 1993
f 1993 27 1221
f 1221 26 1992
f 1992 1993 1221
f 1267 26 1269
f 1269 54 1270
f 1270 53 1267
f 1267 1269 1270
f 1269 26 1363
f 1363 96 1364
f 1364 54 1269
f 1269 1363 1364
f 1431 120 1433
f 1433 122 1434
f 1434 121 1431
f 1431 1433 1434
f 1433 120 1430
f 1430 119 1432
f 1432 122 1433
f 1433 1430 1432
f 1467 140 1468
f 1468 136 1462
f 1462 135 1467
f 1467 1468 1462
f 1468 140 1470
f 1470 139 1464
f 1464 136 1468
f 1468 1470 1464
f 1540 169 1531
f 1531 140 1538
f 1538 171 1540
f 1540 1531 1538
f 1531 169 1530
f 1530 137 1469
f 1469 140 1531
f 1531 1530 1469
f 1633 185 1584
f 1584 138 1631
f 1631 203 1633
f 1633 1584 1631
f 1584 185 1585
f 1585 139 1466
f 1466 138 1584
f 1584 1585 1466
f 1629 200 1635
f 1635 203 1636
f 1636 202 1629
f 1629 1635 1636
f 1635 200 1624
f 1624 185 1633
f 1633 203 1635
f 1635 1624 1633
f 1764 262 1773
f 1773 267 1774
f 1774 263 1764
f 1764 1773 1774
f 1773 262 1777
f 1777 268 1779
f 1779 267 1773
f 1773 1777 1779
f 1865 300 1866
f 1866 46 1254
f 1254 45 1865
f 1865 1866 1254
f 1866 300 1868
f 1868 299 1862
f 1862 46 1866
f 1866 1868 1862
f 1889 302 1878
f 1878 170 1887
f 1887 304 1889
f 1889 1878 1887
f 1878 302 1879
f 1879 171 1541
f 1541 170 1878
f 1878 1879 1541
f 1924 313 1922
f 1922 202 1662
f 1662 218 1924
f 1924 1922 1662
f 1922 313 1921
f 1921 200 1629
f 1629 202 1922
f 1922 1921 1629
f 1966 327 1964
f 1964 45 1962
f 1962 326 1966
f 1966 1964 1962
f 1964 327 1965
f 1965 300 1865
f 1865 45 1964
f 1964 1965 1865
f 2001 28 1222
f 1222 10 2000
f 2000 341 2001
f 2001 1222 2000
f 1222 28 1224
f 1224 27 1218
f 1218 10 1222
f 1222 1224 1218
f 2045 355 2042
f 2042 97 1982
f 1982 335 2045
f 2045 2042 1982
f 2042 355 2046
f 2046 354 2039
f 2039 97 2042
f 2042 2046 2039
f 2039 354 2040
f 2040 98 1371
f 1371 97 2039
f 2039 2040 1371
f 2040 354 2129
f 2129 376 2128
f 2128 98 2040
f 2040 2129 2128
f 2141 379 2142
f 2142 84 1333
f 1333 83 2141
f 2141 2142 1333
f 2142 379 2145
f 2145 378 2136
f 2136 84 2142
f 2142 2145 2136
f 2167 385 2168
f 2168 104 1383
f 1383 103 2167
f 2167 2168 1383
f 2168 385 2172
f 2172 384 2164
f 2164 104 2168
f 2168 2172 2164
f 1877 302 1875
f 1875 117 1502
f 1502 158 1877
f 1877 1875 1502
f 1875 302 1876
f 1876 119 1426
f 1426 117 1875
f 1875 1876 1426
f 1684 230 2192
f 2192 391 2191
f 2191 217 1684
f 1684 2192 2191
f 2192 230 2197
f 2197 392 2200
f 2200 391 2192
f 2192 2197 2200
f 1728 248 2218
f 2218 396 2217
f 2217 229 1728
f 1728 2218 2217
f 2218 248 2223
f 2223 397 2227
f 2227 396 2218
f 2218 2223 2227
f 2043 355 2044
f 2044 274 1795
f 1795 273 2043
f 2043 2044 1795
f 2044 355 2231
f 2231 398 2228
f 2228 274 2044
f 2044 2231 2228
f 1862 299 2120
f 2120 374 2119
f 2119 46 1862
f 1862 2120 2119
f 2120 299 2251
f 2251 405 2253
f 2253 374 2120
f 2120 2251 2253
f 2293 416 2294
f 2294 88 1340
f 1340 87 2293
f 2293 2294 1340
f 2294 416 2298
f 2298 415 2289
f 2289 88 2294
f 2294 2298 2289
f 2300 417 2299
f 2299 125 1504
f 1504 159 2300
f 2300 2299 1504
f 2299 417 2303
f 2303 415 2290
f 2290 125 2299
f 2299 2303 2290
f 2301 417 2302
f 2302 176 1558
f 1558 162 2301
f 2301 2302 1558
f 2302 417 2308
f 2308 418 2307
f 2307 176 2302
f 2302 2308 2307
f 2309 419 2312
f 2312 173 1545
f 1545 130 2309
f 2309 2312 1545
f 2312 419 2313
f 2313 418 2306
f 2306 173 2312
f 2312 2313 2306
f 2310 419 2311
f 2311 149 1484
f 1484 148 2310
f 2310 2311 1484
f 2311 419 2317
f 2317 420 2316
f 2316 149 2311
f 2311 2317 2316
f 2314 129 2318
f 2318 421 2322
f 2322 420 2314
f 2314 2318 2322
f 2318 129 1607
f 1607 195 2321
f 2321 421 2318
f 2318 1607 2321
f 1605 193 2324
f 2324 422 2323
f 2323 190 1605
f 1605 2324 2323
f 2324 193 2320
f 2320 421 2328
f 2328 422 2324
f 2324 2320 2328
f 2340 425 2338
f 2338 215 1680
f 1680 227 2340
f 2340 2338 1680
f 2338 425 2342
f 2342 424 2335
f 2335 215 2338
f 2338 2342 2335
f 2341 425 2339
f 2339 222 2331
f 2331 423 2341
f 2341 2339 2331
f 2339 425 2347
f 2347 426 2343
f 2343 222 2339
f 2339 2347 2343
f 2352 428 2354
f 2354 241 1716
f 1716 223 2352
f 2352 2354 1716
f 2354 428 2357
f 2357 427 2349
f 2349 241 2354
f 2354 2357 2349
f 2364 430 2365
f 2365 259 1758
f 1758 258 2364
f 2364 2365 1758
f 2365 430 2366
f 2366 429 2360
f 2360 259 2365
f 2365 2366 2360
f 2468 466 2461
f 2461 12 2465
f 2465 468 2468
f 2468 2461 2465
f 2461 466 2460
f 2460 9 1197
f 1197 12 2461
f 2461 2460 1197
f 2462 466 2488
f 2488 475 2487
f 2487 461 2462
f 2462 2488 2487
f 2488 466 2484
f 2484 474 2490
f 2490 475 2488
f 2488 2484 2490
f 2490 474 2505
f 2505 480 2506
f 2506 475 2490
f 2490 2505 2506
f 2505 474 2510
f 2510 482 2511
f 2511 480 2505
f 2505 2510 2511
f 2543 492 2541
f 2541 484 2524
f 2524 487 2543
f 2543 2541 2524
f 2541 492 2542
f 2542 485 2517
f 2517 484 2541
f 2541 2542 2517
f 2528 487 2534
f 2534 490 2535
f 2535 488 2528
f 2528 2534 2535
f 2534 487 2524
f 2524 484 2533
f 2533 490 2534
f 2534 2524 2533
f 2558 498 2559
f 2559 490 2536
f 2536 489 2558
f 2558 2559 2536
f 2559 498 2560
f 2560 491 2539
f 2539 490 2559
f 2559 2560 2539
f 2136 378 2137
f 2137 87 1339
f 1339 84 2136
f 2136 2137 1339
f 2137 378 2297
f 2297 416 2293
f 2293 87 2137
f 2137 2297 2293
f 2143 379 2140
f 2140 75 1373
f 1373 100 2143
f 2143 2140 1373
f 2140 379 2144
f 2144 376 2125
f 2125 75 2140
f 2140 2144 2125
f 2164 384 2162
f 2162 57 1381
f 1381 104 2164
f 2164 2162 1381
f 2162 384 2163
f 2163 96 1365
f 1365 57 2162
f 2162 2163 1365
f 2171 385 2170
f 2170 121 2158
f 2158 383 2171
f 2171 2170 2158
f 2170 385 2169
f 2169 120 1431
f 1431 121 2170
f 2170 2169 1431
f 2190 390 2220
f 2220 396 2219
f 2219 388 2190
f 2190 2220 2219
f 2220 390 2199
f 2199 392 2221
f 2221 396 2220
f 2220 2199 2221
f 2343 426 2344
f 2344 223 1674
f 1674 222 2343
f 2343 2344 1674
f 2344 426 2356
f 2356 428 2352
f 2352 223 2344
f 2344 2356 2352
f 1935 314 2194
f 2194 391 2195
f 2195 317 1935
f 1935 2194 2195
f 2194 314 1927
f 1927 313 2193
f 2193 391 2194
f 2194 1927 2193
f 2335 424 2333
f 2333 194 1657
f 1657 215 2335
f 2335 2333 1657
f 2333 424 2336
f 2336 422 2325
f 2325 194 2333
f 2333 2336 2325
f 2212 395 2214
f 2214 268 1777
f 1777 262 2212
f 2212 2214 1777
f 2214 395 2226
f 2226 397 2224
f 2224 268 2214
f 2214 2226 2224
f 2349 427 2348
f 2348 238 1717
f 1717 241 2349
f 2349 2348 1717
f 2348 427 2361
f 2361 429 2358
f 2358 238 2348
f 2348 2361 2358
f 2253 405 2597
f 2597 505 2596
f 2596 374 2253
f 2253 2597 2596
f 2597 405 2617
f 2617 509 2619
f 2619 505 2597
f 2597 2617 2619
f 2542 492 2633
f 2633 512 2632
f 2632 485 2542
f 2542 2633 2632
f 2633 492 2628
f 2628 511 2635
f 2635 512 2633
f 2633 2628 2635
f 2752 549 2753
f 2753 267 1775
f 1775 266 2752
f 2752 2753 1775
f 2753 549 2754
f 2754 547 2749
f 2749 267 2753
f 2753 2754 2749
f 2729 538 2784
f 2784 559 2785
f 2785 539 2729
f 2729 2784 2785
f 2784 538 2789
f 2789 560 2792
f 2792 559 2784
f 2784 2789 2792
f 2803 545 2810
f 2810 568 2811
f 2811 565 2803
f 2803 2810 2811
f 2810 545 2814
f 2814 569 2818
f 2818 568 2810
f 2810 2814 2818
f 2800 564 2801
f 2801 559 2786
f 2786 558 2800
f 2800 2801 2786
f 2801 564 2830
f 2830 573 2828
f 2828 559 2801
f 2801 2830 2828
f 2744 544 2813
f 2813 569 2814
f 2814 545 2744
f 2744 2813 2814
f 2813 544 2750
f 2750 547 2815
f 2815 569 2813
f 2813 2750 2815
f 2734 542 2735
f 2735 430 2364
f 2364 258 2734
f 2734 2735 2364
f 2735 542 2790
f 2790 560 2788
f 2788 430 2735
f 2735 2790 2788
f 2867 565 2864
f 2864 584 2869
f 2869 585 2867
f 2867 2864 2869
f 2864 565 2811
f 2811 568 2865
f 2865 584 2864
f 2864 2811 2865
f 2888 584 2866
f 2866 583 2887
f 2887 2888 2866
f 2891 584 2888
f 2915 595 2916
f 2916 573 2830
f 2830 564 2915
f 2915 2916 2830
f 2916 595 2917
f 2917 593 2910
f 2910 573 2916
f 2916 2917 2910
f 2511 482 2627
f 2627 511 2626
f 2626 480 2511
f 2511 2627 2626
f 2627 482 2631
f 2631 512 2635
f 2635 511 2627
f 2627 2631 2635
f 2619 509 2615
f 2615 334 2595
f 2595 505 2619
f 2619 2615 2595
f 2615 509 2616
f 2616 398 2229
f 2229 334 2615
f 2615 2616 2229
f 1953 30 1957
f 1957 324 1959
f 1959 323 1953
f 1953 1957 1959
f 1957 30 1225
f 1225 29 1956
f 1956 324 1957
f 1957 1225 1956
f 2015 68 2246
f 2246 404 2248
f 2248 345 2015
f 2015 2246 2248
f 2246 68 1958
f 1958 324 2247
f 2247 404 2246
f 2246 1958 2247
f 1953 323 2423
f 2423 449 2422
f 2422 30 1953
f 1953 2423 2422
f 2423 323 2420
f 2420 448 2424
f 2424 449 2423
f 2423 2420 2424
f 2653 518 2655
f 2655 404 2249
f 2249 350 2653
f 2653 2655 2249
f 2655 518 2656
f 2656 516 2650
f 2650 404 2655
f 2655 2656 2650
f 1961 48 2662
f 2662 521 2663
f 2663 325 1961
f 1961 2662 2663
f 2662 48 2648
f 2648 516 2664
f 2664 521 2662
f 2662 2648 2664
f 2436 457 2676
f 2676 524 2675
f 2675 453 2436
f 2436 2676 2675
f 2676 457 2695
f 2695 529 2696
f 2696 524 2676
f 2676 2695 2696
f 2424 448 2685
f 2685 527 2686
f 2686 449 2424
f 2424 2685 2686
f 2685 448 2693
f 2693 529 2697
f 2697 527 2685
f 2685 2693 2697
f 2501 479 2500
f 2500 49 1264
f 1264 52 2501
f 2501 2500 1264
f 2500 479 2949
f 2949 602 2948
f 2948 49 2500
f 2500 2949 2948
f 1998 340 2953
f 2953 603 2952
f 2952 17 1998
f 1998 2953 2952
f 2953 340 2554
f 2554 497 2954
f 2954 603 2953
f 2953 2554 2954
f 2957 455 2956
f 2957 604 2958
f 2958 526 2684
f 2684 455 2957
f 2957 2958 2684
f 2958 604 2959
f 2959 534 2715
f 2715 526 2958
f 2958 2959 2715
f 2669 522 2667
f 2667 325 2663
f 2663 521 2669
f 2669 2667 2663
f 2667 522 2672
f 2672 523 2670
f 2670 325 2667
f 2667 2672 2670
f 2960 605 2961
f 2961 351 2031
f 2031 32 2960
f 2960 2961 2031
f 2961 605 2963
f 2963 519 2658
f 2658 351 2961
f 2961 2963 2658
f 2430 452 2431
f 2431 32 1229
f 1229 31 2430
f 2430 2431 1229
f 2431 452 2962
f 2962 605 2960
f 2960 32 2431
f 2431 2962 2960
f 1207 17 2708
f 2708 532 2709
f 2709 18 1207
f 1207 2708 2709
f 2708 17 2952
f 2952 603 2955
f 2955 532 2708
f 2708 2952 2955
f 2966 608 2965
f 2965 606 2964
f 2964 607 2966
f 2966 2965 2964
f 2965 608 2968
f 2968 609 2967
f 2967 606 2965
f 2965 2968 2967
f 2970 610 2969
f 2969 606 2967
f 2967 609 2970
f 2970 2969 2967
f 2969 610 2972
f 2972 611 2971
f 2971 606 2969
f 2969 2972 2971
f 2968 608 2974
f 2974 613 2975
f 2975 609 2968
f 2968 2974 2975
f 2974 608 2973
f 2973 612 2976
f 2976 613 2974
f 2974 2973 2976
f 2979 616 2978
f 2978 614 2977
f 2977 615 2979
f 2979 2978 2977
f 2978 616 2981
f 2981 617 2980
f 2980 614 2978
f 2978 2981 2980
f 2989 620 2988
f 2988 618 2986
f 2986 619 2989
f 2989 2988 2986
f 2988 620 2993
f 2993 621 2992
f 2992 618 2988
f 2988 2993 2992
f 2996 623 3001
f 3001 625 3000
f 3000 622 2996
f 2996 3001 3000
f 3001 623 2997
f 2997 624 3002
f 3002 625 3001
f 3001 2997 3002
f 3003 627 3006
f 3006 629 3005
f 3005 626 3003
f 3003 3006 3005
f 3006 627 3004
f 3004 628 3007
f 3007 629 3006
f 3006 3004 3007
f 3013 632 3012
f 3012 630 3009
f 3009 631 3013
f 3013 3012 3009
f 3012 632 3015
f 3015 633 3014
f 3014 630 3012
f 3012 3015 3014
f 3022 636 3021
f 3021 634 3018
f 3018 635 3022
f 3022 3021 3018
f 3021 636 3024
f 3024 637 3023
f 3023 634 3021
f 3021 3024 3023
f 3029 640 3028
f 3028 638 3027
f 3027 639 3029
f 3029 3028 3027
f 3028 640 3032
f 3032 641 3031
f 3031 638 3028
f 3028 3032 3031
f 3038 643 3036
f 3036 619 3035
f 3035 642 3038
f 3038 3036 3035
f 3036 643 3037
f 3037 620 2989
f 2989 619 3036
f 3036 3037 2989
f 3040 644 3039
f 3039 626 3005
f 3005 629 3040
f 3040 3039 3005
f 3039 644 3042
f 3042 645 3041
f 3041 626 3039
f 3039 3042 3041
f 3046 648 3045
f 3045 646 3044
f 3044 647 3046
f 3046 3045 3044
f 3045 648 3050
f 3050 649 3049
f 3049 646 3045
f 3045 3050 3049
f 3055 652 3054
f 3054 650 3053
f 3053 651 3055
f 3055 3054 3053
f 3054 652 3057
f 3057 653 3056
f 3056 650 3054
f 3054 3057 3056
f 3062 655 3067
f 3067 657 3066
f 3066 654 3062
f 3062 3067 3066
f 3067 655 3065
f 3065 656 3068
f 3068 657 3067
f 3067 3065 3068
f 3075 660 3074
f 3074 658 3073
f 3073 659 3075
f 3075 3074 3073
f 3074 660 3078
f 3078 661 3077
f 3077 658 3074
f 3074 3078 3077
f 3082 663 3081
f 3081 630 3079
f 3079 662 3082
f 3082 3081 3079
f 3081 663 3086
f 3086 664 3084
f 3084 630 3081
f 3081 3086 3084
f 3007 628 3090
f 3090 666 3091
f 3091 629 3007
f 3007 3090 3091
f 3090 628 3087
f 3087 665 3093
f 3093 666 3090
f 3090 3087 3093
f 3096 647 3095
f 3095 667 3097
f 3097 668 3096
f 3096 3095 3097
f 3095 647 3044
f 3044 646 3094
f 3094 667 3095
f 3095 3044 3094
f 3100 671 3099
f 3099 669 3098
f 3098 670 3100
f 3100 3099 3098
f 3099 671 3102
f 3102 672 3101
f 3101 669 3099
f 3099 3102 3101
f 3105 675 3104
f 3104 673 3103
f 3103 674 3105
f 3105 3104 3103
f 3104 675 3107
f 3107 676 3106
f 3106 673 3104
f 3104 3107 3106
f 3109 638 3025
f 3025 612 3108
f 3108 677 3109
f 3109 3025 3108
f 3025 638 3026
f 3026 613 2976
f 2976 612 3025
f 3025 3026 2976
f 3114 680 3113
f 3113 678 3112
f 3112 679 3114
f 3114 3113 3112
f 3113 680 3118
f 3118 681 3117
f 3117 678 3113
f 3113 3118 3117
f 3031 641 3030
f 3030 613 3026
f 3026 638 3031
f 3031 3030 3026
f 3030 641 3122
f 3122 682 3121
f 3121 613 3030
f 3030 3122 3121
f 3123 683 3124
f 3124 628 3004
f 3004 627 3123
f 3123 3124 3004
f 3124 683 3126
f 3126 664 3083
f 3083 628 3124
f 3124 3126 3083
f 3083 664 3089
f 3089 665 3087
f 3087 628 3083
f 3083 3089 3087
f 3089 664 3086
f 3086 663 3088
f 3088 665 3089
f 3089 3086 3088
f 3129 685 3133
f 3133 687 3132
f 3132 684 3129
f 3129 3133 3132
f 3133 685 3130
f 3130 686 3134
f 3134 687 3133
f 3133 3130 3134
f 3138 690 3137
f 3137 688 3136
f 3136 689 3138
f 3138 3137 3136
f 3137 690 3140
f 3140 691 3139
f 3139 688 3137
f 3137 3140 3139
f 3146 694 3145
f 3145 692 3144
f 3144 693 3146
f 3146 3145 3144
f 3145 694 3148
f 3148 695 3147
f 3147 692 3145
f 3145 3148 3147
f 3149 696 3150
f 3150 646 3043
f 3043 644 3149
f 3149 3150 3043
f 3150 696 3152
f 3152 667 3094
f 3094 646 3150
f 3150 3152 3094
f 3160 699 3159
f 3159 697 3155
f 3155 698 3160
f 3160 3159 3155
f 3159 699 3164
f 3164 700 3163
f 3163 697 3159
f 3159 3164 3163
f 3014 633 3080
f 3080 662 3079
f 3079 630 3014
f 3014 3080 3079
f 3080 633 3165
f 3165 701 3167
f 3167 662 3080
f 3080 3165 3167
f 3173 703 3172
f 3172 672 3168
f 3168 702 3173
f 3173 3172 3168
f 3172 703 3171
f 3171 669 3101
f 3101 672 3172
f 3172 3171 3101
f 3178 706 3177
f 3177 704 3174
f 3174 705 3178
f 3178 3177 3174
f 3177 706 3182
f 3182 707 3181
f 3181 704 3177
f 3177 3182 3181
f 3187 710 3186
f 3186 708 3183
f 3183 709 3187
f 3187 3186 3183
f 3186 710 3191
f 3191 711 3190
f 3190 708 3186
f 3186 3191 3190
f 3200 713 3198
f 3198 700 3194
f 3194 712 3200
f 3200 3198 3194
f 3198 713 3197
f 3197 697 3163
f 3163 700 3198
f 3198 3197 3163
f 3205 716 3204
f 3204 714 3201
f 3201 715 3205
f 3205 3204 3201
f 3204 716 3209
f 3209 717 3208
f 3208 714 3204
f 3204 3209 3208
f 3208 717 3211
f 3211 718 3210
f 3210 714 3208
f 3208 3211 3210
f 3211 717 3214
f 3214 719 3215
f 3215 718 3211
f 3211 3214 3215
f 3221 721 3220
f 3220 719 3218
f 3218 720 3221
f 3221 3220 3218
f 3220 721 3219
f 3219 718 3215
f 3215 719 3220
f 3220 3219 3215
f 3221 720 3222
f 3222 722 3223
f 3223 721 3221
f 3221 3222 3223
f 3222 720 3226
f 3226 723 3227
f 3227 722 3222
f 3222 3226 3227
f 3232 725 3231
f 3231 723 3229
f 3229 724 3232
f 3232 3231 3229
f 3231 725 3230
f 3230 722 3227
f 3227 723 3231
f 3231 3230 3227
f 3236 728 3235
f 3235 726 3234
f 3234 727 3236
f 3236 3235 3234
f 3235 728 3240
f 3240 729 3239
f 3239 726 3235
f 3235 3240 3239
f 3247 732 3246
f 3246 730 3243
f 3243 731 3247
f 3247 3246 3243
f 3246 732 3251
f 3251 733 3250
f 3250 730 3246
f 3246 3251 3250
f 3254 736 3253
f 3253 734 3252
f 3252 735 3254
f 3254 3253 3252
f 3253 736 3256
f 3256 737 3255
f 3255 734 3253
f 3253 3256 3255
f 3260 740 3259
f 3259 738 3258
f 3258 739 3260
f 3260 3259 3258
f 3259 740 3264
f 3264 741 3263
f 3263 738 3259
f 3259 3264 3263
f 3270 744 3269
f 3269 742 3267
f 3267 743 3270
f 3270 3269 3267
f 3269 744 3272
f 3272 745 3271
f 3271 742 3269
f 3269 3272 3271
f 3276 747 3275
f 3275 745 3273
f 3273 746 3276
f 3276 3275 3273
f 3275 747 3274
f 3274 742 3271
f 3271 745 3275
f 3275 3274 3271
f 3280 749 3278
f 3278 746 3277
f 3277 748 3280
f 3280 3278 3277
f 3278 749 3279
f 3279 747 3276
f 3276 746 3278
f 3278 3279 3276
f 3280 748 3281
f 3281 750 3282
f 3282 749 3280
f 3280 3281 3282
f 3281 748 3283
f 3283 751 3284
f 3284 750 3281
f 3281 3283 3284
f 3285 753 3288
f 3288 755 3287
f 3287 752 3285
f 3285 3288 3287
f 3288 753 3286
f 3286 754 3289
f 3289 755 3288
f 3288 3286 3289
f 3292 758 3291
f 3291 756 3290
f 3290 757 3292
f 3292 3291 3290
f 3291 758 3294
f 3294 759 3293
f 3293 756 3291
f 3291 3294 3293
f 3296 760 3295
f 3295 714 3210
f 3210 718 3296
f 3296 3295 3210
f 3295 760 3299
f 3299 761 3297
f 3297 714 3295
f 3295 3299 3297
f 3301 762 3300
f 3300 721 3223
f 3223 722 3301
f 3301 3300 3223
f 3300 762 3305
f 3305 763 3303
f 3303 721 3300
f 3300 3305 3303
f 3309 731 3307
f 3307 764 3310
f 3310 765 3309
f 3309 3307 3310
f 3307 731 3243
f 3243 730 3306
f 3306 764 3307
f 3307 3243 3306
f 3313 695 3312
f 3312 766 3314
f 3314 767 3313
f 3313 3312 3314
f 3312 695 3148
f 3148 694 3311
f 3311 766 3312
f 3312 3148 3311
f 3315 769 3321
f 3321 771 3320
f 3320 768 3315
f 3315 3321 3320
f 3321 769 3318
f 3318 770 3322
f 3322 771 3321
f 3321 3318 3322
f 3328 747 3323
f 3323 772 3331
f 3331 773 3328
f 3328 3323 3331
f 3323 747 3279
f 3279 749 3324
f 3324 772 3323
f 3323 3279 3324
f 3332 742 3327
f 3327 773 3336
f 3336 774 3332
f 3332 3327 3336
f 3327 742 3274
f 3274 747 3328
f 3328 773 3327
f 3327 3274 3328
f 3338 775 3337
f 3337 740 3266
f 3266 743 3338
f 3338 3337 3266
f 3337 775 3343
f 3343 776 3341
f 3341 740 3337
f 3337 3343 3341
f 3345 741 3342
f 3342 776 3346
f 3346 777 3345
f 3345 3342 3346
f 3342 741 3264
f 3264 740 3341
f 3341 776 3342
f 3342 3264 3341
f 3347 778 3348
f 3348 737 3256
f 3256 736 3347
f 3347 3348 3256
f 3348 778 3354
f 3354 779 3351
f 3351 737 3348
f 3348 3354 3351
f 3356 780 3355
f 3355 752 3287
f 3287 755 3356
f 3356 3355 3287
f 3355 780 3361
f 3361 781 3358
f 3358 752 3355
f 3355 3361 3358
f 3366 783 3374
f 3374 785 3373
f 3373 782 3366
f 3366 3374 3373
f 3374 783 3371
f 3371 784 3375
f 3375 785 3374
f 3374 3371 3375
f 3378 758 3376
f 3376 786 3380
f 3380 787 3378
f 3378 3376 3380
f 3376 758 3363
f 3363 782 3377
f 3377 786 3376
f 3376 3363 3377
f 3381 788 3382
f 3382 739 3258
f 3258 738 3381
f 3381 3382 3258
f 3382 788 3385
f 3385 789 3383
f 3383 739 3382
f 3382 3385 3383
f 3383 789 3384
f 3384 744 3268
f 3268 739 3383
f 3383 3384 3268
f 3384 789 3388
f 3388 790 3386
f 3386 744 3384
f 3384 3388 3386
f 3389 791 3390
f 3390 748 3277
f 3277 746 3389
f 3389 3390 3277
f 3390 791 3393
f 3393 792 3391
f 3391 748 3390
f 3390 3393 3391
f 3398 785 3395
f 3395 793 3400
f 3400 794 3398
f 3398 3395 3400
f 3395 785 3372
f 3372 751 3394
f 3394 793 3395
f 3395 3372 3394
f 3406 797 3405
f 3405 795 3403
f 3403 796 3406
f 3406 3405 3403
f 3405 797 3408
f 3408 798 3407
f 3407 795 3405
f 3405 3408 3407
f 3415 801 3414
f 3414 799 3410
f 3410 800 3415
f 3415 3414 3410
f 3414 801 3419
f 3419 802 3418
f 3418 799 3414
f 3414 3419 3418
f 3420 803 3421
f 3421 789 3385
f 3385 788 3420
f 3420 3421 3385
f 3421 803 3425
f 3425 804 3423
f 3423 789 3421
f 3421 3425 3423
f 3423 804 3424
f 3424 790 3388
f 3388 789 3423
f 3423 3424 3388
f 3424 804 3427
f 3427 805 3426
f 3426 790 3424
f 3424 3427 3426
f 3428 791 3435
f 3435 808 3437
f 3437 806 3428
f 3428 3435 3437
f 3435 791 3433
f 3433 807 3438
f 3438 808 3435
f 3435 3433 3438
f 3439 792 3429
f 3429 806 3441
f 3441 809 3439
f 3439 3429 3441
f 3429 792 3393
f 3393 791 3428
f 3428 806 3429
f 3429 3393 3428
f 3444 809 3442
f 3442 810 3445
f 3445 811 3444
f 3444 3442 3445
f 3442 809 3446
f 3446 812 3447
f 3447 810 3442
f 3442 3446 3447
f 3439 809 3440
f 3440 793 3396
f 3396 792 3439
f 3439 3440 3396
f 3440 809 3444
f 3444 811 3443
f 3443 793 3440
f 3440 3444 3443
f 3450 815 3449
f 3449 813 3448
f 3448 814 3450
f 3450 3449 3448
f 3449 815 3452
f 3452 816 3451
f 3451 813 3449
f 3449 3452 3451
f 3454 817 3453
f 3453 795 3407
f 3407 798 3454
f 3454 3453 3407
f 3453 817 3456
f 3456 818 3455
f 3455 795 3453
f 3453 3456 3455
f 3457 819 3458
f 3458 800 3410
f 3410 799 3457
f 3457 3458 3410
f 3458 819 3461
f 3461 820 3459
f 3459 800 3458
f 3458 3461 3459
f 3469 823 3468
f 3468 821 3465
f 3465 822 3469
f 3469 3468 3465
f 3468 823 3471
f 3471 824 3470
f 3470 821 3468
f 3468 3471 3470
f 3474 827 3473
f 3473 825 3472
f 3472 826 3474
f 3474 3473 3472
f 3473 827 3476
f 3476 828 3475
f 3475 825 3473
f 3473 3476 3475
f 3482 831 3481
f 3481 829 3480
f 3480 830 3482
f 3482 3481 3480
f 3481 831 3484
f 3484 832 3483
f 3483 829 3481
f 3481 3484 3483
f 3490 835 3489
f 3489 833 3487
f 3487 834 3490
f 3490 3489 3487
f 3489 835 3492
f 3492 836 3491
f 3491 833 3489
f 3489 3492 3491
f 3498 838 3504
f 3504 840 3503
f 3503 837 3498
f 3498 3504 3503
f 3504 838 3501
f 3501 839 3505
f 3505 840 3504
f 3504 3501 3505
f 3507 837 3510
f 3510 842 3512
f 3512 841 3507
f 3507 3510 3512
f 3510 837 3503
f 3503 840 3511
f 3511 842 3510
f 3510 3503 3511
f 3518 845 3517
f 3517 843 3514
f 3514 844 3518
f 3518 3517 3514
f 3517 845 3520
f 3520 846 3519
f 3519 843 3517
f 3517 3520 3519
f 3526 849 3525
f 3525 847 3524
f 3524 848 3526
f 3526 3525 3524
f 3525 849 3528
f 3528 850 3527
f 3527 847 3525
f 3525 3528 3527
f 3534 853 3533
f 3533 851 3531
f 3531 852 3534
f 3534 3533 3531
f 3533 853 3536
f 3536 854 3535
f 3535 851 3533
f 3533 3536 3535
f 3540 856 3543
f 3543 855 3537
f 3537 815 3540
f 3540 3543 3537
f 3543 856 3547
f 3547 857 3546
f 3546 855 3543
f 3543 3547 3546
f 3548 858 3552
f 3552 860 3551
f 3551 855 3548
f 3548 3552 3551
f 3552 858 3549
f 3549 859 3553
f 3553 860 3552
f 3552 3549 3553
f 3557 862 3556
f 3556 846 3554
f 3554 861 3557
f 3557 3556 3554
f 3556 862 3555
f 3555 843 3519
f 3519 846 3556
f 3556 3555 3519
f 3558 864 3564
f 3564 866 3563
f 3563 863 3558
f 3558 3564 3563
f 3564 864 3560
f 3560 865 3565
f 3565 866 3564
f 3564 3560 3565
f 3571 869 3570
f 3570 867 3568
f 3568 868 3571
f 3571 3570 3568
f 3570 869 3573
f 3573 870 3572
f 3572 867 3570
f 3570 3573 3572
f 3575 872 3577
f 3577 871 3574
f 3574 854 3575
f 3575 3577 3574
f 3577 872 3581
f 3581 873 3580
f 3580 871 3577
f 3577 3581 3580
f 3584 874 3583
f 3583 854 3574
f 3574 871 3584
f 3584 3583 3574
f 3583 874 3582
f 3582 851 3535
f 3535 854 3583
f 3583 3582 3535
f 3544 851 3585
f 3585 875 3587
f 3587 857 3544
f 3544 3585 3587
f 3585 851 3582
f 3582 874 3589
f 3589 875 3585
f 3585 3582 3589
f 3587 875 3586
f 3586 855 3546
f 3546 857 3587
f 3587 3586 3546
f 3586 875 3588
f 3588 858 3548
f 3548 855 3586
f 3586 3588 3548
f 3593 878 3592
f 3592 876 3590
f 3590 877 3593
f 3593 3592 3590
f 3592 878 3597
f 3597 879 3596
f 3596 876 3592
f 3592 3597 3596
f 3138 689 3598
f 3598 880 3599
f 3599 690 3138
f 3138 3598 3599
f 3598 689 3603
f 3603 881 3604
f 3604 880 3598
f 3598 3603 3604
f 3146 693 3605
f 3605 882 3606
f 3606 694 3146
f 3146 3605 3606
f 3605 693 3607
f 3607 883 3609
f 3609 882 3605
f 3605 3607 3609
f 3612 884 3610
f 3610 694 3606
f 3606 882 3612
f 3612 3610 3606
f 3610 884 3611
f 3611 766 3311
f 3311 694 3610
f 3610 3611 3311
f 3622 886 3621
f 3621 781 3615
f 3615 885 3622
f 3622 3621 3615
f 3621 886 3617
f 3617 752 3358
f 3358 781 3621
f 3621 3617 3358
f 3617 886 3618
f 3618 753 3285
f 3285 752 3617
f 3617 3618 3285
f 3618 886 3626
f 3626 887 3623
f 3623 753 3618
f 3618 3626 3623
f 3631 798 3629
f 3629 888 3633
f 3633 889 3631
f 3631 3629 3633
f 3629 798 3408
f 3408 797 3628
f 3628 888 3629
f 3629 3408 3628
f 3635 817 3634
f 3634 890 3638
f 3638 891 3635
f 3635 3634 3638
f 3634 817 3639
f 3639 892 3641
f 3641 890 3634
f 3634 3639 3641
f 3475 828 3643
f 3643 893 3642
f 3642 825 3475
f 3475 3643 3642
f 3643 828 3645
f 3645 894 3648
f 3648 893 3643
f 3643 3645 3648
f 3649 895 3650
f 3650 846 3520
f 3520 845 3649
f 3649 3650 3520
f 3650 895 3654
f 3654 896 3652
f 3652 846 3650
f 3650 3654 3652
f 3655 861 3653
f 3653 896 3656
f 3656 897 3655
f 3655 3653 3656
f 3653 861 3554
f 3554 846 3652
f 3652 896 3653
f 3653 3554 3652
f 3660 900 3659
f 3659 898 3658
f 3658 899 3660
f 3660 3659 3658
f 3659 900 3662
f 3662 901 3661
f 3661 898 3659
f 3659 3662 3661
f 3672 904 3671
f 3671 902 3669
f 3669 903 3672
f 3672 3671 3669
f 3671 904 3674
f 3674 905 3673
f 3673 902 3671
f 3671 3674 3673
f 3676 750 3319
f 3319 771 3679
f 3679 906 3676
f 3676 3319 3679
f 3319 750 3367
f 3367 784 3370
f 3370 771 3319
f 3319 3367 3370
f 3325 760 3329
f 3329 773 3331
f 3331 772 3325
f 3325 3329 3331
f 3329 760 3304
f 3304 763 3330
f 3330 773 3329
f 3329 3304 3330
f 3334 762 3339
f 3339 775 3340
f 3340 774 3334
f 3334 3339 3340
f 3339 762 3683
f 3683 907 3684
f 3684 775 3339
f 3339 3683 3684
f 3688 908 3689
f 3689 777 3346
f 3346 776 3688
f 3688 3689 3346
f 3689 908 3696
f 3696 909 3694
f 3694 777 3689
f 3689 3696 3694
f 3359 781 3360
f 3360 767 3314
f 3314 766 3359
f 3359 3360 3314
f 3360 781 3361
f 3361 780 3357
f 3357 767 3360
f 3360 3361 3357
f 3703 911 3711
f 3711 913 3710
f 3710 910 3703
f 3703 3711 3710
f 3711 911 3706
f 3706 912 3712
f 3712 913 3711
f 3711 3706 3712
f 3391 792 3392
f 3392 751 3283
f 3283 748 3391
f 3391 3392 3283
f 3392 792 3396
f 3396 793 3394
f 3394 751 3392
f 3392 3396 3394
f 3430 807 3431
f 3431 746 3273
f 3273 745 3430
f 3430 3431 3273
f 3431 807 3433
f 3433 791 3389
f 3389 746 3431
f 3431 3433 3389
f 3411 735 3417
f 3417 802 3419
f 3419 801 3411
f 3411 3417 3419
f 3417 735 3252
f 3252 734 3416
f 3416 802 3417
f 3417 3252 3416
f 3406 796 3401
f 3401 753 3404
f 3404 797 3406
f 3406 3401 3404
f 3401 796 3402
f 3402 754 3286
f 3286 753 3401
f 3401 3402 3286
f 3628 797 3625
f 3625 887 3630
f 3630 888 3628
f 3628 3625 3630
f 3625 797 3404
f 3404 753 3623
f 3623 887 3625
f 3625 3404 3623
f 3715 915 3718
f 3718 914 3714
f 3714 841 3715
f 3715 3718 3714
f 3718 915 3722
f 3722 916 3721
f 3721 914 3718
f 3718 3722 3721
f 3725 917 3723
f 3723 810 3713
f 3713 914 3725
f 3725 3723 3713
f 3723 917 3724
f 3724 811 3445
f 3445 810 3723
f 3723 3724 3445
f 3496 838 3497
f 3497 822 3465
f 3465 821 3496
f 3496 3497 3465
f 3497 838 3495
f 3495 812 3464
f 3464 822 3497
f 3497 3495 3464
f 3727 918 3728
f 3728 805 3427
f 3427 804 3727
f 3727 3728 3427
f 3728 918 3733
f 3733 919 3729
f 3729 805 3728
f 3728 3733 3729
f 3737 921 3743
f 3743 922 3742
f 3742 920 3737
f 3737 3743 3742
f 3743 921 3736
f 3736 918 3741
f 3741 922 3743
f 3743 3736 3741
f 3750 925 3749
f 3749 923 3746
f 3746 924 3750
f 3750 3749 3746
f 3749 925 3756
f 3756 926 3755
f 3755 923 3749
f 3749 3756 3755
f 3757 673 3763
f 3763 929 3764
f 3764 927 3757
f 3757 3763 3764
f 3763 673 3761
f 3761 928 3765
f 3765 929 3763
f 3763 3761 3765
f 3766 930 3769
f 3769 650 3051
f 3051 326 3766
f 3766 3769 3051
f 3769 930 3770
f 3770 651 3053
f 3053 650 3769
f 3769 3770 3053
f 3663 328 3666
f 3666 903 3669
f 3669 902 3663
f 3663 3666 3669
f 3666 328 1969
f 1969 327 3665
f 3665 903 3666
f 3666 1969 3665
f 3772 932 3773
f 3773 931 3771
f 3771 905 3772
f 3772 3773 3771
f 3773 932 3775
f 3775 933 3774
f 3774 931 3773
f 3773 3775 3774
f 3782 936 3781
f 3781 934 3780
f 3780 935 3782
f 3782 3781 3780
f 3781 936 3785
f 3785 937 3784
f 3784 934 3781
f 3781 3785 3784
f 3003 626 3788
f 3788 939 3789
f 3789 627 3003
f 3003 3788 3789
f 3788 626 3786
f 3786 938 3790
f 3790 939 3788
f 3788 3786 3790
f 3793 632 3010
f 3010 616 3791
f 3791 940 3793
f 3793 3010 3791
f 3010 632 3011
f 3011 617 2981
f 2981 616 3010
f 3010 3011 2981
f 3802 942 3800
f 3800 622 3799
f 3799 941 3802
f 3802 3800 3799
f 3800 942 3801
f 3801 623 2996
f 2996 622 3800
f 3800 3801 2996
f 3084 664 3085
f 3085 631 3009
f 3009 630 3084
f 3084 3085 3009
f 3085 664 3126
f 3126 683 3125
f 3125 631 3085
f 3085 3126 3125
f 3809 944 3808
f 3808 683 3804
f 3804 943 3809
f 3809 3808 3804
f 3808 944 3807
f 3807 631 3125
f 3125 683 3808
f 3808 3807 3125
f 3784 937 3813
f 3813 945 3812
f 3812 934 3784
f 3784 3813 3812
f 3813 937 3783
f 3783 899 3811
f 3811 945 3813
f 3813 3783 3811
f 3055 651 3814
f 3814 946 3815
f 3815 652 3055
f 3055 3814 3815
f 3814 651 3817
f 3817 947 3820
f 3820 946 3814
f 3814 3817 3820
f 3349 765 3353
f 3353 779 3354
f 3354 778 3349
f 3349 3353 3354
f 3353 765 3310
f 3310 764 3352
f 3352 779 3353
f 3353 3310 3352
f 3117 681 3115
f 3115 659 3111
f 3111 678 3117
f 3117 3115 3111
f 3115 681 3116
f 3116 660 3075
f 3075 659 3115
f 3115 3116 3075
f 3825 948 3824
f 3824 905 3771
f 3771 931 3825
f 3825 3824 3771
f 3824 948 3823
f 3823 902 3673
f 3673 905 3824
f 3824 3823 3673
f 3821 347 3664
f 3664 902 3823
f 3823 948 3821
f 3821 3664 3823
f 3664 347 2022
f 2022 328 3663
f 3663 902 3664
f 3664 2022 3663
f 3790 938 3826
f 3826 949 3827
f 3827 939 3790
f 3790 3826 3827
f 3826 938 3828
f 3828 950 3829
f 3829 949 3826
f 3826 3828 3829
f 3676 906 3675
f 3675 749 3282
f 3282 750 3676
f 3676 3675 3282
f 3675 906 3680
f 3680 772 3324
f 3324 749 3675
f 3675 3680 3324
f 3836 952 3834
f 3834 634 3830
f 3830 951 3836
f 3836 3834 3830
f 3834 952 3835
f 3835 635 3018
f 3018 634 3834
f 3834 3835 3018
f 3837 352 3822
f 3822 948 3839
f 3839 953 3837
f 3837 3822 3839
f 3822 352 2034
f 2034 347 3821
f 3821 948 3822
f 3822 2034 3821
f 3848 955 3847
f 3847 878 3842
f 3842 954 3848
f 3848 3847 3842
f 3847 955 3844
f 3844 679 3591
f 3591 878 3847
f 3847 3844 3591
f 3779 935 3778
f 3778 669 3171
f 3171 703 3779
f 3779 3778 3171
f 3778 935 3780
f 3780 934 3776
f 3776 669 3778
f 3778 3780 3776
f 3594 678 3853
f 3853 956 3854
f 3854 879 3594
f 3594 3853 3854
f 3853 678 3111
f 3111 659 3852
f 3852 956 3853
f 3853 3111 3852
f 3849 359 3856
f 3856 957 3860
f 3860 956 3849
f 3849 3856 3860
f 3856 359 2057
f 2057 358 3855
f 3855 957 3856
f 3856 2057 3855
f 3100 670 3862
f 3862 958 3863
f 3863 671 3100
f 3100 3862 3863
f 3862 670 3868
f 3868 959 3870
f 3870 958 3862
f 3862 3868 3870
f 3877 880 3873
f 3873 960 3881
f 3881 961 3877
f 3877 3873 3881
f 3873 880 3604
f 3604 881 3874
f 3874 960 3873
f 3873 3604 3874
f 3755 926 3752
f 3752 883 3744
f 3744 923 3755
f 3755 3752 3744
f 3752 926 3751
f 3751 882 3609
f 3609 883 3752
f 3752 3751 3609
f 3753 911 3701
f 3701 882 3751
f 3751 926 3753
f 3753 3701 3751
f 3701 911 3702
f 3702 884 3612
f 3612 882 3701
f 3701 3702 3612
f 3616 884 3699
f 3699 910 3700
f 3700 885 3616
f 3616 3699 3700
f 3699 884 3702
f 3702 911 3703
f 3703 910 3699
f 3699 3702 3703
f 3697 756 3613
f 3613 885 3700
f 3700 910 3697
f 3697 3613 3700
f 3613 756 3619
f 3619 886 3622
f 3622 885 3613
f 3613 3619 3622
f 3626 886 3620
f 3620 759 3624
f 3624 887 3626
f 3626 3620 3624
f 3620 886 3619
f 3619 756 3293
f 3293 759 3620
f 3620 3619 3293
f 3884 888 3627
f 3627 759 3882
f 3882 962 3884
f 3884 3627 3882
f 3627 888 3630
f 3630 887 3624
f 3624 759 3627
f 3627 3630 3624
f 3886 889 3885
f 3885 962 3890
f 3890 963 3886
f 3886 3885 3890
f 3885 889 3633
f 3633 888 3884
f 3884 962 3885
f 3885 3633 3884
f 3886 963 3887
f 3887 892 3640
f 3640 889 3886
f 3886 3887 3640
f 3887 963 3888
f 3888 916 3720
f 3720 892 3887
f 3887 3888 3720
f 3716 915 3717
f 3717 894 3646
f 3646 890 3716
f 3716 3717 3646
f 3717 915 3895
f 3895 964 3894
f 3894 894 3717
f 3717 3895 3894
f 3904 895 3899
f 3899 965 3906
f 3906 966 3904
f 3904 3899 3906
f 3899 895 3651
f 3651 893 3898
f 3898 965 3899
f 3899 3651 3898
f 3909 967 3910
f 3910 897 3656
f 3656 896 3909
f 3909 3910 3656
f 3910 967 3914
f 3914 968 3913
f 3913 897 3910
f 3910 3914 3913
f 3121 682 3119
f 3119 609 2975
f 2975 613 3121
f 3121 3119 2975
f 3119 682 3120
f 3120 610 2970
f 2970 609 3119
f 3119 3120 2970
f 3919 970 3916
f 3916 607 3915
f 3915 969 3919
f 3919 3916 3915
f 3916 970 3917
f 3917 608 2966
f 2966 607 3916
f 3916 3917 2966
f 3920 674 3758
f 3758 927 3921
f 3921 971 3920
f 3920 3758 3921
f 3758 674 3103
f 3103 673 3757
f 3757 927 3758
f 3758 3103 3757
f 3776 934 3777
f 3777 670 3098
f 3098 669 3776
f 3776 3777 3098
f 3777 934 3812
f 3812 945 3810
f 3810 670 3777
f 3777 3812 3810
f 3922 972 3923
f 3923 653 3057
f 3057 652 3922
f 3922 3923 3057
f 3923 972 3927
f 3927 973 3925
f 3925 653 3923
f 3923 3927 3925
f 3932 974 3928
f 3928 679 3844
f 3844 955 3932
f 3932 3928 3844
f 3928 974 3929
f 3929 680 3114
f 3114 679 3928
f 3928 3929 3114
f 3938 975 3933
f 3933 608 3917
f 3917 970 3938
f 3938 3933 3917
f 3933 975 3934
f 3934 612 2973
f 2973 608 3933
f 3933 3934 2973
f 3948 977 3947
f 3947 707 3942
f 3942 976 3948
f 3948 3947 3942
f 3947 977 3946
f 3946 704 3181
f 3181 707 3947
f 3947 3946 3181
f 3958 980 3957
f 3957 978 3954
f 3954 979 3958
f 3958 3957 3954
f 3957 980 3964
f 3964 981 3963
f 3963 978 3957
f 3957 3964 3963
f 3975 983 3973
f 3973 979 3969
f 3969 982 3975
f 3975 3973 3969
f 3973 983 3974
f 3974 980 3958
f 3958 979 3973
f 3973 3974 3958
f 3200 712 3195
f 3195 709 3199
f 3199 713 3200
f 3200 3195 3199
f 3195 712 3196
f 3196 710 3187
f 3187 709 3195
f 3195 3196 3187
f 3247 731 3241
f 3241 727 3245
f 3245 732 3247
f 3247 3241 3245
f 3241 731 3242
f 3242 728 3236
f 3236 727 3241
f 3241 3242 3236
f 3748 925 3747
f 3747 769 3705
f 3705 912 3748
f 3748 3747 3705
f 3747 925 3980
f 3980 984 3977
f 3977 769 3747
f 3747 3980 3977
f 3707 757 3698
f 3698 910 3710
f 3710 913 3707
f 3707 3698 3710
f 3698 757 3290
f 3290 756 3697
f 3697 910 3698
f 3698 3290 3697
f 3254 735 3261
f 3261 741 3262
f 3262 736 3254
f 3254 3261 3262
f 3261 735 3257
f 3257 738 3263
f 3263 741 3261
f 3261 3257 3263
f 3297 761 3298
f 3298 715 3201
f 3201 714 3297
f 3297 3298 3201
f 3298 761 3317
f 3317 770 3316
f 3316 715 3298
f 3298 3317 3316
f 3303 763 3302
f 3302 718 3219
f 3219 721 3303
f 3303 3302 3219
f 3302 763 3304
f 3304 760 3296
f 3296 718 3302
f 3302 3304 3296
f 3682 725 3686
f 3686 908 3690
f 3690 907 3682
f 3682 3686 3690
f 3686 725 3238
f 3238 729 3687
f 3687 908 3686
f 3686 3238 3687
f 3691 909 3692
f 3692 729 3240
f 3240 728 3691
f 3691 3692 3240
f 3692 909 3696
f 3696 908 3687
f 3687 729 3692
f 3692 3696 3687
f 3309 765 3308
f 3308 728 3242
f 3242 731 3309
f 3309 3308 3242
f 3308 765 3693
f 3693 909 3691
f 3691 728 3308
f 3308 3693 3691
f 3345 777 3344
f 3344 736 3262
f 3262 741 3345
f 3345 3344 3262
f 3344 777 3350
f 3350 778 3347
f 3347 736 3344
f 3344 3350 3347
f 3411 801 3412
f 3412 738 3257
f 3257 735 3411
f 3411 3412 3257
f 3412 801 3413
f 3413 788 3381
f 3381 738 3412
f 3412 3413 3381
f 3415 800 3409
f 3409 788 3413
f 3413 801 3415
f 3415 3409 3413
f 3409 800 3422
f 3422 803 3420
f 3420 788 3409
f 3409 3422 3420
f 3459 820 3460
f 3460 803 3422
f 3422 800 3459
f 3459 3460 3422
f 3460 820 3740
f 3740 922 3738
f 3738 803 3460
f 3460 3740 3738
f 3715 841 3891
f 3891 964 3895
f 3895 915 3715
f 3715 3891 3895
f 3891 841 3512
f 3512 842 3892
f 3892 964 3891
f 3891 3512 3892
f 3735 829 3981
f 3981 985 3984
f 3984 920 3735
f 3735 3981 3984
f 3981 829 3483
f 3483 832 3982
f 3982 985 3981
f 3981 3483 3982
f 3988 985 3985
f 3985 986 3989
f 3989 987 3988
f 3988 3985 3989
f 3985 985 3992
f 3992 988 3993
f 3993 986 3985
f 3985 3992 3993
f 3997 989 3996
f 3996 921 3987
f 3987 987 3997
f 3997 3996 3987
f 3996 989 4003
f 4003 990 4002
f 4002 921 3996
f 3996 4003 4002
f 3500 834 4006
f 4006 991 4007
f 4007 839 3500
f 3500 4006 4007
f 4006 834 3487
f 3487 833 4005
f 4005 991 4006
f 4006 3487 4005
f 3911 966 3903
f 3903 860 3908
f 3908 967 3911
f 3911 3903 3908
f 3903 966 3902
f 3902 816 3550
f 3550 860 3903
f 3903 3902 3550
f 4012 992 4011
f 4011 865 3567
f 3567 868 4012
f 4012 4011 3567
f 4011 992 4010
f 4010 850 3559
f 3559 865 4011
f 4011 4010 3559
f 4015 993 4016
f 4016 868 3568
f 3568 867 4015
f 4015 4016 3568
f 4016 993 4019
f 4019 992 4012
f 4012 868 4016
f 4016 4019 4012
f 4022 986 4028
f 4028 995 4030
f 4030 994 4022
f 4022 4028 4030
f 4028 986 4018
f 4018 993 4029
f 4029 995 4028
f 4028 4018 4029
f 3544 857 3545
f 3545 852 3531
f 3531 851 3544
f 3544 3545 3531
f 3545 857 3547
f 3547 856 3542
f 3542 852 3545
f 3545 3547 3542
f 3553 859 3907
f 3907 967 3908
f 3908 860 3553
f 3553 3907 3908
f 3907 859 3912
f 3912 968 3914
f 3914 967 3907
f 3907 3912 3914
f 3560 864 3566
f 3566 868 3567
f 3567 865 3560
f 3560 3566 3567
f 3566 864 3569
f 3569 869 3571
f 3571 868 3566
f 3566 3569 3571
f 4034 996 4032
f 4032 935 3843
f 3843 954 4034
f 4034 4032 3843
f 4032 996 4033
f 4033 936 3782
f 3782 935 4032
f 4032 4033 3782
f 3033 399 3850
f 3850 956 3851
f 3851 642 3033
f 3033 3850 3851
f 3850 399 2234
f 2234 359 3849
f 3849 956 3850
f 3850 2234 3849
f 4036 997 4037
f 4037 950 3828
f 3828 938 4036
f 4036 4037 3828
f 4037 997 4039
f 4039 998 4038
f 4038 950 4037
f 4037 4039 4038
f 4040 999 4041
f 4041 676 3107
f 3107 675 4040
f 4040 4041 3107
f 4041 999 4045
f 4045 1000 4042
f 4042 676 4041
f 4041 4045 4042
f 3820 947 3819
f 3819 676 3816
f 3816 946 3820
f 3820 3819 3816
f 3819 947 3818
f 3818 673 3106
f 3106 676 3819
f 3819 3818 3106
f 3325 772 3326
f 3326 761 3299
f 3299 760 3325
f 3325 3326 3299
f 3326 772 3680
f 3680 906 3677
f 3677 761 3326
f 3326 3680 3677
f 3334 774 3335
f 3335 763 3305
f 3305 762 3334
f 3334 3335 3305
f 3335 774 3336
f 3336 773 3330
f 3330 763 3335
f 3335 3336 3330
f 3349 778 3695
f 3695 909 3693
f 3693 765 3349
f 3349 3695 3693
f 3695 778 3350
f 3350 777 3694
f 3694 909 3695
f 3695 3350 3694
f 3616 885 3614
f 3614 766 3611
f 3611 884 3616
f 3616 3614 3611
f 3614 885 3615
f 3615 781 3359
f 3359 766 3614
f 3614 3615 3359
f 3963 981 3961
f 3961 705 3949
f 3949 978 3963
f 3963 3961 3949
f 3961 981 3962
f 3962 706 3178
f 3178 705 3961
f 3961 3962 3178
f 3759 928 3831
f 3831 951 3830
f 3830 634 3759
f 3759 3831 3830
f 3831 928 4047
f 4047 1001 4049
f 4049 951 3831
f 3831 4047 4049
f 4050 1002 4051
f 4051 905 3674
f 3674 904 4050
f 4050 4051 3674
f 4051 1002 4052
f 4052 932 3772
f 3772 905 4051
f 4051 4052 3772
f 3811 899 4057
f 4057 1003 4058
f 4058 945 3811
f 3811 4057 4058
f 4057 899 3658
f 3658 898 4056
f 4056 1003 4057
f 4057 3658 4056
f 4060 648 3657
f 3657 898 4062
f 4062 1004 4060
f 4060 3657 4062
f 3657 648 4055
f 4055 1003 4056
f 4056 898 3657
f 3657 4055 4056
f 4035 645 4064
f 4064 1005 4066
f 4066 997 4035
f 4035 4064 4066
f 4064 645 3048
f 3048 649 4065
f 4065 1005 4064
f 4064 3048 4065
f 3123 627 3803
f 3803 943 3804
f 3804 683 3123
f 3123 3803 3804
f 3803 627 3789
f 3789 939 3805
f 3805 943 3803
f 3803 3789 3805
f 3795 940 3792
f 3792 620 3037
f 3037 643 3795
f 3795 3792 3037
f 3792 940 3791
f 3791 616 2987
f 2987 620 3792
f 3792 3791 2987
f 4071 1007 4073
f 4073 1006 4068
f 4068 639 4071
f 4071 4073 4068
f 4073 1007 4077
f 4077 1008 4076
f 4076 1006 4073
f 4073 4077 4076
f 2281 413 3857
f 3857 957 3855
f 3855 358 2281
f 2281 3857 3855
f 3857 413 4078
f 4078 1009 4081
f 4081 957 3857
f 3857 4078 4081
f 4085 1010 4082
f 4082 652 3815
f 3815 946 4085
f 4085 4082 3815
f 4082 1010 4086
f 4086 972 3922
f 3922 652 4082
f 4082 4086 3922
f 4097 1012 4095
f 4095 733 4091
f 4091 1011 4097
f 4097 4095 4091
f 4095 1012 4094
f 4094 730 3250
f 3250 733 4095
f 4095 4094 3250
f 3313 767 4096
f 4096 1012 4093
f 4093 695 3313
f 3313 4096 4093
f 4096 767 4100
f 4100 1013 4102
f 4102 1012 4096
f 4096 4100 4102
f 3352 764 4104
f 4104 1014 4105
f 4105 779 3352
f 3352 4104 4105
f 4104 764 4099
f 4099 1013 4107
f 4107 1014 4104
f 4104 4099 4107
f 3356 755 4103
f 4103 1014 4106
f 4106 780 3356
f 3356 4103 4106
f 4103 755 4110
f 4110 1015 4112
f 4112 1014 4103
f 4103 4110 4112
f 4116 1016 4114
f 4114 737 4108
f 4108 1015 4116
f 4116 4114 4108
f 4114 1016 4113
f 4113 734 3255
f 3255 737 4114
f 4114 4113 3255
f 4119 1017 4118
f 4118 754 3402
f 3402 796 4119
f 4119 4118 3402
f 4118 1017 4121
f 4121 1016 4115
f 4115 754 4118
f 4118 4121 4115
f 4127 1018 4125
f 4125 802 4120
f 4120 1017 4127
f 4127 4125 4120
f 4125 1018 4124
f 4124 799 3418
f 3418 802 4125
f 4125 4124 3418
f 4141 1021 4140
f 4140 1019 4135
f 4135 1020 4141
f 4141 4140 4135
f 4140 1021 4137
f 4137 818 4128
f 4128 1019 4140
f 4140 4137 4128
f 4146 1022 4144
f 4144 830 4134
f 4134 1020 4146
f 4146 4144 4134
f 4144 1022 4145
f 4145 831 3482
f 3482 830 4144
f 4144 4145 3482
f 4156 1024 4154
f 4154 848 4150
f 4150 1023 4156
f 4156 4154 4150
f 4154 1024 4155
f 4155 849 3526
f 3526 848 4154
f 4154 4155 3526
f 4157 843 4161
f 4161 1026 4165
f 4165 1025 4157
f 4157 4161 4165
f 4161 843 3555
f 3555 862 4162
f 4162 1026 4161
f 4161 3555 4162
f 3591 679 3595
f 3595 879 3597
f 3597 878 3591
f 3591 3595 3597
f 3595 679 3112
f 3112 678 3594
f 3594 879 3595
f 3595 3112 3594
f 3860 957 3859
f 3859 879 3854
f 3854 956 3860
f 3860 3859 3854
f 3859 957 3858
f 3858 876 3596
f 3596 879 3859
f 3859 3858 3596
f 3825 931 3838
f 3838 953 3839
f 3839 948 3825
f 3825 3838 3839
f 3838 931 4168
f 4168 1027 4170
f 4170 953 3838
f 3838 4168 4170
f 3774 933 4169
f 4169 1027 4168
f 4168 931 3774
f 3774 4169 4168
f 4169 933 4173
f 4173 1028 4175
f 4175 1027 4169
f 4169 4173 4175
f 2982 434 2985
f 2985 619 2986
f 2986 618 2982
f 2982 2985 2986
f 2985 434 2379
f 2379 433 2984
f 2984 619 2985
f 2985 2379 2984
f 3073 658 3070
f 3070 643 3072
f 3072 659 3073
f 3073 3070 3072
f 3070 658 3796
f 3796 940 3795
f 3795 643 3070
f 3070 3796 3795
f 3810 945 3869
f 3869 959 3868
f 3868 670 3810
f 3810 3869 3868
f 3869 945 4058
f 4058 1003 4059
f 4059 959 3869
f 3869 4058 4059
f 2984 433 3034
f 3034 642 3035
f 3035 619 2984
f 2984 3034 3035
f 3034 433 2376
f 2376 399 3033
f 3033 642 3034
f 3034 2376 3033
f 4179 1030 4183
f 4183 1032 4182
f 4182 1029 4179
f 4179 4183 4182
f 4183 1030 4181
f 4181 1031 4184
f 4184 1032 4183
f 4183 4181 4184
f 4186 1031 4185
f 4185 1031 4188
f 4192 1033 4191
f 4191 1034 4193
f 4192 4191 4193
f 4193 1034 4197
f 4197 1034 4196
f 4196 1035 4198
f 4197 4196 4198
f 4199 1036 4200
f 4200 682 3122
f 3122 641 4199
f 4199 4200 3122
f 4200 1036 4201
f 4201 1035 4195
f 4195 682 4200
f 4200 4201 4195
f 4202 1037 4203
f 4203 641 3032
f 3032 640 4202
f 4202 4203 3032
f 4203 1037 4204
f 4204 1036 4199
f 4199 641 4203
f 4203 4204 4199
f 4209 1039 4210
f 4210 1038 4207
f 4207 971 4209
f 4209 4210 4207
f 4210 1039 4214
f 4214 1040 4213
f 4213 1038 4210
f 4210 4214 4213
f 4216 1041 4215
f 4215 927 3764
f 3764 929 4216
f 4216 4215 3764
f 4215 1041 4220
f 4220 1042 4217
f 4217 927 4215
f 4215 4220 4217
f 4223 1043 4224
f 4224 637 3024
f 3024 636 4223
f 4223 4224 3024
f 4224 1043 4228
f 4228 1044 4225
f 4225 637 4224
f 4224 4228 4225
f 2432 451 3019
f 3019 636 3020
f 3020 452 2432
f 2432 3019 3020
f 3019 451 4221
f 4221 1043 4223
f 4223 636 3019
f 3019 4221 4223
f 4240 944 4237
f 4237 1051 4241
f 4241 1052 4240
f 4240 4237 4241
f 4237 944 3809
f 3809 943 4236
f 4236 1051 4237
f 4237 3809 4236
f 4242 1053 4243
f 4243 1052 4241
f 4241 1051 4242
f 4242 4243 4241
f 4243 1053 4246
f 4246 1054 4245
f 4245 1052 4243
f 4243 4246 4245
f 4247 1055 4248
f 4248 969 3915
f 3915 607 4247
f 4247 4248 3915
f 4248 1055 4250
f 4250 1056 4249
f 4249 969 4248
f 4248 4250 4249
f 4251 1057 4252
f 4252 607 2964
f 2964 606 4251
f 4251 4252 2964
f 4252 1057 4255
f 4255 1055 4247
f 4247 607 4252
f 4252 4255 4247
f 4245 1054 4244
f 4244 614 4238
f 4238 1052 4245
f 4245 4244 4238
f 4244 1054 4258
f 4258 1058 4256
f 4256 614 4244
f 4244 4258 4256
f 3068 656 4263
f 4263 1060 4264
f 4264 657 3068
f 3068 4263 4264
f 4263 656 4261
f 4261 1059 4265
f 4265 1060 4263
f 4263 4261 4265
f 4251 606 4177
f 4177 1030 4254
f 4254 1057 4251
f 4251 4177 4254
f 4177 606 2971
f 2971 611 4178
f 4178 1030 4177
f 4177 2971 4178
f 4179 1029 4253
f 4253 1057 4254
f 4254 1030 4179
f 4179 4253 4254
f 4253 1029 4266
f 4266 1061 4268
f 4268 1057 4253
f 4253 4266 4268
f 4269 1055 4267
f 4267 1061 4271
f 4271 1062 4269
f 4269 4267 4271
f 4267 1055 4255
f 4255 1057 4268
f 4268 1061 4267
f 4267 4255 4268
f 4272 1053 4277
f 4277 1065 4278
f 4278 1063 4272
f 4272 4277 4278
f 4277 1053 4275
f 4275 1064 4279
f 4279 1065 4277
f 4277 4275 4279
f 4280 1066 4281
f 4281 1059 4262
f 4262 1058 4280
f 4280 4281 4262
f 4281 1066 4282
f 4282 1060 4265
f 4265 1059 4281
f 4281 4282 4265
f 4272 1063 4273
f 4273 1054 4246
f 4246 1053 4272
f 4272 4273 4246
f 4273 1063 4285
f 4285 1067 4283
f 4283 1054 4273
f 4273 4285 4283
f 4229 1032 4293
f 4295 1032 4229
f 3061 618 3063
f 3063 656 3065
f 3065 655 3061
f 3061 3063 3065
f 3063 618 2992
f 2992 621 3064
f 3064 656 3063
f 3063 2992 3064
f 3060 479 2983
f 2983 618 3061
f 3061 655 3060
f 3060 2983 3061
f 2983 479 2502
f 2502 434 2982
f 2982 618 2983
f 2983 2502 2982
f 4285 1063 4296
f 4296 1071 4299
f 4299 1067 4285
f 4285 4296 4299
f 4296 1063 4278
f 4278 1065 4297
f 4297 1071 4296
f 4296 4278 4297
f 4301 1072 4300
f 4300 1060 4282
f 4282 1066 4301
f 4301 4300 4282
f 4300 1072 4305
f 4305 1073 4304
f 4304 1060 4300
f 4300 4305 4304
f 4312 1076 4311
f 4311 1074 4310
f 4310 1075 4312
f 4312 4311 4310
f 4311 1076 4314
f 4314 1077 4313
f 4313 1074 4311
f 4311 4314 4313
f 4315 1078 4316
f 4316 1061 4266
f 4266 1029 4315
f 4315 4316 4266
f 4316 1078 4321
f 4321 1079 4318
f 4318 1061 4316
f 4316 4321 4318
f 4313 1077 4325
f 4325 1080 4324
f 4324 1074 4313
f 4313 4325 4324
f 4325 1077 4326
f 4326 1081 4329
f 4329 1080 4325
f 4325 4326 4329
f 4330 1082 4331
f 4331 1078 4317
f 4317 1070 4330
f 4330 4331 4317
f 4331 1082 4332
f 4332 1081 4327
f 4327 1078 4331
f 4331 4332 4327
f 4318 1079 4319
f 4319 1062 4271
f 4271 1061 4318
f 4318 4319 4271
f 4319 1079 4336
f 4336 1083 4333
f 4333 1062 4319
f 4319 4336 4333
f 2987 616 2991
f 2991 621 2993
f 2993 620 2987
f 2987 2991 2993
f 2991 616 2979
f 2979 615 2990
f 2990 621 2991
f 2991 2979 2990
f 3064 621 4260
f 4260 1059 4261
f 4261 656 3064
f 3064 4260 4261
f 4260 621 2990
f 2990 615 4259
f 4259 1059 4260
f 4260 2990 4259
f 4309 942 4339
f 4339 1085 4341
f 4341 1075 4309
f 4309 4339 4341
f 4339 942 4338
f 4338 1084 4343
f 4343 1085 4339
f 4339 4338 4343
f 3802 941 4337
f 4337 1084 4338
f 4338 942 3802
f 3802 4337 4338
f 4337 941 4346
f 4346 1086 4347
f 4347 1084 4337
f 4337 4346 4347
f 3797 497 4345
f 4345 1086 4346
f 4346 941 3797
f 3797 4345 4346
f 4345 497 2556
f 2556 496 4344
f 4344 1086 4345
f 4345 2556 4344
f 4306 623 4308
f 4308 1075 4310
f 4310 1074 4306
f 4306 4308 4310
f 4308 623 3801
f 3801 942 4309
f 4309 1075 4308
f 4308 3801 4309
f 4306 1074 4307
f 4307 624 2997
f 2997 623 4306
f 4306 4307 2997
f 4307 1074 4324
f 4324 1080 4322
f 4322 624 4307
f 4307 4324 4322
f 4322 1080 4323
f 4323 1069 4290
f 4290 624 4322
f 4322 4323 4290
f 4323 1080 4349
f 4349 1087 4348
f 4348 1069 4323
f 4323 4349 4348
f 3127 684 3128
f 3128 668 3097
f 3097 667 3127
f 3127 3128 3097
f 3128 684 3132
f 3132 687 3131
f 3131 668 3128
f 3128 3132 3131
f 3745 924 3880
f 3880 961 3876
f 3876 686 3745
f 3745 3880 3876
f 3880 924 3746
f 3746 923 3879
f 3879 961 3880
f 3880 3746 3879
f 3141 691 3143
f 3143 693 3144
f 3144 692 3141
f 3141 3143 3144
f 3143 691 3140
f 3140 690 3142
f 3142 693 3143
f 3143 3140 3142
f 3169 702 3170
f 3170 689 3136
f 3136 688 3169
f 3169 3170 3136
f 3170 702 3168
f 3168 672 3135
f 3135 689 3170
f 3170 3168 3135
f 3158 696 3162
f 3162 700 3164
f 3164 699 3158
f 3158 3162 3164
f 3162 696 3151
f 3151 666 3161
f 3161 700 3162
f 3162 3151 3161
f 3203 716 3202
f 3202 685 3154
f 3154 698 3203
f 3203 3202 3154
f 3202 716 4357
f 4357 1088 4354
f 4354 685 3202
f 3202 4357 4354
f 3176 681 3180
f 3180 707 3182
f 3182 706 3176
f 3176 3180 3182
f 3180 681 3118
f 3118 680 3179
f 3179 707 3180
f 3180 3118 3179
f 3248 733 3249
f 3249 705 3174
f 3174 704 3248
f 3248 3249 3174
f 3249 733 3251
f 3251 732 3244
f 3244 705 3249
f 3249 3251 3244
f 3184 663 3189
f 3189 711 3191
f 3191 710 3184
f 3184 3189 3191
f 3189 663 3082
f 3082 662 3188
f 3188 711 3189
f 3189 3082 3188
f 3224 723 3225
f 3225 709 3183
f 3183 708 3224
f 3224 3225 3183
f 3225 723 3226
f 3226 720 3216
f 3216 709 3225
f 3225 3226 3216
f 3192 712 3193
f 3193 666 3093
f 3093 665 3192
f 3192 3193 3093
f 3193 712 3194
f 3194 700 3161
f 3161 666 3193
f 3193 3194 3161
f 3213 719 3212
f 3212 697 3197
f 3197 713 3213
f 3213 3212 3197
f 3212 719 3214
f 3214 717 3206
f 3206 697 3212
f 3212 3214 3206
f 3135 672 3602
f 3602 881 3603
f 3603 689 3135
f 3135 3602 3603
f 3602 672 3102
f 3102 671 3601
f 3601 881 3602
f 3602 3102 3601
f 3599 880 3600
f 3600 693 3142
f 3142 690 3599
f 3599 3600 3142
f 3600 880 3608
f 3608 883 3607
f 3607 693 3600
f 3600 3608 3607
f 3874 881 3865
f 3865 958 3875
f 3875 960 3874
f 3874 3865 3875
f 3865 881 3601
f 3601 671 3863
f 3863 958 3865
f 3865 3601 3863
f 3877 961 3878
f 3878 883 3608
f 3608 880 3877
f 3877 3878 3608
f 3878 961 3879
f 3879 923 3744
f 3744 883 3878
f 3878 3879 3744
f 4092 1011 4090
f 4090 704 3946
f 3946 977 4092
f 4092 4090 3946
f 4090 1011 4091
f 4091 733 3248
f 3248 704 4090
f 4090 4091 3248
f 3943 974 3930
f 3930 688 3940
f 3940 976 3943
f 3943 3930 3940
f 3930 974 3931
f 3931 702 3169
f 3169 688 3930
f 3930 3931 3169
f 3955 661 3960
f 3960 981 3964
f 3964 980 3955
f 3955 3960 3964
f 3960 661 3078
f 3078 660 3959
f 3959 981 3960
f 3960 3078 3959
f 3950 727 3953
f 3953 979 3954
f 3954 978 3950
f 3950 3953 3954
f 3953 727 3234
f 3234 726 3952
f 3952 979 3953
f 3953 3234 3952
f 3971 701 3956
f 3956 980 3974
f 3974 983 3971
f 3971 3956 3974
f 3956 701 3166
f 3166 661 3955
f 3955 980 3956
f 3956 3166 3955
f 3967 724 3228
f 3228 708 3965
f 3965 982 3967
f 3967 3228 3965
f 3228 724 3229
f 3229 723 3224
f 3224 708 3228
f 3228 3229 3224
f 3184 710 3185
f 3185 665 3088
f 3088 663 3184
f 3184 3185 3088
f 3185 710 3196
f 3196 712 3192
f 3192 665 3185
f 3185 3196 3192
f 3216 720 3217
f 3217 713 3199
f 3199 709 3216
f 3216 3217 3199
f 3217 720 3218
f 3218 719 3213
f 3213 713 3217
f 3217 3218 3213
f 3959 660 3175
f 3175 706 3962
f 3962 981 3959
f 3959 3175 3962
f 3175 660 3116
f 3116 681 3176
f 3176 706 3175
f 3175 3116 3176
f 3244 732 3951
f 3951 978 3949
f 3949 705 3244
f 3244 3951 3949
f 3951 732 3245
f 3245 727 3950
f 3950 978 3951
f 3951 3245 3950
f 4129 1019 4130
f 4130 828 3476
f 3476 827 4129
f 4129 4130 3476
f 4130 1019 4131
f 4131 891 3637
f 3637 828 4130
f 4130 4131 3637
f 3522 848 3523
f 3523 832 3484
f 3484 831 3522
f 3522 3523 3484
f 3523 848 3524
f 3524 847 3521
f 3521 832 3523
f 3523 3524 3521
f 3490 834 3486
f 3486 824 3488
f 3488 835 3490
f 3490 3486 3488
f 3486 834 3485
f 3485 821 3470
f 3470 824 3486
f 3486 3485 3470
f 4007 991 4008
f 4008 840 3505
f 3505 839 4007
f 4007 4008 3505
f 4008 991 4004
f 4004 814 3502
f 3502 840 4008
f 4008 4004 3502
f 3502 814 3509
f 3509 842 3511
f 3511 840 3502
f 3502 3509 3511
f 3509 814 3448
f 3448 813 3508
f 3508 842 3509
f 3509 3448 3508
f 3637 891 3647
f 3647 894 3645
f 3645 828 3637
f 3637 3647 3645
f 3647 891 3638
f 3638 890 3646
f 3646 894 3647
f 3647 3638 3646
f 3894 964 3893
f 3893 893 3648
f 3648 894 3894
f 3894 3893 3648
f 3893 964 3900
f 3900 965 3898
f 3898 893 3893
f 3893 3900 3898
f 3892 842 3897
f 3897 965 3900
f 3900 964 3892
f 3892 3897 3900
f 3897 842 3508
f 3508 813 3896
f 3896 965 3897
f 3897 3508 3896
f 3992 985 3983
f 3983 847 3990
f 3990 988 3992
f 3992 3983 3990
f 3983 985 3982
f 3982 832 3521
f 3521 847 3983
f 3983 3982 3521
f 3988 987 3986
f 3986 920 3984
f 3984 985 3988
f 3988 3986 3984
f 3986 987 3987
f 3987 921 3737
f 3737 920 3986
f 3986 3987 3737
f 3994 989 3995
f 3995 836 3492
f 3492 835 3994
f 3994 3995 3492
f 3995 989 4024
f 4024 994 4020
f 4020 836 3995
f 3995 4024 4020
f 3500 839 3499
f 3499 821 3485
f 3485 834 3500
f 3500 3499 3485
f 3499 839 3501
f 3501 838 3496
f 3496 821 3499
f 3499 3501 3496
f 4151 1023 4148
f 4148 831 4145
f 4145 1022 4151
f 4151 4148 4145
f 4148 1023 4150
f 4150 848 3522
f 3522 831 4148
f 4148 4150 3522
f 3447 812 3494
f 3494 837 3493
f 3493 810 3447
f 3447 3494 3493
f 3494 812 3495
f 3495 838 3498
f 3498 837 3494
f 3494 3495 3498
f 3635 891 3636
f 3636 818 3456
f 3456 817 3635
f 3635 3636 3456
f 3636 891 4131
f 4131 1019 4128
f 4128 818 3636
f 3636 4131 4128
f 3461 819 3477
f 3477 829 3478
f 3478 820 3461
f 3461 3477 3478
f 3477 819 3479
f 3479 830 3480
f 3480 829 3477
f 3477 3479 3480
f 3462 806 3466
f 3466 823 3469
f 3469 822 3462
f 3462 3466 3469
f 3466 806 3437
f 3437 808 3467
f 3467 823 3466
f 3466 3437 3467
f 3639 817 3632
f 3632 889 3640
f 3640 892 3639
f 3639 3632 3640
f 3632 817 3454
f 3454 798 3631
f 3631 889 3632
f 3632 3454 3631
f 3721 916 3726
f 3726 917 3725
f 3725 914 3721
f 3721 3726 3725
f 3726 916 3888
f 3888 963 3889
f 3889 917 3726
f 3726 3888 3889
f 3713 810 3506
f 3506 841 3714
f 3714 914 3713
f 3713 3506 3714
f 3506 810 3493
f 3493 837 3507
f 3507 841 3506
f 3506 3493 3507
f 3462 822 3463
f 3463 809 3441
f 3441 806 3462
f 3462 3463 3441
f 3463 822 3464
f 3464 812 3446
f 3446 809 3463
f 3463 3464 3446
f 3731 919 3732
f 3732 824 3471
f 3471 823 3731
f 3731 3732 3471
f 3732 919 4001
f 4001 990 3998
f 3998 824 3732
f 3732 4001 3998
f 3738 922 3739
f 3739 804 3425
f 3425 803 3738
f 3738 3739 3425
f 3739 922 3741
f 3741 918 3727
f 3727 804 3739
f 3739 3741 3727
f 3720 916 3719
f 3719 890 3641
f 3641 892 3720
f 3720 3719 3641
f 3719 916 3722
f 3722 915 3716
f 3716 890 3719
f 3719 3722 3716
f 3740 820 3734
f 3734 920 3742
f 3742 922 3740
f 3740 3734 3742
f 3734 820 3478
f 3478 829 3735
f 3735 920 3734
f 3734 3478 3735
f 4139 1018 4126
f 4126 818 4137
f 4137 1021 4139
f 4139 4126 4137
f 4126 1018 4122
f 4122 795 3455
f 3455 818 4126
f 4126 4122 3455
f 3550 816 3538
f 3538 855 3551
f 3551 860 3550
f 3550 3538 3551
f 3538 816 3452
f 3452 815 3537
f 3537 855 3538
f 3538 3452 3537
f 3515 845 3516
f 3516 826 3472
f 3472 825 3515
f 3515 3516 3472
f 3516 845 3518
f 3518 844 3513
f 3513 826 3516
f 3516 3518 3513
f 3561 866 3562
f 3562 850 3528
f 3528 849 3561
f 3561 3562 3528
f 3562 866 3565
f 3565 865 3559
f 3559 850 3562
f 3562 3565 3559
f 3534 852 3530
f 3530 836 3532
f 3532 853 3534
f 3534 3530 3532
f 3530 852 3529
f 3529 833 3491
f 3491 836 3530
f 3530 3529 3491
f 3450 814 3539
f 3539 856 3540
f 3540 815 3450
f 3450 3539 3540
f 3539 814 4004
f 4004 991 4009
f 4009 856 3539
f 3539 4004 4009
f 3649 845 3644
f 3644 893 3651
f 3651 895 3649
f 3649 3644 3651
f 3644 845 3515
f 3515 825 3642
f 3642 893 3644
f 3644 3515 3642
f 3904 966 3905
f 3905 896 3654
f 3654 895 3904
f 3904 3905 3654
f 3905 966 3911
f 3911 967 3909
f 3909 896 3905
f 3905 3911 3909
f 3902 966 3901
f 3901 813 3451
f 3451 816 3902
f 3902 3901 3451
f 3901 966 3906
f 3906 965 3896
f 3896 813 3901
f 3901 3906 3896
f 4014 988 3991
f 3991 850 4010
f 4010 992 4014
f 4014 3991 4010
f 3991 988 3990
f 3990 847 3527
f 3527 850 3991
f 3991 3990 3527
f 4014 992 4013
f 4013 986 3993
f 3993 988 4014
f 4014 4013 3993
f 4013 992 4019
f 4019 993 4018
f 4018 986 4013
f 4013 4019 4018
f 4025 995 4026
f 4026 854 3536
f 3536 853 4025
f 4025 4026 3536
f 4026 995 4027
f 4027 872 3575
f 3575 854 4026
f 4026 4027 3575
f 3542 856 3541
f 3541 833 3529
f 3529 852 3542
f 3542 3541 3529
f 3541 856 4009
f 4009 991 4005
f 4005 833 3541
f 3541 4009 4005
f 4160 1025 4158
f 4158 849 4155
f 4155 1024 4160
f 4160 4158 4155
f 4158 1025 4159
f 4159 866 3561
f 3561 849 4158
f 4158 4159 3561
f 4085 946 4044
f 4044 1000 4087
f 4087 1010 4085
f 4085 4044 4087
f 4044 946 3816
f 3816 676 4042
f 4042 1000 4044
f 4044 3816 4042
f 4361 1089 4362
f 4362 933 3775
f 3775 932 4361
f 4361 4362 3775
f 4362 1089 4369
f 4369 1090 4366
f 4366 933 4362
f 4362 4369 4366
f 3934 975 3935
f 3935 677 3108
f 3108 612 3934
f 3934 3935 3108
f 3935 975 4372
f 4372 1091 4370
f 4370 677 3935
f 3935 4372 4370
f 3919 969 4377
f 4377 1092 4378
f 4378 970 3919
f 3919 4377 4378
f 4377 969 4380
f 4380 1093 4384
f 4384 1092 4377
f 4377 4380 4384
f 4388 1094 4389
f 4389 973 3927
f 3927 972 4388
f 4388 4389 3927
f 4389 1094 4394
f 4394 1095 4392
f 4392 973 4389
f 4389 4394 4392
f 3938 970 3918
f 3918 949 3936
f 3936 975 3938
f 3938 3918 3936
f 3918 970 4378
f 4378 1092 4376
f 4376 949 3918
f 3918 4378 4376
f 4397 1007 4373
f 4373 1091 4399
f 4399 1096 4397
f 4397 4373 4399
f 4373 1007 4072
f 4072 677 4370
f 4370 1091 4373
f 4373 4072 4370
f 4401 1097 4402
f 4402 1000 4045
f 4045 999 4401
f 4401 4402 4045
f 4402 1097 4400
f 4400 901 4043
f 4043 1000 4402
f 4402 4400 4043
f 4408 1098 4405
f 4405 932 4052
f 4052 1002 4408
f 4408 4405 4052
f 4405 1098 4409
f 4409 1089 4361
f 4361 932 4405
f 4405 4409 4361
f 4083 900 3924
f 3924 972 4086
f 4086 1010 4083
f 4083 3924 4086
f 3924 900 4386
f 4386 1094 4388
f 4388 972 3924
f 3924 4386 4388
f 4366 1090 4368
f 4368 1028 4173
f 4173 933 4366
f 4366 4368 4173
f 4368 1090 4367
f 4367 1009 4174
f 4174 1028 4368
f 4368 4367 4174
f 4249 1056 4382
f 4382 1093 4380
f 4380 969 4249
f 4249 4382 4380
f 4382 1056 4276
f 4276 1064 4383
f 4383 1093 4382
f 4382 4276 4383
f 4411 1056 4270
f 4270 1062 4412
f 4412 1099 4411
f 4411 4270 4412
f 4270 1056 4250
f 4250 1055 4269
f 4269 1062 4270
f 4270 4250 4269
f 4420 1099 4415
f 4415 1083 4419
f 4419 1100 4420
f 4420 4415 4419
f 4415 1099 4412
f 4412 1062 4333
f 4333 1083 4415
f 4415 4412 4333
f 4341 1085 4342
f 4342 1076 4312
f 4312 1075 4341
f 4341 4342 4312
f 4342 1085 4425
f 4425 1101 4423
f 4423 1076 4342
f 4342 4425 4423
f 4430 1102 4431
f 4431 1085 4343
f 4343 1084 4430
f 4430 4431 4343
f 4431 1102 4429
f 4429 1073 4340
f 4340 1085 4431
f 4431 4429 4340
f 4437 1103 4436
f 4436 1084 4347
f 4347 1086 4437
f 4437 4436 4347
f 4436 1103 4438
f 4438 1102 4430
f 4430 1084 4436
f 4436 4438 4430
f 4344 496 4432
f 4432 1103 4437
f 4437 1086 4344
f 4344 4432 4437
f 4432 496 2646
f 2646 515 4433
f 4433 1103 4432
f 4432 2646 4433
f 4439 1104 4440
f 4440 947 3817
f 3817 651 4439
f 4439 4440 3817
f 4440 1104 4441
f 4441 1001 4048
f 4048 947 4440
f 4440 4441 4048
f 4442 1105 4443
f 4443 952 3836
f 3836 951 4442
f 4442 4443 3836
f 4443 1105 4450
f 4450 1106 4448
f 4448 952 4443
f 4443 4450 4448
f 2661 519 4446
f 4446 1106 4447
f 4447 520 2661
f 2661 4446 4447
f 4446 519 3832
f 3832 952 4448
f 4448 1106 4446
f 4446 3832 4448
f 4445 1104 4449
f 4449 1106 4450
f 4450 1105 4445
f 4445 4449 4450
f 4449 1104 4455
f 4455 1107 4456
f 4456 1106 4449
f 4449 4455 4456
f 3852 659 3071
f 3071 642 3851
f 3851 956 3852
f 3852 3071 3851
f 3071 659 3072
f 3072 643 3038
f 3038 642 3071
f 3071 3072 3038
f 4456 1107 4451
f 4451 520 4447
f 4447 1106 4456
f 4456 4451 4447
f 4451 1107 4452
f 4452 522 2668
f 2668 520 4451
f 4451 4452 2668
f 3766 326 2671
f 2671 523 3768
f 3768 930 3766
f 3766 2671 3768
f 4459 1108 4460
f 4460 1046 4230
f 4230 1045 4459
f 4459 4460 4230
f 4460 1108 4465
f 4465 1109 4463
f 4463 1046 4460
f 4460 4465 4463
f 4468 1110 4469
f 4469 1048 4232
f 4232 1047 4468
f 4468 4469 4232
f 4469 1110 4475
f 4475 1111 4474
f 4474 1048 4469
f 4469 4475 4474
f 4481 1113 4480
f 4480 1047 4234
f 4234 1049 4481
f 4481 4480 4234
f 4480 1113 4483
f 4483 1110 4468
f 4468 1047 4480
f 4480 4483 4468
f 4486 1114 4493
f 4493 1115 4491
f 4491 1050 4486
f 4486 4493 4491
f 4287 533 2999
f 2999 625 4289
f 4289 1068 4287
f 4287 2999 4289
f 2999 533 2712
f 2712 532 2998
f 2998 625 2999
f 2999 2712 2998
f 4184 1031 4292
f 4293 1032 4184
f 4184 4292 4293
f 4292 1031 4186
f 4188 1031 4180
f 4180 611 4187
f 4187 1033 4188
f 4188 4180 4187
f 4180 1031 4181
f 4181 1030 4178
f 4178 611 4180
f 4180 4181 4178
f 4189 1034 4190
f 4190 611 2972
f 2972 610 4189
f 4189 4190 2972
f 4190 1034 4191
f 4191 1033 4187
f 4187 611 4190
f 4190 4191 4187
f 4195 1035 4194
f 4194 610 3120
f 3120 682 4195
f 4195 4194 3120
f 4194 1035 4196
f 4196 1034 4189
f 4189 610 4194
f 4194 4196 4189
f 4477 1112 4476
f 4476 1035 4201
f 4201 1036 4477
f 4477 4476 4201
f 4198 1035 4476
f 4485 1114 4484
f 4484 1036 4204
f 4204 1037 4485
f 4485 4484 4204
f 4484 1114 4487
f 4487 1112 4477
f 4477 1036 4484
f 4484 4487 4477
f 4457 1108 4458
f 4458 1040 4214
f 4214 1039 4457
f 4457 4458 4214
f 4458 1108 4492
f 4492 1115 4489
f 4489 1040 4458
f 4458 4492 4489
f 4478 1113 4479
f 4479 1042 4220
f 4220 1041 4478
f 4478 4479 4220
f 4479 1113 4482
f 4482 1109 4462
f 4462 1042 4479
f 4479 4482 4462
f 4472 1111 4473
f 4473 1044 4228
f 4228 1043 4472
f 4472 4473 4228
f 4473 1111 4475
f 4475 1110 4467
f 4467 1044 4473
f 4473 4475 4467
f 2714 534 4222
f 4222 1043 4221
f 4221 451 2714
f 2714 4222 4221
f 4222 534 4470
f 4470 1111 4472
f 4472 1043 4222
f 4222 4470 4472
f 4291 1068 4288
f 4288 624 4290
f 4290 1069 4291
f 4291 4288 4290
f 4288 1068 4289
f 4289 625 3002
f 3002 624 4288
f 4288 4289 3002
f 4295 1070 4294
f 4294 1029 4182
f 4182 1032 4295
f 4295 4294 4182
f 4294 1070 4317
f 4317 1078 4315
f 4315 1029 4294
f 4294 4317 4315
f 4351 1082 4352
f 4353 1087 4351
f 4351 4352 4353
f 2716 352 4166
f 4166 1027 4167
f 4167 535 2716
f 2716 4166 4167
f 4166 352 3837
f 3837 953 4170
f 4170 1027 4166
f 4166 3837 4170
f 2722 535 4171
f 4171 1028 4172
f 4172 536 2722
f 2722 4171 4172
f 4171 535 4167
f 4167 1027 4175
f 4175 1028 4171
f 4171 4167 4175
f 4498 1118 4497
f 4497 1116 4496
f 4496 1117 4498
f 4498 4497 4496
f 4497 1118 4502
f 4502 1119 4501
f 4501 1116 4497
f 4497 4502 4501
f 3558 863 4503
f 4503 1120 4504
f 4504 864 3558
f 3558 4503 4504
f 4503 863 4505
f 4505 1121 4507
f 4507 1120 4503
f 4503 4505 4507
f 4514 1124 4513
f 4513 1122 4512
f 4512 1123 4514
f 4514 4513 4512
f 4513 1124 4518
f 4518 1125 4517
f 4517 1122 4513
f 4513 4518 4517
f 4521 1126 4519
f 4519 870 4516
f 4516 1125 4521
f 4521 4519 4516
f 4519 1126 4520
f 4520 873 3579
f 3579 870 4519
f 4519 4520 3579
f 4523 1128 4532
f 4532 1130 4531
f 4531 1127 4523
f 4523 4532 4531
f 4532 1128 4527
f 4527 1129 4533
f 4533 1130 4532
f 4532 4527 4533
f 4527 1128 4536
f 4536 1131 4537
f 4537 1129 4527
f 4527 4536 4537
f 4536 1128 4538
f 4538 1132 4539
f 4539 1131 4536
f 4536 4538 4539
f 4540 858 4534
f 4534 1131 4542
f 4542 1133 4540
f 4540 4534 4542
f 4534 858 3588
f 3588 875 4535
f 4535 1131 4534
f 4534 3588 4535
f 4548 1117 4547
f 4547 1134 4549
f 4549 1135 4548
f 4548 4547 4549
f 4547 1117 4496
f 4496 1116 4546
f 4546 1134 4547
f 4547 4496 4546
f 4552 1123 4511
f 4511 1120 4550
f 4550 1136 4552
f 4552 4511 4550
f 4511 1123 4512
f 4512 1122 4510
f 4510 1120 4511
f 4511 4512 4510
f 4558 1138 4559
f 4559 1137 4553
f 4553 1121 4558
f 4558 4559 4553
f 4559 1138 4563
f 4563 1139 4562
f 4562 1137 4559
f 4559 4563 4562
f 4498 1117 4564
f 4564 1140 4565
f 4565 1118 4498
f 4498 4564 4565
f 4564 1117 4566
f 4566 1141 4568
f 4568 1140 4564
f 4564 4566 4568
f 4554 1137 4570
f 4570 1142 4569
f 4569 1136 4554
f 4554 4570 4569
f 4570 1137 4571
f 4571 1143 4573
f 4573 1142 4570
f 4570 4571 4573
f 4514 1123 4574
f 4574 1144 4575
f 4575 1124 4514
f 4514 4574 4575
f 4574 1123 4576
f 4576 1145 4579
f 4579 1144 4574
f 4574 4576 4579
f 4584 1147 4585
f 4585 1146 4580
f 4580 1127 4584
f 4584 4585 4580
f 4585 1147 4589
f 4589 1148 4588
f 4588 1146 4585
f 4585 4589 4588
f 4523 1127 4590
f 4590 1149 4591
f 4591 1128 4523
f 4523 4590 4591
f 4590 1127 4580
f 4580 1146 4593
f 4593 1149 4590
f 4590 4580 4593
f 4591 1149 4592
f 4592 1132 4538
f 4538 1128 4591
f 4591 4592 4538
f 4592 1149 4595
f 4595 1150 4594
f 4594 1132 4592
f 4592 4595 4594
f 4548 1135 4567
f 4567 1141 4566
f 4566 1117 4548
f 4548 4567 4566
f 4567 1135 4596
f 4596 1151 4597
f 4597 1141 4567
f 4567 4596 4597
f 4552 1136 4577
f 4577 1145 4576
f 4576 1123 4552
f 4552 4577 4576
f 4577 1136 4569
f 4569 1142 4578
f 4578 1145 4577
f 4577 4569 4578
f 4600 1152 4598
f 4598 1118 4565
f 4565 1140 4600
f 4600 4598 4565
f 4598 1152 4599
f 4599 1139 4560
f 4560 1118 4598
f 4598 4599 4560
f 4604 1153 4605
f 4605 1135 4549
f 4549 1134 4604
f 4604 4605 4549
f 4605 1153 4608
f 4608 1154 4606
f 4606 1135 4605
f 4605 4608 4606
f 4611 1153 4602
f 4602 859 4609
f 4609 1155 4611
f 4611 4602 4609
f 4602 1153 4603
f 4603 968 3912
f 3912 859 4602
f 4602 4603 3912
f 4614 1156 4616
f 4616 1155 4610
f 4610 1133 4614
f 4614 4616 4610
f 4616 1156 4619
f 4619 1157 4618
f 4618 1155 4616
f 4616 4619 4618
f 3557 861 4499
f 4499 1119 4500
f 4500 862 3557
f 3557 4499 4500
f 4499 861 4494
f 4494 1116 4501
f 4501 1119 4499
f 4499 4494 4501
f 4554 1136 4551
f 4551 1121 4553
f 4553 1137 4554
f 4554 4551 4553
f 4551 1136 4550
f 4550 1120 4507
f 4507 1121 4551
f 4551 4550 4507
f 3573 869 4515
f 4515 1125 4516
f 4516 870 3573
f 3573 4515 4516
f 4515 869 4509
f 4509 1122 4517
f 4517 1125 4515
f 4515 4509 4517
f 4530 1126 4522
f 4522 1127 4531
f 4531 1130 4530
f 4530 4522 4531
f 4522 1126 4583
f 4583 1147 4584
f 4584 1127 4522
f 4522 4583 4584
f 3584 871 4524
f 4524 1129 4525
f 4525 874 3584
f 3584 4524 4525
f 4524 871 4528
f 4528 1130 4533
f 4533 1129 4524
f 4524 4528 4533
f 4525 1129 4526
f 4526 875 3589
f 3589 874 4525
f 4525 4526 3589
f 4526 1129 4537
f 4537 1131 4535
f 4535 875 4526
f 4526 4537 4535
f 3655 897 4495
f 4495 1116 4494
f 4494 861 3655
f 3655 4495 4494
f 4495 897 4544
f 4544 1134 4546
f 4546 1116 4495
f 4495 4544 4546
f 3569 864 4508
f 4508 1122 4509
f 4509 869 3569
f 3569 4508 4509
f 4508 864 4504
f 4504 1120 4510
f 4510 1122 4508
f 4508 4504 4510
f 4162 862 4555
f 4555 1138 4556
f 4556 1026 4162
f 4162 4555 4556
f 4555 862 4500
f 4500 1119 4557
f 4557 1138 4555
f 4555 4500 4557
f 3913 968 4545
f 4545 1134 4544
f 4544 897 3913
f 3913 4545 4544
f 4545 968 4603
f 4603 1153 4604
f 4604 1134 4545
f 4545 4603 4604
f 4617 1154 4612
f 4612 1155 4618
f 4618 1157 4617
f 4617 4612 4618
f 4612 1154 4608
f 4608 1153 4611
f 4611 1155 4612
f 4612 4608 4611
f 4609 859 4541
f 4541 1133 4610
f 4610 1155 4609
f 4609 4541 4610
f 4541 859 3549
f 3549 858 4540
f 4540 1133 4541
f 4541 3549 4540
f 4620 1151 4607
f 4607 1154 4621
f 4621 1158 4620
f 4620 4607 4621
f 4607 1151 4596
f 4596 1135 4606
f 4606 1154 4607
f 4607 4596 4606
f 4624 1159 4625
f 4625 1157 4619
f 4619 1156 4624
f 4624 4625 4619
f 4625 1159 4628
f 4628 1160 4626
f 4626 1157 4625
f 4625 4628 4626
f 4627 1158 4622
f 4622 1157 4626
f 4626 1160 4627
f 4627 4622 4626
f 4622 1158 4621
f 4621 1154 4617
f 4617 1157 4622
f 4622 4621 4617
f 4634 1162 4631
f 4631 1146 4629
f 4629 1161 4634
f 4634 4631 4629
f 4631 1162 4632
f 4632 1149 4593
f 4593 1146 4631
f 4631 4632 4593
f 4588 1148 4630
f 4630 1161 4629
f 4629 1146 4588
f 4588 4630 4629
f 4630 1148 4636
f 4636 1163 4637
f 4637 1161 4630
f 4630 4636 4637
f 4643 1165 4641
f 4641 1145 4639
f 4639 1164 4643
f 4643 4641 4639
f 4641 1165 4640
f 4640 1144 4579
f 4579 1145 4641
f 4641 4640 4579
f 4648 1167 4647
f 4647 1158 4644
f 4644 1166 4648
f 4648 4647 4644
f 4647 1167 4646
f 4646 1151 4620
f 4620 1158 4647
f 4647 4646 4620
f 4650 1166 4645
f 4645 1160 4649
f 4649 1168 4650
f 4650 4645 4649
f 4645 1166 4644
f 4644 1158 4627
f 4627 1160 4645
f 4645 4644 4627
f 4649 1160 4652
f 4652 1169 4653
f 4653 1168 4649
f 4649 4652 4653
f 4652 1160 4628
f 4628 1159 4651
f 4651 1169 4652
f 4652 4628 4651
f 4594 1150 4615
f 4615 1156 4613
f 4613 1132 4594
f 4594 4615 4613
f 4615 1150 4623
f 4623 1159 4624
f 4624 1156 4615
f 4615 4623 4624
f 4614 1133 4543
f 4543 1132 4613
f 4613 1156 4614
f 4614 4543 4613
f 4543 1133 4542
f 4542 1131 4539
f 4539 1132 4543
f 4543 4542 4539
f 4666 1168 4653
f 4653 1169 4667
f 4667 4666 4653
f 4668 1168 4666
f 4650 1168 4670
f 4669 1166 4650
f 4650 4670 4669
f 4670 1168 4668
f 4648 1166 4672
f 4673 1167 4648
f 4648 4672 4673
f 4672 1166 4669
f 4676 1167 4671
f 4671 1167 4673
f 4665 1164 4685
f 4664 1164 4665
f 4643 1164 4660
f 4661 1165 4643
f 4643 4660 4661
f 4660 1164 4664
f 4663 1165 4661
f 4662 1163 4642
f 4642 1165 4663
f 4663 4662 4642
f 4634 1161 4656
f 4657 1162 4634
f 4634 4656 4657
f 4656 1161 4658
f 4573 1143 4684
f 4684 1173 4683
f 4683 1142 4573
f 4573 4684 4683
f 4684 1143 4686
f 4686 1174 4689
f 4689 1173 4684
f 4684 4686 4689
f 4578 1142 4638
f 4638 1164 4639
f 4639 1145 4578
f 4578 4638 4639
f 4638 1142 4683
f 4683 1173 4685
f 4685 1164 4638
f 4638 4683 4685
f 4568 1141 4678
f 4678 1171 4677
f 4677 1140 4568
f 4568 4678 4677
f 4678 1141 4674
f 4674 1170 4679
f 4679 1171 4678
f 4678 4674 4679
f 4682 1172 4680
f 4680 1140 4677
f 4677 1171 4682
f 4682 4680 4677
f 4680 1172 4681
f 4681 1152 4600
f 4600 1140 4680
f 4680 4681 4600
f 4597 1151 4675
f 4675 1170 4674
f 4674 1141 4597
f 4597 4675 4674
f 4675 1151 4646
f 4646 1167 4676
f 4676 1170 4675
f 4675 4646 4676
f 4654 1169 4693
f 4667 1169 4654
f 4692 1162 4655
f 4655 1162 4657
f 4632 1162 4633
f 4633 1150 4595
f 4595 1149 4632
f 4632 4633 4595
f 4633 1162 4692
f 4692 1175 4690
f 4690 1150 4633
f 4633 4692 4690
f 4690 1175 4691
f 4691 1159 4623
f 4623 1150 4690
f 4690 4691 4623
f 4691 1175 4693
f 4693 1169 4651
f 4651 1159 4691
f 4691 4693 4651
f 4701 1177 4696
f 4696 786 4694
f 4694 1176 4701
f 4701 4696 4694
f 4696 1177 4697
f 4697 787 3380
f 3380 786 4696
f 4696 4697 3380
f 4695 917 4698
f 4698 1177 4701
f 4701 1176 4695
f 4695 4698 4701
f 4698 917 3889
f 3889 963 4700
f 4700 1177 4698
f 4698 3889 4700
f 4707 1178 4706
f 4706 917 4695
f 4695 1176 4707
f 4707 4706 4695
f 4706 1178 4705
f 4705 811 3724
f 3724 917 4706
f 4706 4705 3724
f 4694 786 4702
f 4702 1178 4707
f 4707 1176 4694
f 4694 4702 4707
f 4702 786 3399
f 3399 794 4704
f 4704 1178 4702
f 4702 3399 4704
f 3046 647 4054
f 4054 1003 4055
f 4055 648 3046
f 3046 4054 4055
f 4054 647 3866
f 3866 959 4059
f 4059 1003 4054
f 4054 3866 4059
f 3096 668 3867
f 3867 959 3866
f 3866 647 3096
f 3096 3867 3866
f 3867 668 3861
f 3861 958 3870
f 3870 959 3867
f 3867 3861 3870
f 3105 674 4074
f 4074 1008 4075
f 4075 675 3105
f 3105 4074 4075
f 4074 674 4069
f 4069 1006 4076
f 4076 1008 4074
f 4074 4069 4076
f 3134 686 3871
f 3871 960 3872
f 3872 687 3134
f 3134 3871 3872
f 3871 686 3876
f 3876 961 3881
f 3881 960 3871
f 3871 3876 3881
f 3292 757 3362
f 3362 782 3363
f 3363 758 3292
f 3292 3362 3363
f 3362 757 3364
f 3364 783 3366
f 3366 782 3362
f 3362 3364 3366
f 3378 787 3379
f 3379 759 3294
f 3294 758 3378
f 3378 3379 3294
f 3379 787 3883
f 3883 962 3882
f 3882 759 3379
f 3379 3883 3882
f 3712 912 3704
f 3704 768 3708
f 3708 913 3712
f 3712 3704 3708
f 3704 912 3705
f 3705 769 3315
f 3315 768 3704
f 3704 3705 3315
f 3750 924 3979
f 3979 984 3980
f 3980 925 3750
f 3750 3979 3980
f 3979 924 4358
f 4358 1088 4359
f 4359 984 3979
f 3979 4358 4359
f 3920 971 4070
f 4070 1006 4069
f 4069 674 3920
f 3920 4070 4069
f 4070 971 4207
f 4207 1038 4208
f 4208 1006 4070
f 4070 4207 4208
f 3748 912 3754
f 3754 926 3756
f 3756 925 3748
f 3748 3754 3756
f 3754 912 3706
f 3706 911 3753
f 3753 926 3754
f 3754 3706 3753
f 3707 913 3709
f 3709 783 3364
f 3364 757 3707
f 3707 3709 3364
f 3709 913 3708
f 3708 768 3365
f 3365 783 3709
f 3709 3708 3365
f 4040 675 4708
f 4708 1179 4710
f 4710 999 4040
f 4040 4708 4710
f 4708 675 4075
f 4075 1008 4711
f 4711 1179 4708
f 4708 4075 4711
f 4060 1004 4061
f 4061 649 3050
f 3050 648 4060
f 4060 4061 3050
f 4061 1004 4067
f 4067 1005 4065
f 4065 649 4061
f 4061 4067 4065
f 4209 971 4218
f 4218 1042 4219
f 4219 1039 4209
f 4209 4218 4219
f 4218 971 3921
f 3921 927 4217
f 4217 1042 4218
f 4218 3921 4217
f 3131 687 3864
f 3864 958 3861
f 3861 668 3131
f 3131 3864 3861
f 3864 687 3872
f 3872 960 3875
f 3875 958 3864
f 3864 3872 3875
f 3745 686 4355
f 4355 1088 4358
f 4358 924 3745
f 3745 4355 4358
f 4355 686 3130
f 3130 685 4354
f 4354 1088 4355
f 4355 3130 4354
f 4403 1097 4404
f 4404 1005 4067
f 4067 1004 4403
f 4403 4404 4067
f 4404 1097 4717
f 4717 1180 4716
f 4716 1005 4404
f 4404 4717 4716
f 4459 1045 4490
f 4490 1115 4492
f 4492 1108 4459
f 4459 4490 4492
f 4490 1045 4235
f 4235 1050 4491
f 4491 1115 4490
f 4490 4235 4491
f 4457 1039 4461
f 4461 1109 4465
f 4465 1108 4457
f 4457 4461 4465
f 4461 1039 4219
f 4219 1042 4462
f 4462 1109 4461
f 4461 4219 4462
f 3029 639 4205
f 4205 1038 4206
f 4206 640 3029
f 3029 4205 4206
f 4205 639 4068
f 4068 1006 4208
f 4208 1038 4205
f 4205 4068 4208
f 3042 644 3047
f 3047 649 3048
f 3048 645 3042
f 3042 3047 3048
f 3047 644 3043
f 3043 646 3049
f 3049 649 3047
f 3047 3043 3049
f 3149 644 3092
f 3092 666 3151
f 3151 696 3149
f 3149 3092 3151
f 3092 644 3040
f 3040 629 3091
f 3091 666 3092
f 3092 3040 3091
f 3160 698 3153
f 3153 684 3157
f 3157 699 3160
f 3160 3153 3157
f 3153 698 3154
f 3154 685 3129
f 3129 684 3153
f 3153 3154 3129
f 3205 715 4356
f 4356 1088 4357
f 4357 716 3205
f 3205 4356 4357
f 4356 715 3976
f 3976 984 4359
f 4359 1088 4356
f 4356 3976 4359
f 3322 770 3678
f 3678 906 3679
f 3679 771 3322
f 3322 3678 3679
f 3678 770 3317
f 3317 761 3677
f 3677 906 3678
f 3678 3317 3677
f 3375 784 3368
f 3368 751 3372
f 3372 785 3375
f 3375 3368 3372
f 3368 784 3367
f 3367 750 3284
f 3284 751 3368
f 3368 3367 3284
f 3398 794 3397
f 3397 782 3373
f 3373 785 3398
f 3398 3397 3373
f 3397 794 3399
f 3399 786 3377
f 3377 782 3397
f 3397 3399 3377
f 3370 784 3369
f 3369 768 3320
f 3320 771 3370
f 3370 3369 3320
f 3369 784 3371
f 3371 783 3365
f 3365 768 3369
f 3369 3371 3365
f 3316 770 3978
f 3978 984 3976
f 3976 715 3316
f 3316 3978 3976
f 3978 770 3318
f 3318 769 3977
f 3977 984 3978
f 3978 3318 3977
f 4396 998 4709
f 4709 1179 4712
f 4712 1096 4396
f 4396 4709 4712
f 4709 998 4714
f 4714 1180 4718
f 4718 1179 4709
f 4709 4714 4718
f 3041 645 3787
f 3787 938 3786
f 3786 626 3041
f 3041 3787 3786
f 3787 645 4035
f 4035 997 4036
f 4036 938 3787
f 3787 4035 4036
f 4071 639 3110
f 3110 677 4072
f 4072 1007 4071
f 4071 3110 4072
f 3110 639 3027
f 3027 638 3109
f 3109 677 3110
f 3110 3027 3109
f 4202 640 4211
f 4211 1040 4212
f 4212 1037 4202
f 4202 4211 4212
f 4211 640 4206
f 4206 1038 4213
f 4213 1040 4211
f 4211 4206 4213
f 3158 699 3156
f 3156 667 3152
f 3152 696 3158
f 3158 3156 3152
f 3156 699 3157
f 3157 684 3127
f 3127 667 3156
f 3156 3157 3127
f 3203 698 3207
f 3207 717 3209
f 3209 716 3203
f 3203 3207 3209
f 3207 698 3155
f 3155 697 3206
f 3206 717 3207
f 3207 3155 3206
f 4397 1096 4398
f 4398 1008 4077
f 4077 1007 4397
f 4397 4398 4077
f 4398 1096 4712
f 4712 1179 4711
f 4711 1008 4398
f 4398 4712 4711
f 4485 1037 4488
f 4488 1115 4493
f 4493 1114 4485
f 4485 4488 4493
f 4488 1037 4212
f 4212 1040 4489
f 4489 1115 4488
f 4488 4212 4489
f 3400 793 4703
f 4703 1178 4704
f 4704 794 3400
f 3400 4703 4704
f 4703 793 3443
f 3443 811 4705
f 4705 1178 4703
f 4703 3443 4705
f 4697 1177 4699
f 4699 962 3883
f 3883 787 4697
f 4697 4699 3883
f 4699 1177 4700
f 4700 963 3890
f 3890 962 4699
f 4699 4700 3890
f 4083 1010 4084
f 4084 901 3662
f 3662 900 4083
f 4083 4084 3662
f 4084 1010 4087
f 4087 1000 4043
f 4043 901 4084
f 4084 4087 4043
f 3829 950 3937
f 3937 975 3936
f 3936 949 3829
f 3829 3937 3936
f 3937 950 4371
f 4371 1091 4372
f 4372 975 3937
f 3937 4371 4372
f 4371 950 4395
f 4395 1096 4399
f 4399 1091 4371
f 4371 4395 4399
f 4395 950 4038
f 4038 998 4396
f 4396 1096 4395
f 4395 4038 4396
f 2720 536 4079
f 4079 1009 4078
f 4078 413 2720
f 2720 4079 4078
f 4079 536 4172
f 4172 1028 4174
f 4174 1009 4079
f 4079 4172 4174
f 4279 1064 4413
f 4413 1099 4414
f 4414 1065 4279
f 4279 4413 4414
f 4413 1064 4276
f 4276 1056 4411
f 4411 1099 4413
f 4413 4276 4411
f 4297 1065 4416
f 4416 1100 4417
f 4417 1071 4297
f 4297 4416 4417
f 4416 1065 4414
f 4414 1099 4420
f 4420 1100 4416
f 4416 4414 4420
f 4421 1101 4422
f 4422 1073 4305
f 4305 1072 4421
f 4421 4422 4305
f 4422 1101 4425
f 4425 1085 4340
f 4340 1073 4422
f 4422 4425 4340
f 4360 877 4365
f 4365 1090 4369
f 4369 1089 4360
f 4360 4365 4369
f 4365 877 3590
f 3590 876 4364
f 4364 1090 4365
f 4365 3590 4364
f 4384 1093 4379
f 4379 943 4375
f 4375 1092 4384
f 4384 4379 4375
f 4379 1093 4381
f 4381 1051 4236
f 4236 943 4379
f 4379 4381 4236
f 4387 937 4391
f 4391 1095 4394
f 4394 1094 4387
f 4387 4391 4394
f 4391 937 3785
f 3785 936 4390
f 4390 1095 4391
f 4391 3785 4390
f 4376 1092 4374
f 4374 939 3827
f 3827 949 4376
f 4376 4374 3827
f 4374 1092 4375
f 4375 943 3805
f 3805 939 4374
f 4374 4375 3805
f 4403 1004 4063
f 4063 901 4400
f 4400 1097 4403
f 4403 4063 4400
f 4063 1004 4062
f 4062 898 3661
f 3661 901 4063
f 4063 4062 3661
f 4407 996 4363
f 4363 1089 4409
f 4409 1098 4407
f 4407 4363 4409
f 4363 996 4031
f 4031 877 4360
f 4360 1089 4363
f 4363 4031 4360
f 3660 899 4385
f 4385 1094 4386
f 4386 900 3660
f 3660 4385 4386
f 4385 899 3783
f 3783 937 4387
f 4387 1094 4385
f 4385 3783 4387
f 4364 876 4080
f 4080 1009 4367
f 4367 1090 4364
f 4364 4080 4367
f 4080 876 3858
f 3858 957 4081
f 4081 1009 4080
f 4080 3858 4081
f 4383 1064 4274
f 4274 1051 4381
f 4381 1093 4383
f 4383 4274 4381
f 4274 1064 4275
f 4275 1053 4242
f 4242 1051 4274
f 4274 4275 4242
f 4428 657 4303
f 4303 1073 4429
f 4429 1102 4428
f 4428 4303 4429
f 4303 657 4264
f 4264 1060 4304
f 4304 1073 4303
f 4303 4264 4304
f 4435 654 4427
f 4427 1102 4438
f 4438 1103 4435
f 4435 4427 4438
f 4427 654 3066
f 3066 657 4428
f 4428 1102 4427
f 4427 3066 4428
f 2951 602 4434
f 4434 1103 4433
f 4433 515 2951
f 2951 4434 4433
f 4434 602 3059
f 3059 654 4435
f 4435 1103 4434
f 4434 3059 4435
f 4401 999 4715
f 4715 1180 4717
f 4717 1097 4401
f 4401 4715 4717
f 4715 999 4710
f 4710 1179 4718
f 4718 1180 4715
f 4715 4710 4718
f 4039 997 4713
f 4713 1180 4714
f 4714 998 4039
f 4039 4713 4714
f 4713 997 4066
f 4066 1005 4716
f 4716 1180 4713
f 4713 4066 4716
f 2980 617 4239
f 4239 1052 4238
f 4238 614 2980
f 2980 4239 4238
f 4239 617 3806
f 3806 944 4240
f 4240 1052 4239
f 4239 3806 4240
f 3793 940 3794
f 3794 633 3015
f 3015 632 3793
f 3793 3794 3015
f 3794 940 3796
f 3796 658 3069
f 3069 633 3794
f 3794 3796 3069
f 3165 633 3076
f 3076 661 3166
f 3166 701 3165
f 3165 3076 3166
f 3076 633 3069
f 3069 658 3077
f 3077 661 3076
f 3076 3069 3077
f 3232 724 3237
f 3237 729 3238
f 3238 725 3232
f 3232 3237 3238
f 3237 724 3233
f 3233 726 3239
f 3239 729 3237
f 3237 3233 3239
f 3270 743 3265
f 3265 739 3268
f 3268 744 3270
f 3270 3265 3268
f 3265 743 3266
f 3266 740 3260
f 3260 739 3265
f 3265 3266 3260
f 3338 743 3333
f 3333 774 3340
f 3340 775 3338
f 3338 3333 3340
f 3333 743 3267
f 3267 742 3332
f 3332 774 3333
f 3333 3267 3332
f 3386 790 3387
f 3387 745 3272
f 3272 744 3386
f 3386 3387 3272
f 3387 790 3432
f 3432 807 3430
f 3430 745 3387
f 3387 3432 3430
f 3426 805 3434
f 3434 807 3432
f 3432 790 3426
f 3426 3434 3432
f 3434 805 3436
f 3436 808 3438
f 3438 807 3434
f 3434 3436 3438
f 3576 867 3578
f 3578 873 3581
f 3581 872 3576
f 3576 3578 3581
f 3578 867 3572
f 3572 870 3579
f 3579 873 3578
f 3578 3572 3579
f 3672 903 3668
f 3668 653 3670
f 3670 904 3672
f 3672 3668 3670
f 3668 903 3667
f 3667 650 3056
f 3056 653 3668
f 3668 3667 3056
f 3684 907 3685
f 3685 776 3343
f 3343 775 3684
f 3684 3685 3343
f 3685 907 3690
f 3690 908 3688
f 3688 776 3685
f 3685 3690 3688
f 3729 919 3730
f 3730 808 3436
f 3436 805 3729
f 3729 3730 3436
f 3730 919 3731
f 3731 823 3467
f 3467 808 3730
f 3730 3731 3467
f 3665 327 3052
f 3052 650 3667
f 3667 903 3665
f 3665 3052 3667
f 3052 327 1966
f 1966 326 3051
f 3051 650 3052
f 3052 1966 3051
f 3013 631 3008
f 3008 617 3011
f 3011 632 3013
f 3013 3008 3011
f 3008 631 3807
f 3807 944 3806
f 3806 617 3008
f 3008 3807 3806
f 3848 954 3840
f 3840 703 3846
f 3846 955 3848
f 3848 3840 3846
f 3840 954 3843
f 3843 935 3779
f 3779 703 3840
f 3840 3843 3779
f 3932 955 3845
f 3845 702 3931
f 3931 974 3932
f 3932 3845 3931
f 3845 955 3846
f 3846 703 3173
f 3173 702 3845
f 3845 3846 3173
f 3948 976 3941
f 3941 691 3944
f 3944 977 3948
f 3948 3941 3944
f 3941 976 3940
f 3940 688 3139
f 3139 691 3941
f 3941 3940 3139
f 3975 982 3966
f 3966 711 3972
f 3972 983 3975
f 3975 3966 3972
f 3966 982 3965
f 3965 708 3190
f 3190 711 3966
f 3966 3965 3190
f 3682 907 3681
f 3681 722 3230
f 3230 725 3682
f 3682 3681 3230
f 3681 907 3683
f 3683 762 3301
f 3301 722 3681
f 3681 3683 3301
f 3994 835 3999
f 3999 990 4003
f 4003 989 3994
f 3994 3999 4003
f 3999 835 3488
f 3488 824 3998
f 3998 990 3999
f 3999 3488 3998
f 4025 853 4021
f 4021 994 4030
f 4030 995 4025
f 4025 4021 4030
f 4021 853 3532
f 3532 836 4020
f 4020 994 4021
f 4021 3532 4020
f 4034 954 3841
f 3841 877 4031
f 4031 996 4034
f 4034 3841 4031
f 3841 954 3842
f 3842 878 3593
f 3593 877 3841
f 3841 3842 3593
f 4050 904 3926
f 3926 973 4053
f 4053 1002 4050
f 4050 3926 4053
f 3926 904 3670
f 3670 653 3925
f 3925 973 3926
f 3926 3670 3925
f 4097 1011 4089
f 4089 695 4093
f 4093 1012 4097
f 4097 4089 4093
f 4089 1011 4088
f 4088 692 3147
f 3147 695 4089
f 4089 4088 3147
f 4102 1013 4098
f 4098 730 4094
f 4094 1012 4102
f 4102 4098 4094
f 4098 1013 4099
f 4099 764 3306
f 3306 730 4098
f 4098 4099 3306
f 4107 1013 4101
f 4101 780 4106
f 4106 1014 4107
f 4107 4101 4106
f 4101 1013 4100
f 4100 767 3357
f 3357 780 4101
f 4101 4100 3357
f 4112 1015 4111
f 4111 779 4105
f 4105 1014 4112
f 4112 4111 4105
f 4111 1015 4108
f 4108 737 3351
f 3351 779 4111
f 4111 4108 3351
f 4116 1015 4109
f 4109 754 4115
f 4115 1016 4116
f 4116 4109 4115
f 4109 1015 4110
f 4110 755 3289
f 3289 754 4109
f 4109 4110 3289
f 4121 1017 4117
f 4117 734 4113
f 4113 1016 4121
f 4121 4117 4113
f 4117 1017 4120
f 4120 802 3416
f 3416 734 4117
f 4117 4120 3416
f 4122 1018 4123
f 4123 796 3403
f 3403 795 4122
f 4122 4123 3403
f 4123 1018 4127
f 4127 1017 4119
f 4119 796 4123
f 4123 4127 4119
f 4141 1020 4132
f 4132 819 4138
f 4138 1021 4141
f 4141 4132 4138
f 4132 1020 4134
f 4134 830 3479
f 3479 819 4132
f 4132 4134 3479
f 4146 1020 4133
f 4133 827 4143
f 4143 1022 4146
f 4146 4133 4143
f 4133 1020 4135
f 4135 1019 4129
f 4129 827 4133
f 4133 4135 4129
f 4156 1023 4149
f 4149 844 4153
f 4153 1024 4156
f 4156 4149 4153
f 4149 1023 4147
f 4147 826 3513
f 3513 844 4149
f 4149 4147 3513
f 4165 1026 4164
f 4164 866 4159
f 4159 1025 4165
f 4165 4164 4159
f 4164 1026 4163
f 4163 863 3563
f 3563 866 4164
f 4164 4163 3563
f 4256 1058 4257
f 4257 615 2977
f 2977 614 4256
f 4256 4257 2977
f 4257 1058 4262
f 4262 1059 4259
f 4259 615 4257
f 4257 4262 4259
f 4280 1058 4284
f 4284 1067 4286
f 4286 1066 4280
f 4280 4284 4286
f 4284 1058 4258
f 4258 1054 4283
f 4283 1067 4284
f 4284 4258 4283
f 4301 1066 4298
f 4298 1071 4302
f 4302 1072 4301
f 4301 4298 4302
f 4298 1066 4286
f 4286 1067 4299
f 4299 1071 4298
f 4298 4286 4299
f 4334 1083 4335
f 4335 1077 4314
f 4314 1076 4334
f 4334 4335 4314
f 4335 1083 4336
f 4336 1079 4320
f 4320 1077 4335
f 4335 4336 4320
f 4320 1079 4328
f 4328 1081 4326
f 4326 1077 4320
f 4320 4328 4326
f 4328 1079 4321
f 4321 1078 4327
f 4327 1081 4328
f 4328 4321 4327
f 4351 1087 4350
f 4350 1081 4332
f 4332 1082 4351
f 4351 4350 4332
f 4350 1087 4349
f 4349 1080 4329
f 4329 1081 4350
f 4350 4349 4329
f 4092 977 3945
f 3945 692 4088
f 4088 1011 4092
f 4092 3945 4088
f 3945 977 3944
f 3944 691 3141
f 3141 692 3945
f 3945 3944 3141
f 3943 976 3939
f 3939 680 3929
f 3929 974 3943
f 3943 3939 3929
f 3939 976 3942
f 3942 707 3179
f 3179 680 3939
f 3939 3942 3179
f 3971 983 3970
f 3970 662 3167
f 3167 701 3971
f 3971 3970 3167
f 3970 983 3972
f 3972 711 3188
f 3188 662 3970
f 3970 3972 3188
f 3967 982 3968
f 3968 726 3233
f 3233 724 3967
f 3967 3968 3233
f 3968 982 3969
f 3969 979 3952
f 3952 726 3968
f 3968 3969 3952
f 3997 987 4023
f 4023 994 4024
f 4024 989 3997
f 3997 4023 4024
f 4023 987 3989
f 3989 986 4022
f 4022 994 4023
f 4023 3989 4022
f 4151 1022 4142
f 4142 826 4147
f 4147 1023 4151
f 4151 4142 4147
f 4142 1022 4143
f 4143 827 3474
f 3474 826 4142
f 4142 4143 3474
f 4002 990 4000
f 4000 918 3736
f 3736 921 4002
f 4002 4000 3736
f 4000 990 4001
f 4001 919 3733
f 3733 918 4000
f 4000 4001 3733
f 4139 1021 4136
f 4136 799 4124
f 4124 1018 4139
f 4139 4136 4124
f 4136 1021 4138
f 4138 819 3457
f 3457 799 4136
f 4136 4138 3457
f 4029 993 4017
f 4017 872 4027
f 4027 995 4029
f 4029 4017 4027
f 4017 993 4015
f 4015 867 3576
f 3576 872 4017
f 4017 4015 3576
f 4160 1024 4152
f 4152 843 4157
f 4157 1025 4160
f 4160 4152 4157
f 4152 1024 4153
f 4153 844 3514
f 3514 843 4152
f 4152 4153 3514
f 4408 1002 4393
f 4393 1095 4410
f 4410 1098 4408
f 4408 4393 4410
f 4393 1002 4053
f 4053 973 4392
f 4392 1095 4393
f 4393 4053 4392
f 4423 1101 4424
f 4424 1083 4334
f 4334 1076 4423
f 4423 4424 4334
f 4424 1101 4426
f 4426 1100 4419
f 4419 1083 4424
f 4424 4426 4419
f 4530 1130 4529
f 4529 873 4520
f 4520 1126 4530
f 4530 4529 4520
f 4529 1130 4528
f 4528 871 3580
f 3580 873 4529
f 4529 4528 3580
f 4557 1119 4561
f 4561 1139 4563
f 4563 1138 4557
f 4557 4561 4563
f 4561 1119 4502
f 4502 1118 4560
f 4560 1139 4561
f 4561 4502 4560
f 4581 1124 4586
f 4586 1148 4589
f 4589 1147 4581
f 4581 4586 4589
f 4586 1124 4575
f 4575 1144 4587
f 4587 1148 4586
f 4586 4575 4587
f 4601 1143 4572
f 4572 1139 4599
f 4599 1152 4601
f 4601 4572 4599
f 4572 1143 4571
f 4571 1137 4562
f 4562 1139 4572
f 4572 4571 4562
f 4521 1125 4582
f 4582 1147 4583
f 4583 1126 4521
f 4521 4582 4583
f 4582 1125 4518
f 4518 1124 4581
f 4581 1147 4582
f 4582 4518 4581
f 4558 1121 4506
f 4506 1026 4556
f 4556 1138 4558
f 4558 4506 4556
f 4506 1121 4505
f 4505 863 4163
f 4163 1026 4506
f 4506 4505 4163
f 4587 1144 4635
f 4635 1163 4636
f 4636 1148 4587
f 4587 4635 4636
f 4635 1144 4640
f 4640 1165 4642
f 4642 1163 4635
f 4635 4640 4642
f 4659 1163 4662
f 4658 1161 4637
f 4637 1163 4659
f 4659 4658 4637
f 4688 1174 4687
f 4687 1152 4681
f 4681 1172 4688
f 4688 4687 4681
f 4687 1174 4686
f 4686 1143 4601
f 4601 1152 4687
f 4687 4686 4601
f 4421 1072 4418
f 4418 1100 4426
f 4426 1101 4421
f 4421 4418 4426
f 4418 1072 4302
f 4302 1071 4417
f 4417 1100 4418
f 4418 4302 4417
f 4407 1098 4406
f 4406 936 4033
f 4033 996 4407
f 4407 4406 4033
f 4406 1098 4410
f 4410 1095 4390
f 4390 936 4406
f 4406 4410 4390
f 3765 928 3760
f 3760 637 3762
f 3762 929 3765
f 3765 3760 3762
f 3760 928 3759
f 3759 634 3023
f 3023 637 3760
f 3760 3759 3023
f 4048 1001 4046
f 4046 673 3818
f 3818 947 4048
f 4048 4046 3818
f 4046 1001 4047
f 4047 928 3761
f 3761 673 4046
f 4046 4047 3761
f 4216 929 4226
f 4226 1044 4227
f 4227 1041 4216
f 4216 4226 4227
f 4226 929 3762
f 3762 637 4225
f 4225 1044 4226
f 4226 3762 4225
f 4445 1105 4444
f 4444 1001 4441
f 4441 1104 4445
f 4445 4444 4441
f 4444 1105 4442
f 4442 951 4049
f 4049 1001 4444
f 4444 4442 4049
f 4454 1107 4453
f 4453 651 3770
f 3770 930 4454
f 4454 4453 3770
f 4453 1107 4455
f 4455 1104 4439
f 4439 651 4453
f 4453 4455 4439
f 4481 1049 4464
f 4464 1109 4482
f 4482 1113 4481
f 4481 4464 4482
f 4464 1049 4233
f 4233 1046 4463
f 4463 1109 4464
f 4464 4233 4463
f 4478 1041 4466
f 4466 1110 4483
f 4483 1113 4478
f 4478 4466 4483
f 4466 1041 4227
f 4227 1044 4467
f 4467 1110 4466
f 4466 4227 4467
f 2949 479 3058
f 3058 654 3059
f 3059 602 2949
f 2949 3058 3059
f 3058 479 3060
f 3060 655 3062
f 3062 654 3058
f 3058 3060 3062
f 3797 941 3798
f 3798 603 2954
f 2954 497 3797
f 3797 3798 2954
f 3798 941 3799
f 3799 622 2995
f 2995 603 3798
f 3798 3799 2995
f 4176 533 4287
f 2959 604 4471
f 4471 1111 4470
f 4470 534 2959
f 2959 4471 4470
f 4471 604 4231
f 4231 1048 4474
f 4474 1111 4471
f 4471 4231 4474
f 2672 522 3767
f 3767 930 3768
f 3768 523 2672
f 2672 3767 3768
f 3767 522 4452
f 4452 1107 4454
f 4454 930 3767
f 3767 4452 4454
f 2963 605 3833
f 3833 952 3832
f 3832 519 2963
f 2963 3833 3832
f 3833 605 3017
f 3017 635 3835
f 3835 952 3833
f 3833 3017 3835
f 2962 452 3016
f 3016 635 3017
f 3017 605 2962
f 2962 3016 3017
f 3016 452 3020
f 3020 636 3022
f 3022 635 3016
f 3016 3020 3022
f 2995 622 2994
f 2994 532 2955
f 2955 603 2995
f 2995 2994 2955
f 2994 622 3000
f 3000 625 2998
f 2998 532 2994
f 2994 3000 2998
