v 0.071919 0.268092 0.031942
v 0.086579 0.279490 0.019379
v 0.083950 0.290292 0.014575
v 0.072820 0.277685 0.025222
v 0.076823 0.243792 0.051483
v 0.075510 0.225971 0.064933
v 0.097066 0.233442 0.059017
v 0.099804 0.256508 0.041682
v 0.094407 0.213094 0.073617
v 0.074593 0.208342 0.077462
v 0.092559 0.154159 0.116846
v 0.092611 0.172878 0.102286
v 0.075156 0.171176 0.106428
v 0.075115 0.153195 0.120705
v 0.117647 0.062779 0.150296
v 0.105431 0.064134 0.157217
v 0.097215 0.048695 0.154270
v 0.110438 0.044241 0.147664
v 0.163911 0.169897 0.072009
v 0.169336 0.153757 0.068536
v 0.175310 0.175177 0.062460
v 0.167869 0.191797 0.064282
v 0.113132 0.293104 -0.008479
v 0.102020 0.297895 -0.011251
v 0.100601 0.284499 0.009667
v 0.111893 0.278265 0.017794
v 0.160413 0.070434 0.089037
v 0.156535 0.086709 0.100589
v 0.153686 0.073202 0.107785
v 0.156120 0.057713 0.096141
v 0.136269 -0.037632 0.092053
v 0.121002 -0.038040 0.111545
v 0.119550 -0.063029 0.113006
v 0.135436 -0.062397 0.093479
v 0.156424 -0.013663 0.020922
v 0.158870 -0.035819 0.017171
v 0.158645 -0.033056 -0.005419
v 0.157723 -0.013582 -0.006059
v 0.124168 0.154322 0.108006
v 0.126550 0.173324 0.094618
v 0.110071 0.173369 0.098962
v 0.108698 0.154691 0.111919
v 0.240918 0.041440 0.025415
v 0.232629 0.063532 0.028222
v 0.218458 0.052331 0.030479
v 0.227125 0.031037 0.026637
v 0.179149 -0.150264 0.039191
v 0.183220 -0.172339 0.042147
v 0.185871 -0.168641 0.014369
v 0.180532 -0.147330 0.011845
v 0.213202 0.193959 0.030323
v 0.220746 0.205603 0.011189
v 0.214784 0.222831 0.009102
v 0.209439 0.211676 0.029372
v 0.163352 0.123455 0.078341
v 0.166029 0.136840 0.073956
v 0.161335 0.152224 0.078476
v 0.157096 0.136446 0.085662
v 0.159508 0.018954 -0.009466
v 0.163198 0.033699 -0.010836
v 0.165528 0.034738 0.010782
v 0.159453 0.020507 0.013626
v 0.158145 0.005548 0.016174
v 0.159102 0.003702 -0.008150
v 0.149075 0.145165 0.094233
v 0.153323 0.163352 0.083956
v 0.141162 0.169622 0.089754
v 0.138068 0.150873 0.101945
v 0.091800 0.031979 0.150434
v 0.108118 0.025908 0.140466
v 0.174351 -0.175379 0.069114
v 0.172170 -0.153152 0.065538
v 0.158201 -0.157141 0.090109
v 0.160017 -0.179003 0.092980
v 0.109327 -0.014520 0.127214
v 0.125288 -0.015685 0.111286
v 0.122835 0.004701 0.121241
v 0.108415 0.007311 0.134275
v 0.141453 -0.181516 0.112955
v 0.139511 -0.159885 0.111258
v 0.119982 -0.161469 0.129480
v 0.120826 -0.183414 0.130569
v 0.093838 0.192916 0.088293
v 0.074350 0.190045 0.091635
v 0.139105 0.060955 0.131233
v 0.129109 0.061302 0.141475
v 0.122673 0.042555 0.138153
v 0.134134 0.041160 0.125802
v 0.170832 0.111594 0.056235
v 0.173714 0.124063 0.055452
v 0.178806 0.154760 0.060840
v 0.171925 0.133938 0.064394
v 0.189366 -0.188622 0.017779
v 0.186968 -0.192744 0.045925
v 0.143446 -0.201569 0.113373
v 0.122641 -0.204621 0.130374
v 0.160199 0.080839 -0.020761
v 0.167001 0.084709 0.000669
v 0.166785 0.084523 0.003264
v 0.161269 0.080165 -0.017402
v 0.067093 0.069618 0.161923
v 0.076626 0.046455 0.158068
v 0.088028 0.061758 0.160717
v 0.081125 0.080353 0.163178
v 0.132600 0.022212 0.117246
v 0.123109 0.023103 0.128881
v 0.134770 0.005630 0.106204
v 0.050098 0.054374 0.159462
v 0.065401 0.025210 0.155259
v 0.056445 0.184161 0.094696
v 0.057633 0.166873 0.109668
v 0.055805 0.202121 0.081980
v 0.055530 0.218934 0.069196
v 0.037769 0.213430 0.074007
v 0.038335 0.196373 0.086177
v 0.056634 0.235986 0.058129
v 0.037451 0.229430 0.064196
v 0.054741 0.260570 0.040977
v 0.052611 0.269767 0.036796
v 0.168444 0.120609 0.067749
v 0.164877 0.108229 0.070865
v 0.161847 -0.198726 0.094174
v 0.116847 0.213732 -0.101286
v 0.134070 0.216167 -0.094286
v 0.131444 0.195885 -0.100024
v 0.116439 0.192619 -0.105206
v 0.129653 0.281015 0.017874
v 0.127054 0.292406 -0.007876
v 0.158821 0.132291 -0.074318
v 0.157690 0.121718 -0.070340
v 0.157608 0.112969 -0.071914
v 0.158098 0.127356 -0.078242
v 0.157640 0.097883 -0.054030
v 0.156336 0.110112 -0.061142
v 0.156018 0.106541 -0.061401
v 0.157076 0.096912 -0.054868
v 0.180622 -0.165680 -0.013305
v 0.174661 -0.143668 -0.015113
v 0.136747 0.013231 -0.069945
v 0.144689 0.031336 -0.065449
v 0.151681 0.017131 -0.049851
v 0.148869 -0.001711 -0.051797
v 0.019566 0.188612 -0.108292
v 0.040583 0.192472 -0.108744
v 0.040475 0.173966 -0.111656
v 0.019300 0.170032 -0.110696
v 0.080498 0.223255 -0.106366
v 0.060872 0.216815 -0.106272
v 0.058856 0.235780 -0.100744
v 0.078812 0.243056 -0.099449
v 0.099335 0.209128 -0.106932
v 0.099507 0.188082 -0.110853
v 0.156905 0.024514 -0.029717
v 0.161687 0.038387 -0.031192
v 0.164499 0.060739 -0.031193
v 0.163424 0.067917 -0.032033
v 0.166902 0.065136 -0.014385
v 0.166153 0.057838 -0.012336
v 0.093784 0.305337 -0.014252
v 0.096347 0.303069 -0.029205
v 0.087216 0.309198 -0.028310
v 0.054628 0.301688 -0.064384
v 0.063893 0.304707 -0.059122
v 0.064724 0.297865 -0.065219
v 0.052027 0.294756 -0.070302
v 0.044637 0.093401 -0.115036
v 0.050348 0.066484 -0.112452
v 0.022664 0.070846 -0.111650
v 0.021321 0.094059 -0.113459
v 0.161277 0.080508 -0.047256
v 0.160424 0.089392 -0.058292
v 0.159915 0.097608 -0.058045
v 0.159406 0.087221 -0.047578
v 0.160613 0.082984 -0.058027
v 0.161130 0.074300 -0.046524
v 0.161479 0.066848 -0.046244
v 0.159426 0.075293 -0.058392
v 0.152672 0.044645 -0.062728
v 0.157011 0.057759 -0.061196
v 0.159539 0.047308 -0.047116
v 0.154636 0.033788 -0.047913
v 0.024173 -0.010956 -0.100300
v 0.023253 0.018567 -0.103966
v 0.047786 0.013166 -0.103079
v 0.047832 -0.017772 -0.098400
v 0.170079 0.102471 0.031460
v 0.168901 0.093928 0.023933
v 0.175220 0.107239 0.038915
v 0.174677 0.116139 0.044673
v 0.166523 0.122550 -0.073652
v 0.173054 0.129619 -0.077212
v 0.176614 0.121193 -0.077227
v 0.170485 0.115798 -0.074883
v 0.166090 0.073528 0.000541
v 0.166702 0.057798 -0.004342
v 0.173547 0.065224 0.013599
v 0.169678 0.082603 0.018833
v 0.137269 0.289349 -0.035673
v 0.121662 0.294533 -0.033925
v 0.141736 0.290577 -0.009167
v 0.155736 0.078241 -0.030058
v 0.158282 0.083925 -0.046616
v 0.159317 0.076105 -0.049007
v 0.159154 0.070569 -0.036925
v 0.252820 0.054389 0.017529
v 0.244474 0.077281 0.020267
v 0.170557 0.039367 -0.025367
v 0.162696 0.054788 -0.022850
v 0.163601 0.057869 -0.039017
v 0.172616 0.042571 -0.040602
v 0.144539 -0.022156 -0.051087
v 0.132935 -0.010840 -0.069537
v 0.151055 -0.159473 -0.061729
v 0.143927 -0.135665 -0.059732
v 0.161739 -0.139695 -0.039911
v 0.168282 -0.161855 -0.040039
v 0.184128 -0.186727 -0.010070
v 0.156111 -0.183490 -0.061238
v 0.173116 -0.184600 -0.037240
v 0.079203 0.316694 -0.027272
v 0.070657 0.318744 -0.038197
v 0.036838 0.311597 -0.062491
v 0.054328 0.317778 -0.051323
v 0.197173 -0.269436 -0.002712
v 0.200920 -0.269742 0.025652
v 0.086226 0.311797 -0.014287
v 0.087418 0.304292 -0.000116
v 0.191416 -0.208718 0.021795
v 0.187151 -0.205687 -0.006542
v 0.036053 -0.274198 -0.124337
v 0.067864 -0.270161 -0.124320
v 0.177807 -0.203935 -0.033436
v 0.161680 -0.203580 -0.058405
v 0.188389 -0.211091 0.048753
v 0.100242 -0.206661 0.145520
v 0.102063 -0.226625 0.143367
v 0.124140 -0.223566 0.128939
v 0.031933 -0.215709 0.174614
v 0.030834 -0.234381 0.170829
v 0.055222 -0.232215 0.165580
v 0.055897 -0.211979 0.169237
v 0.046071 -0.287157 0.146002
v 0.030484 -0.289499 0.147760
v 0.188843 -0.271027 0.074997
v 0.174174 -0.272317 0.094236
v 0.141458 -0.203646 -0.079564
v 0.135710 -0.181753 -0.080778
v 0.111232 -0.179958 -0.095092
v 0.105677 -0.152854 -0.090066
v 0.129367 -0.156486 -0.077906
v 0.096613 0.019292 -0.095631
v 0.100606 0.045167 -0.098538
v 0.119650 0.028128 -0.086508
v 0.117766 0.003122 -0.084563
v 0.061806 0.197661 -0.110525
v 0.061231 0.178407 -0.113328
v 0.054625 -0.188693 0.172290
v 0.032964 -0.192251 0.177343
v 0.098739 -0.184477 0.147412
v 0.076603 -0.186669 0.161546
v 0.078021 -0.210132 0.159040
v 0.053123 -0.085846 0.163680
v 0.050871 -0.111513 0.166774
v 0.075447 -0.112365 0.155499
v 0.077576 -0.086846 0.151191
v 0.080202 -0.061393 0.146715
v 0.056206 -0.060862 0.158656
v 0.064359 -0.007338 0.150681
v 0.089911 -0.011875 0.139754
v 0.087969 0.011695 0.145668
v 0.039283 0.178879 0.098203
v 0.040033 0.161770 0.113052
v 0.197693 -0.270254 0.051587
v 0.177154 -0.196453 0.071229
v 0.178251 -0.213580 0.074078
v 0.153015 -0.002307 0.051981
v 0.154502 -0.031240 0.044392
v 0.096474 0.073313 0.160586
v 0.093257 0.087235 0.160476
v 0.136065 -0.111865 -0.058233
v 0.153659 -0.116343 -0.040029
v 0.149641 0.032341 0.094049
v 0.141382 0.026302 0.106511
v 0.143891 0.009644 0.091084
v 0.150254 0.016627 0.075676
v 0.154062 0.027111 0.064136
v 0.154179 0.041406 0.083255
v 0.159437 0.040255 0.056179
v 0.160155 0.052504 0.074738
v 0.170917 0.096777 0.042904
v 0.171341 0.105048 0.041658
v 0.034847 -0.011357 0.154338
v 0.032507 -0.037457 0.160020
v 0.059317 -0.035479 0.153407
v 0.078873 -0.229559 0.156015
v 0.093218 -0.281099 0.135243
v 0.073649 -0.284146 0.140624
v 0.071289 -0.027081 -0.094336
v 0.071434 0.003917 -0.099076
v 0.019335 0.206986 -0.104705
v 0.040940 0.211130 -0.105005
v 0.038876 0.246307 -0.095825
v 0.020143 0.241625 -0.096412
v 0.019300 0.257389 -0.090767
v 0.037070 0.263095 -0.088904
v 0.018044 0.311489 -0.066224
v 0.192379 0.006754 -0.042524
v 0.182490 0.025229 -0.042274
v 0.188899 0.029554 -0.054371
v 0.201033 0.010508 -0.054967
v 0.072111 0.093014 -0.114883
v 0.079750 0.064271 -0.109225
v 0.094208 0.296779 0.001752
v 0.173395 0.279576 -0.004846
v 0.157429 0.286492 -0.007559
v 0.160296 0.279834 0.017072
v 0.173962 0.271374 0.020204
v 0.153589 0.233796 -0.082188
v 0.138160 0.235203 -0.087297
v 0.141810 0.254379 -0.075233
v 0.158103 0.250555 -0.070236
v 0.050402 -0.115731 -0.092583
v 0.048244 -0.083452 -0.089461
v 0.072190 -0.091540 -0.086360
v 0.076221 -0.121736 -0.089277
v 0.100201 0.078386 -0.106227
v 0.117354 0.058423 -0.095822
v 0.045794 0.084906 0.159267
v 0.062179 0.093558 0.160248
v 0.059596 0.114901 0.151521
v 0.042652 0.109294 0.152080
v 0.195393 0.072674 -0.072541
v 0.187506 0.053257 -0.064616
v 0.173348 0.069790 -0.062697
v 0.176652 0.083396 -0.069488
v 0.156359 -0.074293 -0.023514
v 0.161176 -0.098340 -0.018891
v 0.147759 -0.092869 -0.041607
v 0.144108 -0.068278 -0.045785
v 0.154368 -0.009791 -0.029728
v 0.153860 -0.029641 -0.029586
v 0.157073 0.008412 -0.030098
v 0.157126 0.086331 -0.041303
v 0.157913 0.084134 -0.037628
v 0.157872 0.094695 -0.051847
v 0.162916 0.069277 -0.019081
v 0.159587 0.077968 -0.011708
v 0.165146 0.071468 -0.015123
v 0.161994 0.077365 -0.015959
v 0.167094 0.081142 0.003889
v 0.169238 0.075488 0.005347
v 0.161951 0.074128 -0.032830
v 0.159208 0.080393 -0.033795
v 0.156747 0.183348 0.074656
v 0.157311 0.204752 0.065541
v 0.144736 0.216394 0.065969
v 0.143911 0.191756 0.077545
v 0.127875 0.193816 0.081770
v 0.129641 0.216473 0.069461
v 0.112967 0.216479 0.071054
v 0.111341 0.194424 0.084940
v 0.090550 0.269855 0.028005
v 0.074267 0.258055 0.040242
v 0.056115 0.249429 0.048372
v 0.038024 0.242386 0.055193
v 0.020382 0.301776 -0.070719
v 0.042017 0.302718 -0.066534
v 0.036999 0.291336 -0.075134
v 0.019854 0.287699 -0.077378
v 0.002096 0.282944 -0.080556
v 0.002707 0.297046 -0.073146
v 0.039865 0.265550 0.043193
v 0.264388 0.057520 0.005441
v 0.255610 0.080672 0.006261
v 0.271177 0.058682 -0.011508
v 0.262140 0.081099 -0.008908
v 0.138981 0.261432 0.040233
v 0.156046 0.263666 0.038758
v 0.145653 0.281907 0.017810
v 0.173461 -0.127563 0.035400
v 0.167885 -0.130213 0.061163
v -0.000807 -0.089812 0.170500
v -0.001642 -0.109663 0.172302
v 0.022264 -0.112292 0.172233
v 0.026012 -0.086070 0.168528
v 0.005489 -0.017681 0.156302
v 0.003488 -0.042139 0.161470
v 0.052406 -0.162499 0.171681
v 0.050190 -0.136376 0.170135
v 0.024716 -0.140550 0.175464
v 0.027803 -0.166970 0.178156
v 0.017398 -0.191429 0.178958
v 0.016164 -0.204810 0.178304
v 0.211621 0.124621 0.038994
v 0.224938 0.137575 0.027090
v 0.219778 0.158602 0.028833
v 0.208230 0.143027 0.042188
v 0.098252 -0.161362 0.146364
v 0.075186 -0.161704 0.162037
v 0.169051 0.102892 0.059085
v 0.170822 0.087008 0.044991
v 0.036368 0.019211 0.155992
v 0.077666 0.099847 0.158044
v 0.076462 0.118493 0.148559
v 0.093184 0.102822 0.155152
v 0.092274 0.120194 0.144234
v 0.208257 0.153260 -0.071919
v 0.201898 0.145099 -0.075938
v 0.194323 0.154955 -0.078287
v 0.201279 0.162883 -0.074142
v 0.270718 0.055166 -0.029438
v 0.265111 0.047929 -0.045477
v 0.254304 0.072258 -0.047416
v 0.260268 0.082644 -0.028929
v 0.172279 0.040929 -0.007825
v 0.179889 0.023871 -0.010346
v 0.185289 0.028088 0.006608
v 0.179317 0.046704 0.009003
v 0.188137 0.006205 -0.013345
v 0.179110 0.023345 -0.027861
v 0.188004 0.005513 -0.029219
v 0.213110 0.016620 -0.064365
v 0.199654 0.034089 -0.063807
v 0.211421 0.046602 -0.069655
v 0.227960 0.024252 -0.068001
v 0.254413 0.037715 -0.058505
v 0.242141 0.029242 -0.066162
v 0.232089 0.053774 -0.067762
v 0.246737 0.061870 -0.058950
v 0.213664 0.022576 0.023357
v 0.205985 0.042873 0.026157
v 0.195247 0.034988 0.018874
v 0.202646 0.015303 0.016677
v 0.235439 0.148484 0.009906
v 0.229889 0.170015 0.010793
v 0.175499 0.126690 0.052085
v 0.174585 0.123459 0.049969
v 0.181028 0.140671 0.054943
v 0.181216 0.147450 0.057826
v 0.236311 0.099388 0.023257
v 0.247742 0.101492 0.008987
v 0.241177 0.124901 0.010369
v 0.228717 0.118399 0.026754
v 0.199109 0.064087 0.030323
v 0.192010 0.082932 0.036100
v 0.183088 0.074205 0.027223
v 0.188597 0.054742 0.022311
v 0.166670 0.063588 -0.051371
v 0.177566 0.047428 -0.052915
v 0.194346 0.128131 0.048755
v 0.198173 0.111695 0.044458
v 0.168398 0.091163 0.060295
v 0.169497 0.068536 0.006563
v 0.169291 0.059352 0.007610
v 0.143578 0.044535 0.115044
v 0.145712 0.062019 0.120613
v 0.165507 0.041667 0.031702
v 0.159160 0.027571 0.035678
v 0.149993 0.062297 0.112015
v 0.150509 0.049784 0.104260
v 0.104006 -0.037301 0.127804
v 0.038348 0.253641 0.047663
v 0.203074 0.093622 0.039020
v 0.216833 0.105905 0.035214
v 0.166736 0.092900 -0.067262
v 0.163052 0.084054 -0.060151
v 0.157211 0.092740 -0.056001
v 0.159487 0.100936 -0.063572
v 0.135540 0.096127 -0.094900
v 0.144983 0.081173 -0.084568
v 0.132132 0.070208 -0.092144
v 0.120495 0.086850 -0.101464
v 0.222342 0.160948 -0.057543
v 0.216474 0.174809 -0.059047
v 0.224264 0.178413 -0.046104
v 0.229598 0.161470 -0.044978
v 0.230509 0.178896 -0.029046
v 0.234005 0.176243 -0.009492
v 0.239262 0.154624 -0.009619
v 0.237063 0.158998 -0.028941
v 0.145392 -0.219455 0.113483
v 0.163472 -0.216764 0.095261
v 0.114095 -0.277706 0.129247
v 0.138722 -0.137488 0.107435
v 0.118965 -0.139012 0.125892
v 0.135813 -0.088499 0.097126
v 0.137649 -0.113464 0.102121
v 0.153605 -0.110467 0.079841
v 0.150765 -0.086069 0.074762
v 0.163419 -0.082120 0.025854
v 0.167773 -0.104869 0.030813
v 0.168227 -0.102252 0.006009
v 0.163424 -0.078932 0.001150
v 0.167666 -0.121548 -0.016506
v 0.173702 -0.124697 0.009492
v 0.092880 -0.069268 -0.081654
v 0.092258 -0.037551 -0.086703
v 0.111152 -0.049169 -0.077687
v 0.113018 -0.079545 -0.071859
v 0.166788 0.082078 0.008358
v 0.158084 0.104731 -0.074718
v 0.156480 0.118846 -0.082251
v 0.245926 0.133088 -0.010511
v 0.241737 0.138837 -0.030884
v 0.187465 0.101775 0.041829
v 0.216694 0.176606 0.030698
v 0.202356 0.176549 0.045365
v 0.204363 0.159799 0.044426
v 0.121313 0.260206 0.040344
v 0.171143 0.084359 0.025966
v 0.170260 0.091406 0.023347
v 0.184142 0.117243 0.046856
v 0.234482 0.082365 -0.063137
v 0.242902 0.096454 -0.051401
v 0.177898 0.092646 0.033200
v 0.171419 0.109767 0.039879
v 0.170446 0.108796 0.037069
v 0.338849 -0.158135 -0.020787
v 0.342297 -0.178200 -0.019175
v 0.345059 -0.177248 -0.032845
v 0.339860 -0.157034 -0.035028
v 0.331365 -0.160199 -0.009143
v 0.334101 -0.180481 -0.008356
v 0.267965 -0.175344 -0.023491
v 0.274313 -0.194960 -0.029544
v 0.283421 -0.190938 -0.017528
v 0.277776 -0.171207 -0.012836
v 0.323356 -0.201458 -0.003390
v 0.321599 -0.182204 -0.003233
v 0.308061 -0.184634 -0.003153
v 0.310957 -0.203426 -0.006185
v 0.266432 -0.175496 -0.053872
v 0.256574 -0.157159 -0.049138
v 0.263741 -0.153493 -0.061956
v 0.274116 -0.171616 -0.064954
v 0.244786 -0.092722 0.002446
v 0.241143 -0.073219 0.008289
v 0.230039 -0.080756 0.000124
v 0.234954 -0.097665 -0.008806
v 0.330634 -0.114142 -0.021033
v 0.335092 -0.136580 -0.021309
v 0.334833 -0.135360 -0.035670
v 0.329685 -0.113033 -0.036536
v 0.298019 -0.123121 0.006029
v 0.294136 -0.099070 0.008529
v 0.277722 -0.103289 0.009142
v 0.280816 -0.126741 0.004400
v 0.324438 -0.089025 -0.036929
v 0.326893 -0.089512 -0.021024
v 0.304302 -0.165129 -0.000354
v 0.301187 -0.144876 0.002827
v 0.285547 -0.148021 -0.000532
v 0.290110 -0.168153 -0.004056
v 0.284922 -0.211653 -0.060174
v 0.276371 -0.193669 -0.057526
v 0.283235 -0.190524 -0.067094
v 0.293247 -0.208891 -0.069173
v 0.298796 -0.206553 -0.011117
v 0.294383 -0.187422 -0.007747
v 0.289241 -0.210520 -0.021141
v 0.341200 -0.197614 -0.057981
v 0.334942 -0.177917 -0.061531
v 0.342370 -0.176779 -0.047160
v 0.347091 -0.197154 -0.043907
v 0.255876 -0.134410 -0.011722
v 0.261050 -0.155928 -0.017134
v 0.271690 -0.151878 -0.007005
v 0.266550 -0.130421 -0.001785
v 0.324525 -0.116239 -0.007957
v 0.327863 -0.138451 -0.008670
v 0.327337 -0.157183 -0.062911
v 0.318449 -0.135861 -0.064847
v 0.329851 -0.135201 -0.051791
v 0.335960 -0.156555 -0.050017
v 0.294105 -0.118755 -0.070738
v 0.304120 -0.139576 -0.071172
v 0.287931 -0.143901 -0.072390
v 0.277898 -0.123681 -0.070545
v 0.240939 -0.117583 -0.016532
v 0.249222 -0.113088 -0.004778
v 0.246902 -0.138402 -0.041391
v 0.237927 -0.119263 -0.033352
v 0.243881 -0.115929 -0.048960
v 0.254334 -0.134041 -0.056526
v 0.305088 -0.048775 0.005212
v 0.308023 -0.070055 0.004709
v 0.319523 -0.067192 -0.006226
v 0.315460 -0.045618 -0.008254
v 0.322419 -0.065894 -0.022150
v 0.317207 -0.044548 -0.024105
v 0.299576 -0.015173 -0.042206
v 0.305093 -0.028400 -0.041733
v 0.293208 -0.030218 -0.053692
v 0.287531 -0.018542 -0.052715
v 0.272298 -0.079991 -0.068174
v 0.282624 -0.098064 -0.069238
v 0.265995 -0.104211 -0.067998
v 0.255182 -0.086119 -0.064824
v 0.230176 -0.079017 -0.050442
v 0.241499 -0.092812 -0.056317
v 0.233399 -0.098475 -0.042210
v 0.223636 -0.084089 -0.034876
v 0.202595 -0.029077 -0.032365
v 0.208975 -0.042459 -0.034864
v 0.204776 -0.043850 -0.019806
v 0.200149 -0.029425 -0.018198
v 0.216253 -0.034867 0.009958
v 0.230285 -0.027330 0.016462
v 0.225629 -0.012811 0.019301
v 0.212602 -0.020606 0.012956
v 0.287545 0.012661 0.001684
v 0.295839 -0.002718 0.002996
v 0.301496 0.000438 -0.011795
v 0.293852 0.015276 -0.016189
v 0.260683 -0.064462 -0.067717
v 0.243778 -0.070798 -0.061052
v 0.220296 -0.049236 0.007568
v 0.226001 -0.063460 0.002618
v 0.238264 -0.056241 0.012891
v 0.233924 -0.041499 0.014677
v 0.266775 -0.024054 0.014392
v 0.268582 -0.041576 0.013799
v 0.285572 -0.035190 0.011143
v 0.285170 -0.020576 0.011579
v 0.298891 -0.015254 0.004162
v 0.301453 -0.031167 0.004253
v 0.311341 -0.028339 -0.009454
v 0.306652 -0.012993 -0.009742
v 0.257987 -0.051532 -0.069976
v 0.253104 -0.045399 -0.068071
v 0.266080 -0.038667 -0.067023
v 0.271150 -0.047230 -0.068324
v 0.216623 -0.070441 -0.027678
v 0.221715 -0.066476 -0.044797
v 0.270704 -0.058985 0.014382
v 0.252881 -0.048493 0.014722
v 0.255050 -0.066030 0.012132
v 0.312178 -0.027317 -0.025737
v 0.210134 -0.026609 -0.045304
v 0.201789 -0.011767 -0.043507
v 0.211950 -0.008052 -0.055531
v 0.220765 -0.022452 -0.056959
v 0.196455 -0.014034 -0.030307
v 0.194897 -0.013771 -0.015941
v 0.219781 0.003531 0.021679
v 0.208361 -0.004275 0.014399
v 0.234182 0.012373 0.023926
v 0.240514 -0.004186 0.022549
v 0.254467 0.006356 0.020379
v 0.246665 0.022045 0.022760
v 0.275177 0.034123 0.002998
v 0.282921 0.035371 -0.012824
v 0.292276 0.012892 -0.033102
v 0.282145 0.031814 -0.030329
v 0.207080 -0.041134 -0.004076
v 0.211579 -0.055777 -0.006375
v 0.313425 -0.160185 -0.069696
v 0.322296 -0.180387 -0.069509
v 0.308684 -0.182772 -0.072085
v 0.298089 -0.163646 -0.072797
v 0.294709 -0.186704 -0.071889
v 0.304738 -0.204555 -0.072127
v 0.315702 -0.141884 -0.000848
v 0.319018 -0.162200 -0.002499
v 0.336482 -0.199255 -0.006788
v 0.288230 -0.053476 0.011806
v 0.291659 -0.074335 0.010369
v 0.275396 -0.023630 -0.060605
v 0.268932 -0.014039 -0.060112
v 0.281738 -0.007917 -0.053142
v 0.280192 -0.057162 -0.067395
v 0.297627 -0.046977 -0.056852
v 0.308507 -0.067656 -0.054372
v 0.290921 -0.072874 -0.065877
v 0.247443 -0.037587 -0.065645
v 0.241453 -0.027269 -0.064247
v 0.255597 -0.020597 -0.064628
v 0.261334 -0.030239 -0.065516
v 0.271660 0.010495 0.013150
v 0.280927 -0.006181 0.011867
v 0.264601 0.016733 -0.056445
v 0.275514 0.023425 -0.046151
v 0.285482 0.006897 -0.045388
v 0.273851 0.003802 -0.053998
v 0.293373 -0.003447 -0.043046
v 0.252522 0.012406 -0.063018
v 0.262082 -0.001653 -0.061097
v 0.261359 0.029922 0.016376
v 0.234274 -0.015580 -0.063422
v 0.224568 -0.002095 -0.063788
v 0.239299 0.005380 -0.065943
v 0.248395 -0.008693 -0.064994
v 0.284660 -0.167921 -0.070592
v 0.274920 -0.148161 -0.068858
v 0.224305 -0.083917 -0.016327
v 0.229969 -0.100379 -0.023922
v 0.217069 -0.069650 -0.010905
v 0.262704 -0.177201 -0.038699
v 0.272270 -0.196163 -0.043475
v 0.247878 -0.138564 -0.024627
v 0.254827 -0.158061 -0.032228
v 0.310623 -0.114350 -0.065168
v 0.223471 -0.049606 -0.052141
v 0.232208 -0.058915 -0.057525
v 0.215151 -0.054451 -0.038809
v 0.198860 -0.009841 0.001458
v 0.203236 -0.026322 -0.001793
v 0.246473 -0.057305 -0.066902
v 0.192522 0.009409 0.003913
v 0.310943 -0.045103 -0.040577
v 0.300909 -0.000106 -0.029077
v 0.306884 -0.012560 -0.026905
v 0.348558 -0.196724 -0.030103
v 0.313226 -0.119119 0.002067
v 0.273863 -0.079782 0.011528
v 0.257776 -0.085996 0.008655
v 0.217870 -0.038729 -0.048150
v 0.227621 -0.034307 -0.058730
v 0.234283 -0.043742 -0.061875
v 0.245967 -0.018529 0.019467
v 0.261006 -0.008046 0.018505
v 0.281241 -0.212994 -0.047470
v 0.249150 -0.032924 0.015097
v 0.318245 -0.066102 -0.038608
v 0.019515 0.224491 -0.101274
v -0.001346 0.201661 -0.106066
v -0.001264 0.219269 -0.102175
v 0.155190 0.013662 0.041178
v 0.138017 -0.014011 0.093973
v 0.146619 -0.010729 0.073924
v 0.170843 0.076057 0.027556
v 0.170050 0.065411 0.027669
v 0.168463 0.095764 0.020145
v 0.168952 0.095964 0.022052
v 0.164937 0.049591 0.048764
v 0.013504 -0.178112 0.179479
v 0.001791 -0.205870 0.177803
v 0.002947 -0.220170 0.175768
v 0.062951 -0.201356 -0.112994
v 0.069519 -0.224078 -0.117095
v 0.034325 -0.222145 -0.117012
v 0.030572 -0.198746 -0.112284
v -0.000339 -0.237065 -0.120645
v -0.001238 -0.215946 -0.116581
v 0.038125 -0.241809 -0.121011
v 0.168839 -0.268549 -0.062087
v 0.171668 -0.254648 -0.055763
v 0.187702 -0.253144 -0.025836
v 0.188713 -0.271418 -0.029242
v 0.193083 -0.238485 -0.000178
v 0.196600 -0.253096 0.001957
v 0.186043 -0.235403 -0.025550
v 0.196275 -0.239703 0.026225
v 0.198631 -0.254476 0.026415
v 0.192268 -0.240746 0.051560
v 0.195252 -0.255520 0.051823
v 0.185555 -0.256720 0.075473
v 0.171193 -0.259782 0.093677
v 0.146033 -0.274018 0.114899
v 0.149242 -0.263399 0.111263
v 0.123659 -0.266266 0.126164
v 0.096602 -0.267050 0.137790
v 0.076640 -0.268500 0.144365
v 0.053358 -0.273233 0.151085
v 0.029266 -0.277632 0.154129
v 0.003295 -0.282144 0.153615
v 0.009676 -0.291338 0.148697
v 0.115989 0.237711 0.056812
v 0.087526 0.303445 -0.045373
v 0.108260 0.298800 -0.031273
v 0.098023 0.297987 -0.050638
v 0.119911 0.234392 -0.094570
v 0.100549 0.230570 -0.101969
v 0.101130 0.249891 -0.093918
v 0.122470 0.255006 -0.083832
v 0.077989 0.301503 -0.057377
v 0.071700 0.306204 -0.053636
v 0.083882 0.293526 -0.065168
v 0.069812 0.289255 -0.071830
v 0.053527 0.283564 -0.077564
v 0.169282 0.276946 -0.030635
v 0.184347 0.266932 -0.026191
v 0.177519 0.259221 -0.048336
v 0.163594 0.265894 -0.053448
v 0.149226 0.215631 -0.089822
v 0.161024 0.214183 -0.086451
v 0.157602 0.197230 -0.090730
v 0.146281 0.197513 -0.094671
v 0.214840 0.227687 -0.012545
v 0.222109 0.211643 -0.010715
v 0.217670 0.212038 -0.031635
v 0.210276 0.226481 -0.033270
v 0.165388 0.231003 -0.078178
v 0.093045 0.101231 -0.111119
v 0.111278 0.105728 -0.106668
v 0.126799 0.110670 -0.101488
v 0.155696 0.133646 -0.088046
v 0.152971 0.110286 -0.084897
v 0.149788 0.126800 -0.090655
v 0.159564 0.141051 -0.085807
v 0.160761 0.141726 -0.079541
v 0.199694 0.192987 0.044152
v 0.188828 0.170110 0.055095
v 0.190300 0.157726 0.054344
v 0.161257 0.137161 -0.073308
v 0.158541 0.128757 -0.069970
v 0.158511 0.130769 -0.071344
v 0.160990 0.139405 -0.074665
v 0.152650 0.283830 -0.034202
v 0.210150 0.209249 -0.048133
v 0.204278 0.199138 -0.061193
v 0.196601 0.211965 -0.063039
v 0.204297 0.221188 -0.049164
v 0.195801 0.192989 -0.072015
v 0.189047 0.185477 -0.077478
v 0.181657 0.190227 -0.080159
v 0.188725 0.201401 -0.074568
v 0.165168 0.144686 -0.076573
v 0.163637 0.148704 -0.077668
v 0.225583 0.188141 0.011501
v 0.199049 0.254090 0.002179
v 0.188219 0.267887 -0.001935
v 0.186028 0.258434 0.022197
v 0.195633 0.243912 0.024479
v 0.167151 0.089599 0.014843
v 0.166152 0.080631 -0.004364
v 0.156893 0.080017 -0.025517
v 0.157381 0.107081 -0.060817
v 0.155442 0.087387 -0.042983
v 0.181307 0.129577 0.051653
v 0.191738 0.143534 0.052163
v 0.179347 0.240283 0.041394
v 0.188001 0.225510 0.042302
v 0.228668 0.194365 -0.010324
v 0.224365 0.196545 -0.030340
v 0.163254 0.116003 -0.070648
v 0.159386 0.121902 -0.069007
v 0.163014 0.129965 -0.072951
v 0.158538 0.110130 -0.065048
v 0.157294 0.120324 -0.066501
v 0.196782 0.255031 -0.021109
v 0.209731 0.186370 -0.061756
v 0.216850 0.194215 -0.048455
v 0.180606 0.207244 -0.078601
v 0.171138 0.211208 -0.082397
v 0.176695 0.225927 -0.073723
v 0.186698 0.219737 -0.068340
v 0.187532 0.164378 -0.079128
v 0.195217 0.175212 -0.075340
v 0.165463 0.196076 -0.087254
v 0.174328 0.194110 -0.083811
v 0.168198 0.137965 -0.076400
v 0.169116 0.252803 0.040901
v 0.149428 0.240008 0.053007
v 0.161812 0.228661 0.053488
v 0.172204 0.216572 0.053643
v 0.180648 0.201059 0.054675
v 0.186272 0.184389 0.055264
v 0.133301 0.238127 0.056160
v 0.241322 -0.050252 -0.065655
v 0.161677 0.108688 -0.068147
v 0.168672 0.108857 -0.072837
v 0.167437 0.101258 -0.070535
v 0.217236 0.076749 -0.071158
v 0.280194 -0.032967 -0.061571
v 0.284230 -0.041762 -0.062803
v 0.301102 -0.092925 -0.066009
v 0.316841 -0.089589 -0.053606
v 0.323192 -0.112517 -0.052510
v 0.322025 -0.092022 -0.007022
v 0.310531 -0.095157 0.003549
v 0.261287 -0.108312 0.004573
v 0.253402 -0.110574 -0.061709
v 0.347834 -0.233698 -0.010509
v 0.346497 -0.250827 -0.006114
v 0.355927 -0.250681 -0.017884
v 0.354339 -0.233323 -0.022627
v 0.344410 -0.265457 0.001353
v 0.332141 -0.252245 -0.000932
v 0.329675 -0.266103 0.005372
v 0.319985 -0.253532 -0.002652
v 0.320894 -0.265354 0.003854
v 0.311802 -0.266643 -0.002661
v 0.311471 -0.254202 -0.007425
v 0.305563 -0.257684 -0.014900
v 0.308363 -0.271013 -0.013658
v 0.300122 -0.243123 -0.026755
v 0.295939 -0.246745 -0.038074
v 0.303907 -0.262103 -0.038305
v 0.303974 -0.260621 -0.025626
v 0.315272 -0.273595 -0.061520
v 0.311450 -0.258370 -0.059660
v 0.317645 -0.256330 -0.066726
v 0.321092 -0.271561 -0.068840
v 0.332767 -0.235667 -0.070325
v 0.338516 -0.252603 -0.069046
v 0.327243 -0.254428 -0.070300
v 0.321296 -0.237573 -0.072004
v 0.342648 -0.266860 -0.071230
v 0.348580 -0.252894 -0.062493
v 0.352654 -0.267004 -0.062103
v 0.336393 -0.217832 -0.006020
v 0.346776 -0.216059 -0.013839
v 0.345117 -0.197827 -0.016687
v 0.313019 -0.238043 -0.007678
v 0.323722 -0.235837 -0.003789
v 0.323083 -0.219533 -0.002806
v 0.310960 -0.221859 -0.004716
v 0.283448 -0.213047 -0.033764
v 0.290853 -0.229307 -0.038115
v 0.295319 -0.226905 -0.025262
v 0.305717 -0.240657 -0.016649
v 0.302020 -0.225094 -0.012890
v 0.297740 -0.246359 -0.050571
v 0.306279 -0.260765 -0.050024
v 0.355081 -0.234104 -0.037414
v 0.358830 -0.251268 -0.033124
v 0.355516 -0.252203 -0.049453
v 0.351140 -0.234569 -0.051999
v 0.290299 -0.230240 -0.050170
v 0.351241 -0.216406 -0.041076
v 0.346587 -0.216387 -0.054694
v 0.343565 -0.235083 -0.063718
v 0.337828 -0.217407 -0.065728
v 0.361660 -0.265101 -0.029011
v 0.356362 -0.264938 -0.011976
v 0.352232 -0.215740 -0.026804
v 0.304324 -0.243395 -0.059699
v 0.294407 -0.228526 -0.060870
v 0.303323 -0.224733 -0.068249
v 0.311805 -0.239913 -0.067628
v 0.317506 -0.201455 -0.072337
v 0.326115 -0.218604 -0.072507
v 0.314573 -0.221361 -0.072817
v 0.330606 -0.268683 -0.071964
v 0.330222 -0.199397 -0.068262
v 0.307909 -0.283133 -0.011516
v 0.310872 -0.286013 -0.026960
v 0.313534 -0.286553 -0.040794
v 0.315836 -0.285705 -0.052887
v 0.344680 -0.277332 -0.074213
v 0.333501 -0.279245 -0.075715
v 0.318865 -0.276238 0.010252
v 0.310386 -0.275906 0.000711
v 0.330656 -0.274680 0.010237
v 0.323905 -0.281439 -0.071523
v 0.318030 -0.283663 -0.063674
v 0.356339 -0.276484 -0.060830
v 0.363274 -0.274809 -0.041850
v 0.346081 -0.274926 0.006018
v 0.356176 -0.275386 -0.005831
v 0.364274 -0.274581 -0.023270
v 0.309975 -0.274761 -0.026803
v 0.311579 -0.274704 -0.039379
v 0.360985 -0.265787 -0.046823
v 0.313339 -0.274433 -0.051344
v 0.021066 0.208482 0.077875
v 0.022090 0.191276 0.089082
v 0.224534 0.085267 0.031757
v 0.210648 0.073474 0.034270
v 0.254104 0.106885 -0.009836
v 0.248211 0.113535 -0.035338
v 0.074811 -0.137348 0.159179
v 0.130928 -0.086274 -0.059172
v 0.127821 -0.060105 -0.063208
v 0.047707 -0.050282 -0.093636
v 0.070967 -0.058860 -0.089060
v 0.159416 -0.084285 0.050315
v 0.162659 -0.107298 0.055333
v 0.119198 -0.088517 0.117076
v 0.119242 -0.114630 0.121637
v 0.156476 -0.134192 0.086054
v 0.100332 -0.127086 -0.083978
v 0.095395 -0.099120 -0.080703
v 0.117052 -0.106585 -0.071433
v 0.122953 -0.131319 -0.074213
v 0.023766 -0.074221 -0.092525
v 0.023787 -0.042421 -0.096233
v 0.160638 -0.057402 0.021306
v 0.159938 -0.055552 -0.003328
v 0.144266 -0.044586 -0.049968
v 0.129419 -0.034546 -0.067153
v 0.093545 -0.009058 -0.091523
v 0.112442 -0.021783 -0.081152
v 0.101280 -0.062505 0.130616
v 0.083649 -0.036354 0.142988
v 0.157061 -0.058667 0.046697
v 0.029656 -0.061503 0.164770
v 0.045669 0.040109 -0.107087
v 0.071994 0.037268 -0.103866
v 0.154955 -0.051004 -0.027466
v 0.040779 0.145959 0.128391
v 0.041728 0.128218 0.140946
v 0.058496 0.132661 0.138805
v 0.058023 0.150268 0.124448
v 0.075605 0.135765 0.135663
v 0.092035 0.137357 0.131400
v 0.107372 0.137038 0.126004
v 0.144597 0.128535 0.104748
v 0.134881 0.133533 0.114260
v 0.158756 0.110344 0.085100
v 0.152702 0.121250 0.095307
v 0.164264 0.095219 0.074168
v 0.167184 0.079579 0.063037
v 0.167931 0.061983 0.047628
v 0.169206 0.073776 0.045793
v 0.164459 0.065093 0.066860
v 0.162585 0.085400 0.082522
v 0.156714 0.100332 0.094487
v 0.027420 0.077480 0.158305
v 0.028950 0.049423 0.157971
v 0.020852 0.223850 0.067563
v 0.264432 -0.129081 -0.066195
v 0.336478 -0.235251 -0.003822
v 0.036120 0.278218 -0.081942
v 0.018421 0.273219 -0.084963
v 0.000703 0.252777 -0.092543
v 0.001716 0.268183 -0.087259
v 0.108917 0.289344 -0.056561
v 0.092233 0.284423 -0.071868
v 0.072725 0.277336 -0.081509
v 0.054209 0.269033 -0.087023
v 0.147563 -0.034988 0.070326
v 0.040466 0.229083 -0.100780
v 0.056546 0.252571 -0.094890
v 0.076453 0.260610 -0.091185
v 0.099087 0.270265 -0.081529
v 0.126068 0.277479 -0.063679
v 0.146964 0.271590 -0.058036
v 0.170986 0.245869 -0.065634
v 0.183093 0.238481 -0.059477
v 0.191021 0.249317 -0.041865
v 0.201889 0.238328 -0.036947
v 0.194413 0.230265 -0.054653
v 0.233772 0.144128 -0.046339
v 0.234988 0.128571 -0.051093
v 0.231179 0.114896 -0.059619
v 0.223292 0.101071 -0.067909
v 0.206364 0.095443 -0.073879
v 0.191179 0.091912 -0.074956
v 0.177691 0.095588 -0.072824
v 0.157987 0.113722 -0.066298
v 0.156225 0.119817 -0.065635
v 0.159444 0.101031 -0.065549
v 0.159025 0.092931 -0.067317
v 0.144965 0.056322 -0.077388
v 0.152149 0.068631 -0.072843
v 0.131947 0.042406 -0.082465
v 0.130842 -0.243515 -0.096025
v 0.126991 -0.224269 -0.095888
v 0.151081 -0.221754 -0.074400
v 0.149992 -0.240375 -0.078570
v 0.027934 -0.171036 -0.106242
v 0.057187 -0.174828 -0.106366
v 0.192977 -0.224852 0.025248
v 0.190736 -0.222426 -0.002703
v 0.181339 -0.221313 -0.030747
v 0.168305 -0.219505 -0.053689
v 0.190323 -0.226597 0.050940
v 0.102411 -0.242772 0.141111
v 0.125510 -0.239937 0.126779
v 0.029756 -0.250166 0.166711
v 0.055006 -0.246964 0.161600
v 0.180235 -0.228806 0.074601
v 0.078459 -0.245095 0.153584
v 0.146913 -0.236588 0.112044
v 0.165877 -0.232233 0.094714
v 0.117569 -0.203521 -0.097311
v 0.091235 -0.202149 -0.108359
v 0.084660 -0.177727 -0.102944
v 0.041205 0.116414 -0.116036
v 0.063551 0.116820 -0.116520
v 0.083508 0.117597 -0.114144
v 0.101119 0.144422 -0.111499
v 0.118365 0.150377 -0.106546
v 0.120435 0.128714 -0.104341
v 0.101356 0.124200 -0.109708
v 0.144859 0.161368 -0.096638
v 0.153300 0.164759 -0.094074
v 0.154013 0.149472 -0.092155
v 0.146204 0.143842 -0.094581
v 0.159126 0.153989 -0.089703
v 0.163653 0.155748 -0.084642
v 0.167007 0.157024 -0.079896
v 0.169603 0.153088 -0.078871
v 0.182554 0.174930 -0.079993
v 0.175409 0.178473 -0.082618
v 0.144154 0.179763 -0.097203
v 0.131257 0.176044 -0.102222
v 0.039394 0.154185 -0.114123
v 0.018394 0.151277 -0.112674
v 0.168560 0.053395 0.029383
v 0.168656 0.047429 0.008983
v 0.165816 0.046208 -0.012022
v 0.163982 0.049857 -0.030425
v 0.161409 0.057908 -0.046401
v 0.159083 0.067251 -0.059635
v 0.155671 0.077940 -0.070165
v 0.157587 0.085240 -0.068778
v 0.151882 0.088753 -0.079758
v 0.156090 0.096798 -0.077755
v 0.147219 0.100889 -0.087672
v 0.139467 0.117845 -0.094625
v 0.135716 0.137169 -0.098461
v 0.132785 0.156782 -0.101372
v 0.099903 0.166207 -0.112211
v 0.116523 0.170693 -0.107011
v 0.080837 0.182812 -0.113913
v 0.080421 0.203542 -0.110845
v 0.080194 0.139131 -0.114787
v 0.080736 0.161289 -0.115915
v 0.076916 0.310278 -0.042416
v 0.059012 0.311397 -0.054842
v 0.184109 0.114408 -0.077242
v 0.188189 0.104868 -0.076188
v 0.177330 0.105250 -0.074634
v 0.176063 0.112129 -0.075673
v 0.199653 0.107620 -0.076092
v 0.203354 0.127718 -0.076275
v 0.211580 0.115559 -0.072632
v 0.194663 0.118609 -0.077210
v 0.220096 0.126896 -0.067789
v 0.210561 0.136092 -0.072635
v 0.224313 0.137565 -0.061438
v 0.215358 0.144335 -0.068551
v 0.218302 0.151504 -0.064961
v 0.224479 0.148922 -0.057606
v 0.202712 0.183231 -0.069395
v 0.208385 0.171562 -0.067652
v 0.213931 0.159711 -0.066310
v 0.174409 0.145412 -0.078783
v 0.180153 0.137035 -0.079372
v 0.186548 0.127590 -0.078433
v 0.195048 0.136910 -0.077869
v 0.187584 0.145959 -0.079269
v 0.180828 0.154841 -0.079989
v 0.036437 0.135303 -0.115616
v 0.057534 0.137555 -0.116123
v 0.160379 0.166721 -0.090411
v 0.166320 0.168413 -0.087272
v 0.169860 0.166889 -0.082240
v 0.175471 0.163495 -0.080407
v 0.169792 0.180455 -0.086534
v 0.162392 0.180651 -0.089364
v 0.154645 0.181151 -0.092998
v 0.059949 0.157317 -0.115737
v 0.015367 0.133483 -0.115744
v 0.195465 0.209900 0.043745
v 0.203535 0.228480 0.026766
v 0.206832 0.238986 0.005503
v 0.206743 0.242611 -0.016474
v 0.004273 0.310408 -0.066816
v 0.210675 -0.057294 -0.023146
v -0.000208 0.074503 -0.111084
v -0.001201 0.098178 -0.113177
v 0.000565 -0.003013 -0.100413
v 0.000456 0.024568 -0.103054
v 0.053856 -0.145828 -0.099214
v 0.026584 -0.139474 -0.100114
v 0.025285 -0.107754 -0.093793
v -0.001916 -0.192215 -0.110762
v -0.001076 -0.163112 -0.106250
v -0.000469 -0.097717 -0.094641
v 0.000218 -0.064068 -0.093771
v 0.023307 0.045282 -0.107319
v 0.019313 0.116370 -0.115344
v -0.000806 0.133697 -0.114804
v -0.001077 0.147441 -0.113425
v -0.000867 0.165196 -0.111699
v 0.121096 0.102302 0.143337
v 0.120338 0.119820 0.133270
v 0.107653 0.120992 0.139271
v 0.108315 0.103519 0.149556
v 0.142112 0.098054 0.125087
v 0.142547 0.113131 0.115489
v 0.132903 0.117581 0.125499
v 0.133229 0.100616 0.134162
v 0.150505 0.107633 0.105306
v 0.150384 0.093192 0.113559
v 0.121013 0.083535 0.150086
v 0.132375 0.082217 0.141362
v 0.107335 0.084458 0.157321
v 0.148379 0.077943 0.119707
v 0.140866 0.080969 0.131363
v 0.024536 0.262352 0.048567
v 0.022340 0.250547 0.051720
v 0.025731 0.102946 0.153452
v 0.022622 0.156182 0.117624
v 0.023293 0.140129 0.131521
v 0.022270 0.173266 0.102200
v 0.021313 0.238062 0.058709
v 0.005319 0.202814 0.079756
v 0.006073 0.185714 0.092207
v 0.024213 0.123307 0.143056
v 0.008489 0.069483 0.156698
v 0.007645 0.038527 0.155915
v 0.005745 0.218872 0.069563
v 0.007303 0.008457 0.154626
v 0.077107 -0.243499 -0.120380
v 0.079554 -0.260994 -0.121654
v 0.045228 -0.258534 -0.124057
v 0.171184 -0.235987 -0.052417
v 0.150161 -0.258200 -0.081287
v 0.148552 -0.275723 -0.084366
v 0.101666 -0.275858 -0.114518
v 0.126324 -0.275756 -0.102168
v 0.129080 -0.259179 -0.099467
v 0.104536 -0.259271 -0.112932
v 0.098854 -0.223927 -0.110091
v 0.109414 -0.241920 -0.108742
v 0.081062 -0.149643 -0.096574
v 0.101212 -0.255185 0.138563
v 0.125873 -0.253371 0.125098
v 0.028930 -0.264121 0.160606
v 0.054445 -0.259765 0.156413
v 0.182862 -0.243472 0.075323
v 0.077585 -0.256876 0.150509
v 0.149222 -0.250885 0.110942
v 0.168598 -0.246601 0.094163
v 0.010987 -0.273939 -0.122836
v -0.000402 -0.259457 -0.124544
v 0.003675 -0.267260 0.160290
v 0.007833 0.260249 0.049953
v 0.007018 0.246144 0.053837
v 0.005991 0.233514 0.061173
v 0.000825 -0.032871 -0.097115
v -0.000413 0.235976 -0.098080
v 0.097873 -0.138056 0.143195
v 0.100074 -0.088347 0.135049
v 0.098410 -0.113944 0.139695
v 0.148329 -0.060660 0.071687
v -0.001558 0.183604 -0.108908
v 0.121237 0.136315 0.120316
v 0.006215 0.167197 0.106176
v 0.006858 0.151099 0.121656
v 0.007236 0.135001 0.134659
v 0.007395 0.117592 0.145490
v 0.000696 -0.191525 0.178772
v -0.000771 -0.175381 0.178563
v -0.000538 -0.130178 -0.099016
v 0.003866 -0.238405 0.171561
v -0.002081 -0.158115 0.177984
v 0.000681 0.050832 -0.107611
v 0.007840 0.095818 0.153389
v 0.004525 -0.253293 0.167437
v -0.000776 0.119285 -0.115068
v -0.001924 -0.130968 0.174848
v 0.001251 -0.065912 0.168831
v -0.059228 0.268400 0.035609
v -0.059811 0.279180 0.029883
v -0.071410 0.290716 0.019678
v -0.074574 0.279985 0.023334
v -0.066220 0.242377 0.052074
v -0.090615 0.253911 0.042594
v -0.088223 0.230066 0.058861
v -0.066569 0.224131 0.063607
v -0.086066 0.209980 0.073417
v -0.065747 0.205064 0.077233
v -0.081488 0.152477 0.117156
v -0.064016 0.151349 0.121659
v -0.063518 0.169136 0.106347
v -0.082281 0.171116 0.102688
v -0.103345 0.060148 0.151166
v -0.093959 0.041645 0.148613
v -0.080742 0.046059 0.154029
v -0.089466 0.061264 0.156893
v -0.159962 0.166876 0.073899
v -0.163137 0.189846 0.064454
v -0.170541 0.173044 0.063347
v -0.165568 0.150738 0.070778
v -0.106302 0.293484 -0.006138
v -0.104195 0.277373 0.019631
v -0.091928 0.285789 0.012274
v -0.095382 0.299078 -0.007947
v -0.154009 0.066019 0.097532
v -0.146521 0.052932 0.103997
v -0.145374 0.068308 0.114657
v -0.149341 0.082952 0.108059
v -0.128716 -0.040567 0.095741
v -0.131023 -0.063219 0.095430
v -0.114897 -0.063040 0.113273
v -0.114053 -0.040252 0.113894
v -0.155404 -0.016849 0.026750
v -0.156387 -0.017386 -0.001108
v -0.157453 -0.035441 -0.000517
v -0.157310 -0.038993 0.023184
v -0.115541 0.151345 0.108856
v -0.098624 0.152543 0.112515
v -0.099857 0.171354 0.098919
v -0.117836 0.170765 0.095172
v -0.234962 0.049195 0.020986
v -0.221116 0.039553 0.023140
v -0.213531 0.060779 0.025863
v -0.225799 0.071350 0.023516
v -0.179935 -0.148491 0.029030
v -0.179874 -0.144880 0.003672
v -0.184542 -0.167447 0.005038
v -0.183559 -0.170777 0.032514
v -0.207992 0.199916 0.026479
v -0.202469 0.216813 0.026319
v -0.208528 0.229494 0.005390
v -0.215695 0.213221 0.006123
v -0.158584 0.119602 0.082241
v -0.152268 0.132800 0.089573
v -0.157001 0.148445 0.080783
v -0.161621 0.133543 0.077127
v -0.159524 0.015242 -0.003456
v -0.158831 0.017336 0.018917
v -0.161172 0.032183 0.015598
v -0.161705 0.030646 -0.005056
v -0.156818 0.001267 0.022824
v -0.158388 -0.001225 -0.001356
v -0.141876 0.142159 0.096897
v -0.129480 0.147758 0.103764
v -0.133563 0.166748 0.090989
v -0.147445 0.160279 0.085754
v -0.092287 0.021727 0.143628
v -0.075320 0.028669 0.150794
v -0.175654 -0.174915 0.058662
v -0.162754 -0.178062 0.083047
v -0.160752 -0.154950 0.080805
v -0.173125 -0.151874 0.055447
v -0.097729 -0.017707 0.129541
v -0.092992 0.003158 0.136782
v -0.108715 0.000124 0.124868
v -0.113834 -0.018792 0.114417
v -0.145030 -0.180517 0.105091
v -0.124878 -0.181282 0.123452
v -0.123408 -0.158041 0.121634
v -0.143388 -0.157465 0.102804
v -0.083788 0.190534 0.087596
v -0.064307 0.186975 0.090538
v -0.125565 0.057033 0.134504
v -0.120334 0.036006 0.130190
v -0.107236 0.038834 0.140342
v -0.115394 0.057779 0.143555
v -0.167438 0.108590 0.059168
v -0.167415 0.130524 0.065763
v -0.173315 0.152142 0.060594
v -0.168980 0.121678 0.055909
v -0.187468 -0.189262 0.009269
v -0.184781 -0.192577 0.036455
v -0.146441 -0.201120 0.106828
v -0.125207 -0.203313 0.125382
v -0.158546 0.080535 -0.024736
v -0.164145 0.081278 -0.020421
v -0.166435 0.086422 0.002250
v -0.165153 0.086066 -0.002045
v -0.051374 0.067426 0.159136
v -0.066211 0.077993 0.161294
v -0.071745 0.059279 0.158585
v -0.060131 0.043612 0.156342
v -0.118603 0.016387 0.121885
v -0.122432 0.000530 0.111583
v -0.106928 0.018246 0.132880
v -0.033871 0.052377 0.157524
v -0.049656 0.022227 0.153443
v -0.045407 0.182727 0.094203
v -0.045529 0.166429 0.108941
v -0.045893 0.200419 0.080438
v -0.027737 0.193858 0.085007
v -0.026311 0.211088 0.072955
v -0.045430 0.217670 0.068710
v -0.025638 0.227515 0.063532
v -0.045168 0.234056 0.058770
v -0.041866 0.259049 0.043986
v -0.038811 0.270217 0.038687
v -0.164336 0.116803 0.070433
v -0.161199 0.104662 0.076630
v -0.163886 -0.199550 0.085853
v -0.113502 0.215842 -0.104336
v -0.112719 0.193566 -0.108918
v -0.128473 0.196510 -0.104604
v -0.129269 0.217554 -0.099563
v -0.120045 0.291821 -0.006796
v -0.122376 0.279779 0.019240
v -0.159876 0.130833 -0.080076
v -0.162233 0.124504 -0.084992
v -0.162049 0.108394 -0.076078
v -0.159190 0.119673 -0.074368
v -0.156618 0.098706 -0.056691
v -0.155414 0.098833 -0.058796
v -0.156138 0.109667 -0.065431
v -0.156813 0.111413 -0.065187
v -0.178579 -0.163707 -0.019815
v -0.172847 -0.140441 -0.022151
v -0.137553 0.009912 -0.065071
v -0.147072 -0.005314 -0.044678
v -0.151671 0.012664 -0.042931
v -0.145234 0.027170 -0.058513
v -0.021644 0.188600 -0.109167
v -0.021051 0.169734 -0.112018
v -0.041851 0.173899 -0.112930
v -0.042337 0.193383 -0.109620
v -0.077646 0.226491 -0.105816
v -0.074746 0.246682 -0.099487
v -0.056968 0.238722 -0.100620
v -0.059836 0.219189 -0.106867
v -0.095886 0.211703 -0.108276
v -0.096299 0.189692 -0.112322
v -0.160303 0.035176 -0.024414
v -0.157973 0.020312 -0.023329
v -0.164973 0.055478 -0.027351
v -0.167651 0.053319 -0.008514
v -0.167994 0.062896 -0.009657
v -0.164233 0.063053 -0.027982
v -0.087050 0.307504 -0.010708
v -0.081700 0.309708 -0.025438
v -0.091636 0.303564 -0.026631
v -0.053839 0.301469 -0.063518
v -0.051184 0.295405 -0.069043
v -0.063068 0.298286 -0.064009
v -0.062581 0.303838 -0.058743
v -0.046983 0.093083 -0.113819
v -0.023253 0.094390 -0.113439
v -0.023736 0.070765 -0.111084
v -0.051085 0.065906 -0.110045
v -0.159708 0.075504 -0.045756
v -0.157365 0.083665 -0.048279
v -0.159327 0.094728 -0.059329
v -0.161278 0.084941 -0.056767
v -0.161805 0.076792 -0.054749
v -0.162172 0.069199 -0.054395
v -0.163390 0.061075 -0.042046
v -0.162905 0.067677 -0.043395
v -0.151507 0.039627 -0.054690
v -0.155031 0.029187 -0.040083
v -0.159625 0.042457 -0.041179
v -0.157340 0.050868 -0.055756
v -0.022966 -0.011084 -0.099363
v -0.046521 -0.018336 -0.097648
v -0.046693 0.011788 -0.101794
v -0.022988 0.018119 -0.102976
v -0.168878 0.107027 0.028215
v -0.172155 0.120800 0.040733
v -0.173377 0.110487 0.034984
v -0.168399 0.097206 0.020540
v -0.168673 0.125824 -0.080499
v -0.172564 0.119107 -0.080655
v -0.177761 0.124623 -0.082712
v -0.175250 0.133254 -0.082694
v -0.165116 0.077725 -0.005348
v -0.167892 0.085407 0.013893
v -0.169235 0.071365 0.007118
v -0.164000 0.064893 -0.011327
v -0.130252 0.291479 -0.036235
v -0.135153 0.291258 -0.008643
v -0.115160 0.294906 -0.032075
v -0.154743 0.079093 -0.035916
v -0.157927 0.075671 -0.042177
v -0.156260 0.080790 -0.053940
v -0.156183 0.086905 -0.052481
v -0.247076 0.061498 0.012265
v -0.238399 0.083871 0.014892
v -0.164808 0.048821 -0.031122
v -0.165700 0.050079 -0.045123
v -0.158143 0.064648 -0.044086
v -0.159737 0.062692 -0.029317
v -0.131796 -0.013041 -0.065067
v -0.144163 -0.024498 -0.046144
v -0.147935 -0.156697 -0.064796
v -0.165901 -0.159955 -0.043566
v -0.158586 -0.135478 -0.044099
v -0.140947 -0.130993 -0.062352
v -0.182780 -0.186344 -0.017473
v -0.152411 -0.182112 -0.064931
v -0.170758 -0.183646 -0.042375
v -0.066499 0.318453 -0.038072
v -0.074325 0.317444 -0.024048
v -0.040285 0.311963 -0.062367
v -0.056961 0.318045 -0.050078
v -0.197295 -0.274466 0.018458
v -0.193577 -0.274303 -0.009618
v -0.079015 0.314211 -0.009801
v -0.077972 0.306544 0.005677
v -0.184740 -0.207945 -0.013226
v -0.189172 -0.210692 0.013460
v -0.059354 -0.277482 -0.124812
v -0.035842 -0.276343 -0.125546
v -0.156258 -0.204857 -0.063409
v -0.173045 -0.205662 -0.039304
v -0.186719 -0.213321 0.040733
v -0.102833 -0.205598 0.142509
v -0.125422 -0.222196 0.125695
v -0.101897 -0.226005 0.140671
v -0.029104 -0.215353 0.173779
v -0.055970 -0.210507 0.166997
v -0.052686 -0.232057 0.164151
v -0.024772 -0.234835 0.170357
v -0.018883 -0.292676 0.147015
v -0.034533 -0.291105 0.145237
v -0.166723 -0.276091 0.095917
v -0.183373 -0.275551 0.074920
v -0.132518 -0.180453 -0.082596
v -0.136882 -0.204543 -0.082816
v -0.109718 -0.178501 -0.095634
v -0.127803 -0.153982 -0.079424
v -0.103714 -0.150656 -0.089645
v -0.097066 0.017403 -0.092944
v -0.116591 0.001252 -0.080465
v -0.120853 0.025926 -0.081230
v -0.102005 0.043589 -0.093422
v -0.061809 0.179092 -0.114185
v -0.061217 0.199368 -0.111579
v -0.033624 -0.191419 0.175213
v -0.057393 -0.186498 0.167944
v -0.079389 -0.208124 0.156442
v -0.079964 -0.183974 0.157351
v -0.102805 -0.182610 0.141664
v -0.052611 -0.085579 0.160504
v -0.076502 -0.086370 0.148816
v -0.077352 -0.110533 0.151496
v -0.052940 -0.109550 0.163595
v -0.050424 -0.061073 0.156818
v -0.074847 -0.060982 0.144935
v -0.050741 -0.007757 0.149260
v -0.072640 0.009461 0.146985
v -0.076980 -0.013433 0.140908
v -0.027266 0.177443 0.098016
v -0.027995 0.160642 0.112651
v -0.193514 -0.275172 0.048746
v -0.177650 -0.195960 0.061280
v -0.178749 -0.214687 0.065747
v -0.147914 -0.007492 0.058170
v -0.151475 -0.035338 0.050710
v -0.079918 0.085080 0.160336
v -0.081441 0.070697 0.160360
v -0.150498 -0.112623 -0.044087
v -0.132844 -0.107012 -0.060629
v -0.138660 0.026840 0.099862
v -0.142973 0.009949 0.081798
v -0.134320 0.003642 0.096473
v -0.129477 0.020831 0.112217
v -0.149070 0.021913 0.070892
v -0.146252 0.036177 0.090352
v -0.153575 0.048115 0.083462
v -0.154714 0.035306 0.062819
v -0.168741 0.094916 0.045623
v -0.167707 0.103735 0.042751
v -0.048739 -0.035558 0.152571
v -0.022444 -0.037079 0.159214
v -0.022067 -0.011169 0.153376
v -0.077791 -0.228662 0.153774
v -0.084928 -0.284806 0.133639
v -0.062335 -0.287085 0.139587
v -0.069466 -0.026846 -0.093566
v -0.070776 0.002642 -0.096386
v -0.041617 0.211974 -0.106287
v -0.021371 0.206639 -0.105222
v -0.037182 0.247963 -0.095181
v -0.034030 0.264117 -0.089418
v -0.017840 0.257634 -0.090992
v -0.019633 0.241926 -0.096677
v -0.024879 0.313516 -0.065561
v -0.184891 0.014938 -0.047504
v -0.193526 0.018470 -0.060820
v -0.181967 0.037225 -0.059867
v -0.174809 0.033475 -0.046371
v -0.074082 0.091460 -0.112232
v -0.081191 0.062484 -0.105185
v -0.084226 0.298207 0.007030
v -0.167174 0.281601 -0.006780
v -0.166388 0.271723 0.018401
v -0.153468 0.279755 0.015432
v -0.150662 0.287756 -0.008757
v -0.146828 0.236927 -0.087588
v -0.151310 0.254649 -0.074742
v -0.135035 0.258637 -0.077967
v -0.132286 0.238185 -0.091575
v -0.049003 -0.112790 -0.093268
v -0.073843 -0.118300 -0.090183
v -0.068688 -0.089440 -0.087420
v -0.045001 -0.081362 -0.090018
v -0.103111 0.076777 -0.102100
v -0.119579 0.056145 -0.090135
v -0.030888 0.084175 0.156817
v -0.028339 0.108045 0.150727
v -0.046336 0.112983 0.149597
v -0.047974 0.091938 0.157378
v -0.192878 0.079328 -0.077949
v -0.174100 0.089820 -0.074870
v -0.169385 0.077108 -0.068552
v -0.182806 0.060844 -0.070485
v -0.154288 -0.072574 -0.023220
v -0.142523 -0.066453 -0.044482
v -0.144562 -0.089260 -0.043671
v -0.157742 -0.095163 -0.023019
v -0.152557 -0.013728 -0.023606
v -0.152171 -0.031931 -0.024487
v -0.156959 0.003150 -0.023654
v -0.157134 0.093102 -0.054881
v -0.160894 0.084526 -0.039862
v -0.155545 0.086851 -0.044391
v -0.161137 0.078103 -0.017077
v -0.157671 0.073598 -0.024054
v -0.167211 0.068901 -0.010986
v -0.170256 0.073310 0.009036
v -0.169010 0.080164 0.005375
v -0.163903 0.074167 -0.014925
v -0.162597 0.077983 -0.033957
v -0.161415 0.068697 -0.029801
v -0.151508 0.180001 0.075945
v -0.137616 0.188379 0.079212
v -0.138168 0.213612 0.066369
v -0.151592 0.201651 0.065227
v -0.120654 0.191060 0.082302
v -0.102537 0.191381 0.084789
v -0.105480 0.212199 0.071235
v -0.122930 0.212406 0.069180
v -0.079966 0.268963 0.030171
v -0.062584 0.256344 0.043010
v -0.044169 0.248446 0.050667
v -0.025385 0.240611 0.055996
v -0.021283 0.302816 -0.069716
v -0.016678 0.287750 -0.077044
v -0.036408 0.291620 -0.072761
v -0.042891 0.304031 -0.065044
v -0.025311 0.264685 0.044891
v -0.259872 0.064052 -0.001327
v -0.250528 0.087137 -0.000201
v -0.257423 0.087437 -0.016351
v -0.265905 0.065039 -0.018322
v -0.132280 0.259458 0.039191
v -0.139033 0.280698 0.018019
v -0.148311 0.262539 0.036788
v -0.168759 -0.129067 0.052942
v -0.174416 -0.126207 0.027094
v -0.026541 -0.086037 0.168143
v -0.025533 -0.111615 0.170714
v -0.056315 -0.160569 0.168434
v -0.031005 -0.165600 0.175518
v -0.028388 -0.139161 0.173649
v -0.054262 -0.134908 0.166217
v -0.016490 -0.190796 0.177438
v -0.013195 -0.204355 0.177496
v -0.208036 0.130455 0.033555
v -0.203889 0.149544 0.035991
v -0.215533 0.165023 0.023497
v -0.219969 0.144481 0.021207
v -0.079910 -0.159361 0.156447
v -0.101635 -0.159123 0.139597
v -0.166382 0.100509 0.063827
v -0.168252 0.084073 0.050295
v -0.020532 0.019042 0.154688
v -0.064843 0.098113 0.156850
v -0.063933 0.115737 0.148485
v -0.081366 0.117716 0.145512
v -0.081162 0.100904 0.154698
v -0.207980 0.157146 -0.075923
v -0.201127 0.167452 -0.079015
v -0.195797 0.158107 -0.082778
v -0.202359 0.149123 -0.080057
v -0.266467 0.062393 -0.036626
v -0.256581 0.088548 -0.036405
v -0.250107 0.079529 -0.054807
v -0.260043 0.055225 -0.053338
v -0.166740 0.049791 -0.015155
v -0.174049 0.054301 0.003319
v -0.179770 0.036592 0.000237
v -0.173744 0.033661 -0.017274
v -0.181526 0.015727 -0.018181
v -0.181566 0.014598 -0.032766
v -0.172290 0.032424 -0.031946
v -0.205897 0.024923 -0.070510
v -0.220427 0.032056 -0.073976
v -0.206694 0.054306 -0.075604
v -0.193222 0.041962 -0.069808
v -0.248394 0.045647 -0.066472
v -0.241631 0.069246 -0.065581
v -0.226625 0.061361 -0.073779
v -0.234746 0.036688 -0.073017
v -0.208032 0.031626 0.019271
v -0.196301 0.024786 0.011165
v -0.190496 0.043415 0.014104
v -0.202382 0.051322 0.022656
v -0.224840 0.176473 0.005808
v -0.230051 0.154863 0.004735
v -0.170658 0.127878 0.051178
v -0.176320 0.148413 0.055878
v -0.177274 0.144436 0.051603
v -0.171547 0.127572 0.047480
v -0.230524 0.105789 0.017585
v -0.223794 0.123923 0.020833
v -0.235983 0.131002 0.003942
v -0.242968 0.107940 0.002571
v -0.195222 0.071354 0.026485
v -0.184455 0.062023 0.017806
v -0.179341 0.080169 0.023837
v -0.188931 0.090324 0.031819
v -0.170817 0.055067 -0.059221
v -0.161137 0.070642 -0.056383
v -0.190915 0.134052 0.041458
v -0.194473 0.116935 0.037219
v -0.164494 0.087311 0.066871
v -0.167964 0.055264 0.013023
v -0.169508 0.065473 0.011288
v -0.130545 0.039317 0.118975
v -0.134384 0.057275 0.124186
v -0.156095 0.023910 0.041528
v -0.160198 0.037802 0.037465
v -0.138869 0.044769 0.110056
v -0.139881 0.057274 0.116719
v -0.095840 -0.039161 0.129179
v -0.025470 0.252026 0.049614
v -0.212433 0.112336 0.030196
v -0.198623 0.100626 0.033079
v -0.164881 0.098571 -0.072538
v -0.158537 0.105795 -0.068877
v -0.155940 0.096405 -0.060770
v -0.160396 0.088926 -0.064691
v -0.137070 0.091671 -0.092479
v -0.123015 0.084389 -0.097753
v -0.134945 0.066502 -0.086710
v -0.146491 0.075244 -0.081084
v -0.220788 0.166883 -0.061762
v -0.227616 0.167538 -0.049828
v -0.221544 0.184575 -0.050718
v -0.214682 0.180222 -0.063863
v -0.227312 0.186195 -0.034308
v -0.233515 0.166665 -0.034479
v -0.235344 0.162641 -0.014867
v -0.229407 0.183724 -0.015101
v -0.165002 -0.217922 0.088055
v -0.146721 -0.220147 0.107823
v -0.108684 -0.280290 0.127141
v -0.121723 -0.135410 0.119125
v -0.140517 -0.134745 0.100424
v -0.134917 -0.085784 0.095725
v -0.148997 -0.084755 0.074138
v -0.152995 -0.108338 0.075830
v -0.137882 -0.111217 0.098094
v -0.162614 -0.080108 0.026364
v -0.161205 -0.077095 0.000929
v -0.165836 -0.099521 0.000588
v -0.167296 -0.103155 0.025386
v -0.172544 -0.122251 0.001789
v -0.163966 -0.117924 -0.022653
v -0.089332 -0.066287 -0.081558
v -0.109356 -0.074802 -0.072181
v -0.110482 -0.047321 -0.075932
v -0.091228 -0.036586 -0.086567
v -0.165170 0.085351 0.002515
v -0.159666 0.114242 -0.084876
v -0.161858 0.100038 -0.075627
v -0.239183 0.144972 -0.036440
v -0.242030 0.139161 -0.016532
v -0.184878 0.107237 0.036952
v -0.211546 0.182966 0.025370
v -0.201091 0.165809 0.038979
v -0.197424 0.181660 0.041603
v -0.114521 0.257191 0.040170
v -0.170059 0.082549 0.029668
v -0.169263 0.090654 0.026442
v -0.181588 0.122116 0.040968
v -0.230762 0.088407 -0.069403
v -0.240086 0.102149 -0.058758
v -0.175630 0.096870 0.029003
v -0.168621 0.111998 0.039657
v -0.168908 0.112961 0.035637
v -0.334779 -0.150251 -0.027726
v -0.335863 -0.148361 -0.042755
v -0.341951 -0.170999 -0.040371
v -0.339430 -0.171773 -0.025600
v -0.328431 -0.152542 -0.014986
v -0.331336 -0.173633 -0.014028
v -0.265754 -0.169185 -0.027347
v -0.275102 -0.165419 -0.016263
v -0.282069 -0.185034 -0.020622
v -0.274207 -0.188370 -0.032866
v -0.322368 -0.195194 -0.008217
v -0.309145 -0.197516 -0.008574
v -0.306360 -0.178083 -0.006918
v -0.319915 -0.175384 -0.008296
v -0.262491 -0.170210 -0.056649
v -0.269639 -0.166352 -0.068499
v -0.258585 -0.147415 -0.064684
v -0.252240 -0.150943 -0.052019
v -0.239764 -0.084045 -0.001816
v -0.230627 -0.089920 -0.012573
v -0.225290 -0.071757 -0.005314
v -0.235950 -0.064744 0.004582
v -0.326166 -0.103790 -0.029238
v -0.324732 -0.101835 -0.044492
v -0.330790 -0.125712 -0.043471
v -0.330778 -0.127511 -0.028923
v -0.294735 -0.114163 0.001232
v -0.277833 -0.118681 0.001353
v -0.273559 -0.094770 0.004708
v -0.291270 -0.089629 0.003852
v -0.321486 -0.079920 -0.029940
v -0.319335 -0.079392 -0.045379
v -0.302811 -0.158150 -0.005092
v -0.288163 -0.161670 -0.007840
v -0.283171 -0.140629 -0.003436
v -0.298625 -0.137469 -0.002229
v -0.282789 -0.206938 -0.063380
v -0.291286 -0.204974 -0.072361
v -0.280886 -0.185859 -0.070621
v -0.272814 -0.188570 -0.060535
v -0.297744 -0.200485 -0.013682
v -0.288992 -0.203458 -0.023499
v -0.293088 -0.181760 -0.011139
v -0.337928 -0.192416 -0.064114
v -0.344850 -0.191216 -0.052191
v -0.338267 -0.170347 -0.054553
v -0.329610 -0.171011 -0.066439
v -0.251658 -0.127977 -0.014808
v -0.263110 -0.122999 -0.005037
v -0.269162 -0.145182 -0.010793
v -0.257992 -0.148879 -0.021611
v -0.321613 -0.106439 -0.014776
v -0.325411 -0.130371 -0.014895
v -0.321458 -0.148999 -0.068830
v -0.331244 -0.147613 -0.056651
v -0.324843 -0.124769 -0.058867
v -0.314243 -0.126404 -0.071017
v -0.288635 -0.109735 -0.076275
v -0.272227 -0.115667 -0.075560
v -0.283743 -0.135445 -0.077630
v -0.299540 -0.130119 -0.077033
v -0.244802 -0.105196 -0.008082
v -0.237014 -0.110506 -0.020215
v -0.242818 -0.131970 -0.044744
v -0.247701 -0.127717 -0.059057
v -0.237520 -0.108878 -0.053277
v -0.233482 -0.112778 -0.036535
v -0.300576 -0.038479 -0.002416
v -0.309522 -0.036357 -0.015768
v -0.314060 -0.057397 -0.014878
v -0.303730 -0.060861 -0.001579
v -0.316148 -0.055962 -0.031049
v -0.310567 -0.035314 -0.032642
v -0.292481 -0.006864 -0.049191
v -0.280554 -0.011671 -0.059277
v -0.285394 -0.023327 -0.060074
v -0.297594 -0.020449 -0.048634
v -0.265300 -0.073402 -0.072171
v -0.249188 -0.079219 -0.068692
v -0.260651 -0.096823 -0.072782
v -0.277053 -0.091343 -0.074830
v -0.224321 -0.071519 -0.055467
v -0.218661 -0.077167 -0.038734
v -0.227537 -0.092257 -0.046095
v -0.236243 -0.085709 -0.060352
v -0.196431 -0.021347 -0.036695
v -0.194463 -0.020162 -0.020537
v -0.199266 -0.036433 -0.022297
v -0.202502 -0.035601 -0.039621
v -0.211890 -0.026048 0.007749
v -0.207406 -0.010500 0.008070
v -0.220489 -0.003522 0.014881
v -0.224734 -0.019115 0.013842
v -0.281249 0.020076 -0.005795
v -0.287133 0.023020 -0.023653
v -0.294576 0.008749 -0.019537
v -0.288801 0.004957 -0.004741
v -0.254600 -0.057044 -0.070164
v -0.237645 -0.063285 -0.065560
v -0.215724 -0.040881 0.004717
v -0.228818 -0.033116 0.011298
v -0.232133 -0.048510 0.007285
v -0.219930 -0.055873 -0.000782
v -0.262411 -0.015334 0.009386
v -0.281218 -0.011982 0.006699
v -0.282728 -0.025852 0.006490
v -0.263847 -0.032766 0.009843
v -0.292434 -0.007110 -0.003336
v -0.300032 -0.005451 -0.017369
v -0.304916 -0.019216 -0.017016
v -0.297058 -0.021455 -0.003033
v -0.251708 -0.045149 -0.074357
v -0.264934 -0.040206 -0.072875
v -0.259011 -0.031293 -0.071230
v -0.245794 -0.037713 -0.073191
v -0.215620 -0.059122 -0.049712
v -0.210227 -0.063904 -0.032030
v -0.267088 -0.050902 0.008765
v -0.250349 -0.058484 0.009194
v -0.247578 -0.040731 0.010709
v -0.305202 -0.018664 -0.033771
v -0.203225 -0.018650 -0.051170
v -0.213848 -0.014639 -0.062232
v -0.204966 0.000141 -0.061411
v -0.195385 -0.003901 -0.049301
v -0.189279 -0.005200 -0.034379
v -0.188859 -0.003765 -0.019055
v -0.202682 0.005941 0.009588
v -0.214808 0.013040 0.017023
v -0.227759 0.019731 0.019188
v -0.240468 0.028921 0.018411
v -0.248911 0.013849 0.015185
v -0.234242 0.004097 0.017079
v -0.269574 0.040845 -0.004074
v -0.276069 0.041684 -0.020061
v -0.284656 0.020492 -0.040009
v -0.276362 0.038927 -0.037470
v -0.206875 -0.047656 -0.009045
v -0.203028 -0.032250 -0.005720
v -0.309079 -0.151513 -0.076502
v -0.294625 -0.156612 -0.078547
v -0.304637 -0.177121 -0.078547
v -0.318573 -0.172817 -0.075272
v -0.302252 -0.200966 -0.077416
v -0.292267 -0.181138 -0.075835
v -0.317084 -0.154774 -0.007345
v -0.314001 -0.133904 -0.005940
v -0.334152 -0.193543 -0.013038
v -0.284758 -0.044092 0.006020
v -0.287781 -0.065399 0.005831
v -0.267875 -0.016463 -0.067598
v -0.274560 -0.000763 -0.059635
v -0.261322 -0.006704 -0.068122
v -0.272958 -0.050842 -0.072846
v -0.285039 -0.065891 -0.072186
v -0.301334 -0.059306 -0.061905
v -0.290804 -0.040484 -0.063493
v -0.239857 -0.029662 -0.071279
v -0.253965 -0.022617 -0.071046
v -0.247883 -0.013432 -0.070756
v -0.233795 -0.020719 -0.069863
v -0.266104 0.018072 0.006735
v -0.275548 0.002322 0.006661
v -0.257689 0.023774 -0.064070
v -0.267082 0.011523 -0.061250
v -0.278414 0.014794 -0.052664
v -0.269293 0.030675 -0.052962
v -0.285971 0.004367 -0.050497
v -0.245612 0.019932 -0.070564
v -0.253858 0.004799 -0.068014
v -0.255876 0.037219 0.009783
v -0.226443 -0.008514 -0.069588
v -0.240231 -0.002077 -0.071323
v -0.231152 0.012525 -0.072462
v -0.217316 0.005743 -0.070345
v -0.280638 -0.161756 -0.074913
v -0.269252 -0.141731 -0.073321
v -0.219187 -0.076869 -0.019911
v -0.225779 -0.094019 -0.027619
v -0.212549 -0.061922 -0.013769
v -0.260308 -0.170992 -0.041799
v -0.269515 -0.190288 -0.047152
v -0.244149 -0.131458 -0.028295
v -0.252184 -0.151326 -0.035747
v -0.305448 -0.104747 -0.072216
v -0.217186 -0.043117 -0.058437
v -0.208247 -0.048091 -0.043930
v -0.226968 -0.050963 -0.062079
v -0.192532 0.000332 -0.003544
v -0.198656 -0.016333 -0.004175
v -0.241046 -0.049697 -0.070782
v -0.185805 0.019299 -0.002198
v -0.303271 -0.036228 -0.048448
v -0.299502 -0.003910 -0.034952
v -0.293744 0.008145 -0.036685
v -0.346760 -0.190870 -0.037435
v -0.309950 -0.110613 -0.003885
v -0.270714 -0.071320 0.006649
v -0.253660 -0.077408 0.004384
v -0.227590 -0.036811 -0.068508
v -0.220567 -0.026911 -0.065697
v -0.210778 -0.032721 -0.053881
v -0.256102 0.000316 0.014317
v -0.239578 -0.010130 0.015587
v -0.279449 -0.207743 -0.050701
v -0.243036 -0.024470 0.011897
v -0.312122 -0.057222 -0.046414
v -0.020811 0.224554 -0.101741
v -0.152687 0.008936 0.047874
v -0.128247 -0.018114 0.097541
v -0.139589 -0.015420 0.078978
v -0.167615 0.061660 0.033698
v -0.169661 0.072535 0.032226
v -0.168311 0.098479 0.022116
v -0.167498 0.098797 0.018746
v -0.159498 0.044560 0.055385
v -0.015275 -0.177138 0.177976
v -0.064001 -0.201231 -0.113679
v -0.034339 -0.197998 -0.113620
v -0.036240 -0.222432 -0.118576
v -0.068139 -0.224586 -0.118688
v -0.037925 -0.243087 -0.122875
v -0.164222 -0.271581 -0.067763
v -0.184649 -0.274820 -0.035801
v -0.184228 -0.256474 -0.032510
v -0.167505 -0.258493 -0.061800
v -0.190651 -0.242977 -0.006537
v -0.182190 -0.239676 -0.032015
v -0.193296 -0.257381 -0.003740
v -0.195431 -0.259275 0.020704
v -0.192939 -0.244308 0.020639
v -0.191672 -0.259633 0.047222
v -0.190110 -0.245619 0.046988
v -0.183011 -0.260802 0.072445
v -0.166603 -0.262591 0.093893
v -0.143933 -0.277800 0.112259
v -0.119007 -0.268092 0.122998
v -0.144813 -0.265164 0.109933
v -0.067202 -0.272164 0.144540
v -0.090478 -0.270208 0.135769
v -0.019806 -0.278464 0.153040
v -0.044757 -0.276408 0.149666
v -0.108996 0.234301 0.056783
v -0.082148 0.303724 -0.043430
v -0.091355 0.298114 -0.047255
v -0.101983 0.298624 -0.028942
v -0.114689 0.237770 -0.095762
v -0.116390 0.258373 -0.084264
v -0.095610 0.254409 -0.092680
v -0.096015 0.233335 -0.102204
v -0.073148 0.302032 -0.055752
v -0.068929 0.305738 -0.053392
v -0.078281 0.294926 -0.061558
v -0.051228 0.285852 -0.076794
v -0.065309 0.291323 -0.070332
v -0.162435 0.280668 -0.033814
v -0.156200 0.269908 -0.056700
v -0.170830 0.264010 -0.051778
v -0.177546 0.271793 -0.030208
v -0.143901 0.217967 -0.095902
v -0.141649 0.198411 -0.100508
v -0.154349 0.197949 -0.098769
v -0.156581 0.216450 -0.093906
v -0.209352 0.236678 -0.017751
v -0.204610 0.233516 -0.039171
v -0.213071 0.220331 -0.036803
v -0.217165 0.220319 -0.015651
v -0.159838 0.233831 -0.084092
v -0.094978 0.100400 -0.109215
v -0.113060 0.103721 -0.105475
v -0.128751 0.107151 -0.099720
v -0.157552 0.130771 -0.093343
v -0.149074 0.124419 -0.091850
v -0.154086 0.105810 -0.085001
v -0.161416 0.139149 -0.092365
v -0.161576 0.140089 -0.085123
v -0.186283 0.161913 0.049502
v -0.183741 0.171995 0.053289
v -0.193326 0.196185 0.043025
v -0.163347 0.136799 -0.078748
v -0.162218 0.139149 -0.079685
v -0.159982 0.129865 -0.075091
v -0.160199 0.129174 -0.074678
v -0.145933 0.286476 -0.035700
v -0.206475 0.215424 -0.054864
v -0.198760 0.227525 -0.055157
v -0.193669 0.216209 -0.068575
v -0.201705 0.204771 -0.067157
v -0.194903 0.196976 -0.077483
v -0.186458 0.204997 -0.080824
v -0.180183 0.192633 -0.086443
v -0.187907 0.188360 -0.083512
v -0.167267 0.145124 -0.082612
v -0.163870 0.148612 -0.083443
v -0.220103 0.196191 0.007059
v -0.191622 0.259218 -0.001193
v -0.186927 0.246639 0.022597
v -0.177603 0.259722 0.020633
v -0.180911 0.271439 -0.003768
v -0.162274 0.082277 -0.009845
v -0.166134 0.093721 0.010888
v -0.156607 0.080078 -0.030906
v -0.158871 0.106964 -0.062566
v -0.155107 0.088148 -0.047827
v -0.178339 0.134798 0.045933
v -0.188377 0.149380 0.045799
v -0.180592 0.225842 0.040737
v -0.171649 0.239168 0.039335
v -0.223531 0.203229 -0.015177
v -0.220628 0.203748 -0.034615
v -0.165038 0.132178 -0.079272
v -0.161369 0.124437 -0.075307
v -0.163939 0.118899 -0.076649
v -0.159987 0.107499 -0.066876
v -0.158580 0.120488 -0.070394
v -0.189211 0.261574 -0.025738
v -0.213349 0.200446 -0.053566
v -0.207285 0.192075 -0.066553
v -0.177697 0.209487 -0.084629
v -0.182285 0.224399 -0.074479
v -0.172307 0.229534 -0.079540
v -0.168696 0.213455 -0.090068
v -0.194727 0.179060 -0.080787
v -0.188232 0.167230 -0.084127
v -0.164922 0.196444 -0.095748
v -0.172609 0.195308 -0.090666
v -0.170570 0.138980 -0.082888
v -0.161174 0.251173 0.038888
v -0.155384 0.226369 0.052745
v -0.142250 0.236898 0.051641
v -0.175378 0.200107 0.053411
v -0.166600 0.214328 0.052778
v -0.180391 0.183966 0.053889
v -0.126693 0.235114 0.055293
v -0.234472 -0.043176 -0.070595
v -0.161451 0.113352 -0.073925
v -0.167332 0.106697 -0.075857
v -0.169786 0.113892 -0.078600
v -0.213769 0.083181 -0.076729
v -0.273020 -0.026277 -0.067479
v -0.277598 -0.035495 -0.068277
v -0.295824 -0.084869 -0.072009
v -0.318290 -0.102195 -0.059583
v -0.310654 -0.079691 -0.060849
v -0.318053 -0.082079 -0.014465
v -0.307161 -0.084748 -0.002517
v -0.258167 -0.099947 0.000126
v -0.247325 -0.102892 -0.066164
v -0.346912 -0.229387 -0.016902
v -0.353292 -0.228539 -0.030203
v -0.355126 -0.246787 -0.025900
v -0.347217 -0.245860 -0.012416
v -0.345757 -0.260674 -0.006938
v -0.333007 -0.260799 0.000326
v -0.333728 -0.247300 -0.005485
v -0.322156 -0.262191 -0.001502
v -0.321493 -0.248707 -0.006494
v -0.314124 -0.262641 -0.007357
v -0.308772 -0.266786 -0.016805
v -0.306243 -0.252295 -0.017136
v -0.312823 -0.249109 -0.010323
v -0.300211 -0.237482 -0.028242
v -0.302427 -0.254455 -0.028599
v -0.301612 -0.257594 -0.042106
v -0.296592 -0.239728 -0.040780
v -0.315095 -0.272112 -0.066801
v -0.322146 -0.270913 -0.073970
v -0.318123 -0.255991 -0.071307
v -0.310735 -0.257406 -0.064750
v -0.332175 -0.234857 -0.074140
v -0.320406 -0.236582 -0.075909
v -0.327740 -0.253972 -0.075628
v -0.337695 -0.252073 -0.074294
v -0.341562 -0.266894 -0.074817
v -0.351930 -0.265697 -0.066754
v -0.347248 -0.250518 -0.067303
v -0.342963 -0.192061 -0.022876
v -0.345750 -0.211247 -0.020321
v -0.335227 -0.212451 -0.011052
v -0.313230 -0.232820 -0.010098
v -0.311611 -0.216454 -0.008781
v -0.323700 -0.214714 -0.007837
v -0.323805 -0.231798 -0.006359
v -0.282414 -0.206142 -0.037108
v -0.294416 -0.220433 -0.026177
v -0.288797 -0.223634 -0.038545
v -0.305299 -0.235242 -0.017587
v -0.301937 -0.218482 -0.015845
v -0.296983 -0.242254 -0.054769
v -0.305118 -0.258382 -0.054270
v -0.354276 -0.229648 -0.044863
v -0.350101 -0.230488 -0.059051
v -0.354191 -0.249415 -0.056789
v -0.357033 -0.247880 -0.041269
v -0.289477 -0.225158 -0.052689
v -0.344646 -0.212132 -0.061767
v -0.349598 -0.211319 -0.048950
v -0.341641 -0.232461 -0.069113
v -0.335468 -0.214237 -0.071087
v -0.359965 -0.263300 -0.037315
v -0.356030 -0.261881 -0.020642
v -0.350225 -0.210638 -0.033854
v -0.300943 -0.241728 -0.066511
v -0.310180 -0.238849 -0.071638
v -0.300154 -0.222468 -0.072929
v -0.292778 -0.224890 -0.065478
v -0.314137 -0.197536 -0.077490
v -0.311250 -0.219036 -0.076455
v -0.323544 -0.216567 -0.076510
v -0.331918 -0.268719 -0.076917
v -0.326766 -0.194847 -0.072968
v -0.309691 -0.283128 -0.033251
v -0.307328 -0.279341 -0.019237
v -0.311837 -0.283972 -0.047712
v -0.313307 -0.284822 -0.060294
v -0.343743 -0.278068 -0.077368
v -0.333911 -0.279980 -0.079577
v -0.325656 -0.269435 0.006422
v -0.312100 -0.273834 -0.001300
v -0.334218 -0.268628 0.004829
v -0.323985 -0.282483 -0.077278
v -0.316879 -0.284266 -0.070430
v -0.355520 -0.275845 -0.063902
v -0.360386 -0.274041 -0.052386
v -0.346648 -0.269504 -0.001653
v -0.355995 -0.271484 -0.015364
v -0.361124 -0.272594 -0.032472
v -0.308801 -0.269767 -0.031193
v -0.309593 -0.272003 -0.044475
v -0.357562 -0.264344 -0.054274
v -0.311924 -0.272579 -0.056715
v -0.009945 0.206460 0.076531
v -0.010543 0.189153 0.088352
v -0.204990 0.081174 0.028854
v -0.217614 0.092643 0.026953
v -0.249094 0.112430 -0.016714
v -0.246003 0.119159 -0.042404
v -0.078678 -0.134414 0.153201
v -0.127942 -0.082650 -0.060061
v -0.127620 -0.057774 -0.062173
v -0.045500 -0.049322 -0.092791
v -0.067825 -0.057264 -0.088488
v -0.163767 -0.106020 0.050972
v -0.158073 -0.082326 0.049700
v -0.120096 -0.111462 0.117161
v -0.117520 -0.087263 0.115143
v -0.157776 -0.132361 0.077804
v -0.097632 -0.123028 -0.084925
v -0.120202 -0.127054 -0.075887
v -0.112974 -0.102307 -0.072852
v -0.091687 -0.096464 -0.081789
v -0.022318 -0.041802 -0.095611
v -0.022849 -0.074065 -0.092075
v -0.160275 -0.058443 0.024857
v -0.159907 -0.056124 0.000033
v -0.142361 -0.044345 -0.045902
v -0.128033 -0.034690 -0.064297
v -0.111663 -0.022109 -0.078912
v -0.092829 -0.009133 -0.089082
v -0.096386 -0.062623 0.130635
v -0.073807 -0.036261 0.141930
v -0.155437 -0.059902 0.050737
v -0.024616 -0.061687 0.164328
v -0.071917 0.034560 -0.101465
v -0.045218 0.038237 -0.104920
v -0.153279 -0.051569 -0.024177
v -0.027516 0.144257 0.127185
v -0.046415 0.148506 0.123293
v -0.046413 0.131072 0.138582
v -0.028192 0.127291 0.140011
v -0.064157 0.134255 0.135810
v -0.081598 0.134665 0.132875
v -0.097603 0.134279 0.127788
v -0.136925 0.125493 0.107946
v -0.126433 0.130394 0.115444
v -0.155441 0.107590 0.090940
v -0.146872 0.118639 0.100650
v -0.160114 0.091650 0.081592
v -0.163298 0.074234 0.070808
v -0.166769 0.069111 0.051621
v -0.163737 0.057003 0.054747
v -0.160446 0.059782 0.075299
v -0.158152 0.081884 0.091093
v -0.151851 0.098303 0.101035
v -0.011914 0.048641 0.156409
v -0.011579 0.076709 0.156772
v -0.009112 0.222536 0.067087
v -0.258251 -0.122123 -0.071006
v -0.335515 -0.230525 -0.009382
v -0.016255 0.273374 -0.084228
v -0.034386 0.278572 -0.081883
v -0.085579 0.287886 -0.067559
v -0.102379 0.291431 -0.053511
v -0.068760 0.280839 -0.078963
v -0.051126 0.270926 -0.085934
v -0.141903 -0.038159 0.075398
v -0.040062 0.230661 -0.100804
v -0.054059 0.255202 -0.093856
v -0.072654 0.264379 -0.089951
v -0.094114 0.273785 -0.079042
v -0.119321 0.279938 -0.063684
v -0.139758 0.275489 -0.060017
v -0.164613 0.250096 -0.070021
v -0.176883 0.243528 -0.065224
v -0.188018 0.235616 -0.059259
v -0.195071 0.245204 -0.042762
v -0.183977 0.254844 -0.047194
v -0.232491 0.150669 -0.051493
v -0.233590 0.133990 -0.055840
v -0.229306 0.119260 -0.065113
v -0.220748 0.106073 -0.072272
v -0.204956 0.101148 -0.079081
v -0.189878 0.098548 -0.080780
v -0.176963 0.101326 -0.078723
v -0.158032 0.117132 -0.072229
v -0.157608 0.121720 -0.070151
v -0.162415 0.096022 -0.065884
v -0.161194 0.087335 -0.065577
v -0.152457 0.061557 -0.067080
v -0.145406 0.051955 -0.071025
v -0.133276 0.039284 -0.075888
v -0.125612 -0.247446 -0.102601
v -0.145744 -0.242859 -0.084991
v -0.146285 -0.224146 -0.080287
v -0.122449 -0.226873 -0.101134
v -0.058591 -0.173246 -0.106245
v -0.030852 -0.169447 -0.107047
v -0.188022 -0.226571 -0.009095
v -0.191219 -0.228978 0.018644
v -0.163437 -0.222161 -0.059457
v -0.177804 -0.224576 -0.035936
v -0.188550 -0.230467 0.044750
v -0.123925 -0.239033 0.125621
v -0.099877 -0.242080 0.138746
v -0.048845 -0.247805 0.160684
v -0.022347 -0.250049 0.166398
v -0.180288 -0.231861 0.068617
v -0.075070 -0.245104 0.151258
v -0.165825 -0.233979 0.089681
v -0.146286 -0.236350 0.108811
v -0.084780 -0.176065 -0.103266
v -0.090365 -0.202744 -0.109159
v -0.114437 -0.203775 -0.099492
v -0.042617 0.115846 -0.115465
v -0.065541 0.116579 -0.115929
v -0.085272 0.117468 -0.113414
v -0.100092 0.144677 -0.112767
v -0.102558 0.123308 -0.109987
v -0.120595 0.127353 -0.105183
v -0.116853 0.149652 -0.108931
v -0.142196 0.160282 -0.099998
v -0.144736 0.142057 -0.096263
v -0.153862 0.147415 -0.096191
v -0.151684 0.163700 -0.098279
v -0.160163 0.152967 -0.096271
v -0.163852 0.154639 -0.091122
v -0.166906 0.157851 -0.086003
v -0.171448 0.153640 -0.086084
v -0.182548 0.177794 -0.085545
v -0.174258 0.180172 -0.089084
v -0.140779 0.178565 -0.101719
v -0.128229 0.175739 -0.106536
v -0.041306 0.154327 -0.115501
v -0.020462 0.150869 -0.113300
v -0.164847 0.048875 0.035790
v -0.165872 0.043295 0.014115
v -0.165128 0.042119 -0.006457
v -0.163622 0.045774 -0.025289
v -0.161733 0.052128 -0.041321
v -0.159555 0.060395 -0.054407
v -0.160075 0.078181 -0.065920
v -0.156641 0.071325 -0.066871
v -0.157895 0.091171 -0.075826
v -0.153804 0.082725 -0.076882
v -0.148276 0.095755 -0.086027
v -0.139920 0.114611 -0.094283
v -0.134549 0.135483 -0.100400
v -0.130454 0.154887 -0.104058
v -0.113829 0.171518 -0.110101
v -0.098166 0.166827 -0.113207
v -0.080213 0.184921 -0.115021
v -0.078228 0.205807 -0.111686
v -0.080922 0.163186 -0.116175
v -0.081240 0.139626 -0.116070
v -0.071715 0.309778 -0.042189
v -0.059376 0.309762 -0.054367
v -0.183714 0.119681 -0.083155
v -0.177072 0.116295 -0.082088
v -0.177038 0.110215 -0.081162
v -0.187145 0.110224 -0.082339
v -0.198154 0.113606 -0.081709
v -0.202872 0.132638 -0.080672
v -0.194601 0.124108 -0.082877
v -0.210693 0.120416 -0.077736
v -0.219347 0.131495 -0.071240
v -0.209963 0.141229 -0.076696
v -0.224089 0.142303 -0.065912
v -0.215398 0.149155 -0.071409
v -0.224440 0.154015 -0.061814
v -0.217753 0.156259 -0.068573
v -0.201277 0.187660 -0.074117
v -0.206380 0.176508 -0.073447
v -0.212685 0.164483 -0.070512
v -0.176217 0.147271 -0.085292
v -0.181705 0.140703 -0.084727
v -0.186885 0.132440 -0.083812
v -0.195023 0.140789 -0.082742
v -0.188569 0.148651 -0.085261
v -0.182038 0.156780 -0.085742
v -0.038055 0.135190 -0.116698
v -0.058723 0.137725 -0.116749
v -0.160394 0.166100 -0.098663
v -0.165152 0.168421 -0.094736
v -0.169258 0.168038 -0.089197
v -0.176265 0.165020 -0.086401
v -0.168447 0.181312 -0.093852
v -0.161988 0.181140 -0.098014
v -0.152271 0.180590 -0.099157
v -0.061852 0.158334 -0.116790
v -0.017716 0.133895 -0.115453
v -0.188512 0.210948 0.042022
v -0.195688 0.232150 0.025386
v -0.200501 0.245235 0.002833
v -0.199868 0.250041 -0.021265
v -0.204409 -0.050551 -0.027131
v -0.024397 -0.106638 -0.094146
v -0.027668 -0.138161 -0.099493
v -0.053482 -0.142932 -0.098982
v -0.023217 0.045127 -0.106420
v -0.021853 0.116110 -0.115348
v -0.111491 0.099346 0.146011
v -0.096560 0.100649 0.151786
v -0.097328 0.117967 0.140682
v -0.111917 0.116516 0.134603
v -0.132895 0.093727 0.129561
v -0.123151 0.097389 0.138188
v -0.124293 0.113969 0.127592
v -0.134754 0.110438 0.119096
v -0.141509 0.089702 0.119357
v -0.143356 0.104752 0.109719
v -0.120288 0.078084 0.144381
v -0.108581 0.079854 0.151770
v -0.094308 0.081059 0.157909
v -0.138692 0.072968 0.124553
v -0.130681 0.076388 0.134881
v -0.008144 0.248457 0.052100
v -0.009337 0.261380 0.050064
v -0.010557 0.102765 0.152128
v -0.009677 0.140378 0.130813
v -0.010287 0.154930 0.115870
v -0.009761 0.172402 0.102213
v -0.008844 0.236894 0.059022
v -0.009751 0.122433 0.142442
v -0.072194 -0.246820 -0.122584
v -0.042153 -0.261871 -0.124440
v -0.071645 -0.264617 -0.123757
v -0.166579 -0.240349 -0.059720
v -0.146464 -0.261724 -0.086146
v -0.145354 -0.279058 -0.088251
v -0.094016 -0.279301 -0.118297
v -0.115741 -0.278928 -0.109479
v -0.121921 -0.263784 -0.106601
v -0.095910 -0.262445 -0.117826
v -0.102432 -0.245718 -0.114023
v -0.095042 -0.225539 -0.112500
v -0.079179 -0.146710 -0.096281
v -0.122290 -0.254372 0.124272
v -0.096831 -0.257119 0.136962
v -0.046259 -0.261762 0.156210
v -0.021322 -0.264094 0.160337
v -0.181982 -0.246695 0.070997
v -0.070911 -0.259341 0.147982
v -0.166126 -0.249074 0.091966
v -0.145573 -0.251888 0.109407
v -0.100771 -0.134639 0.136618
v -0.098450 -0.086569 0.131862
v -0.099291 -0.111230 0.134614
v -0.145718 -0.061009 0.074175
v -0.113017 0.133542 0.121578
v 0.080266 0.273373 0.026540
v 0.084428 0.284786 0.016878
v 0.071911 0.272644 0.028906
v 0.079129 0.278117 0.023497
v 0.079263 0.283304 0.020652
v 0.076821 0.235101 0.058019
v 0.087605 0.240048 0.054723
v 0.086736 0.229599 0.061511
v 0.087596 0.249146 0.047462
v 0.098687 0.244479 0.051648
v 0.085542 0.220394 0.069015
v 0.095452 0.222925 0.066175
v 0.075004 0.217358 0.070964
v 0.084410 0.210725 0.075788
v 0.092436 0.163251 0.109717
v 0.083813 0.162359 0.111225
v 0.083817 0.172034 0.103991
v 0.083606 0.154068 0.118688
v 0.074674 0.161858 0.113160
v 0.111835 0.063859 0.154075
v 0.101934 0.055709 0.156175
v 0.115378 0.052967 0.148998
v 0.108919 0.054515 0.152834
v 0.103884 0.046997 0.151507
v 0.166877 0.162142 0.070025
v 0.169238 0.172522 0.066747
v 0.172121 0.163707 0.065703
v 0.165416 0.180808 0.068578
v 0.171679 0.184357 0.063325
v 0.107441 0.294615 -0.009776
v 0.093686 0.281492 0.014439
v 0.107026 0.289171 0.001675
v 0.102084 0.292954 -0.000779
v 0.106052 0.267150 0.031321
v 0.113191 0.287230 0.003869
v 0.105710 0.281568 0.012875
v 0.158805 0.078378 0.095816
v 0.157191 0.071576 0.099596
v 0.155688 0.080252 0.104911
v 0.157900 0.063805 0.092504
v 0.155058 0.065538 0.102679
v 0.129124 -0.038000 0.102308
v 0.119924 -0.049887 0.111753
v 0.135640 -0.049497 0.092648
v 0.128217 -0.050021 0.102446
v 0.127419 -0.062682 0.103807
v 0.158026 -0.026169 0.019099
v 0.157476 -0.024114 0.006819
v 0.159629 -0.034414 0.006918
v 0.157800 -0.014215 0.006042
v 0.158029 -0.023255 -0.005793
v 0.125433 0.163481 0.101081
v 0.101549 0.172906 0.100360
v 0.117555 0.163951 0.103395
v 0.118809 0.173446 0.096163
v 0.100111 0.154370 0.114797
v 0.101294 0.162996 0.107394
v 0.116670 0.154582 0.110357
v 0.109250 0.163739 0.105017
v 0.236774 0.052163 0.026560
v 0.229690 0.046842 0.028192
v 0.225943 0.057776 0.029500
v 0.233626 0.036115 0.026914
v 0.222317 0.041772 0.028271
v 0.181031 -0.161250 0.040249
v 0.182452 -0.159250 0.027200
v 0.185404 -0.170416 0.028244
v 0.180547 -0.148544 0.025914
v 0.183063 -0.158093 0.013011
v 0.218053 0.201042 0.021293
v 0.217925 0.214335 0.010700
v 0.211331 0.202934 0.030264
v 0.216322 0.209728 0.021281
v 0.213497 0.218654 0.019783
v 0.167621 0.144655 0.071449
v 0.164500 0.130047 0.075799
v 0.162228 0.160324 0.075289
v 0.165017 0.152833 0.073267
v 0.163946 0.144675 0.076295
v 0.160484 0.128323 0.081769
v 0.162161 0.137005 0.079264
v 0.159279 0.145378 0.081861
v 0.160623 0.026756 -0.009966
v 0.161623 0.026742 0.001108
v 0.164747 0.033532 -0.000244
v 0.159756 0.019097 0.001990
v 0.162246 0.028532 0.011538
v 0.158344 -0.003611 0.018056
v 0.158704 -0.005053 0.005135
v 0.158852 0.013442 0.014968
v 0.158691 -0.004412 -0.007017
v 0.159111 0.011724 -0.008149
v 0.159197 0.011532 0.003181
v 0.158583 0.003026 0.003848
v 0.153131 0.141133 0.090005
v 0.158360 0.166707 0.077709
v 0.157590 0.156256 0.080870
v 0.155394 0.149155 0.085579
v 0.151142 0.153912 0.089586
v 0.134062 0.172062 0.092372
v 0.145446 0.157125 0.092672
v 0.146655 0.166652 0.087264
v 0.130873 0.153069 0.105114
v 0.132853 0.162169 0.099335
v 0.143416 0.148417 0.098256
v 0.139832 0.159824 0.095933
v 0.095478 0.040539 0.152272
v 0.102093 0.037204 0.148166
v 0.109437 0.035216 0.143494
v 0.099925 0.027917 0.145657
v 0.179422 -0.174079 0.055643
v 0.177218 -0.151264 0.052294
v 0.178476 -0.162676 0.054311
v 0.173079 -0.164693 0.067888
v 0.166421 -0.166955 0.080124
v 0.166303 -0.155518 0.079167
v 0.167727 -0.177332 0.081033
v 0.158985 -0.168192 0.091695
v 0.114477 -0.026739 0.119738
v 0.129649 -0.026725 0.103027
v 0.121770 -0.026661 0.111492
v 0.117833 -0.015452 0.119757
v 0.115571 -0.004553 0.124850
v 0.123183 -0.005169 0.117167
v 0.108118 0.016426 0.137559
v 0.108036 -0.003662 0.131093
v 0.116057 0.005259 0.128272
v 0.151604 -0.180452 0.103853
v 0.150001 -0.158592 0.102037
v 0.150587 -0.169706 0.102211
v 0.140638 -0.171293 0.112384
v 0.130855 -0.172073 0.121427
v 0.130040 -0.160955 0.120598
v 0.131460 -0.182432 0.121968
v 0.120309 -0.172273 0.129888
v 0.093510 0.202780 0.081276
v 0.084079 0.201256 0.082385
v 0.093168 0.183160 0.094940
v 0.101953 0.183320 0.093125
v 0.075144 0.198956 0.084541
v 0.083345 0.182027 0.096982
v 0.074981 0.180855 0.098786
v 0.084296 0.191796 0.089516
v 0.124030 0.061901 0.146171
v 0.134366 0.060833 0.136222
v 0.120975 0.052085 0.144397
v 0.116428 0.043058 0.143079
v 0.116319 0.033615 0.138039
v 0.127058 0.051587 0.139660
v 0.137209 0.051361 0.128855
v 0.132084 0.050774 0.134785
v 0.128453 0.041900 0.132741
v 0.172185 0.117529 0.055817
v 0.174170 0.153804 0.064457
v 0.177359 0.165582 0.062203
v 0.176808 0.139465 0.059518
v 0.171471 0.144745 0.066486
v 0.168695 0.135985 0.068734
v 0.171290 0.123450 0.060438
v 0.173956 0.130339 0.059739
v 0.174397 0.143173 0.062428
v 0.187085 -0.180824 0.030327
v 0.188248 -0.178559 0.016326
v 0.185058 -0.182378 0.044267
v 0.181057 -0.184148 0.057873
v 0.188409 -0.190726 0.031642
v 0.142573 -0.191758 0.113370
v 0.132629 -0.192541 0.122405
v 0.121971 -0.194156 0.130953
v 0.133499 -0.203429 0.122269
v 0.163580 0.081383 -0.009785
v 0.166919 0.085573 0.002634
v 0.160220 0.081119 -0.019067
v 0.164247 0.081699 -0.008394
v 0.164593 0.081683 -0.007608
v 0.088392 0.046491 0.155995
v 0.083348 0.037736 0.154306
v 0.071013 0.057331 0.160168
v 0.097345 0.062289 0.159409
v 0.092843 0.054586 0.158017
v 0.077614 0.064428 0.161402
v 0.082344 0.054611 0.159064
v 0.073914 0.075264 0.163109
v 0.084083 0.070401 0.162507
v 0.128635 0.013619 0.118614
v 0.133658 0.030424 0.120440
v 0.115953 0.024765 0.134763
v 0.122556 0.014113 0.125376
v 0.116118 0.015141 0.131356
v 0.123338 0.033022 0.133191
v 0.128479 0.032165 0.127419
v 0.128216 0.022887 0.123046
v 0.129885 -0.005046 0.109199
v 0.129455 0.004856 0.113646
v 0.134070 0.014566 0.112041
v 0.059282 0.062857 0.160818
v 0.064159 0.049869 0.159192
v 0.079205 0.028043 0.153233
v 0.070509 0.036947 0.156283
v 0.056721 0.037523 0.157280
v 0.065682 0.177892 0.100237
v 0.065557 0.187184 0.093479
v 0.065724 0.169502 0.108111
v 0.066885 0.160226 0.115247
v 0.056693 0.175183 0.102380
v 0.065135 0.205116 0.080046
v 0.065152 0.196401 0.086230
v 0.055930 0.193276 0.088236
v 0.065436 0.222778 0.067215
v 0.065196 0.214059 0.073264
v 0.056101 0.210739 0.074917
v 0.046851 0.207679 0.077510
v 0.046758 0.215886 0.071987
v 0.047158 0.190739 0.089978
v 0.046967 0.199209 0.083304
v 0.038171 0.205051 0.079564
v 0.066301 0.239508 0.055174
v 0.065757 0.231374 0.061008
v 0.056161 0.227658 0.063427
v 0.046482 0.224354 0.066728
v 0.037181 0.221557 0.069062
v 0.046666 0.231913 0.061177
v 0.062868 0.264477 0.037067
v 0.062510 0.268252 0.034213
v 0.064549 0.272581 0.030871
v 0.053709 0.265387 0.038674
v 0.165827 0.122590 0.072779
v 0.166827 0.129319 0.070886
v 0.169777 0.116514 0.061818
v 0.170063 0.126604 0.065887
v 0.163888 0.116532 0.075384
v 0.166959 0.114479 0.069001
v 0.160963 -0.189022 0.093547
v 0.151741 -0.190452 0.104162
v 0.153412 -0.200881 0.104226
v 0.125799 0.215484 -0.098146
v 0.124987 0.204283 -0.100624
v 0.132252 0.206215 -0.097702
v 0.116692 0.203024 -0.103739
v 0.123833 0.194524 -0.102925
v 0.121173 0.280027 0.017477
v 0.119907 0.292629 -0.007930
v 0.120066 0.286835 0.004850
v 0.127437 0.288249 0.004472
v 0.158213 0.127541 -0.072611
v 0.157869 0.117401 -0.071124
v 0.158776 0.129866 -0.075534
v 0.158160 0.123105 -0.073684
v 0.157957 0.119534 -0.075493
v 0.156914 0.104110 -0.057154
v 0.155985 0.109060 -0.061191
v 0.157453 0.098162 -0.055059
v 0.156497 0.103649 -0.057924
v 0.155717 0.101847 -0.058279
v 0.183043 -0.167172 0.000584
v 0.181600 -0.155782 -0.001151
v 0.178662 -0.145576 -0.001616
v 0.178457 -0.154287 -0.014968
v 0.140516 0.023347 -0.067532
v 0.145154 0.014233 -0.059707
v 0.147461 0.023518 -0.057982
v 0.143837 0.004150 -0.061141
v 0.150413 0.007981 -0.050695
v 0.030483 0.190978 -0.108751
v 0.029970 0.181256 -0.109552
v 0.040517 0.183747 -0.110479
v 0.019175 0.179492 -0.109656
v 0.030003 0.171584 -0.111354
v 0.070782 0.219976 -0.106813
v 0.069653 0.230115 -0.104088
v 0.059685 0.226275 -0.103871
v 0.080103 0.233246 -0.103332
v 0.069040 0.239353 -0.100249
v 0.108420 0.212026 -0.104372
v 0.107938 0.200702 -0.106489
v 0.090276 0.217072 -0.107018
v 0.108379 0.190352 -0.108277
v 0.099425 0.198457 -0.109281
v 0.158148 0.021006 -0.020029
v 0.159461 0.028951 -0.020411
v 0.153992 0.020939 -0.039091
v 0.161701 0.035380 -0.021603
v 0.159375 0.031397 -0.030932
v 0.164611 0.064326 -0.031579
v 0.165512 0.062457 -0.022589
v 0.165244 0.066041 -0.023329
v 0.165489 0.058671 -0.021670
v 0.166914 0.062246 -0.013164
v 0.097578 0.301793 -0.012531
v 0.099486 0.301004 -0.020787
v 0.094907 0.304817 -0.020887
v 0.090466 0.307500 -0.021390
v 0.091605 0.305886 -0.029088
v 0.059532 0.304101 -0.061579
v 0.059082 0.299673 -0.064909
v 0.064459 0.302663 -0.061154
v 0.053215 0.298338 -0.067255
v 0.057554 0.295614 -0.068902
v 0.047046 0.081034 -0.113620
v 0.033788 0.081717 -0.113304
v 0.035458 0.069728 -0.112606
v 0.032653 0.093994 -0.114560
v 0.021696 0.082501 -0.112762
v 0.160150 0.084469 -0.053391
v 0.160005 0.093222 -0.057387
v 0.160409 0.083871 -0.046873
v 0.160326 0.088046 -0.053338
v 0.159798 0.092263 -0.053615
v 0.160632 0.081186 -0.053224
v 0.160367 0.086047 -0.058598
v 0.162032 0.070093 -0.039354
v 0.161777 0.077233 -0.047100
v 0.160377 0.078356 -0.053234
v 0.163107 0.063555 -0.039225
v 0.162057 0.066578 -0.039516
v 0.161149 0.071053 -0.046277
v 0.160664 0.079322 -0.058167
v 0.160999 0.074938 -0.052219
v 0.160148 0.070794 -0.052427
v 0.148505 0.039232 -0.064293
v 0.154663 0.050827 -0.062762
v 0.160412 0.042330 -0.039467
v 0.156894 0.046029 -0.055206
v 0.158269 0.052289 -0.054510
v 0.150052 0.031759 -0.056461
v 0.152753 0.025369 -0.048454
v 0.155635 0.028956 -0.039218
v 0.158943 0.036068 -0.039507
v 0.153155 0.039209 -0.055976
v 0.158367 0.040066 -0.047968
v 0.023822 0.003966 -0.102659
v 0.036020 0.001590 -0.102936
v 0.035637 0.016199 -0.103610
v 0.036411 -0.014037 -0.099994
v 0.047783 -0.002190 -0.101730
v 0.169954 0.097915 0.028160
v 0.171816 0.105597 0.035911
v 0.172033 0.100399 0.032185
v 0.171708 0.109132 0.039295
v 0.175335 0.112018 0.042144
v 0.169352 0.126000 -0.075911
v 0.171955 0.122195 -0.076100
v 0.175253 0.125580 -0.077129
v 0.169205 0.118911 -0.074432
v 0.173294 0.118281 -0.075717
v 0.165513 0.066130 -0.002308
v 0.168008 0.070221 0.007693
v 0.169511 0.061218 0.004566
v 0.169157 0.088696 0.021614
v 0.166648 0.077956 0.009738
v 0.171438 0.074359 0.016049
v 0.132404 0.293902 -0.021783
v 0.118116 0.295829 -0.020417
v 0.124846 0.294780 -0.021301
v 0.129183 0.291997 -0.035592
v 0.135593 0.288320 0.004582
v 0.134148 0.291376 -0.008730
v 0.140081 0.291446 -0.022601
v 0.157638 0.090751 -0.051500
v 0.159379 0.080116 -0.040477
v 0.157224 0.081234 -0.048032
v 0.160291 0.075030 -0.035037
v 0.158426 0.077785 -0.042905
v 0.158516 0.073253 -0.043626
v 0.247486 0.046423 0.021823
v 0.243691 0.057548 0.023412
v 0.239187 0.069274 0.024320
v 0.248889 0.065560 0.018950
v 0.164212 0.056065 -0.013986
v 0.159992 0.063183 -0.030262
v 0.166599 0.047741 -0.024588
v 0.160968 0.067543 -0.044563
v 0.159901 0.065106 -0.037930
v 0.166727 0.048173 -0.032513
v 0.162708 0.056084 -0.031172
v 0.171135 0.040151 -0.033305
v 0.168128 0.050460 -0.039992
v 0.146990 -0.011559 -0.051055
v 0.135998 -0.000030 -0.070287
v 0.141337 -0.005986 -0.060982
v 0.140092 -0.017281 -0.060643
v 0.147985 -0.147346 -0.061097
v 0.169184 -0.141491 -0.028056
v 0.156660 -0.149164 -0.050957
v 0.152922 -0.137561 -0.049777
v 0.174741 -0.163673 -0.026097
v 0.172294 -0.152421 -0.027392
v 0.159628 -0.160980 -0.050981
v 0.165458 -0.150778 -0.039847
v 0.185571 -0.177112 0.002128
v 0.186353 -0.187065 0.003530
v 0.182782 -0.177009 -0.012244
v 0.153191 -0.171311 -0.061335
v 0.161777 -0.172892 -0.050275
v 0.177185 -0.175209 -0.025030
v 0.170776 -0.173581 -0.038536
v 0.179224 -0.185301 -0.023776
v 0.164463 -0.183880 -0.049398
v 0.083645 0.312938 -0.027920
v 0.075214 0.318359 -0.032609
v 0.066373 0.318396 -0.042181
v 0.033116 0.314360 -0.062076
v 0.041018 0.315693 -0.059363
v 0.060259 0.319137 -0.047491
v 0.047235 0.317145 -0.055922
v 0.199493 -0.269881 0.011842
v 0.090671 0.307462 -0.013840
v 0.087365 0.311105 -0.021207
v 0.082911 0.314144 -0.020886
v 0.083467 0.294949 0.011882
v 0.086201 0.299758 0.005538
v 0.087571 0.308870 -0.007096
v 0.079787 0.290872 0.016392
v 0.075856 0.285241 0.020317
v 0.190177 -0.198558 0.019809
v 0.189692 -0.200406 0.033281
v 0.188039 -0.197063 0.005807
v 0.185884 -0.195852 -0.008362
v 0.189709 -0.206300 0.007862
v 0.051146 -0.269667 -0.124791
v 0.049032 -0.274553 -0.123882
v 0.063170 -0.275534 -0.124316
v 0.180836 -0.195434 -0.021988
v 0.174930 -0.194671 -0.035663
v 0.183096 -0.204655 -0.020156
v 0.158599 -0.193756 -0.059987
v 0.166479 -0.194416 -0.047793
v 0.169811 -0.203601 -0.046102
v 0.187790 -0.202117 0.047229
v 0.189921 -0.209801 0.035561
v 0.112036 -0.206171 0.137710
v 0.102198 -0.217562 0.144646
v 0.123605 -0.213934 0.129951
v 0.112763 -0.215852 0.137608
v 0.113931 -0.225371 0.136676
v 0.031594 -0.225483 0.173058
v 0.044056 -0.224187 0.171153
v 0.043058 -0.233751 0.168653
v 0.044284 -0.213931 0.172596
v 0.055901 -0.223143 0.167865
v 0.038023 -0.289210 0.147162
v 0.022723 -0.290510 0.148652
v 0.181498 -0.271548 0.084638
v 0.166131 -0.272250 0.102485
v 0.148765 -0.193222 -0.070340
v 0.152231 -0.203000 -0.069449
v 0.142752 -0.170269 -0.070418
v 0.145912 -0.182627 -0.070897
v 0.138808 -0.192486 -0.080383
v 0.123175 -0.180836 -0.087816
v 0.107844 -0.166847 -0.091783
v 0.140270 -0.158284 -0.069850
v 0.136534 -0.145889 -0.068576
v 0.132487 -0.169402 -0.080147
v 0.120332 -0.168054 -0.085976
v 0.117236 -0.155234 -0.083630
v 0.099081 0.031577 -0.097162
v 0.127469 0.020324 -0.079325
v 0.110263 0.023458 -0.092242
v 0.110561 0.036501 -0.092400
v 0.127875 0.007907 -0.078514
v 0.125370 -0.004208 -0.077608
v 0.107828 0.011561 -0.090930
v 0.119374 0.015599 -0.085476
v 0.051132 0.195306 -0.109378
v 0.060985 0.207579 -0.108430
v 0.050979 0.185617 -0.110949
v 0.050639 0.175965 -0.112344
v 0.060982 0.188383 -0.111927
v 0.055775 -0.200905 0.170562
v 0.034213 -0.204675 0.176212
v 0.044597 -0.201837 0.173570
v 0.044173 -0.189993 0.175256
v 0.109810 -0.184453 0.139260
v 0.110665 -0.195543 0.138519
v 0.100118 -0.196362 0.147119
v 0.088502 -0.197752 0.154122
v 0.065857 -0.187749 0.167666
v 0.088027 -0.185809 0.154948
v 0.089360 -0.208697 0.153072
v 0.090458 -0.218998 0.151687
v 0.066783 -0.210977 0.164643
v 0.066328 -0.200087 0.166509
v 0.077236 -0.198978 0.160694
v 0.051946 -0.098552 0.165071
v 0.065033 -0.098925 0.160072
v 0.063766 -0.111629 0.161969
v 0.065958 -0.086067 0.157829
v 0.076478 -0.099547 0.153788
v 0.078686 -0.074430 0.149096
v 0.054255 -0.073298 0.160861
v 0.067087 -0.073477 0.155720
v 0.068822 -0.060776 0.153568
v 0.063288 0.009978 0.152838
v 0.100250 -0.013421 0.133951
v 0.098394 -0.001146 0.137959
v 0.078073 -0.009851 0.145514
v 0.088894 0.022211 0.148878
v 0.098980 0.018539 0.142884
v 0.098367 0.008893 0.140182
v 0.076836 0.016507 0.151117
v 0.075532 0.002958 0.148524
v 0.086916 0.000302 0.142653
v 0.047585 0.181771 0.096797
v 0.047971 0.173359 0.104057
v 0.038391 0.187513 0.091721
v 0.048519 0.164271 0.110984
v 0.039590 0.169932 0.105660
v 0.200293 -0.270262 0.039190
v 0.193610 -0.270940 0.063111
v 0.175601 -0.186214 0.071247
v 0.168317 -0.188249 0.082499
v 0.181827 -0.194739 0.058869
v 0.169685 -0.197584 0.083432
v 0.182503 -0.203471 0.060428
v 0.170165 -0.206300 0.084231
v 0.183566 -0.212408 0.060897
v 0.177451 -0.205147 0.072730
v 0.154542 -0.008479 0.037215
v 0.156138 -0.022210 0.033135
v 0.158289 -0.033835 0.028443
v 0.153762 -0.016234 0.047884
v 0.100662 0.069459 0.158975
v 0.093021 0.068221 0.160692
v 0.089416 0.075650 0.162144
v 0.087445 0.084181 0.161902
v 0.095127 0.080032 0.161400
v 0.139287 -0.123718 -0.058928
v 0.148856 -0.126504 -0.049709
v 0.157591 -0.127680 -0.039867
v 0.144951 -0.114396 -0.049845
v 0.138652 0.034330 0.116109
v 0.136846 0.024932 0.112452
v 0.138974 0.016505 0.105483
v 0.146033 0.028573 0.100231
v 0.139809 0.007717 0.099122
v 0.147095 0.021378 0.091246
v 0.143296 0.018416 0.098438
v 0.151063 0.006632 0.065020
v 0.150682 0.024896 0.085054
v 0.147244 0.012753 0.083180
v 0.152518 0.012070 0.057901
v 0.152470 0.021072 0.069294
v 0.155693 0.050298 0.089919
v 0.152682 0.036079 0.087819
v 0.152845 0.029733 0.078842
v 0.153820 0.034952 0.073768
v 0.156850 0.033625 0.059420
v 0.161201 0.062058 0.081701
v 0.158657 0.055664 0.085819
v 0.157036 0.040685 0.069446
v 0.157170 0.046914 0.079145
v 0.159853 0.046630 0.065921
v 0.171421 0.104763 0.050138
v 0.172117 0.110051 0.049883
v 0.172351 0.113386 0.048514
v 0.171622 0.101271 0.042474
v 0.048904 -0.009022 0.153823
v 0.044733 -0.048935 0.159980
v 0.033769 -0.024828 0.156510
v 0.070635 -0.048457 0.150182
v 0.057907 -0.048045 0.155690
v 0.060997 -0.022173 0.151317
v 0.047669 -0.023110 0.154567
v 0.046085 -0.036368 0.156892
v 0.090964 -0.228341 0.149931
v 0.067802 -0.231525 0.161196
v 0.067318 -0.222380 0.163791
v 0.078801 -0.220247 0.158004
v 0.058880 -0.281371 0.145864
v 0.083214 -0.282463 0.137623
v 0.055368 -0.286273 0.144605
v 0.063889 -0.284772 0.142760
v 0.060104 -0.021980 -0.096766
v 0.059446 0.008502 -0.101330
v 0.059461 -0.006573 -0.099851
v 0.083459 0.012939 -0.097617
v 0.071404 -0.011687 -0.097853
v 0.019502 0.197799 -0.106666
v 0.030162 0.199745 -0.106996
v 0.040543 0.202049 -0.106999
v 0.051260 0.213528 -0.105261
v 0.051015 0.204344 -0.107452
v 0.030203 0.208924 -0.104956
v 0.048693 0.240494 -0.098707
v 0.029362 0.243457 -0.095376
v 0.028687 0.251828 -0.092921
v 0.019261 0.249193 -0.093598
v 0.037391 0.253929 -0.091971
v 0.028353 0.260046 -0.090130
v 0.025635 0.313252 -0.064399
v 0.177249 0.033620 -0.041600
v 0.187587 0.016367 -0.042318
v 0.190945 0.017363 -0.048585
v 0.185530 0.027113 -0.048038
v 0.196394 0.007838 -0.049027
v 0.194939 0.019419 -0.054867
v 0.057793 0.093608 -0.115251
v 0.060339 0.080765 -0.113982
v 0.066616 0.066113 -0.112021
v 0.089812 0.054745 -0.104553
v 0.075499 0.077078 -0.112197
v 0.091163 0.287117 0.010898
v 0.088616 0.293114 0.009006
v 0.098581 0.296978 -0.003164
v 0.097032 0.290020 0.005580
v 0.093946 0.302418 -0.007156
v 0.090937 0.305049 -0.006848
v 0.090376 0.301104 0.000158
v 0.149578 0.288661 -0.008504
v 0.165686 0.283520 -0.006317
v 0.167419 0.282100 0.007569
v 0.159216 0.284858 0.005706
v 0.174921 0.277598 0.008304
v 0.166543 0.275978 0.019636
v 0.136721 0.225880 -0.091102
v 0.146141 0.234716 -0.084753
v 0.147974 0.244119 -0.079331
v 0.139742 0.244841 -0.082111
v 0.155323 0.242306 -0.077114
v 0.150265 0.252554 -0.072979
v 0.049074 -0.099658 -0.090536
v 0.061552 -0.103722 -0.088677
v 0.059922 -0.087533 -0.088637
v 0.063642 -0.118401 -0.090861
v 0.073769 -0.106993 -0.087138
v 0.101347 0.060924 -0.102495
v 0.085529 0.084729 -0.111332
v 0.089550 0.069975 -0.108113
v 0.109754 0.051281 -0.096601
v 0.118161 0.042895 -0.090266
v 0.109634 0.067275 -0.100948
v 0.056028 0.076437 0.161741
v 0.047554 0.070888 0.160612
v 0.063675 0.082127 0.162567
v 0.071405 0.087102 0.162023
v 0.053930 0.089760 0.160357
v 0.060456 0.104754 0.156997
v 0.044050 0.098002 0.156931
v 0.052180 0.101552 0.156841
v 0.051141 0.111664 0.151704
v 0.187603 0.042070 -0.060130
v 0.191232 0.062422 -0.068544
v 0.182796 0.070577 -0.067846
v 0.180116 0.062398 -0.064433
v 0.185126 0.077797 -0.071326
v 0.174803 0.077296 -0.067075
v 0.157417 -0.108108 -0.029672
v 0.158359 -0.087081 -0.021275
v 0.141717 -0.102528 -0.050363
v 0.150483 -0.105209 -0.040374
v 0.151856 -0.083508 -0.033125
v 0.154718 -0.096010 -0.031427
v 0.150062 -0.071844 -0.035310
v 0.145495 -0.081045 -0.043361
v 0.156850 -0.012294 -0.018495
v 0.158317 -0.003628 -0.018842
v 0.152732 -0.006498 -0.041347
v 0.150586 -0.015580 -0.040352
v 0.156987 -0.031988 -0.017942
v 0.156206 -0.022500 -0.017673
v 0.149877 -0.025765 -0.040039
v 0.153132 -0.019402 -0.029361
v 0.157898 0.013013 -0.019936
v 0.158631 0.005239 -0.019832
v 0.154619 0.012234 -0.040922
v 0.153728 0.002696 -0.041289
v 0.156343 0.016180 -0.029698
v 0.155948 -0.000324 -0.030551
v 0.157530 0.082421 -0.031024
v 0.158575 0.091946 -0.049372
v 0.157772 0.082024 -0.029786
v 0.158852 0.081567 -0.028104
v 0.159290 0.085214 -0.043137
v 0.157400 0.085483 -0.039343
v 0.157599 0.097124 -0.053558
v 0.158989 0.096435 -0.055275
v 0.158599 0.091074 -0.049541
v 0.158828 0.090470 -0.047722
v 0.159125 0.088146 -0.045984
v 0.164802 0.070331 -0.009702
v 0.163701 0.064000 -0.012083
v 0.157374 0.075027 -0.024808
v 0.161026 0.069038 -0.028797
v 0.161598 0.062276 -0.021475
v 0.165666 0.075569 -0.007028
v 0.156216 0.077109 -0.020943
v 0.158935 0.074621 -0.015616
v 0.164355 0.068976 -0.023684
v 0.166941 0.068616 -0.014466
v 0.163780 0.080497 -0.006337
v 0.162142 0.078663 -0.016835
v 0.164382 0.074484 -0.015290
v 0.166803 0.083639 0.003757
v 0.167460 0.075957 -0.005286
v 0.165950 0.078323 -0.006049
v 0.168401 0.069666 -0.004136
v 0.168261 0.073156 -0.005012
v 0.168727 0.078681 0.005517
v 0.163122 0.070777 -0.032569
v 0.161415 0.076278 -0.040486
v 0.161543 0.072649 -0.040387
v 0.162925 0.072027 -0.025150
v 0.161129 0.074905 -0.025153
v 0.159162 0.080184 -0.026833
v 0.160491 0.080117 -0.040582
v 0.159793 0.083173 -0.041072
v 0.158173 0.082842 -0.034970
v 0.160536 0.078260 -0.025432
v 0.161164 0.076791 -0.033244
v 0.159583 0.176839 0.073693
v 0.161386 0.187584 0.069394
v 0.154332 0.175071 0.079190
v 0.163112 0.198337 0.064584
v 0.156377 0.193452 0.070537
v 0.150833 0.210132 0.066817
v 0.148475 0.177017 0.081814
v 0.142177 0.179867 0.084292
v 0.151119 0.185864 0.076122
v 0.150628 0.198521 0.071413
v 0.143253 0.205437 0.071697
v 0.127814 0.183495 0.087964
v 0.134851 0.182028 0.085740
v 0.135872 0.192702 0.079942
v 0.137532 0.215247 0.068123
v 0.136634 0.204172 0.074689
v 0.129121 0.205588 0.075726
v 0.105507 0.225181 0.064563
v 0.104064 0.214938 0.072094
v 0.120918 0.206146 0.076850
v 0.121731 0.216880 0.069974
v 0.102919 0.204237 0.079444
v 0.119533 0.183715 0.089876
v 0.110903 0.183489 0.091833
v 0.102498 0.193842 0.086570
v 0.119945 0.195122 0.082900
v 0.112319 0.205703 0.078071
v 0.081510 0.268387 0.030647
v 0.088798 0.274563 0.023089
v 0.094426 0.264331 0.033684
v 0.096829 0.277202 0.018740
v 0.101159 0.272826 0.024376
v 0.072299 0.263789 0.036058
v 0.075893 0.251426 0.045707
v 0.085603 0.256942 0.040053
v 0.063696 0.258788 0.040426
v 0.083266 0.263465 0.034672
v 0.065730 0.246533 0.050429
v 0.056202 0.242641 0.053639
v 0.055644 0.255519 0.044564
v 0.064672 0.253609 0.044966
v 0.046781 0.239227 0.056571
v 0.037983 0.236553 0.059744
v 0.047457 0.245899 0.052235
v 0.027890 0.307357 -0.066351
v 0.018236 0.307063 -0.068675
v 0.049842 0.302357 -0.064418
v 0.046836 0.297956 -0.068240
v 0.038573 0.307400 -0.064235
v 0.031848 0.302486 -0.068713
v 0.045727 0.292774 -0.072008
v 0.028993 0.295402 -0.072580
v 0.038406 0.296864 -0.070014
v 0.020011 0.294408 -0.074512
v 0.028499 0.289337 -0.075725
v 0.011084 0.285640 -0.078698
v 0.011867 0.299578 -0.071713
v 0.011737 0.292639 -0.075857
v 0.001984 0.289916 -0.076656
v 0.070361 0.280642 0.024497
v 0.064597 0.276989 0.028607
v 0.058645 0.273528 0.032561
v 0.046514 0.261786 0.042107
v 0.045996 0.267328 0.039628
v 0.259869 0.054901 0.011669
v 0.255013 0.066166 0.012671
v 0.250810 0.077846 0.013203
v 0.260726 0.068834 0.005799
v 0.268627 0.058645 -0.002715
v 0.263764 0.070690 -0.002269
v 0.259386 0.082398 -0.002019
v 0.266083 0.070900 -0.010933
v 0.133714 0.272163 0.029971
v 0.158401 0.273406 0.027700
v 0.164900 0.268328 0.031075
v 0.147497 0.261946 0.040747
v 0.137762 0.281930 0.017543
v 0.143488 0.287794 0.004527
v 0.150889 0.286685 0.005100
v 0.153420 0.280503 0.018336
v 0.142029 0.273103 0.030291
v 0.150458 0.272987 0.030679
v 0.176479 -0.138589 0.037567
v 0.177825 -0.137378 0.024168
v 0.175084 -0.139880 0.051005
v 0.170004 -0.142107 0.063593
v 0.171402 -0.128163 0.048495
v -0.001563 -0.101490 0.171261
v 0.037762 -0.110973 0.170090
v 0.011417 -0.098998 0.171240
v 0.007548 -0.110437 0.172268
v 0.039649 -0.086056 0.166839
v 0.038530 -0.098514 0.167803
v 0.011953 -0.086958 0.169326
v 0.024734 -0.098686 0.170022
v 0.020072 -0.013675 0.155685
v 0.019116 -0.026328 0.157694
v 0.018269 -0.038640 0.160448
v 0.004445 -0.029906 0.158755
v 0.053413 -0.175847 0.172266
v 0.064929 -0.175136 0.168240
v 0.050100 -0.123915 0.168532
v 0.037124 -0.123873 0.171846
v 0.051209 -0.149397 0.171148
v 0.023135 -0.127031 0.174067
v 0.038425 -0.150098 0.175143
v 0.037526 -0.137141 0.173123
v 0.041738 -0.176901 0.176302
v 0.031589 -0.179746 0.177935
v 0.039557 -0.163825 0.176043
v 0.025430 -0.153975 0.177286
v 0.022887 -0.191807 0.178902
v 0.022913 -0.209601 0.176871
v 0.024906 -0.199292 0.178157
v 0.017620 -0.197137 0.179353
v 0.218261 0.131725 0.033789
v 0.222677 0.148242 0.028176
v 0.210016 0.133953 0.040747
v 0.216240 0.141055 0.035357
v 0.214132 0.151125 0.036152
v 0.109143 -0.161245 0.138092
v 0.109233 -0.173456 0.138559
v 0.098540 -0.173409 0.146742
v 0.087810 -0.173518 0.155559
v 0.075807 -0.173926 0.162271
v 0.064343 -0.161732 0.167551
v 0.063564 -0.148720 0.167114
v 0.087340 -0.161857 0.155018
v 0.169586 0.106009 0.057234
v 0.168851 0.110825 0.062883
v 0.167746 0.105308 0.064191
v 0.170319 0.099344 0.050625
v 0.171010 0.091479 0.043474
v 0.169233 0.096546 0.053300
v 0.044530 0.036387 0.157332
v 0.051393 0.021163 0.156209
v 0.050097 0.004886 0.153947
v 0.035915 0.002207 0.154324
v 0.078981 0.090371 0.160824
v 0.086477 0.093017 0.159513
v 0.069700 0.097246 0.159464
v 0.068781 0.107512 0.155631
v 0.068124 0.116596 0.150184
v 0.076902 0.109258 0.154605
v 0.093804 0.094496 0.158021
v 0.085310 0.102139 0.156492
v 0.084900 0.110850 0.152851
v 0.084094 0.119540 0.146811
v 0.093153 0.111360 0.150612
v 0.205130 0.149342 -0.073992
v 0.201395 0.154263 -0.075169
v 0.198136 0.149733 -0.077255
v 0.204753 0.157582 -0.073075
v 0.197693 0.158918 -0.076156
v 0.271639 0.057665 -0.020661
v 0.268179 0.051696 -0.037639
v 0.262633 0.064496 -0.038023
v 0.259641 0.059967 -0.046240
v 0.266767 0.070185 -0.020124
v 0.262648 0.083043 -0.016984
v 0.265382 0.067600 -0.029786
v 0.257420 0.076912 -0.039175
v 0.169132 0.049145 -0.006543
v 0.171324 0.039455 -0.016832
v 0.167308 0.047990 -0.015466
v 0.174853 0.031200 -0.017764
v 0.176328 0.032571 -0.008888
v 0.178364 0.034439 -0.000864
v 0.182259 0.025955 -0.001887
v 0.172349 0.052298 0.002819
v 0.176575 0.055850 0.011026
v 0.175277 0.043477 0.000905
v 0.181872 0.037223 0.007881
v 0.183380 0.015084 -0.011831
v 0.174681 0.031545 -0.026907
v 0.175606 0.032266 -0.034452
v 0.180473 0.023942 -0.034722
v 0.179235 0.023063 -0.019358
v 0.182884 0.014354 -0.020660
v 0.189859 0.006068 -0.036419
v 0.185227 0.015176 -0.036000
v 0.187119 0.005835 -0.021704
v 0.183169 0.014656 -0.028606
v 0.206215 0.012760 -0.060062
v 0.194007 0.032414 -0.059892
v 0.200273 0.023044 -0.060268
v 0.194459 0.043516 -0.064503
v 0.205873 0.026567 -0.064339
v 0.203737 0.060745 -0.071406
v 0.198207 0.051696 -0.068239
v 0.212823 0.030543 -0.067270
v 0.204235 0.039669 -0.067227
v 0.220164 0.020601 -0.067354
v 0.220345 0.034647 -0.069154
v 0.259960 0.043273 -0.051870
v 0.235656 0.027654 -0.067636
v 0.246708 0.034364 -0.063962
v 0.222188 0.049877 -0.069697
v 0.229147 0.038283 -0.068807
v 0.243141 0.046637 -0.063480
v 0.237403 0.039460 -0.067053
v 0.255025 0.055367 -0.052961
v 0.250049 0.067105 -0.053987
v 0.250167 0.051232 -0.058795
v 0.240363 0.059267 -0.063488
v 0.220284 0.026945 0.025064
v 0.212178 0.047139 0.028107
v 0.216122 0.036949 0.026487
v 0.210066 0.032301 0.024924
v 0.190211 0.031837 0.012855
v 0.186564 0.040757 0.014180
v 0.204424 0.028830 0.021210
v 0.200599 0.039165 0.023022
v 0.193345 0.021765 0.012091
v 0.207823 0.018675 0.020115
v 0.198749 0.024877 0.017241
v 0.230452 0.143828 0.019116
v 0.228146 0.154585 0.019478
v 0.225635 0.164812 0.020270
v 0.233156 0.159534 0.009979
v 0.174823 0.125484 0.053301
v 0.172622 0.116270 0.046826
v 0.174134 0.120612 0.047559
v 0.175042 0.126024 0.051025
v 0.178049 0.134932 0.055354
v 0.177848 0.132281 0.053989
v 0.177459 0.137442 0.057578
v 0.180944 0.149908 0.059435
v 0.177978 0.136441 0.056798
v 0.181737 0.144620 0.056661
v 0.239950 0.087819 0.021908
v 0.246633 0.088859 0.014796
v 0.252213 0.092027 0.006997
v 0.242795 0.100317 0.015891
v 0.232919 0.133130 0.018399
v 0.238344 0.137974 0.009666
v 0.238918 0.111574 0.017247
v 0.245411 0.111974 0.008908
v 0.220857 0.121845 0.032585
v 0.227412 0.127977 0.026503
v 0.232411 0.109630 0.024827
v 0.234579 0.121371 0.020154
v 0.208134 0.058054 0.030544
v 0.202714 0.053557 0.028124
v 0.195754 0.073987 0.033045
v 0.178226 0.069252 0.020996
v 0.175379 0.078762 0.023415
v 0.190463 0.069073 0.029188
v 0.187308 0.078582 0.032542
v 0.180666 0.059832 0.018616
v 0.183581 0.050259 0.016200
v 0.196938 0.048775 0.024473
v 0.191802 0.044831 0.020212
v 0.194212 0.058915 0.026554
v 0.185745 0.064481 0.024711
v 0.163039 0.070265 -0.050502
v 0.164903 0.060759 -0.045700
v 0.169457 0.052852 -0.045991
v 0.169365 0.067218 -0.056629
v 0.174888 0.044824 -0.046785
v 0.179984 0.036064 -0.047635
v 0.183043 0.038712 -0.054310
v 0.181055 0.050948 -0.059345
v 0.174785 0.059468 -0.057913
v 0.171992 0.055885 -0.051601
v 0.203210 0.126846 0.044295
v 0.201219 0.135305 0.046386
v 0.204381 0.117724 0.042337
v 0.195936 0.120042 0.045984
v 0.167111 0.099728 0.065876
v 0.168571 0.097264 0.059087
v 0.169564 0.088247 0.052627
v 0.167919 0.066194 -0.003799
v 0.167658 0.063000 -0.002937
v 0.170250 0.072177 0.006395
v 0.167634 0.057669 -0.001921
v 0.169285 0.063835 0.007546
v 0.141506 0.052150 0.123639
v 0.139600 0.043180 0.120266
v 0.146923 0.038429 0.104422
v 0.142848 0.035950 0.109964
v 0.142294 0.061586 0.125950
v 0.145169 0.053300 0.118747
v 0.165683 0.037953 0.021104
v 0.162430 0.030990 0.023041
v 0.159341 0.024155 0.024825
v 0.157492 0.016229 0.026299
v 0.159154 0.033354 0.045459
v 0.162258 0.035110 0.033370
v 0.152152 0.067493 0.110585
v 0.153206 0.060495 0.105242
v 0.148378 0.062078 0.115847
v 0.153275 0.052844 0.100367
v 0.150415 0.041463 0.099234
v 0.152713 0.045436 0.094416
v 0.147870 0.046756 0.109425
v 0.148128 0.054850 0.113208
v 0.150517 0.056788 0.108602
v 0.112433 -0.037900 0.119706
v 0.111356 -0.050411 0.121144
v 0.105874 -0.025499 0.127391
v 0.096141 -0.024647 0.134785
v 0.046593 0.256575 0.044975
v 0.046697 0.250950 0.048551
v 0.038451 0.248753 0.051328
v 0.039101 0.259596 0.045248
v 0.196712 0.088202 0.038321
v 0.200114 0.103103 0.041749
v 0.214070 0.115490 0.037159
v 0.227077 0.102099 0.029253
v 0.223513 0.111930 0.031166
v 0.207051 0.109188 0.039885
v 0.209924 0.099608 0.037711
v 0.170411 0.087941 -0.068369
v 0.160568 0.080060 -0.054520
v 0.167592 0.076713 -0.061096
v 0.168256 0.082975 -0.065255
v 0.164298 0.074002 -0.055929
v 0.164605 0.089810 -0.065294
v 0.156468 0.100450 -0.058920
v 0.156496 0.095574 -0.055342
v 0.156778 0.088364 -0.051866
v 0.157794 0.084567 -0.052510
v 0.159085 0.088646 -0.057743
v 0.157187 0.104532 -0.062266
v 0.162787 0.095768 -0.064971
v 0.160436 0.092776 -0.061239
v 0.157742 0.097033 -0.059880
v 0.140043 0.088717 -0.090354
v 0.124579 0.064725 -0.094394
v 0.133178 0.083527 -0.093968
v 0.139221 0.076271 -0.088748
v 0.111647 0.082714 -0.103689
v 0.118282 0.073018 -0.099893
v 0.128251 0.091546 -0.098975
v 0.126290 0.078120 -0.097586
v 0.218991 0.168112 -0.057712
v 0.223141 0.169649 -0.051951
v 0.220159 0.177030 -0.053106
v 0.225687 0.161540 -0.051646
v 0.227191 0.170177 -0.045427
v 0.227790 0.178844 -0.037706
v 0.230417 0.170283 -0.037371
v 0.232650 0.172877 0.000545
v 0.232506 0.177766 -0.019410
v 0.237742 0.152167 0.000028
v 0.235095 0.162897 0.000180
v 0.236366 0.165792 -0.009472
v 0.233222 0.160957 -0.037478
v 0.233919 0.169192 -0.028764
v 0.235711 0.167907 -0.019321
v 0.238417 0.157688 -0.019486
v 0.144949 -0.210991 0.113455
v 0.134170 -0.212737 0.122309
v 0.134927 -0.221637 0.120710
v 0.154143 -0.209652 0.104655
v 0.162513 -0.208512 0.094775
v 0.170793 -0.214527 0.084135
v 0.155629 -0.218048 0.104330
v 0.103573 -0.279745 0.131889
v 0.149361 -0.147567 0.099940
v 0.139716 -0.148982 0.109379
v 0.129194 -0.150053 0.118642
v 0.119061 -0.150231 0.127738
v 0.128673 -0.138553 0.116983
v 0.127305 -0.075862 0.105377
v 0.135337 -0.075532 0.094779
v 0.137837 -0.125555 0.104665
v 0.136510 -0.100884 0.099026
v 0.160561 -0.120337 0.071058
v 0.144823 -0.099856 0.088634
v 0.145800 -0.111970 0.091726
v 0.143559 -0.074605 0.084347
v 0.143944 -0.087086 0.086019
v 0.151240 -0.098733 0.077125
v 0.170423 -0.115988 0.032950
v 0.164970 -0.093992 0.028024
v 0.165138 -0.100779 -0.006274
v 0.166057 -0.091927 0.015965
v 0.168613 -0.103600 0.018567
v 0.160970 -0.076954 -0.011395
v 0.163052 -0.089389 -0.009100
v 0.163577 -0.080296 0.013310
v 0.164837 -0.091223 0.003409
v 0.171492 -0.132382 -0.016308
v 0.164791 -0.130223 -0.028272
v 0.160674 -0.119180 -0.028704
v 0.164186 -0.109911 -0.018207
v 0.168609 -0.112172 -0.005328
v 0.177026 -0.136195 0.011093
v 0.174990 -0.134199 -0.003063
v 0.174975 -0.126048 0.022756
v 0.171318 -0.114590 0.020772
v 0.171128 -0.113194 0.007339
v 0.171552 -0.123280 -0.003917
v 0.082672 -0.080304 -0.082519
v 0.081544 -0.032550 -0.090951
v 0.092308 -0.053512 -0.083406
v 0.101964 -0.058100 -0.078848
v 0.101991 -0.043647 -0.082513
v 0.103106 -0.074018 -0.076818
v 0.111129 -0.063678 -0.073325
v 0.167043 0.087328 0.016677
v 0.166804 0.079009 0.003632
v 0.166616 0.083587 0.012383
v 0.166370 0.079565 -0.002686
v 0.157839 0.109016 -0.073515
v 0.157473 0.115900 -0.077384
v 0.157194 0.123156 -0.080021
v 0.157277 0.111194 -0.078573
v 0.240893 0.141783 -0.000409
v 0.244509 0.130531 -0.000955
v 0.242413 0.144005 -0.010043
v 0.241212 0.146924 -0.019692
v 0.239221 0.149676 -0.029334
v 0.244424 0.135589 -0.021238
v 0.180877 0.105311 0.041380
v 0.189508 0.093010 0.038782
v 0.191600 0.106825 0.043340
v 0.194707 0.097989 0.040886
v 0.215372 0.185158 0.030411
v 0.218241 0.167171 0.029735
v 0.223342 0.174296 0.020849
v 0.208573 0.186125 0.038477
v 0.209377 0.177559 0.038061
v 0.212318 0.159819 0.037202
v 0.206311 0.151251 0.043385
v 0.210936 0.168142 0.038135
v 0.203629 0.168645 0.045176
v 0.125076 -0.276563 0.124895
v 0.112033 0.258675 0.040212
v 0.116385 0.269360 0.029490
v 0.124770 0.271241 0.029856
v 0.130712 0.260277 0.039880
v 0.171284 0.090139 0.034973
v 0.171343 0.094143 0.033859
v 0.169600 0.079331 0.016002
v 0.170511 0.075780 0.016764
v 0.171031 0.097846 0.032836
v 0.169093 0.085289 0.014290
v 0.168728 0.082278 0.014992
v 0.170581 0.087732 0.024787
v 0.179618 0.112591 0.044101
v 0.179016 0.117714 0.046552
v 0.188453 0.122935 0.048835
v 0.190047 0.115312 0.046294
v 0.185209 0.110477 0.044865
v 0.244870 0.079791 -0.055735
v 0.232074 0.069994 -0.065916
v 0.241042 0.071481 -0.060659
v 0.248196 0.084685 -0.048523
v 0.251495 0.090027 -0.041004
v 0.238188 0.090749 -0.057785
v 0.171756 0.094618 0.029012
v 0.176558 0.100043 0.035594
v 0.173750 0.087386 0.026676
v 0.184885 0.088073 0.035265
v 0.180428 0.083645 0.030461
v 0.182734 0.096700 0.038142
v 0.171710 0.108461 0.040359
v 0.172700 0.117758 0.046415
v 0.172622 0.117354 0.045226
v 0.170407 0.100962 0.031545
v 0.170238 0.105833 0.034847
v 0.171879 0.112683 0.041863
v 0.172431 0.115938 0.043659
v 0.171067 0.109841 0.039090
v 0.340380 -0.168316 -0.019758
v 0.341892 -0.167830 -0.027292
v 0.344120 -0.177683 -0.025896
v 0.340014 -0.157530 -0.027364
v 0.342116 -0.167307 -0.034160
v 0.335758 -0.159431 -0.014449
v 0.337302 -0.169228 -0.013634
v 0.338817 -0.178927 -0.012996
v 0.332947 -0.170264 -0.008877
v 0.271196 -0.184693 -0.026040
v 0.275877 -0.182818 -0.020991
v 0.278019 -0.192771 -0.023291
v 0.272862 -0.173428 -0.018348
v 0.281680 -0.181118 -0.015249
v 0.328161 -0.181212 -0.005154
v 0.322615 -0.191854 -0.003293
v 0.315764 -0.193022 -0.003148
v 0.314377 -0.183158 -0.002802
v 0.316860 -0.202497 -0.004337
v 0.309408 -0.194222 -0.003738
v 0.260937 -0.166666 -0.051744
v 0.264773 -0.164330 -0.058729
v 0.259844 -0.155192 -0.056193
v 0.269925 -0.173525 -0.060276
v 0.268896 -0.162637 -0.064037
v 0.242238 -0.082825 0.006537
v 0.236515 -0.085828 0.002343
v 0.235306 -0.076993 0.004611
v 0.239526 -0.095465 -0.002180
v 0.232010 -0.089250 -0.003790
v 0.336189 -0.147942 -0.021275
v 0.337665 -0.146963 -0.028325
v 0.332578 -0.126010 -0.021347
v 0.337432 -0.146347 -0.035695
v 0.333134 -0.124853 -0.028685
v 0.335770 -0.136291 -0.028577
v 0.331200 -0.113433 -0.028308
v 0.332142 -0.124314 -0.036294
v 0.296266 -0.111434 0.007231
v 0.287415 -0.112742 0.007857
v 0.285863 -0.100740 0.009635
v 0.289617 -0.124700 0.005844
v 0.279214 -0.115031 0.007066
v 0.327031 -0.100841 -0.036866
v 0.328597 -0.102223 -0.021000
v 0.328373 -0.101391 -0.028949
v 0.326285 -0.089756 -0.028613
v 0.313173 -0.173601 -0.001693
v 0.305950 -0.175364 -0.001713
v 0.299718 -0.134525 0.003884
v 0.291166 -0.135692 0.003869
v 0.302429 -0.155000 0.001109
v 0.283171 -0.137439 0.001975
v 0.294703 -0.156620 0.000199
v 0.293321 -0.146591 0.001895
v 0.283572 -0.169740 -0.007655
v 0.298996 -0.176619 -0.003470
v 0.296670 -0.166557 -0.001517
v 0.287742 -0.158087 -0.002182
v 0.270866 -0.184882 -0.055949
v 0.274830 -0.182736 -0.061683
v 0.280375 -0.202759 -0.058517
v 0.278232 -0.181483 -0.065988
v 0.283565 -0.201303 -0.063684
v 0.279405 -0.192189 -0.062971
v 0.288752 -0.210252 -0.064840
v 0.288704 -0.199289 -0.067993
v 0.291323 -0.198206 -0.014716
v 0.304737 -0.205154 -0.008316
v 0.289166 -0.188979 -0.012185
v 0.286680 -0.179180 -0.010084
v 0.300985 -0.185774 -0.004466
v 0.302625 -0.195424 -0.006058
v 0.292029 -0.178441 -0.005600
v 0.296275 -0.196635 -0.009525
v 0.280977 -0.202843 -0.025357
v 0.285857 -0.200532 -0.019282
v 0.293792 -0.207979 -0.015773
v 0.338120 -0.187941 -0.059793
v 0.344119 -0.176729 -0.039906
v 0.341632 -0.166873 -0.040968
v 0.342019 -0.187411 -0.052859
v 0.339235 -0.177397 -0.054964
v 0.346779 -0.186713 -0.038349
v 0.345049 -0.197073 -0.051398
v 0.344291 -0.186791 -0.045585
v 0.264070 -0.165853 -0.019904
v 0.269231 -0.163591 -0.014728
v 0.258426 -0.145164 -0.014131
v 0.274989 -0.161753 -0.009790
v 0.277644 -0.149980 -0.003191
v 0.280974 -0.159572 -0.006187
v 0.263573 -0.143527 -0.008790
v 0.266273 -0.154003 -0.011779
v 0.272783 -0.128315 0.001877
v 0.275048 -0.139675 -0.000374
v 0.260680 -0.132243 -0.006105
v 0.268892 -0.141370 -0.004009
v 0.328737 -0.115494 -0.013955
v 0.330772 -0.126232 -0.014344
v 0.333645 -0.148435 -0.014847
v 0.329820 -0.149773 -0.008875
v 0.332236 -0.137708 -0.014850
v 0.326023 -0.127628 -0.008459
v 0.331739 -0.167896 -0.062523
v 0.323080 -0.147304 -0.064222
v 0.333177 -0.135165 -0.043617
v 0.330288 -0.124108 -0.043813
v 0.328801 -0.146438 -0.058134
v 0.325200 -0.135438 -0.058723
v 0.338852 -0.156502 -0.042158
v 0.335969 -0.146451 -0.043409
v 0.336217 -0.167290 -0.056458
v 0.339533 -0.166825 -0.048558
v 0.332569 -0.156725 -0.057012
v 0.333362 -0.145968 -0.050759
v 0.311794 -0.137773 -0.068537
v 0.298827 -0.129452 -0.070974
v 0.291007 -0.131576 -0.071877
v 0.295908 -0.141557 -0.071597
v 0.285647 -0.121489 -0.071138
v 0.283121 -0.133782 -0.071451
v 0.237699 -0.107296 -0.011943
v 0.248385 -0.126145 -0.013341
v 0.246497 -0.102673 -0.000382
v 0.241401 -0.104873 -0.005919
v 0.253147 -0.123604 -0.007830
v 0.257633 -0.121318 -0.002695
v 0.244918 -0.114868 -0.009845
v 0.252502 -0.147598 -0.045495
v 0.238433 -0.118410 -0.024385
v 0.242021 -0.128613 -0.037429
v 0.245060 -0.126949 -0.046413
v 0.240589 -0.117524 -0.041836
v 0.255351 -0.145712 -0.053274
v 0.258829 -0.143825 -0.059402
v 0.250266 -0.136219 -0.049832
v 0.248865 -0.125264 -0.053080
v 0.306685 -0.058864 0.005152
v 0.323702 -0.078751 -0.013230
v 0.313249 -0.057072 -0.000028
v 0.314895 -0.068119 0.000026
v 0.310791 -0.046607 -0.001040
v 0.317699 -0.055883 -0.006890
v 0.324086 -0.077575 -0.029613
v 0.324775 -0.078058 -0.021484
v 0.321972 -0.066071 -0.014108
v 0.320546 -0.054993 -0.014863
v 0.318143 -0.044461 -0.016323
v 0.319832 -0.054946 -0.023323
v 0.301752 -0.021344 -0.041327
v 0.296523 -0.022795 -0.047585
v 0.298969 -0.029335 -0.047365
v 0.293580 -0.016889 -0.047759
v 0.290399 -0.024137 -0.052609
v 0.288286 -0.108492 -0.070344
v 0.279891 -0.110922 -0.069988
v 0.277488 -0.088607 -0.068607
v 0.272336 -0.113937 -0.069812
v 0.268316 -0.091580 -0.068485
v 0.273965 -0.101468 -0.069321
v 0.263220 -0.083009 -0.067783
v 0.260675 -0.095117 -0.066520
v 0.242456 -0.104411 -0.052657
v 0.248254 -0.089319 -0.060827
v 0.235868 -0.085308 -0.053500
v 0.235032 -0.108912 -0.038106
v 0.238340 -0.107004 -0.046299
v 0.230978 -0.089497 -0.046435
v 0.236520 -0.096222 -0.049527
v 0.225385 -0.082675 -0.043116
v 0.228218 -0.091186 -0.038658
v 0.205827 -0.035836 -0.033406
v 0.203336 -0.036833 -0.026438
v 0.206208 -0.043562 -0.027384
v 0.200586 -0.029883 -0.025563
v 0.202547 -0.036741 -0.018909
v 0.223137 -0.031040 0.013921
v 0.227529 -0.020456 0.018830
v 0.214846 -0.028040 0.010940
v 0.221310 -0.024816 0.014946
v 0.218711 -0.017148 0.016786
v 0.292024 0.003030 0.003191
v 0.295315 0.006748 -0.004493
v 0.299052 -0.000450 -0.003377
v 0.292273 0.015289 -0.007054
v 0.297813 0.007522 -0.013193
v 0.266995 -0.072181 -0.067552
v 0.258135 -0.075009 -0.065536
v 0.249744 -0.077635 -0.062320
v 0.236627 -0.074753 -0.056579
v 0.242056 -0.081142 -0.058557
v 0.251841 -0.068094 -0.064562
v 0.218293 -0.041895 0.008794
v 0.233217 -0.069176 0.006494
v 0.227348 -0.072412 0.001403
v 0.222820 -0.056810 0.005629
v 0.239694 -0.065604 0.009489
v 0.229002 -0.053252 0.010990
v 0.231563 -0.060071 0.008109
v 0.224423 -0.038321 0.012791
v 0.232132 -0.034577 0.015319
v 0.226674 -0.045785 0.012840
v 0.235648 -0.048850 0.014911
v 0.266657 -0.033233 0.014045
v 0.295723 -0.041374 0.009733
v 0.276002 -0.029315 0.013381
v 0.277052 -0.037881 0.012767
v 0.277710 -0.021265 0.012783
v 0.285271 -0.027144 0.011943
v 0.296622 -0.008553 0.004001
v 0.291627 -0.017476 0.009454
v 0.303393 -0.038805 0.004359
v 0.309306 -0.037995 -0.001830
v 0.294312 -0.032727 0.009121
v 0.293020 -0.025437 0.008703
v 0.300155 -0.022699 0.004169
v 0.313763 -0.036694 -0.008587
v 0.315891 -0.035311 -0.016507
v 0.306082 -0.021688 -0.001931
v 0.307248 -0.029193 -0.002027
v 0.301662 -0.006688 -0.002853
v 0.304301 -0.005954 -0.010908
v 0.303771 -0.013894 -0.001974
v 0.309110 -0.020338 -0.009458
v 0.258967 -0.056926 -0.068699
v 0.255430 -0.048826 -0.069347
v 0.261888 -0.045815 -0.068772
v 0.259101 -0.041780 -0.068419
v 0.266370 -0.055560 -0.069326
v 0.264142 -0.050052 -0.069525
v 0.268554 -0.042743 -0.067524
v 0.219593 -0.077259 -0.031384
v 0.225699 -0.072328 -0.047848
v 0.221056 -0.075412 -0.039789
v 0.218559 -0.069832 -0.036217
v 0.269071 -0.050421 0.013435
v 0.245320 -0.052658 0.014358
v 0.243100 -0.044638 0.015522
v 0.260092 -0.045126 0.013883
v 0.261479 -0.052910 0.014169
v 0.247408 -0.070023 0.010870
v 0.246315 -0.060179 0.012244
v 0.262823 -0.062264 0.013639
v 0.253843 -0.056886 0.013522
v 0.315371 -0.034605 -0.025028
v 0.309088 -0.027303 -0.034333
v 0.313266 -0.027736 -0.017621
v 0.310791 -0.019513 -0.017376
v 0.205904 -0.027997 -0.039197
v 0.209760 -0.034804 -0.040474
v 0.197217 -0.003228 -0.042896
v 0.201355 -0.001549 -0.049305
v 0.201897 -0.021140 -0.037965
v 0.206444 -0.019703 -0.044987
v 0.206616 0.000669 -0.055403
v 0.212476 0.003160 -0.060568
v 0.211536 -0.017855 -0.050315
v 0.206728 -0.010284 -0.049811
v 0.215627 -0.024758 -0.051369
v 0.216746 -0.015469 -0.056189
v 0.194245 -0.004519 -0.036583
v 0.192139 -0.004216 -0.029981
v 0.199125 -0.021818 -0.031098
v 0.197619 -0.022349 -0.024770
v 0.198024 -0.013388 -0.037076
v 0.191700 -0.003693 -0.014192
v 0.191697 -0.004403 -0.022489
v 0.197641 -0.021668 -0.016772
v 0.194900 -0.014192 -0.023631
v 0.216708 0.013175 0.022541
v 0.211463 0.009036 0.019842
v 0.222988 -0.005517 0.020582
v 0.205459 0.005278 0.015594
v 0.216511 -0.009731 0.017738
v 0.210999 -0.012884 0.013559
v 0.213925 -0.000706 0.018545
v 0.230532 0.021607 0.025263
v 0.223422 0.017035 0.024047
v 0.227104 0.007829 0.022705
v 0.232723 -0.008642 0.021567
v 0.229951 -0.000732 0.022087
v 0.237289 0.003734 0.023085
v 0.244344 0.008567 0.022429
v 0.247745 0.000467 0.022104
v 0.243983 0.030490 0.024075
v 0.236731 0.025899 0.024692
v 0.241019 0.016988 0.023089
v 0.250601 0.014984 0.021169
v 0.269942 0.045719 0.004691
v 0.273672 0.046455 -0.003938
v 0.280420 0.023139 0.002325
v 0.276685 0.047191 -0.012052
v 0.277170 0.045644 -0.021011
v 0.285745 0.024276 -0.005039
v 0.289149 0.025024 -0.013750
v 0.279342 0.034821 -0.004876
v 0.294596 0.014199 -0.025327
v 0.276617 0.042844 -0.029852
v 0.273412 0.039518 -0.037717
v 0.288958 0.023528 -0.022529
v 0.283398 0.033625 -0.021409
v 0.288069 0.021231 -0.031579
v 0.205537 -0.043078 -0.012139
v 0.203205 -0.035607 -0.011045
v 0.210890 -0.038532 0.003771
v 0.213615 -0.045563 0.002124
v 0.207952 -0.049821 -0.013422
v 0.215122 -0.053276 0.001087
v 0.218437 -0.060327 -0.001249
v 0.209550 -0.048571 -0.005066
v 0.320733 -0.158740 -0.067615
v 0.316034 -0.148066 -0.067950
v 0.309070 -0.149510 -0.070766
v 0.329326 -0.178830 -0.066277
v 0.325342 -0.168780 -0.066565
v 0.318163 -0.170131 -0.069197
v 0.310719 -0.172161 -0.071452
v 0.315646 -0.181778 -0.071067
v 0.300929 -0.151035 -0.072628
v 0.293108 -0.153401 -0.072453
v 0.306108 -0.161628 -0.071904
v 0.303325 -0.173699 -0.072451
v 0.288755 -0.188023 -0.069705
v 0.293564 -0.197346 -0.070898
v 0.301076 -0.184552 -0.072629
v 0.296280 -0.175111 -0.072925
v 0.298769 -0.206376 -0.071808
v 0.306281 -0.193978 -0.072322
v 0.299925 -0.195879 -0.072779
v 0.323787 -0.151420 -0.004371
v 0.307356 -0.132691 0.002902
v 0.308722 -0.143679 0.001333
v 0.322443 -0.140276 -0.004225
v 0.325610 -0.161525 -0.004983
v 0.327131 -0.170919 -0.004823
v 0.319351 -0.172731 -0.003089
v 0.311689 -0.163913 -0.001121
v 0.310472 -0.153632 0.000116
v 0.317309 -0.152691 -0.001104
v 0.335317 -0.189939 -0.007478
v 0.330477 -0.200603 -0.004835
v 0.329162 -0.190676 -0.004698
v 0.296905 -0.050811 0.009227
v 0.298286 -0.061105 0.009373
v 0.278513 -0.047150 0.012844
v 0.287446 -0.044209 0.010909
v 0.279673 -0.055912 0.013375
v 0.293054 -0.086530 0.010062
v 0.300388 -0.071655 0.008702
v 0.280783 -0.065674 0.012147
v 0.289715 -0.063169 0.011138
v 0.282050 -0.020801 -0.057384
v 0.270336 -0.031211 -0.064495
v 0.272516 -0.018440 -0.060577
v 0.284895 -0.013505 -0.052621
v 0.279347 -0.015627 -0.056872
v 0.275785 -0.011089 -0.057144
v 0.276330 -0.068350 -0.067348
v 0.271230 -0.061296 -0.068604
v 0.275097 -0.051822 -0.067984
v 0.301658 -0.036467 -0.048208
v 0.295519 -0.036795 -0.054281
v 0.288917 -0.053336 -0.063326
v 0.303437 -0.056889 -0.055930
v 0.281378 -0.076324 -0.067447
v 0.286799 -0.085852 -0.068329
v 0.285618 -0.064225 -0.066732
v 0.294952 -0.060266 -0.061620
v 0.300066 -0.069056 -0.061122
v 0.250263 -0.041463 -0.066541
v 0.244614 -0.032851 -0.064689
v 0.262342 -0.016881 -0.063541
v 0.251900 -0.028857 -0.065461
v 0.248502 -0.023771 -0.064550
v 0.256562 -0.037358 -0.066953
v 0.263510 -0.034688 -0.066079
v 0.268722 -0.026696 -0.064431
v 0.265687 -0.022466 -0.063358
v 0.254576 -0.033643 -0.066087
v 0.258955 -0.025290 -0.064807
v 0.279307 0.011856 0.008512
v 0.263372 0.008258 0.017606
v 0.273879 0.021648 0.008552
v 0.283961 0.003910 0.008787
v 0.289524 -0.002980 0.008268
v 0.272997 -0.014671 0.014602
v 0.282681 -0.014371 0.012829
v 0.289470 -0.010300 0.009135
v 0.275254 0.002117 0.013032
v 0.261186 0.025421 -0.056471
v 0.270005 0.036026 -0.045211
v 0.265386 0.031364 -0.051569
v 0.285294 0.019038 -0.038611
v 0.279994 0.028153 -0.038547
v 0.268744 0.020704 -0.052165
v 0.288661 0.010401 -0.040573
v 0.283731 0.000200 -0.048910
v 0.282275 0.013384 -0.044577
v 0.272222 -0.005471 -0.057485
v 0.278580 -0.002602 -0.053564
v 0.269523 0.010343 -0.054730
v 0.275492 0.013577 -0.050303
v 0.280181 0.005962 -0.049906
v 0.296519 -0.009045 -0.042814
v 0.291069 -0.011247 -0.047708
v 0.294145 0.004949 -0.037875
v 0.287724 -0.005760 -0.048481
v 0.289554 0.002697 -0.043936
v 0.253829 0.025034 -0.061768
v 0.247469 0.021385 -0.065046
v 0.259035 0.015622 -0.060012
v 0.265892 -0.008721 -0.060543
v 0.259438 -0.011228 -0.062863
v 0.264020 0.007821 -0.058756
v 0.268340 0.000783 -0.058515
v 0.257922 0.004821 -0.061925
v 0.251487 0.035713 0.020531
v 0.257709 0.042963 0.016383
v 0.264047 0.043376 0.011149
v 0.259013 0.016584 0.018588
v 0.252880 0.024307 0.020415
v 0.268577 0.031883 0.009679
v 0.267429 0.019596 0.014087
v 0.227009 -0.019343 -0.061286
v 0.238096 -0.021994 -0.063827
v 0.219213 0.007084 -0.063907
v 0.226749 0.010858 -0.066332
v 0.217901 -0.005210 -0.060678
v 0.223389 -0.012701 -0.060436
v 0.230106 -0.009207 -0.062887
v 0.233735 0.014372 -0.066981
v 0.241396 0.017952 -0.066624
v 0.245963 0.009117 -0.065238
v 0.236866 -0.005593 -0.064770
v 0.232038 0.001995 -0.065513
v 0.245048 -0.018183 -0.064195
v 0.252326 -0.014802 -0.064919
v 0.251296 0.001152 -0.064166
v 0.255207 -0.005323 -0.063762
v 0.241465 -0.012437 -0.064644
v 0.244165 -0.002072 -0.064704
v 0.278766 -0.169897 -0.068685
v 0.283851 -0.179053 -0.069656
v 0.285543 -0.155836 -0.071789
v 0.291184 -0.165618 -0.072274
v 0.288833 -0.177501 -0.071617
v 0.269218 -0.150442 -0.066092
v 0.273856 -0.160007 -0.067914
v 0.281137 -0.145999 -0.070819
v 0.276123 -0.136483 -0.070442
v 0.279579 -0.158096 -0.070131
v 0.225955 -0.082927 -0.007903
v 0.228417 -0.091369 -0.011416
v 0.223191 -0.084443 -0.025486
v 0.219371 -0.077711 -0.021930
v 0.231445 -0.099315 -0.015608
v 0.234687 -0.109124 -0.019745
v 0.233556 -0.109627 -0.028342
v 0.230951 -0.100161 -0.032910
v 0.226398 -0.092584 -0.028913
v 0.226323 -0.092658 -0.019462
v 0.222346 -0.075669 -0.005235
v 0.220832 -0.067066 -0.003495
v 0.215635 -0.070837 -0.019084
v 0.214205 -0.062893 -0.008680
v 0.219686 -0.077524 -0.013243
v 0.264350 -0.176755 -0.030612
v 0.267807 -0.186192 -0.033083
v 0.263721 -0.177027 -0.046743
v 0.259215 -0.167556 -0.044155
v 0.271651 -0.196465 -0.036327
v 0.268672 -0.186144 -0.048853
v 0.274123 -0.194935 -0.051178
v 0.266651 -0.186808 -0.040525
v 0.251357 -0.136714 -0.017277
v 0.253640 -0.146682 -0.020420
v 0.244127 -0.127624 -0.021193
v 0.246190 -0.138923 -0.033443
v 0.242315 -0.128542 -0.029054
v 0.259934 -0.167490 -0.026886
v 0.255399 -0.158001 -0.040707
v 0.256612 -0.157096 -0.024312
v 0.250468 -0.148849 -0.036631
v 0.259041 -0.167811 -0.035253
v 0.250827 -0.148280 -0.028230
v 0.314464 -0.125484 -0.064989
v 0.302358 -0.116473 -0.069088
v 0.306794 -0.126916 -0.069001
v 0.222429 -0.057275 -0.048696
v 0.231093 -0.068158 -0.053927
v 0.237837 -0.064963 -0.059141
v 0.226311 -0.063162 -0.051816
v 0.227341 -0.053640 -0.054654
v 0.212410 -0.048707 -0.036544
v 0.214984 -0.062781 -0.033247
v 0.218785 -0.060459 -0.041844
v 0.219693 -0.051975 -0.045763
v 0.192788 -0.002132 -0.005326
v 0.205962 -0.016131 0.007690
v 0.195891 -0.011660 -0.007048
v 0.202872 -0.007642 0.008637
v 0.201459 -0.028376 -0.009661
v 0.209050 -0.030945 0.005142
v 0.207842 -0.022883 0.006375
v 0.198828 -0.020488 -0.008483
v 0.205311 -0.033944 -0.002583
v 0.201554 -0.018384 -0.000443
v 0.252881 -0.060851 -0.067584
v 0.244899 -0.062793 -0.063514
v 0.252645 -0.054995 -0.068837
v 0.249177 -0.051945 -0.068245
v 0.239826 -0.058594 -0.062901
v 0.185664 0.016729 -0.002847
v 0.189224 0.018689 0.004990
v 0.189595 0.007689 -0.004507
v 0.196484 0.011938 0.011383
v 0.199938 0.001381 0.009853
v 0.196144 -0.000505 0.002471
v 0.315335 -0.044356 -0.032556
v 0.307871 -0.035752 -0.041234
v 0.312690 -0.035291 -0.033297
v 0.305039 -0.046238 -0.048693
v 0.309745 -0.055848 -0.047349
v 0.301197 -0.007368 -0.035296
v 0.302882 0.000708 -0.020638
v 0.299126 0.007823 -0.022147
v 0.297173 0.006138 -0.029933
v 0.297599 -0.001012 -0.036999
v 0.304083 -0.013525 -0.034597
v 0.306264 -0.020253 -0.034050
v 0.305461 -0.005760 -0.019341
v 0.307867 -0.012486 -0.017978
v 0.309629 -0.019448 -0.026226
v 0.304249 -0.006217 -0.027374
v 0.345988 -0.187331 -0.024138
v 0.346469 -0.187409 -0.031211
v 0.348896 -0.196470 -0.036810
v 0.306192 -0.120675 0.004238
v 0.304442 -0.109404 0.005651
v 0.319251 -0.117461 -0.002386
v 0.320171 -0.129573 -0.003535
v 0.314683 -0.130830 0.000511
v 0.284207 -0.088808 0.010852
v 0.275609 -0.091599 0.010392
v 0.272043 -0.068374 0.013346
v 0.263877 -0.072614 0.012735
v 0.282125 -0.076586 0.011627
v 0.251503 -0.089190 0.006041
v 0.248826 -0.079244 0.009622
v 0.267290 -0.093995 0.009064
v 0.255525 -0.075187 0.011441
v 0.265381 -0.082481 0.010470
v 0.213276 -0.041245 -0.041849
v 0.213966 -0.033345 -0.046751
v 0.218821 -0.030841 -0.052600
v 0.220500 -0.044469 -0.049776
v 0.216236 -0.046987 -0.043890
v 0.224166 -0.028478 -0.058046
v 0.234219 -0.031284 -0.062468
v 0.230587 -0.025541 -0.061509
v 0.225889 -0.042090 -0.055643
v 0.222204 -0.036843 -0.054032
v 0.241071 -0.040298 -0.064939
v 0.237732 -0.035826 -0.063359
v 0.229056 -0.046533 -0.057274
v 0.232385 -0.051133 -0.060065
v 0.231239 -0.039712 -0.059987
v 0.237651 -0.023126 0.018573
v 0.235460 -0.016467 0.020689
v 0.255714 -0.021419 0.016435
v 0.242964 -0.012002 0.021307
v 0.264006 -0.015773 0.016861
v 0.251589 -0.007083 0.021315
v 0.258558 -0.000943 0.019916
v 0.267568 0.000069 0.016786
v 0.270535 -0.007130 0.015962
v 0.253242 -0.014085 0.018749
v 0.283274 -0.212635 -0.054111
v 0.278003 -0.203712 -0.052461
v 0.277073 -0.204727 -0.045704
v 0.239881 -0.029562 0.016678
v 0.241827 -0.037091 0.015007
v 0.257047 -0.029247 0.015067
v 0.258468 -0.036564 0.015575
v 0.250761 -0.040616 0.015716
v 0.247505 -0.025459 0.016465
v 0.321566 -0.077591 -0.037885
v 0.321171 -0.066079 -0.030642
v 0.318062 -0.054965 -0.031737
v 0.314388 -0.066606 -0.046635
v 0.315450 -0.055242 -0.039828
v 0.019719 0.215703 -0.102710
v 0.030559 0.217899 -0.102905
v 0.020173 0.233144 -0.098473
v 0.008731 0.196111 -0.106904
v 0.009061 0.205010 -0.105028
v 0.008748 0.213940 -0.103074
v 0.009514 0.222513 -0.101401
v -0.001204 0.210795 -0.104339
v 0.155379 0.000140 0.031456
v 0.156851 0.008498 0.028963
v 0.153683 0.005908 0.045218
v 0.154436 0.019675 0.052974
v 0.156504 0.026630 0.049347
v 0.156761 0.020767 0.038334
v 0.136599 -0.025689 0.093230
v 0.132227 -0.015241 0.102668
v 0.136109 -0.004212 0.100923
v 0.140813 -0.002108 0.092728
v 0.150841 -0.007169 0.062940
v 0.150766 -0.020840 0.060888
v 0.144763 -0.000107 0.083525
v 0.147646 0.003502 0.073868
v 0.142836 -0.012672 0.083918
v 0.171778 0.085602 0.035564
v 0.170517 0.080449 0.036328
v 0.170491 0.071962 0.017026
v 0.170354 0.067225 0.018069
v 0.171276 0.080544 0.026778
v 0.170287 0.075669 0.036580
v 0.169804 0.062264 0.018225
v 0.170678 0.070891 0.027681
v 0.167187 0.089683 0.010988
v 0.167648 0.090469 0.012541
v 0.168607 0.098995 0.026234
v 0.169308 0.101673 0.029173
v 0.167829 0.089861 0.013126
v 0.168517 0.088166 0.013486
v 0.169352 0.093623 0.022617
v 0.170000 0.102397 0.031076
v 0.169859 0.102524 0.030395
v 0.168878 0.096620 0.021694
v 0.162363 0.046066 0.052319
v 0.165190 0.045939 0.040875
v 0.162296 0.039621 0.043319
v 0.023406 -0.183214 0.178902
v 0.019167 -0.172824 0.179033
v 0.016203 -0.186354 0.179320
v 0.007670 -0.205866 0.177657
v 0.019645 -0.218875 0.175775
v 0.017860 -0.227858 0.174411
v 0.011644 -0.212210 0.176818
v 0.002454 -0.210956 0.176987
v 0.065978 -0.213173 -0.115165
v 0.049287 -0.212183 -0.114779
v 0.052337 -0.223172 -0.117301
v 0.047447 -0.199888 -0.112440
v 0.032475 -0.210636 -0.114925
v 0.017697 -0.230733 -0.118751
v 0.016509 -0.219294 -0.116938
v 0.015063 -0.208484 -0.115137
v -0.000479 -0.226913 -0.118698
v 0.054352 -0.233233 -0.119634
v 0.036245 -0.232091 -0.119526
v 0.018495 -0.240172 -0.120408
v 0.170162 -0.261411 -0.058651
v 0.192859 -0.262113 -0.014387
v 0.180536 -0.253960 -0.041159
v 0.193059 -0.270138 -0.017566
v 0.178303 -0.265919 -0.048019
v 0.180386 -0.261312 -0.042816
v 0.188113 -0.262241 -0.027529
v 0.190975 -0.245591 -0.013897
v 0.196802 -0.260580 -0.001683
v 0.193497 -0.253666 -0.010368
v 0.194902 -0.246722 -0.000506
v 0.186071 -0.243273 -0.027328
v 0.190283 -0.237570 -0.014039
v 0.195732 -0.239141 0.013133
v 0.197720 -0.246648 0.013277
v 0.199323 -0.262413 0.012373
v 0.199649 -0.261574 0.026801
v 0.198741 -0.254875 0.012879
v 0.197997 -0.247093 0.026451
v 0.194761 -0.240070 0.038971
v 0.196539 -0.247363 0.038952
v 0.199195 -0.262718 0.039182
v 0.196576 -0.263215 0.051657
v 0.197926 -0.254598 0.039846
v 0.193892 -0.247941 0.051534
v 0.186735 -0.263691 0.074876
v 0.191786 -0.263344 0.063805
v 0.190351 -0.256108 0.063857
v 0.179879 -0.264810 0.084671
v 0.172915 -0.266354 0.093970
v 0.179412 -0.257890 0.085180
v 0.157103 -0.273037 0.108983
v 0.135725 -0.275717 0.120701
v 0.161106 -0.267819 0.104329
v 0.161930 -0.261477 0.103296
v 0.147380 -0.268616 0.113311
v 0.120279 -0.272020 0.126776
v 0.135605 -0.270267 0.119689
v 0.136554 -0.264722 0.119015
v 0.094279 -0.273240 0.136388
v 0.105593 -0.272546 0.132303
v 0.109193 -0.266145 0.133015
v 0.085195 -0.273751 0.139243
v 0.075830 -0.275970 0.142335
v 0.086126 -0.267494 0.141522
v 0.050217 -0.280330 0.148696
v 0.064367 -0.278191 0.145542
v 0.065892 -0.270708 0.148323
v 0.039409 -0.282835 0.150044
v 0.030196 -0.284001 0.150540
v 0.040862 -0.275779 0.153172
v 0.017817 -0.286396 0.150885
v 0.017308 -0.279178 0.154687
v 0.015375 -0.290680 0.148379
v 0.003727 -0.288464 0.150382
v 0.106726 0.236180 0.057508
v 0.108682 0.247275 0.049231
v 0.122641 0.226921 0.063370
v 0.113850 0.226487 0.064173
v 0.118795 0.248380 0.049228
v 0.092577 0.303406 -0.037800
v 0.087407 0.306674 -0.036644
v 0.111473 0.297052 -0.020621
v 0.105538 0.298361 -0.020175
v 0.102522 0.300592 -0.029734
v 0.114519 0.295735 -0.032232
v 0.097961 0.300984 -0.039185
v 0.092923 0.300377 -0.047795
v 0.103810 0.298510 -0.040901
v 0.118334 0.224066 -0.097964
v 0.127363 0.225410 -0.094177
v 0.129169 0.235220 -0.090247
v 0.109377 0.222041 -0.101939
v 0.090411 0.226480 -0.103773
v 0.090286 0.237016 -0.100960
v 0.099969 0.219301 -0.104810
v 0.110408 0.232704 -0.098550
v 0.089333 0.246809 -0.096855
v 0.111476 0.243076 -0.094296
v 0.100880 0.240338 -0.098410
v 0.130775 0.245098 -0.085646
v 0.132736 0.255488 -0.079232
v 0.121454 0.244691 -0.090092
v 0.111415 0.253067 -0.089281
v 0.071741 0.299754 -0.061570
v 0.082705 0.302979 -0.051786
v 0.067228 0.305664 -0.057035
v 0.069965 0.303102 -0.058682
v 0.074753 0.304417 -0.054985
v 0.086752 0.299264 -0.054980
v 0.091480 0.296051 -0.058538
v 0.081149 0.297893 -0.061019
v 0.067336 0.293317 -0.069055
v 0.074371 0.295538 -0.065402
v 0.076505 0.290474 -0.069634
v 0.059333 0.290940 -0.071815
v 0.052100 0.290222 -0.072633
v 0.044799 0.287013 -0.076099
v 0.062727 0.286072 -0.075686
v 0.172154 0.280669 -0.018008
v 0.164135 0.284632 -0.019313
v 0.180442 0.275841 -0.016474
v 0.176819 0.272689 -0.029068
v 0.173707 0.268868 -0.040771
v 0.181284 0.263946 -0.037637
v 0.160503 0.259154 -0.062381
v 0.165851 0.272959 -0.042616
v 0.170493 0.262935 -0.051234
v 0.142499 0.216467 -0.091623
v 0.151595 0.224158 -0.086641
v 0.144427 0.225388 -0.088557
v 0.157908 0.223659 -0.084766
v 0.155988 0.215539 -0.088460
v 0.153796 0.206430 -0.091223
v 0.158534 0.205700 -0.088927
v 0.140369 0.206767 -0.094505
v 0.139165 0.197024 -0.097156
v 0.147576 0.206839 -0.092693
v 0.151816 0.197701 -0.092906
v 0.216155 0.226295 -0.001214
v 0.222920 0.209556 -0.000136
v 0.219407 0.218058 -0.000290
v 0.218434 0.220263 -0.011401
v 0.217002 0.220771 -0.022052
v 0.220269 0.212779 -0.021300
v 0.213109 0.227925 -0.023454
v 0.213688 0.219905 -0.032247
v 0.159763 0.232412 -0.080351
v 0.161915 0.240873 -0.075076
v 0.163359 0.222570 -0.083136
v 0.084600 0.097022 -0.113184
v 0.095303 0.091234 -0.110165
v 0.106071 0.092427 -0.106752
v 0.115563 0.096053 -0.104566
v 0.101987 0.102443 -0.109298
v 0.131301 0.103956 -0.098629
v 0.123951 0.100558 -0.101977
v 0.119478 0.109305 -0.104087
v 0.157668 0.129413 -0.083778
v 0.156042 0.126033 -0.085622
v 0.156383 0.107657 -0.079524
v 0.154757 0.114624 -0.084026
v 0.154577 0.122285 -0.086814
v 0.153197 0.130291 -0.089491
v 0.151316 0.118162 -0.088362
v 0.158711 0.134386 -0.081951
v 0.157606 0.137035 -0.086404
v 0.159739 0.136485 -0.076303
v 0.159515 0.134777 -0.079153
v 0.160587 0.141236 -0.082495
v 0.206294 0.194718 0.038107
v 0.205560 0.203384 0.037821
v 0.201339 0.185041 0.045160
v 0.183985 0.163364 0.057890
v 0.184425 0.158825 0.057323
v 0.195172 0.174341 0.051006
v 0.194121 0.181777 0.050438
v 0.185255 0.149288 0.055845
v 0.185546 0.154240 0.056571
v 0.196402 0.166519 0.051049
v 0.196998 0.159600 0.050663
v 0.189998 0.163751 0.054684
v 0.160049 0.133152 -0.071693
v 0.158903 0.131799 -0.073042
v 0.157832 0.126583 -0.070493
v 0.159526 0.134479 -0.071928
v 0.158065 0.130493 -0.070251
v 0.160085 0.136209 -0.074974
v 0.160844 0.140903 -0.076664
v 0.160694 0.138510 -0.073528
v 0.159484 0.135509 -0.073034
v 0.145161 0.286378 -0.035316
v 0.147800 0.289331 -0.021893
v 0.155711 0.287073 -0.020791
v 0.160788 0.280964 -0.032499
v 0.158178 0.276121 -0.044936
v 0.214382 0.210551 -0.040234
v 0.210793 0.217484 -0.041253
v 0.207227 0.203918 -0.055112
v 0.203883 0.210166 -0.056562
v 0.201005 0.205224 -0.062403
v 0.207510 0.223519 -0.042183
v 0.206918 0.215192 -0.049727
v 0.200965 0.216809 -0.055691
v 0.199870 0.197274 -0.067041
v 0.196349 0.202489 -0.068025
v 0.192455 0.188542 -0.075292
v 0.185759 0.187237 -0.078774
v 0.192609 0.206719 -0.069940
v 0.192114 0.197592 -0.073485
v 0.189388 0.192734 -0.076714
v 0.185213 0.195891 -0.078155
v 0.163199 0.140901 -0.075071
v 0.162669 0.142158 -0.075517
v 0.162073 0.146087 -0.078373
v 0.162241 0.144067 -0.076142
v 0.164488 0.147147 -0.076957
v 0.220351 0.191989 0.021355
v 0.223452 0.196603 0.011907
v 0.227877 0.179061 0.011281
v 0.230052 0.182632 0.000496
v 0.221920 0.183057 0.021265
v 0.180870 0.274388 -0.003656
v 0.182003 0.272263 0.009689
v 0.187447 0.269750 -0.014300
v 0.193995 0.260822 0.000646
v 0.180416 0.265755 0.021446
v 0.193774 0.257918 0.012973
v 0.188346 0.264807 0.010917
v 0.198539 0.250094 0.014374
v 0.191184 0.251462 0.023639
v 0.166933 0.087102 0.009348
v 0.167862 0.095133 0.023287
v 0.167285 0.090952 0.020800
v 0.166806 0.085588 0.011647
v 0.167525 0.092841 0.018133
v 0.162719 0.079970 -0.011952
v 0.166650 0.082273 -0.001207
v 0.161664 0.079001 -0.008292
v 0.167009 0.081609 0.002190
v 0.167176 0.083928 0.005830
v 0.158705 0.080077 -0.022336
v 0.155721 0.079084 -0.027777
v 0.155863 0.082557 -0.032532
v 0.157108 0.077899 -0.018032
v 0.159817 0.078648 -0.015482
v 0.157157 0.103332 -0.057099
v 0.157087 0.109110 -0.060433
v 0.158579 0.102628 -0.059035
v 0.157342 0.100782 -0.056543
v 0.158058 0.092014 -0.050083
v 0.158066 0.091554 -0.050637
v 0.154444 0.082435 -0.036570
v 0.158634 0.085641 -0.045532
v 0.156012 0.087084 -0.042676
v 0.155045 0.082368 -0.034385
v 0.177964 0.123323 0.049442
v 0.176872 0.127957 0.051611
v 0.180583 0.135468 0.053566
v 0.186890 0.129653 0.051397
v 0.182684 0.123468 0.049234
v 0.199497 0.143363 0.047828
v 0.185373 0.142892 0.054776
v 0.192927 0.135943 0.050748
v 0.198108 0.151504 0.049130
v 0.190784 0.150734 0.053767
v 0.186133 0.136605 0.052751
v 0.183063 0.249814 0.032751
v 0.187151 0.243026 0.033785
v 0.191702 0.235779 0.034385
v 0.183930 0.232920 0.041685
v 0.225148 0.200743 0.001135
v 0.229972 0.187009 -0.020061
v 0.231328 0.185832 -0.009503
v 0.225412 0.203273 -0.010586
v 0.227891 0.192087 0.000606
v 0.224388 0.187301 -0.038408
v 0.227237 0.187517 -0.029506
v 0.223331 0.204458 -0.020868
v 0.220883 0.204806 -0.030443
v 0.226479 0.195681 -0.020122
v 0.164519 0.119160 -0.072144
v 0.167126 0.115881 -0.072976
v 0.162450 0.122215 -0.071359
v 0.158399 0.125675 -0.068974
v 0.160723 0.118471 -0.069498
v 0.164498 0.126282 -0.073306
v 0.167099 0.130002 -0.075131
v 0.162061 0.134097 -0.072798
v 0.159992 0.129681 -0.071219
v 0.160976 0.126190 -0.071242
v 0.157748 0.116220 -0.067454
v 0.157965 0.111071 -0.068404
v 0.158821 0.103514 -0.062277
v 0.158161 0.108689 -0.062809
v 0.157087 0.121383 -0.068121
v 0.156412 0.115444 -0.063463
v 0.157724 0.126193 -0.068494
v 0.157791 0.126501 -0.068718
v 0.157090 0.113472 -0.063147
v 0.157415 0.115480 -0.064959
v 0.191175 0.261612 -0.023818
v 0.199817 0.255980 -0.009426
v 0.193719 0.263668 -0.011854
v 0.213183 0.181506 -0.060191
v 0.207079 0.192954 -0.061475
v 0.216818 0.184034 -0.053680
v 0.221039 0.185672 -0.046540
v 0.217879 0.203528 -0.039563
v 0.213461 0.202779 -0.048025
v 0.210216 0.197390 -0.055436
v 0.220993 0.195448 -0.039585
v 0.212793 0.190321 -0.056703
v 0.181032 0.198621 -0.080301
v 0.184266 0.204772 -0.076219
v 0.166128 0.212918 -0.084357
v 0.168546 0.220862 -0.081126
v 0.175269 0.209233 -0.080182
v 0.171087 0.228504 -0.076048
v 0.179086 0.216821 -0.076546
v 0.173942 0.218761 -0.078471
v 0.191824 0.215988 -0.066063
v 0.188176 0.210739 -0.071433
v 0.183847 0.213693 -0.073514
v 0.181955 0.223059 -0.070812
v 0.190883 0.159252 -0.078765
v 0.194196 0.164122 -0.077013
v 0.198193 0.168675 -0.074851
v 0.195730 0.183707 -0.073699
v 0.191096 0.180837 -0.076493
v 0.191026 0.169256 -0.077826
v 0.163936 0.204836 -0.087050
v 0.161591 0.196382 -0.089282
v 0.168258 0.203660 -0.085103
v 0.177873 0.192047 -0.082113
v 0.177192 0.200832 -0.081419
v 0.172981 0.202411 -0.083071
v 0.170392 0.195113 -0.085602
v 0.170304 0.134007 -0.076755
v 0.164344 0.138116 -0.074519
v 0.166445 0.141612 -0.076642
v 0.165737 0.133801 -0.074915
v 0.171683 0.263411 0.030928
v 0.162293 0.257841 0.040828
v 0.177868 0.256935 0.031927
v 0.174775 0.246566 0.041164
v 0.146625 0.228048 0.059020
v 0.144075 0.249733 0.047964
v 0.153039 0.251934 0.045892
v 0.159050 0.246025 0.047734
v 0.158886 0.216835 0.059443
v 0.152860 0.221792 0.060258
v 0.170439 0.234988 0.047404
v 0.164864 0.240767 0.047857
v 0.155421 0.233736 0.054308
v 0.169989 0.203834 0.059381
v 0.165024 0.210562 0.059066
v 0.175460 0.228443 0.048019
v 0.179324 0.221007 0.048184
v 0.167361 0.223140 0.053247
v 0.178241 0.188421 0.059327
v 0.174542 0.196480 0.059039
v 0.183993 0.213862 0.049015
v 0.176549 0.209219 0.053943
v 0.180677 0.179223 0.059185
v 0.182317 0.170344 0.058984
v 0.192849 0.189698 0.050049
v 0.187497 0.176569 0.055472
v 0.184292 0.192770 0.055175
v 0.139255 0.226643 0.062327
v 0.131233 0.227188 0.063433
v 0.136029 0.249775 0.048450
v 0.127625 0.249743 0.048395
v 0.125009 0.238391 0.056894
v 0.141463 0.238396 0.055482
v 0.246746 -0.048433 -0.067016
v 0.243710 -0.044639 -0.066091
v 0.237652 -0.053566 -0.063303
v 0.243024 -0.053259 -0.066269
v 0.237953 -0.047705 -0.063864
v 0.160476 0.105945 -0.066068
v 0.161949 0.112086 -0.069141
v 0.169888 0.112401 -0.073741
v 0.165390 0.112424 -0.071740
v 0.164454 0.108557 -0.070628
v 0.166532 0.097416 -0.068389
v 0.162945 0.101304 -0.067068
v 0.163228 0.104617 -0.069055
v 0.167759 0.105281 -0.071737
v 0.207242 0.074077 -0.072953
v 0.214651 0.062193 -0.071028
v 0.224407 0.066338 -0.069718
v 0.226190 0.080679 -0.068210
v 0.286406 -0.030963 -0.057746
v 0.284256 -0.025918 -0.057365
v 0.273043 -0.035323 -0.064681
v 0.275917 -0.039466 -0.065272
v 0.277308 -0.027762 -0.061148
v 0.288847 -0.036233 -0.058972
v 0.278591 -0.043916 -0.065819
v 0.283210 -0.048367 -0.065253
v 0.290103 -0.043421 -0.061004
v 0.282278 -0.037220 -0.062488
v 0.297086 -0.106104 -0.069090
v 0.292288 -0.095705 -0.068616
v 0.305554 -0.080349 -0.060745
v 0.295936 -0.082734 -0.065883
v 0.306513 -0.103812 -0.066028
v 0.321587 -0.088966 -0.045490
v 0.312950 -0.078204 -0.053482
v 0.314123 -0.101778 -0.059398
v 0.317758 -0.077913 -0.045843
v 0.310092 -0.091117 -0.060384
v 0.327372 -0.112535 -0.044372
v 0.324208 -0.100687 -0.044706
v 0.321141 -0.124128 -0.058623
v 0.326341 -0.124285 -0.052179
v 0.317454 -0.112954 -0.059446
v 0.320130 -0.101090 -0.053142
v 0.326943 -0.102876 -0.014334
v 0.325607 -0.090934 -0.013439
v 0.323009 -0.104180 -0.007435
v 0.316090 -0.081011 -0.000224
v 0.321099 -0.079560 -0.006429
v 0.302682 -0.097007 0.006874
v 0.317889 -0.106165 -0.001874
v 0.309431 -0.082358 0.004340
v 0.301523 -0.084130 0.007691
v 0.311829 -0.107441 0.002936
v 0.317360 -0.092709 -0.001106
v 0.252887 -0.099888 0.003432
v 0.269122 -0.105678 0.007148
v 0.270734 -0.117410 0.004771
v 0.263741 -0.119360 0.001267
v 0.255301 -0.110848 0.000319
v 0.259927 -0.097427 0.006439
v 0.248939 -0.113233 -0.055887
v 0.253520 -0.122376 -0.059447
v 0.259689 -0.107543 -0.065372
v 0.254144 -0.098041 -0.063064
v 0.247765 -0.101072 -0.058855
v 0.347498 -0.242545 -0.008347
v 0.351862 -0.242185 -0.013889
v 0.352122 -0.250835 -0.010957
v 0.351939 -0.233761 -0.015955
v 0.355481 -0.241771 -0.020615
v 0.345518 -0.258368 -0.003393
v 0.340041 -0.251113 -0.003105
v 0.338526 -0.258898 0.000187
v 0.335235 -0.265198 0.004161
v 0.331759 -0.260568 0.002314
v 0.325501 -0.252309 -0.001634
v 0.326649 -0.259272 0.000881
v 0.326039 -0.265285 0.005082
v 0.321560 -0.260084 -0.000096
v 0.316595 -0.261015 -0.002223
v 0.316117 -0.266280 0.001728
v 0.314366 -0.254909 -0.004489
v 0.311411 -0.260756 -0.005648
v 0.307756 -0.263074 -0.008555
v 0.308366 -0.256103 -0.010355
v 0.308234 -0.269418 -0.007170
v 0.306931 -0.264050 -0.013507
v 0.304291 -0.250563 -0.021392
v 0.297424 -0.245621 -0.032387
v 0.299457 -0.253996 -0.037963
v 0.304091 -0.259276 -0.019292
v 0.307515 -0.266137 -0.019740
v 0.302766 -0.251842 -0.026521
v 0.299988 -0.253714 -0.032381
v 0.304219 -0.260887 -0.032172
v 0.313825 -0.265903 -0.060249
v 0.315927 -0.265214 -0.064650
v 0.313894 -0.257371 -0.063583
v 0.317403 -0.272795 -0.065540
v 0.319772 -0.264304 -0.067329
v 0.335935 -0.244196 -0.069146
v 0.322432 -0.255586 -0.069119
v 0.324268 -0.263329 -0.069764
v 0.329946 -0.245139 -0.070978
v 0.332785 -0.253200 -0.070262
v 0.319006 -0.246656 -0.069904
v 0.327059 -0.236751 -0.072041
v 0.323839 -0.245918 -0.071146
v 0.340380 -0.260418 -0.069852
v 0.343124 -0.252294 -0.066293
v 0.346379 -0.260769 -0.067160
v 0.347628 -0.267467 -0.068048
v 0.350563 -0.260168 -0.062041
v 0.330148 -0.210104 -0.004668
v 0.336712 -0.208974 -0.006227
v 0.342186 -0.225816 -0.007466
v 0.341954 -0.207649 -0.010233
v 0.347814 -0.225032 -0.011881
v 0.351083 -0.225108 -0.017936
v 0.342449 -0.216989 -0.008635
v 0.343794 -0.187969 -0.017715
v 0.339989 -0.188900 -0.012328
v 0.340750 -0.198363 -0.010993
v 0.348039 -0.197488 -0.023242
v 0.346034 -0.206959 -0.015064
v 0.317246 -0.246091 -0.003760
v 0.313260 -0.247189 -0.008722
v 0.328415 -0.244228 -0.001344
v 0.322122 -0.245048 -0.002037
v 0.318050 -0.237181 -0.004691
v 0.323548 -0.210586 -0.003446
v 0.317507 -0.212210 -0.003568
v 0.330048 -0.218911 -0.003933
v 0.324007 -0.228369 -0.002489
v 0.311083 -0.212768 -0.004513
v 0.305409 -0.214202 -0.007257
v 0.312214 -0.231134 -0.005577
v 0.317753 -0.229611 -0.002612
v 0.317377 -0.220862 -0.004145
v 0.278000 -0.204423 -0.031807
v 0.285350 -0.211979 -0.027490
v 0.276256 -0.205559 -0.038717
v 0.282208 -0.213370 -0.041007
v 0.285684 -0.222300 -0.042674
v 0.295325 -0.236885 -0.031225
v 0.292235 -0.239051 -0.037338
v 0.287476 -0.221768 -0.036027
v 0.291856 -0.219288 -0.022870
v 0.297618 -0.235665 -0.025414
v 0.289074 -0.220971 -0.029295
v 0.293296 -0.228715 -0.031627
v 0.310225 -0.247359 -0.012713
v 0.306922 -0.249224 -0.017037
v 0.302607 -0.241650 -0.021578
v 0.308836 -0.239229 -0.012523
v 0.299783 -0.233977 -0.019391
v 0.299516 -0.215926 -0.011394
v 0.294912 -0.217790 -0.016585
v 0.307195 -0.232470 -0.009219
v 0.305336 -0.223658 -0.008167
v 0.298098 -0.225989 -0.019179
v 0.303630 -0.233440 -0.014263
v 0.295572 -0.247264 -0.044244
v 0.299806 -0.254998 -0.043930
v 0.304854 -0.261720 -0.044010
v 0.308771 -0.259959 -0.054983
v 0.301835 -0.253915 -0.050300
v 0.355674 -0.233930 -0.029657
v 0.359096 -0.251264 -0.025527
v 0.357180 -0.242689 -0.027999
v 0.357027 -0.243004 -0.035369
v 0.353028 -0.251894 -0.056275
v 0.354523 -0.259998 -0.056108
v 0.355763 -0.243556 -0.043075
v 0.358055 -0.251855 -0.041452
v 0.350359 -0.244010 -0.057082
v 0.353962 -0.234349 -0.044686
v 0.353340 -0.243906 -0.050627
v 0.286274 -0.221463 -0.055660
v 0.285167 -0.222272 -0.049543
v 0.291914 -0.239667 -0.044204
v 0.290068 -0.230783 -0.043895
v 0.292884 -0.238759 -0.050566
v 0.349418 -0.206779 -0.043082
v 0.351130 -0.206303 -0.035350
v 0.353144 -0.224825 -0.039262
v 0.351641 -0.225757 -0.046669
v 0.344240 -0.206929 -0.057053
v 0.347112 -0.206937 -0.049554
v 0.348882 -0.225795 -0.053177
v 0.349202 -0.216621 -0.048207
v 0.338163 -0.235624 -0.067303
v 0.341187 -0.243634 -0.066498
v 0.345949 -0.244184 -0.062537
v 0.347791 -0.235441 -0.058018
v 0.344886 -0.225975 -0.059582
v 0.339407 -0.207485 -0.062458
v 0.335136 -0.226684 -0.068626
v 0.342487 -0.216965 -0.061038
v 0.340577 -0.226055 -0.064656
v 0.359533 -0.258461 -0.022967
v 0.360342 -0.259325 -0.030925
v 0.351943 -0.258469 -0.007920
v 0.356477 -0.258480 -0.015195
v 0.351478 -0.265210 -0.004791
v 0.360167 -0.265023 -0.020086
v 0.350536 -0.206508 -0.028245
v 0.353574 -0.224831 -0.024550
v 0.350410 -0.215485 -0.020241
v 0.349550 -0.206423 -0.021320
v 0.354167 -0.224519 -0.031887
v 0.352593 -0.215597 -0.033594
v 0.307994 -0.250704 -0.059415
v 0.300566 -0.245133 -0.055600
v 0.304558 -0.252308 -0.054623
v 0.288255 -0.220455 -0.061252
v 0.292851 -0.219106 -0.065713
v 0.295362 -0.237898 -0.055852
v 0.291814 -0.229923 -0.055787
v 0.298435 -0.236273 -0.060762
v 0.298365 -0.216863 -0.069484
v 0.304233 -0.214426 -0.071794
v 0.303356 -0.234396 -0.064427
v 0.298786 -0.226495 -0.065300
v 0.311282 -0.249574 -0.063786
v 0.314641 -0.247875 -0.066812
v 0.316179 -0.238618 -0.070816
v 0.307841 -0.241565 -0.063803
v 0.307957 -0.232309 -0.068364
v 0.320325 -0.190838 -0.071259
v 0.312952 -0.191972 -0.072375
v 0.311250 -0.202844 -0.071597
v 0.329654 -0.227594 -0.071392
v 0.323833 -0.228245 -0.073159
v 0.332028 -0.217790 -0.069756
v 0.321993 -0.210493 -0.072419
v 0.309669 -0.213102 -0.073059
v 0.317997 -0.229220 -0.072942
v 0.309121 -0.222653 -0.070995
v 0.312422 -0.230778 -0.070932
v 0.315906 -0.211591 -0.073156
v 0.320064 -0.219991 -0.073396
v 0.325394 -0.270135 -0.070762
v 0.334886 -0.260937 -0.070836
v 0.329210 -0.261911 -0.070961
v 0.336454 -0.267552 -0.072298
v 0.336183 -0.198752 -0.063599
v 0.332770 -0.188813 -0.065407
v 0.326520 -0.190123 -0.068893
v 0.334335 -0.208702 -0.066660
v 0.324048 -0.200711 -0.071005
v 0.328360 -0.209660 -0.070901
v 0.307909 -0.277154 -0.012617
v 0.309583 -0.285149 -0.019402
v 0.312842 -0.286811 -0.034335
v 0.315690 -0.280084 -0.057340
v 0.315124 -0.286037 -0.046753
v 0.343498 -0.273154 -0.072511
v 0.350254 -0.272223 -0.068724
v 0.349569 -0.276847 -0.070837
v 0.338133 -0.273282 -0.073897
v 0.332423 -0.274113 -0.073852
v 0.339821 -0.278516 -0.075271
v 0.324031 -0.271213 0.008206
v 0.320230 -0.270726 0.007179
v 0.315193 -0.271167 0.004208
v 0.311100 -0.271843 -0.000639
v 0.308797 -0.274161 -0.005701
v 0.307726 -0.278414 -0.004125
v 0.315162 -0.275429 0.006229
v 0.308346 -0.281046 -0.003178
v 0.314996 -0.277948 0.008078
v 0.310969 -0.279996 0.002996
v 0.337260 -0.270990 0.006343
v 0.329530 -0.270696 0.008109
v 0.324785 -0.275687 0.010599
v 0.321985 -0.277001 -0.069925
v 0.326504 -0.275681 -0.072513
v 0.327985 -0.280510 -0.074911
v 0.316538 -0.278868 -0.062871
v 0.318308 -0.278137 -0.066316
v 0.316987 -0.284876 -0.057853
v 0.320126 -0.282484 -0.067995
v 0.354813 -0.271980 -0.061260
v 0.353902 -0.276394 -0.066048
v 0.359304 -0.275885 -0.055598
v 0.363739 -0.270064 -0.034566
v 0.361315 -0.275919 -0.048769
v 0.364311 -0.275289 -0.036646
v 0.335517 -0.274504 0.008643
v 0.344945 -0.271994 0.004133
v 0.341398 -0.274256 0.008108
v 0.349432 -0.274830 0.001647
v 0.351604 -0.270592 -0.002368
v 0.356395 -0.269558 -0.008573
v 0.352573 -0.275274 -0.001718
v 0.363136 -0.270291 -0.025909
v 0.360364 -0.269361 -0.017194
v 0.364921 -0.274719 -0.029293
v 0.360061 -0.271535 -0.013937
v 0.309064 -0.273158 -0.019707
v 0.308614 -0.267810 -0.032888
v 0.308028 -0.267284 -0.026279
v 0.308839 -0.279465 -0.019459
v 0.310761 -0.279885 -0.026068
v 0.309039 -0.267879 -0.038909
v 0.310541 -0.267455 -0.044826
v 0.311643 -0.280547 -0.033468
v 0.313002 -0.281055 -0.040369
v 0.310929 -0.274400 -0.032670
v 0.356361 -0.266480 -0.055162
v 0.359761 -0.259301 -0.039417
v 0.357832 -0.259653 -0.048585
v 0.361961 -0.265484 -0.037619
v 0.358891 -0.271303 -0.053101
v 0.362189 -0.270738 -0.044008
v 0.359466 -0.274837 -0.012319
v 0.362290 -0.275043 -0.017858
v 0.314082 -0.273769 -0.056834
v 0.312380 -0.266591 -0.055910
v 0.311630 -0.267390 -0.050414
v 0.313591 -0.280729 -0.046446
v 0.314593 -0.280360 -0.052414
v 0.312391 -0.274303 -0.046293
v 0.029387 0.210580 0.076184
v 0.029479 0.202505 0.081428
v 0.029744 0.193396 0.087568
v 0.030088 0.184345 0.093198
v 0.021489 0.199796 0.082965
v 0.228223 0.074261 0.029993
v 0.234257 0.079825 0.026153
v 0.231017 0.091213 0.027617
v 0.213485 0.089459 0.035611
v 0.220747 0.095985 0.033580
v 0.221199 0.068299 0.031775
v 0.214255 0.063025 0.032219
v 0.204677 0.068290 0.032572
v 0.201086 0.078788 0.035417
v 0.206722 0.083663 0.036772
v 0.217326 0.079261 0.033888
v 0.255170 0.094630 -0.001825
v 0.258434 0.092436 -0.010243
v 0.257623 0.096075 -0.020527
v 0.250863 0.105813 0.001410
v 0.247600 0.117746 -0.001008
v 0.250127 0.121275 -0.010975
v 0.254016 0.098824 -0.031997
v 0.248304 0.123199 -0.022263
v 0.244915 0.127166 -0.032418
v 0.245936 0.103241 -0.043971
v 0.252579 0.110405 -0.022116
v 0.063389 -0.123589 0.164040
v 0.075188 -0.124864 0.157457
v 0.063029 -0.136551 0.165846
v 0.086677 -0.149445 0.153532
v 0.075111 -0.148863 0.160418
v 0.133262 -0.099457 -0.057970
v 0.139581 -0.089985 -0.050459
v 0.137187 -0.077588 -0.052638
v 0.121467 -0.082764 -0.065826
v 0.136651 -0.064360 -0.055269
v 0.120165 -0.055044 -0.070418
v 0.119733 -0.069323 -0.066844
v 0.128250 -0.073555 -0.059985
v 0.047532 -0.033627 -0.095538
v 0.059434 -0.037832 -0.093369
v 0.047455 -0.066451 -0.090911
v 0.070591 -0.043416 -0.091401
v 0.059275 -0.070939 -0.087898
v 0.070870 -0.075483 -0.085308
v 0.081904 -0.064569 -0.085402
v 0.081501 -0.048116 -0.087625
v 0.059687 -0.054383 -0.091571
v 0.155530 -0.085278 0.062832
v 0.162350 -0.082933 0.037820
v 0.163320 -0.094831 0.040387
v 0.168692 -0.116994 0.046136
v 0.165125 -0.118649 0.058143
v 0.158629 -0.108559 0.067873
v 0.156587 -0.097355 0.064638
v 0.165942 -0.105948 0.043343
v 0.160357 -0.096276 0.052269
v 0.119205 -0.075739 0.115241
v 0.127665 -0.088140 0.107126
v 0.128688 -0.101662 0.109517
v 0.128595 -0.126154 0.114265
v 0.118945 -0.127200 0.123832
v 0.129095 -0.114255 0.112034
v 0.119203 -0.102075 0.119453
v 0.165479 -0.143945 0.076896
v 0.157524 -0.146040 0.089159
v 0.163643 -0.131991 0.074128
v 0.147689 -0.136167 0.097163
v 0.146641 -0.123575 0.094353
v 0.154710 -0.122710 0.082884
v 0.103134 -0.140302 -0.087328
v 0.088326 -0.124706 -0.087199
v 0.083754 -0.095236 -0.083312
v 0.086028 -0.110561 -0.084531
v 0.093050 -0.084553 -0.079250
v 0.103860 -0.089033 -0.075432
v 0.097384 -0.113417 -0.082070
v 0.126645 -0.109375 -0.064715
v 0.114168 -0.092447 -0.070199
v 0.123316 -0.096206 -0.064497
v 0.108780 -0.116769 -0.077173
v 0.106005 -0.103034 -0.076035
v 0.133292 -0.133754 -0.067484
v 0.114522 -0.142092 -0.081760
v 0.126272 -0.143711 -0.076098
v 0.129518 -0.121213 -0.066031
v 0.112024 -0.129873 -0.079487
v 0.119899 -0.119116 -0.072546
v 0.035872 -0.079151 -0.090537
v 0.036127 -0.062664 -0.092353
v 0.024407 -0.025832 -0.097725
v 0.035845 -0.029643 -0.096637
v 0.035943 -0.046321 -0.095234
v 0.023929 -0.058183 -0.093282
v 0.160066 -0.045452 0.019798
v 0.158054 -0.045447 0.032370
v 0.160747 -0.069096 0.022929
v 0.162320 -0.068784 0.010673
v 0.160158 -0.045086 0.007485
v 0.160218 -0.043867 -0.005120
v 0.159005 -0.065066 -0.014073
v 0.161169 -0.067061 -0.000851
v 0.161425 -0.056611 0.008772
v 0.143364 -0.032861 -0.049745
v 0.143850 -0.056345 -0.048252
v 0.149580 -0.036723 -0.039595
v 0.136738 -0.052231 -0.057218
v 0.137133 -0.027813 -0.059166
v 0.131393 -0.022530 -0.068047
v 0.120490 -0.041882 -0.073476
v 0.128837 -0.046977 -0.065971
v 0.136779 -0.039750 -0.058956
v 0.094978 0.005667 -0.093707
v 0.105502 -0.001362 -0.088660
v 0.082313 -0.017313 -0.094315
v 0.082633 -0.002315 -0.095870
v 0.092937 -0.023321 -0.089885
v 0.122772 -0.015203 -0.076017
v 0.114588 -0.008769 -0.082769
v 0.102179 -0.029456 -0.084707
v 0.112227 -0.035526 -0.079848
v 0.121704 -0.028302 -0.074815
v 0.103406 -0.015554 -0.087221
v 0.110762 -0.062280 0.121991
v 0.091601 -0.061649 0.139017
v 0.103009 -0.049502 0.129493
v 0.110058 -0.076129 0.124350
v 0.081976 -0.048721 0.144732
v 0.074001 -0.022229 0.147524
v 0.085446 -0.023679 0.141280
v 0.071658 -0.035411 0.148328
v 0.094319 -0.036594 0.135824
v 0.092879 -0.049349 0.137681
v 0.154894 -0.044866 0.045417
v 0.160489 -0.070188 0.036397
v 0.157906 -0.070965 0.048087
v 0.159188 -0.057776 0.033868
v 0.041361 -0.073322 0.164951
v 0.042718 -0.061646 0.162829
v 0.030972 -0.049553 0.162565
v 0.027544 -0.073662 0.167244
v 0.016501 -0.050603 0.163641
v 0.048359 0.051521 -0.109818
v 0.035453 0.030671 -0.105333
v 0.047579 0.028303 -0.104446
v 0.061262 0.052365 -0.108455
v 0.059572 0.024593 -0.103095
v 0.085092 0.027499 -0.099671
v 0.088309 0.040062 -0.102132
v 0.071606 0.019753 -0.100665
v 0.076164 0.051997 -0.107306
v 0.056770 0.040137 -0.106037
v 0.157567 -0.042277 -0.016638
v 0.154613 -0.062832 -0.025894
v 0.149401 -0.059681 -0.037606
v 0.154387 -0.039803 -0.028904
v 0.158376 -0.053539 -0.015509
v 0.149684 -0.048193 -0.038834
v 0.040672 0.153405 0.120648
v 0.050515 0.122009 0.146343
v 0.042269 0.119118 0.147094
v 0.040916 0.136888 0.135113
v 0.059200 0.123885 0.144771
v 0.067507 0.125493 0.144279
v 0.049901 0.139664 0.133400
v 0.050198 0.130320 0.140337
v 0.066467 0.151543 0.122885
v 0.057685 0.158704 0.117113
v 0.048870 0.156326 0.118865
v 0.049464 0.148130 0.126664
v 0.058284 0.141490 0.132272
v 0.075299 0.144270 0.128620
v 0.075866 0.127067 0.142857
v 0.083943 0.127860 0.140656
v 0.067039 0.134269 0.137165
v 0.066659 0.142805 0.130189
v 0.092197 0.145457 0.123996
v 0.083705 0.145081 0.126539
v 0.091958 0.128550 0.138250
v 0.083863 0.136451 0.133281
v 0.099931 0.145701 0.121828
v 0.108219 0.145735 0.119200
v 0.099922 0.137157 0.128882
v 0.146886 0.136194 0.099540
v 0.141173 0.139507 0.104439
v 0.129454 0.143762 0.111305
v 0.136012 0.142368 0.108556
v 0.139624 0.131981 0.109996
v 0.161031 0.118773 0.081235
v 0.158415 0.122605 0.086136
v 0.162288 0.109706 0.078177
v 0.154773 0.128036 0.090695
v 0.151126 0.132695 0.095320
v 0.149080 0.125346 0.099919
v 0.156234 0.116231 0.090535
v 0.164556 0.101688 0.072955
v 0.166479 0.093672 0.067716
v 0.161991 0.101560 0.079545
v 0.168094 0.085110 0.061523
v 0.165705 0.088131 0.069766
v 0.167371 0.051789 0.039434
v 0.166617 0.055768 0.048529
v 0.167891 0.070812 0.055568
v 0.170117 0.079527 0.044771
v 0.169363 0.082932 0.053110
v 0.169867 0.069632 0.037244
v 0.168340 0.076812 0.054262
v 0.168910 0.067631 0.046381
v 0.162958 0.068720 0.077998
v 0.162895 0.052545 0.062001
v 0.162449 0.059048 0.071355
v 0.165381 0.056334 0.056706
v 0.166227 0.073142 0.064998
v 0.166433 0.064668 0.056855
v 0.161763 0.077678 0.085845
v 0.159843 0.085503 0.092226
v 0.160734 0.097851 0.084424
v 0.163482 0.091723 0.077969
v 0.164817 0.081488 0.072581
v 0.164869 0.075330 0.075171
v 0.156507 0.093412 0.097467
v 0.157683 0.104812 0.090531
v 0.154877 0.109818 0.095440
v 0.158991 0.093785 0.090012
v 0.038502 0.066433 0.159033
v 0.036811 0.081012 0.158691
v 0.038450 0.050575 0.159136
v 0.032357 0.036409 0.156715
v 0.028723 0.062734 0.158451
v 0.028937 0.218587 0.070235
v 0.029006 0.226649 0.065659
v 0.020960 0.216447 0.072468
v 0.264603 -0.141217 -0.064889
v 0.271222 -0.125968 -0.068826
v 0.259278 -0.131224 -0.062138
v 0.264971 -0.116926 -0.067306
v 0.269687 -0.138666 -0.067837
v 0.258862 -0.119721 -0.064578
v 0.342373 -0.234810 -0.005890
v 0.341788 -0.242929 -0.005085
v 0.334845 -0.243800 -0.003086
v 0.336719 -0.226349 -0.004248
v 0.329809 -0.235398 -0.003588
v 0.330554 -0.227337 -0.002167
v 0.036297 0.270842 -0.085599
v 0.036362 0.284153 -0.078267
v 0.027841 0.283277 -0.079185
v 0.044276 0.280496 -0.079902
v 0.018904 0.266137 -0.087898
v 0.028078 0.268521 -0.086874
v 0.019351 0.280345 -0.081252
v 0.010312 0.278725 -0.082634
v 0.027234 0.275602 -0.082989
v 0.009906 0.247445 -0.093702
v 0.010314 0.255108 -0.091552
v 0.010419 0.263508 -0.088732
v 0.001953 0.275527 -0.084162
v 0.010228 0.271193 -0.085680
v 0.001035 0.260248 -0.089938
v 0.116716 0.292404 -0.045407
v 0.109547 0.295903 -0.043328
v 0.103668 0.293740 -0.053235
v 0.095565 0.291794 -0.062054
v 0.087426 0.288822 -0.069475
v 0.100223 0.286432 -0.065575
v 0.079016 0.285472 -0.073836
v 0.070043 0.284214 -0.076103
v 0.061621 0.279305 -0.080970
v 0.084544 0.280967 -0.077238
v 0.045444 0.265530 -0.088133
v 0.053210 0.276678 -0.082547
v 0.045095 0.273247 -0.083660
v 0.063166 0.272551 -0.085313
v 0.142351 -0.036042 0.081710
v 0.151599 -0.033206 0.058477
v 0.141765 -0.024281 0.082752
v 0.146604 -0.022273 0.072093
v 0.151726 -0.046438 0.058255
v 0.050460 0.222674 -0.103459
v 0.049918 0.231824 -0.101370
v 0.040659 0.219998 -0.102981
v 0.039445 0.237674 -0.098655
v 0.030392 0.235077 -0.098159
v 0.030299 0.226874 -0.100671
v 0.058143 0.243918 -0.098181
v 0.067397 0.247900 -0.096701
v 0.047500 0.249164 -0.095348
v 0.046179 0.257264 -0.092119
v 0.055664 0.260845 -0.091119
v 0.078169 0.251781 -0.095737
v 0.088589 0.255733 -0.092369
v 0.074778 0.268802 -0.086855
v 0.064927 0.264852 -0.089599
v 0.066110 0.256848 -0.093404
v 0.100163 0.259202 -0.088362
v 0.111793 0.263691 -0.083093
v 0.104819 0.280507 -0.069462
v 0.093644 0.278493 -0.076137
v 0.084726 0.272988 -0.082787
v 0.086960 0.263949 -0.087821
v 0.132448 0.284320 -0.049517
v 0.123898 0.288151 -0.048691
v 0.134056 0.265574 -0.070883
v 0.123161 0.265496 -0.076374
v 0.116085 0.283838 -0.060718
v 0.112923 0.273218 -0.073667
v 0.141630 0.281090 -0.047889
v 0.143762 0.263478 -0.067585
v 0.152199 0.261146 -0.065131
v 0.155244 0.269048 -0.055315
v 0.150162 0.278244 -0.046757
v 0.137114 0.274680 -0.060915
v 0.164791 0.249123 -0.068149
v 0.174013 0.253004 -0.057241
v 0.167424 0.256475 -0.060350
v 0.168502 0.238906 -0.072663
v 0.174100 0.236167 -0.069844
v 0.181216 0.249253 -0.054319
v 0.179791 0.232592 -0.067040
v 0.184983 0.229080 -0.064110
v 0.177181 0.242474 -0.062633
v 0.188335 0.259354 -0.034754
v 0.184527 0.254541 -0.044744
v 0.194207 0.253135 -0.031910
v 0.186822 0.244542 -0.051707
v 0.206093 0.233160 -0.035491
v 0.203320 0.229432 -0.043865
v 0.200131 0.247337 -0.029478
v 0.197088 0.244393 -0.039750
v 0.195358 0.220772 -0.059573
v 0.199534 0.224755 -0.052007
v 0.190628 0.224884 -0.061764
v 0.188904 0.234762 -0.057324
v 0.193047 0.239561 -0.049087
v 0.198551 0.234967 -0.046653
v 0.232072 0.152830 -0.045644
v 0.236110 0.151280 -0.037662
v 0.237816 0.141814 -0.039347
v 0.239971 0.132062 -0.040731
v 0.241502 0.122029 -0.043953
v 0.234024 0.136762 -0.048303
v 0.236694 0.106576 -0.054948
v 0.240552 0.113862 -0.048873
v 0.233788 0.120978 -0.054898
v 0.228549 0.092041 -0.065480
v 0.232430 0.100010 -0.060819
v 0.219784 0.090026 -0.069877
v 0.227600 0.108517 -0.064045
v 0.202377 0.083962 -0.073868
v 0.211310 0.086551 -0.072687
v 0.214913 0.098901 -0.072273
v 0.193172 0.083375 -0.074050
v 0.184579 0.085916 -0.072728
v 0.198716 0.093132 -0.074929
v 0.177614 0.089473 -0.071365
v 0.171549 0.093022 -0.069882
v 0.171998 0.098186 -0.071789
v 0.184148 0.093674 -0.074162
v 0.156962 0.110627 -0.064328
v 0.158312 0.107789 -0.064532
v 0.160158 0.114203 -0.067852
v 0.158579 0.118354 -0.067997
v 0.159257 0.110579 -0.066862
v 0.156256 0.115619 -0.063595
v 0.156200 0.114099 -0.064068
v 0.157174 0.124341 -0.067732
v 0.157489 0.121693 -0.067602
v 0.156831 0.121295 -0.065891
v 0.156570 0.117361 -0.065773
v 0.158621 0.106669 -0.069706
v 0.159855 0.094997 -0.062055
v 0.160187 0.098826 -0.061256
v 0.158994 0.102918 -0.070125
v 0.159172 0.105254 -0.065497
v 0.159862 0.091072 -0.063070
v 0.159983 0.088229 -0.062611
v 0.158451 0.098780 -0.071627
v 0.159711 0.096655 -0.066810
v 0.143514 0.043119 -0.072537
v 0.148963 0.048309 -0.069210
v 0.151715 0.057088 -0.069794
v 0.144162 0.069692 -0.082615
v 0.138467 0.063093 -0.086126
v 0.154295 0.063277 -0.068116
v 0.149153 0.072968 -0.078555
v 0.148788 0.064649 -0.076051
v 0.133405 0.027557 -0.075907
v 0.138800 0.035792 -0.074243
v 0.126422 0.034970 -0.084037
v 0.124661 0.050074 -0.089735
v 0.131680 0.056432 -0.088031
v 0.138114 0.049752 -0.080397
v 0.134055 -0.213601 -0.088610
v 0.128404 -0.235416 -0.097033
v 0.156004 -0.212271 -0.068290
v 0.145648 -0.213148 -0.078074
v 0.140640 -0.222536 -0.085407
v 0.161250 -0.247618 -0.067814
v 0.139890 -0.241566 -0.089199
v 0.139312 -0.231864 -0.088592
v 0.149796 -0.230987 -0.077453
v 0.029316 -0.185874 -0.109211
v 0.059516 -0.188720 -0.110207
v 0.044813 -0.187159 -0.109655
v 0.043121 -0.173569 -0.106022
v 0.192410 -0.217155 0.023813
v 0.191261 -0.217784 0.036936
v 0.194205 -0.231532 0.012678
v 0.194569 -0.231828 0.026307
v 0.191502 -0.215361 0.009869
v 0.188992 -0.214552 -0.004428
v 0.191435 -0.230412 -0.000862
v 0.188894 -0.229301 -0.015237
v 0.192548 -0.223693 0.011975
v 0.185616 -0.213526 -0.018854
v 0.179609 -0.212701 -0.032210
v 0.183377 -0.228708 -0.028274
v 0.187574 -0.221029 -0.017110
v 0.172788 -0.212792 -0.044934
v 0.164484 -0.212519 -0.056592
v 0.161400 -0.220408 -0.063919
v 0.175179 -0.220937 -0.043419
v 0.189490 -0.219059 0.049904
v 0.183995 -0.219664 0.062012
v 0.193178 -0.233060 0.038942
v 0.191200 -0.233951 0.051851
v 0.192435 -0.225642 0.038656
v 0.102561 -0.235774 0.142009
v 0.091094 -0.236806 0.149051
v 0.114121 -0.234021 0.135373
v 0.124936 -0.231959 0.128064
v 0.114219 -0.241415 0.133776
v 0.029655 -0.242233 0.168931
v 0.042973 -0.241547 0.166651
v 0.055022 -0.239975 0.163482
v 0.042424 -0.248625 0.164832
v 0.179349 -0.221295 0.074394
v 0.171851 -0.222648 0.084629
v 0.186161 -0.235203 0.063485
v 0.184769 -0.227334 0.062821
v 0.066833 -0.239472 0.159509
v 0.079097 -0.237625 0.154943
v 0.090590 -0.244080 0.147603
v 0.066391 -0.246021 0.157585
v 0.135595 -0.229785 0.120693
v 0.146217 -0.228010 0.112614
v 0.136420 -0.238126 0.119632
v 0.156589 -0.226094 0.103816
v 0.164517 -0.224320 0.094808
v 0.173152 -0.230400 0.085341
v 0.156838 -0.234424 0.103656
v 0.130491 -0.203689 -0.089025
v 0.126228 -0.192672 -0.089107
v 0.114469 -0.192997 -0.096542
v 0.121335 -0.214236 -0.096973
v 0.100974 -0.191612 -0.101143
v 0.077081 -0.202709 -0.110419
v 0.080881 -0.213950 -0.112471
v 0.104591 -0.202446 -0.103242
v 0.097984 -0.179086 -0.099077
v 0.095545 -0.165626 -0.096840
v 0.073827 -0.190170 -0.108115
v 0.071040 -0.176356 -0.105192
v 0.087852 -0.190717 -0.106124
v 0.042260 0.105398 -0.115124
v 0.031491 0.105186 -0.115243
v 0.054981 0.105285 -0.115973
v 0.066811 0.105907 -0.116289
v 0.052201 0.116529 -0.116812
v 0.077837 0.107164 -0.114685
v 0.088333 0.109027 -0.113096
v 0.074424 0.118037 -0.115449
v 0.110429 0.147135 -0.109078
v 0.115593 0.117710 -0.105373
v 0.124331 0.118792 -0.102113
v 0.110896 0.136943 -0.108056
v 0.119770 0.140024 -0.105379
v 0.097577 0.112183 -0.110808
v 0.106886 0.115163 -0.107984
v 0.092199 0.121437 -0.112447
v 0.101434 0.134741 -0.109953
v 0.110428 0.126666 -0.106937
v 0.149107 0.162960 -0.095548
v 0.154899 0.141400 -0.090744
v 0.157733 0.144102 -0.088947
v 0.149401 0.154768 -0.094098
v 0.153250 0.157484 -0.093089
v 0.151711 0.138614 -0.091943
v 0.147724 0.135072 -0.092437
v 0.144656 0.152308 -0.095930
v 0.150107 0.146674 -0.093253
v 0.159110 0.148072 -0.088504
v 0.157010 0.159047 -0.091485
v 0.156790 0.151600 -0.090886
v 0.161299 0.147333 -0.085128
v 0.161829 0.147704 -0.081592
v 0.163752 0.151742 -0.080171
v 0.161458 0.153820 -0.088048
v 0.165489 0.152931 -0.078726
v 0.165748 0.156582 -0.081087
v 0.167464 0.148619 -0.077677
v 0.166128 0.151375 -0.077409
v 0.167972 0.155724 -0.078999
v 0.186106 0.180405 -0.079004
v 0.181732 0.181716 -0.080911
v 0.184679 0.169056 -0.079340
v 0.188132 0.174440 -0.078692
v 0.178119 0.184516 -0.082202
v 0.175323 0.185870 -0.083724
v 0.178854 0.176205 -0.081500
v 0.138015 0.187696 -0.098500
v 0.145121 0.188385 -0.096176
v 0.143610 0.170221 -0.097574
v 0.149281 0.171927 -0.095131
v 0.130918 0.186141 -0.101426
v 0.123589 0.184421 -0.104159
v 0.138268 0.168288 -0.099496
v 0.137930 0.177702 -0.099364
v 0.039897 0.164033 -0.112691
v 0.028837 0.162031 -0.112199
v 0.018964 0.160192 -0.112098
v 0.029163 0.152459 -0.113142
v 0.167485 0.043739 0.020230
v 0.167728 0.047241 0.030404
v 0.169925 0.059540 0.028879
v 0.168212 0.057763 0.038340
v 0.169451 0.063505 0.038067
v 0.166495 0.039568 -0.000872
v 0.167863 0.040762 0.009677
v 0.169103 0.053201 0.008551
v 0.169190 0.055746 0.018996
v 0.168224 0.049661 0.019265
v 0.165049 0.039466 -0.011679
v 0.163773 0.041648 -0.022047
v 0.167036 0.052077 -0.012179
v 0.168512 0.051963 -0.001904
v 0.167138 0.045953 -0.001261
v 0.162926 0.044285 -0.030984
v 0.164062 0.055666 -0.031136
v 0.165597 0.053301 -0.021777
v 0.161255 0.048131 -0.039178
v 0.164294 0.047727 -0.021755
v 0.163624 0.058960 -0.039045
v 0.161795 0.062262 -0.045827
v 0.159550 0.057648 -0.053709
v 0.160490 0.052887 -0.046992
v 0.162883 0.053363 -0.038982
v 0.160236 0.066821 -0.052505
v 0.158879 0.071408 -0.059210
v 0.158430 0.062721 -0.060531
v 0.156423 0.067787 -0.066562
v 0.160141 0.062693 -0.053547
v 0.157745 0.076707 -0.064027
v 0.150682 0.080075 -0.077257
v 0.153554 0.073187 -0.072451
v 0.157284 0.072598 -0.065311
v 0.159074 0.084515 -0.063166
v 0.158519 0.080549 -0.063841
v 0.158317 0.088608 -0.068129
v 0.157023 0.081827 -0.069463
v 0.149110 0.087309 -0.081947
v 0.153573 0.084089 -0.075494
v 0.155886 0.087130 -0.074492
v 0.157473 0.100702 -0.075685
v 0.154029 0.103295 -0.081568
v 0.158011 0.094258 -0.071901
v 0.156997 0.090873 -0.073375
v 0.153612 0.093159 -0.078789
v 0.141698 0.099654 -0.091081
v 0.145220 0.092452 -0.086783
v 0.149985 0.106425 -0.086506
v 0.150131 0.093922 -0.083589
v 0.152537 0.099189 -0.083852
v 0.137904 0.107670 -0.094673
v 0.131949 0.115129 -0.098506
v 0.147533 0.114850 -0.089946
v 0.145258 0.123156 -0.091727
v 0.130617 0.124411 -0.099378
v 0.143791 0.108568 -0.091239
v 0.142912 0.132057 -0.094268
v 0.127445 0.142866 -0.103013
v 0.129057 0.133598 -0.101467
v 0.141376 0.140663 -0.096222
v 0.137517 0.128101 -0.096637
v 0.126011 0.153115 -0.103858
v 0.138849 0.159136 -0.098592
v 0.139198 0.149877 -0.097444
v 0.132076 0.166187 -0.102141
v 0.133725 0.146927 -0.100547
v 0.099505 0.176994 -0.111264
v 0.100714 0.155052 -0.111620
v 0.109394 0.157878 -0.109641
v 0.116649 0.181368 -0.106251
v 0.108052 0.179169 -0.108494
v 0.117346 0.160781 -0.106205
v 0.123936 0.173833 -0.104555
v 0.125152 0.163694 -0.104535
v 0.108689 0.168338 -0.109324
v 0.090390 0.185670 -0.113009
v 0.071306 0.190692 -0.112165
v 0.071267 0.180793 -0.113495
v 0.090469 0.174831 -0.113636
v 0.080428 0.213537 -0.108972
v 0.070760 0.210421 -0.108542
v 0.089960 0.206530 -0.109165
v 0.089967 0.196125 -0.111159
v 0.070907 0.200499 -0.111011
v 0.080547 0.193619 -0.112321
v 0.071795 0.128743 -0.115893
v 0.083011 0.127144 -0.114772
v 0.091524 0.142233 -0.113321
v 0.092399 0.132260 -0.112622
v 0.071114 0.170186 -0.114611
v 0.090600 0.152595 -0.113320
v 0.090263 0.163715 -0.114005
v 0.080998 0.172165 -0.115051
v 0.080967 0.150294 -0.115259
v 0.082310 0.310131 -0.035581
v 0.078655 0.314398 -0.034010
v 0.073309 0.315087 -0.039484
v 0.082057 0.306569 -0.043520
v 0.078148 0.305556 -0.049910
v 0.073685 0.307959 -0.049421
v 0.054961 0.306053 -0.060275
v 0.062114 0.307283 -0.057383
v 0.065436 0.315907 -0.046748
v 0.047761 0.311871 -0.058842
v 0.056295 0.315445 -0.052486
v 0.048887 0.307525 -0.061189
v 0.067980 0.308582 -0.052695
v 0.069778 0.312106 -0.047569
v 0.180402 0.118449 -0.077142
v 0.189527 0.099055 -0.075816
v 0.183533 0.099396 -0.074949
v 0.186597 0.109967 -0.076813
v 0.172422 0.106423 -0.074021
v 0.172092 0.102600 -0.072952
v 0.177608 0.100304 -0.073773
v 0.181506 0.109133 -0.075903
v 0.182670 0.104404 -0.075334
v 0.177459 0.115738 -0.076170
v 0.174147 0.113855 -0.075411
v 0.172565 0.110280 -0.074610
v 0.179450 0.113090 -0.076465
v 0.176592 0.109060 -0.075591
v 0.202978 0.102802 -0.075468
v 0.196423 0.100244 -0.076104
v 0.194185 0.106455 -0.076618
v 0.221637 0.115666 -0.067708
v 0.217987 0.108418 -0.070483
v 0.210050 0.105971 -0.073955
v 0.204434 0.111503 -0.075585
v 0.207659 0.122789 -0.074646
v 0.188917 0.116786 -0.077331
v 0.192017 0.111787 -0.077161
v 0.197830 0.113371 -0.076712
v 0.198564 0.123629 -0.076610
v 0.202971 0.118180 -0.076293
v 0.227549 0.126922 -0.060089
v 0.225259 0.121248 -0.063811
v 0.211583 0.127204 -0.072801
v 0.216216 0.121552 -0.070072
v 0.206113 0.140559 -0.074690
v 0.207092 0.131664 -0.074730
v 0.214840 0.131766 -0.070484
v 0.229381 0.140230 -0.054055
v 0.229537 0.133434 -0.056689
v 0.222491 0.132090 -0.064486
v 0.217599 0.136386 -0.067866
v 0.211800 0.148490 -0.070209
v 0.208820 0.144542 -0.072418
v 0.213148 0.140109 -0.070413
v 0.219311 0.140964 -0.064988
v 0.213999 0.151739 -0.068181
v 0.220652 0.154922 -0.061593
v 0.217145 0.148618 -0.066415
v 0.223801 0.155076 -0.057497
v 0.228123 0.154179 -0.051922
v 0.229047 0.146721 -0.052948
v 0.224984 0.143370 -0.059031
v 0.219917 0.145604 -0.063379
v 0.220952 0.150282 -0.061884
v 0.203224 0.191375 -0.066478
v 0.199666 0.187804 -0.070505
v 0.205991 0.185089 -0.065609
v 0.199951 0.179172 -0.072364
v 0.205029 0.167266 -0.070964
v 0.212453 0.172380 -0.063547
v 0.209662 0.179049 -0.064801
v 0.202164 0.172817 -0.071640
v 0.205120 0.177378 -0.068883
v 0.211285 0.156069 -0.069065
v 0.208275 0.161124 -0.070172
v 0.218113 0.160743 -0.061911
v 0.215564 0.166625 -0.062502
v 0.216586 0.155305 -0.065494
v 0.210912 0.165670 -0.066875
v 0.168835 0.145460 -0.078309
v 0.171230 0.142006 -0.077865
v 0.172070 0.149705 -0.078979
v 0.176462 0.133613 -0.078227
v 0.173643 0.137687 -0.078122
v 0.176886 0.141596 -0.079340
v 0.179331 0.129052 -0.078302
v 0.179978 0.124209 -0.078158
v 0.185122 0.121009 -0.077847
v 0.194742 0.128103 -0.077325
v 0.191029 0.123238 -0.077740
v 0.183365 0.132895 -0.079089
v 0.198693 0.141005 -0.077084
v 0.198718 0.132293 -0.077229
v 0.202947 0.136269 -0.076075
v 0.187394 0.137257 -0.079176
v 0.191168 0.132390 -0.078412
v 0.194764 0.145620 -0.078164
v 0.190654 0.150118 -0.079086
v 0.180357 0.145693 -0.079672
v 0.183513 0.141409 -0.079497
v 0.190955 0.141138 -0.078721
v 0.187266 0.154703 -0.079547
v 0.184484 0.159294 -0.079939
v 0.174911 0.154151 -0.079562
v 0.177212 0.149920 -0.079657
v 0.184030 0.149860 -0.079947
v 0.039859 0.126256 -0.116633
v 0.039201 0.144368 -0.115054
v 0.028091 0.143277 -0.114370
v 0.050414 0.126827 -0.116953
v 0.061311 0.127980 -0.116986
v 0.049446 0.145900 -0.115566
v 0.068146 0.138558 -0.115902
v 0.046783 0.136393 -0.116360
v 0.157091 0.165860 -0.092382
v 0.159376 0.159711 -0.090773
v 0.161902 0.161015 -0.088843
v 0.165332 0.162790 -0.086455
v 0.163306 0.167085 -0.088806
v 0.166634 0.161474 -0.083145
v 0.168276 0.161094 -0.080862
v 0.172710 0.172680 -0.082595
v 0.168171 0.167402 -0.084717
v 0.181444 0.163996 -0.080217
v 0.170042 0.160005 -0.079965
v 0.172392 0.157483 -0.079772
v 0.179741 0.169397 -0.080293
v 0.175508 0.170539 -0.081240
v 0.178004 0.159100 -0.079935
v 0.172140 0.165697 -0.080491
v 0.168112 0.187835 -0.087168
v 0.171863 0.187203 -0.085232
v 0.172523 0.179741 -0.084662
v 0.168048 0.174047 -0.086954
v 0.170878 0.173057 -0.084147
v 0.159524 0.188644 -0.090375
v 0.164119 0.188501 -0.088587
v 0.161218 0.173378 -0.089991
v 0.164695 0.173867 -0.088580
v 0.166543 0.180985 -0.087988
v 0.155422 0.189250 -0.092358
v 0.150570 0.189174 -0.094263
v 0.154220 0.173013 -0.093702
v 0.149803 0.180258 -0.094935
v 0.157540 0.173637 -0.091963
v 0.158738 0.181109 -0.091104
v 0.049938 0.165613 -0.113657
v 0.060357 0.168395 -0.114931
v 0.050105 0.155674 -0.114680
v 0.070459 0.148660 -0.116403
v 0.070500 0.159432 -0.116218
v 0.059668 0.147167 -0.116178
v 0.018322 0.141942 -0.114075
v 0.026017 0.134326 -0.115553
v 0.202479 0.211694 0.036836
v 0.198013 0.201666 0.044261
v 0.191810 0.218330 0.043006
v 0.187975 0.206444 0.049598
v 0.190589 0.198009 0.050664
v 0.209856 0.226639 0.018534
v 0.206510 0.220142 0.027860
v 0.199483 0.236165 0.025874
v 0.196544 0.228157 0.034796
v 0.199814 0.220237 0.036311
v 0.211263 0.231004 0.007669
v 0.212040 0.234408 -0.003148
v 0.203600 0.246574 0.004382
v 0.202589 0.242530 0.015629
v 0.206458 0.234693 0.016328
v 0.211401 0.235177 -0.014471
v 0.208928 0.235378 -0.025170
v 0.204482 0.248873 -0.007256
v 0.202420 0.248793 -0.018827
v 0.204955 0.241750 -0.027686
v 0.208290 0.241891 -0.005061
v 0.011472 0.310539 -0.066577
v 0.012091 0.304985 -0.069169
v 0.003063 0.303249 -0.069708
v 0.209293 -0.049962 -0.028692
v 0.208378 -0.050498 -0.020949
v 0.212839 -0.064021 -0.025459
v 0.210555 -0.057027 -0.014637
v 0.212736 -0.064153 -0.016751
v 0.212235 -0.056602 -0.030890
v 0.010984 0.071231 -0.110743
v 0.010199 0.083135 -0.111884
v 0.009657 0.094616 -0.113012
v -0.001039 0.086991 -0.112081
v 0.011900 -0.008665 -0.101052
v 0.011776 0.006772 -0.102443
v 0.011756 0.020926 -0.103701
v 0.000452 0.010880 -0.102023
v 0.052432 -0.130962 -0.095447
v 0.065329 -0.133339 -0.094904
v 0.041200 -0.158685 -0.103436
v 0.055343 -0.160688 -0.103080
v 0.038755 -0.126829 -0.096237
v 0.027115 -0.155813 -0.103498
v 0.040409 -0.143112 -0.100096
v 0.037890 -0.111873 -0.093468
v 0.036900 -0.095920 -0.091060
v 0.024032 -0.091423 -0.092471
v 0.025689 -0.123564 -0.096513
v 0.014200 -0.196603 -0.111969
v -0.001853 -0.204533 -0.114406
v 0.013609 -0.183479 -0.108813
v 0.013559 -0.168405 -0.106296
v 0.013109 -0.152536 -0.104085
v -0.001642 -0.178325 -0.107973
v 0.012044 -0.086750 -0.093556
v 0.011634 -0.103683 -0.094541
v 0.011765 -0.069950 -0.092628
v 0.012543 -0.054094 -0.094611
v 0.000232 -0.080587 -0.093619
v 0.035951 0.056155 -0.110638
v 0.023467 0.058586 -0.110038
v 0.023354 0.031956 -0.105193
v 0.035566 0.043667 -0.107517
v 0.011928 0.033869 -0.105042
v 0.020214 0.105692 -0.114649
v 0.029998 0.116153 -0.115989
v 0.029484 0.125920 -0.116509
v 0.018985 0.125436 -0.115916
v 0.009139 0.105820 -0.114531
v 0.006032 0.133590 -0.115181
v 0.008522 0.150157 -0.112924
v 0.007960 0.141400 -0.113925
v -0.000957 0.139340 -0.114219
v 0.008815 0.167924 -0.110818
v 0.008542 0.159527 -0.111844
v -0.000917 0.156383 -0.112268
v 0.114129 0.128892 0.130557
v 0.121131 0.111180 0.138627
v 0.100116 0.120759 0.141732
v 0.099948 0.128671 0.135352
v 0.107533 0.129383 0.133305
v 0.114764 0.112128 0.142188
v 0.114268 0.120584 0.136311
v 0.100889 0.103485 0.152239
v 0.100473 0.111952 0.147888
v 0.115152 0.103290 0.146971
v 0.107613 0.112209 0.145216
v 0.143574 0.120994 0.110502
v 0.138575 0.123719 0.115657
v 0.142370 0.105443 0.120185
v 0.133152 0.125056 0.119721
v 0.127150 0.118811 0.129483
v 0.137732 0.107466 0.125240
v 0.137774 0.116187 0.120658
v 0.127220 0.101706 0.139374
v 0.127144 0.110560 0.134985
v 0.137760 0.099554 0.129955
v 0.132662 0.109344 0.129971
v 0.154000 0.096568 0.104159
v 0.148137 0.117866 0.105067
v 0.151836 0.114265 0.099745
v 0.154172 0.103541 0.099839
v 0.146864 0.110822 0.110488
v 0.153483 0.089823 0.107940
v 0.152765 0.083043 0.111470
v 0.146268 0.095552 0.118933
v 0.146607 0.103600 0.114640
v 0.150280 0.100273 0.109698
v 0.119735 0.073119 0.150714
v 0.125315 0.072491 0.146858
v 0.121678 0.093284 0.147763
v 0.115433 0.094257 0.151116
v 0.135799 0.071439 0.136992
v 0.130921 0.071679 0.142052
v 0.127567 0.092460 0.143445
v 0.132603 0.091986 0.138796
v 0.126902 0.082775 0.145594
v 0.113648 0.073872 0.154179
v 0.107291 0.073381 0.157520
v 0.101886 0.077491 0.159673
v 0.099878 0.086041 0.159669
v 0.101186 0.094692 0.156211
v 0.108393 0.094113 0.154029
v 0.114811 0.084109 0.153501
v 0.150697 0.076097 0.114230
v 0.146632 0.069890 0.121413
v 0.148998 0.069291 0.116444
v 0.145315 0.087767 0.122502
v 0.149211 0.085862 0.116820
v 0.139978 0.071157 0.131724
v 0.143470 0.070997 0.126827
v 0.141912 0.089357 0.128144
v 0.137344 0.090891 0.133443
v 0.137126 0.081518 0.136080
v 0.144607 0.079195 0.125124
v 0.032284 0.263980 0.046080
v 0.031149 0.257730 0.048243
v 0.029372 0.246520 0.053693
v 0.030435 0.251981 0.050490
v 0.022784 0.256065 0.049543
v 0.035314 0.094048 0.156748
v 0.034466 0.105940 0.152873
v 0.026421 0.091181 0.156045
v 0.031451 0.159082 0.115388
v 0.031977 0.150428 0.122941
v 0.031942 0.142915 0.129951
v 0.032220 0.134464 0.136998
v 0.022900 0.147848 0.124534
v 0.031065 0.176061 0.100631
v 0.031097 0.167182 0.107655
v 0.022075 0.182018 0.095000
v 0.022498 0.164325 0.110002
v 0.029754 0.234168 0.061547
v 0.029438 0.240120 0.057048
v 0.021377 0.230635 0.063232
v 0.021866 0.244476 0.054593
v 0.013657 0.205749 0.078273
v 0.013757 0.197124 0.084020
v 0.013775 0.188172 0.089551
v 0.013938 0.179726 0.096144
v 0.005711 0.193924 0.086192
v 0.033243 0.116258 0.147816
v 0.033172 0.125721 0.142350
v 0.024966 0.113742 0.148027
v 0.023903 0.132523 0.137582
v 0.018222 0.074513 0.157415
v 0.019011 0.059467 0.157501
v 0.021056 0.028944 0.155693
v 0.019698 0.044518 0.156539
v 0.007995 0.054163 0.156540
v 0.012954 0.214531 0.072788
v 0.013403 0.221806 0.068546
v 0.005340 0.211384 0.074307
v 0.021254 -0.000423 0.154717
v 0.006333 -0.004589 0.154812
v 0.021421 0.013009 0.155331
v 0.007637 0.022939 0.155147
v 0.175494 -0.273893 -0.052383
v 0.182965 -0.272533 -0.041410
v 0.167968 -0.275200 -0.063253
v 0.072406 -0.233714 -0.118527
v 0.057176 -0.242678 -0.121764
v 0.074528 -0.266721 -0.122741
v 0.076769 -0.253227 -0.121306
v 0.037775 -0.266232 -0.125786
v 0.055707 -0.264782 -0.124534
v 0.039559 -0.251242 -0.122899
v 0.058739 -0.251310 -0.122953
v 0.064428 -0.258408 -0.124041
v 0.171448 -0.245832 -0.054602
v 0.180140 -0.244683 -0.040165
v 0.180329 -0.236488 -0.036758
v 0.160227 -0.229630 -0.066691
v 0.160928 -0.239033 -0.066974
v 0.176752 -0.228357 -0.042484
v 0.168680 -0.226906 -0.054852
v 0.159915 -0.265025 -0.071823
v 0.160665 -0.256724 -0.069829
v 0.140392 -0.250507 -0.089938
v 0.150169 -0.249133 -0.079998
v 0.076031 -0.276143 -0.122008
v 0.158406 -0.274770 -0.074244
v 0.149594 -0.267707 -0.082105
v 0.088666 -0.275834 -0.119028
v 0.091269 -0.268477 -0.119224
v 0.137114 -0.275726 -0.093449
v 0.113951 -0.276140 -0.108463
v 0.129214 -0.250488 -0.098102
v 0.139647 -0.259093 -0.090948
v 0.139121 -0.267187 -0.092266
v 0.128100 -0.266864 -0.100647
v 0.091460 -0.251345 -0.118410
v 0.091691 -0.260018 -0.118890
v 0.103478 -0.267499 -0.114048
v 0.116335 -0.267026 -0.107651
v 0.117478 -0.258883 -0.107067
v 0.084638 -0.223797 -0.114419
v 0.112614 -0.223590 -0.104507
v 0.108830 -0.214114 -0.104057
v 0.095199 -0.213622 -0.109273
v 0.089126 -0.233846 -0.115545
v 0.121150 -0.242888 -0.102929
v 0.117006 -0.233749 -0.104778
v 0.095272 -0.242715 -0.114944
v 0.118585 -0.250656 -0.105817
v 0.105746 -0.250859 -0.111395
v 0.103022 -0.233269 -0.110354
v 0.093935 -0.151272 -0.093574
v 0.078284 -0.135147 -0.093347
v 0.090476 -0.137711 -0.090374
v 0.069476 -0.162376 -0.101751
v 0.082754 -0.163842 -0.099643
v 0.067604 -0.147785 -0.098476
v 0.111914 -0.260290 0.131675
v 0.098898 -0.261377 0.138399
v 0.101934 -0.249205 0.139415
v 0.090361 -0.250269 0.146181
v 0.137161 -0.258450 0.118080
v 0.124463 -0.259546 0.125344
v 0.114159 -0.248476 0.132997
v 0.125408 -0.246601 0.126100
v 0.113483 -0.254538 0.131758
v 0.041386 -0.268444 0.155831
v 0.029061 -0.270282 0.157470
v 0.029353 -0.256954 0.164387
v 0.065954 -0.263629 0.150840
v 0.054149 -0.266453 0.153717
v 0.042250 -0.255634 0.162167
v 0.053913 -0.253853 0.159444
v 0.041459 -0.262116 0.158801
v 0.187654 -0.241756 0.063495
v 0.188685 -0.248955 0.063517
v 0.184132 -0.250109 0.075073
v 0.181178 -0.236290 0.075106
v 0.174358 -0.237718 0.085287
v 0.087217 -0.261400 0.143508
v 0.076624 -0.262208 0.147476
v 0.066339 -0.251915 0.155336
v 0.078260 -0.251014 0.151477
v 0.088945 -0.255765 0.144740
v 0.066631 -0.258049 0.153950
v 0.160847 -0.255499 0.102759
v 0.149942 -0.257659 0.110212
v 0.137155 -0.245404 0.118951
v 0.148021 -0.244190 0.111160
v 0.137699 -0.251817 0.118561
v 0.177546 -0.251326 0.085116
v 0.169710 -0.253048 0.094222
v 0.158505 -0.241357 0.103707
v 0.166983 -0.239667 0.094723
v 0.176062 -0.245022 0.085400
v 0.159683 -0.248095 0.102782
v 0.023167 -0.273575 -0.122793
v 0.020259 -0.267554 -0.125149
v -0.000562 -0.247120 -0.122380
v 0.019145 -0.249996 -0.122495
v 0.025339 -0.258425 -0.124401
v 0.002194 -0.269966 -0.125036
v 0.016517 -0.272289 0.158132
v 0.003863 -0.274151 0.157006
v 0.016633 -0.264921 0.161154
v 0.016040 0.261152 0.049194
v 0.015576 0.255042 0.050330
v 0.014628 0.248712 0.052400
v 0.013802 0.242527 0.056308
v 0.007148 0.252733 0.051313
v 0.013606 0.229248 0.064493
v 0.013884 0.236533 0.060398
v 0.006251 0.226392 0.065537
v 0.006471 0.240049 0.057952
v 0.012352 -0.022723 -0.098116
v 0.012337 -0.038851 -0.097032
v 0.000538 -0.018041 -0.098339
v 0.000727 -0.048017 -0.095690
v -0.003231 0.310993 -0.067628
v 0.009892 0.238947 -0.096331
v 0.010023 0.231064 -0.099348
v -0.000584 0.227527 -0.100570
v 0.000447 0.244168 -0.095065
v 0.108789 -0.149908 0.136555
v 0.086899 -0.125226 0.150100
v 0.097930 -0.149595 0.144647
v 0.108881 -0.138978 0.134741
v 0.086408 -0.137652 0.151718
v 0.089136 -0.087694 0.143542
v 0.089610 -0.074818 0.141113
v 0.109377 -0.088745 0.125979
v 0.109328 -0.102025 0.128318
v 0.100497 -0.075690 0.132383
v 0.087522 -0.112798 0.148214
v 0.088024 -0.100416 0.146113
v 0.109162 -0.126943 0.133414
v 0.109460 -0.114844 0.130650
v 0.098755 -0.126204 0.142047
v 0.098789 -0.101718 0.137243
v 0.142355 -0.048671 0.081140
v 0.142883 -0.061523 0.082747
v 0.148552 -0.073390 0.072633
v 0.154543 -0.072605 0.060561
v 0.153966 -0.059368 0.059325
v 0.148731 -0.048320 0.069761
v 0.008734 0.186718 -0.108310
v 0.008920 0.177801 -0.110004
v -0.001144 0.192637 -0.107752
v -0.000844 0.174592 -0.110570
v 0.122354 0.144983 0.113828
v 0.115173 0.145493 0.116705
v 0.114623 0.136995 0.123826
v 0.127834 0.135277 0.117591
v 0.120953 0.128271 0.126989
v 0.127483 0.126893 0.122898
v -0.000939 -0.275393 -0.123944
v 0.014672 0.162086 0.111446
v 0.014307 0.170811 0.103802
v 0.006199 0.176585 0.099150
v 0.014554 0.153958 0.118713
v 0.015495 0.146197 0.125841
v 0.006303 0.159086 0.113501
v 0.015074 0.138241 0.132558
v 0.015547 0.130410 0.138644
v 0.007188 0.143041 0.128141
v 0.016778 0.111460 0.148950
v 0.016110 0.121187 0.144078
v 0.007548 0.127107 0.140145
v 0.011706 -0.191469 0.179365
v 0.009004 -0.198884 0.178783
v 0.007484 -0.184377 0.179109
v 0.001247 -0.200356 0.178404
v 0.004362 -0.176325 0.179057
v -0.000676 -0.181934 0.178634
v 0.012752 -0.136244 -0.099935
v 0.012292 -0.120124 -0.096842
v -0.000654 -0.146255 -0.103352
v -0.001154 -0.113667 -0.096208
v 0.017687 -0.236716 0.171703
v 0.003207 -0.231042 0.173746
v 0.017122 -0.243942 0.169751
v 0.011266 -0.148727 0.176895
v 0.013830 -0.161292 0.178820
v 0.007134 -0.169045 0.178928
v -0.001842 -0.169711 0.178364
v 0.011938 0.059523 -0.109198
v 0.000156 0.063089 -0.109503
v 0.000629 0.037892 -0.105684
v 0.011857 0.047217 -0.107123
v 0.017436 0.088111 0.155723
v 0.016796 0.100325 0.153205
v 0.007930 0.083257 0.155864
v 0.007563 0.107472 0.149975
v 0.017157 -0.251005 0.167976
v 0.016999 -0.257565 0.165192
v 0.003612 -0.259978 0.163846
v 0.004062 -0.245596 0.170178
v 0.008168 0.125585 -0.115090
v -0.001579 0.109038 -0.114232
v 0.008982 0.116635 -0.114809
v -0.001103 0.128055 -0.115155
v -0.001548 -0.118458 0.173260
v 0.010609 -0.122360 0.174218
v 0.010870 -0.136510 0.175693
v -0.001636 -0.143833 0.177213
v 0.002752 -0.292039 0.148846
v -0.000246 -0.077471 0.170082
v 0.013736 -0.074913 0.168450
v 0.002846 -0.053633 0.165358
v 0.015247 -0.062167 0.166801
v -0.059407 0.273619 0.032550
v -0.065877 0.284994 0.025398
v -0.067318 0.273612 0.029119
v -0.066335 0.278903 0.027166
v -0.071772 0.285348 0.021970
v -0.077443 0.247040 0.047412
v -0.078080 0.237574 0.054249
v -0.089718 0.241407 0.051371
v -0.066671 0.233720 0.057775
v -0.077189 0.226769 0.061325
v -0.087164 0.220231 0.066503
v -0.076653 0.217200 0.068287
v -0.066646 0.214688 0.069975
v -0.076037 0.208077 0.074971
v -0.072989 0.151773 0.119500
v -0.072716 0.160828 0.111290
v -0.063682 0.160067 0.113514
v -0.081554 0.161828 0.109646
v -0.073060 0.170669 0.104437
v -0.099584 0.050640 0.149215
v -0.087589 0.043365 0.151834
v -0.096644 0.061344 0.154200
v -0.093035 0.052207 0.153051
v -0.085733 0.052678 0.154831
v -0.161463 0.177707 0.069405
v -0.164950 0.169835 0.069071
v -0.167403 0.181912 0.063722
v -0.163523 0.159070 0.072361
v -0.168448 0.160966 0.067224
v -0.097742 0.265285 0.032581
v -0.105503 0.287027 0.006135
v -0.083026 0.282272 0.018416
v -0.099803 0.289550 0.004498
v -0.096966 0.281085 0.015663
v -0.100364 0.295343 -0.006660
v -0.094514 0.293547 0.002751
v -0.150550 0.059592 0.100558
v -0.148779 0.067427 0.106683
v -0.146305 0.060256 0.109044
v -0.151654 0.073951 0.103692
v -0.147115 0.075708 0.111723
v -0.130101 -0.051858 0.095385
v -0.122655 -0.063117 0.104668
v -0.121710 -0.040601 0.105527
v -0.122722 -0.051710 0.104852
v -0.114105 -0.051500 0.112780
v -0.157126 -0.017520 0.011991
v -0.156993 -0.027117 0.011726
v -0.156620 -0.025807 -0.000628
v -0.155923 -0.029837 0.025161
v -0.157478 -0.036980 0.012033
v -0.090018 0.152144 0.114791
v -0.090374 0.162315 0.107368
v -0.107208 0.152676 0.110525
v -0.091206 0.171357 0.100704
v -0.107925 0.162190 0.103621
v -0.099304 0.161992 0.106081
v -0.116409 0.160886 0.102057
v -0.108931 0.171323 0.097439
v -0.227893 0.044134 0.022219
v -0.224187 0.055057 0.023812
v -0.217116 0.050238 0.024500
v -0.230577 0.060500 0.022891
v -0.219685 0.066104 0.025590
v -0.180140 -0.147210 0.016042
v -0.182935 -0.157496 0.017358
v -0.182497 -0.155841 0.004349
v -0.181297 -0.159882 0.030518
v -0.184167 -0.169540 0.018882
v -0.205775 0.208279 0.026445
v -0.206744 0.224302 0.016544
v -0.212267 0.207696 0.016949
v -0.209826 0.216209 0.017091
v -0.212000 0.221838 0.006186
v -0.155423 0.124286 0.086109
v -0.158487 0.156829 0.077741
v -0.161249 0.149578 0.075424
v -0.154653 0.142025 0.084447
v -0.164046 0.141631 0.073579
v -0.159422 0.126161 0.080192
v -0.157073 0.132953 0.083040
v -0.159179 0.141152 0.079409
v -0.159894 0.015769 0.007318
v -0.159655 0.023519 0.006433
v -0.159617 0.025116 0.017534
v -0.160325 0.023166 -0.004493
v -0.161471 0.030872 0.005410
v -0.156164 -0.006857 0.024321
v -0.157397 -0.008654 0.010923
v -0.157863 0.009013 0.020974
v -0.157359 -0.008951 -0.001311
v -0.159141 0.007783 -0.002182
v -0.159003 0.007873 0.008580
v -0.158541 -0.000514 0.010169
v -0.147361 0.138063 0.093501
v -0.122309 0.149897 0.105947
v -0.124138 0.159305 0.100315
v -0.136086 0.144921 0.100140
v -0.126224 0.169485 0.093864
v -0.138000 0.154495 0.094829
v -0.131407 0.156746 0.097798
v -0.153788 0.163560 0.080187
v -0.150196 0.145913 0.088607
v -0.153430 0.152979 0.083640
v -0.144575 0.151178 0.091742
v -0.139756 0.164022 0.088708
v -0.093807 0.031235 0.145753
v -0.086169 0.033842 0.148895
v -0.078760 0.037558 0.152405
v -0.084074 0.024127 0.147538
v -0.180561 -0.172814 0.044993
v -0.169415 -0.176614 0.071104
v -0.168909 -0.165427 0.069630
v -0.162046 -0.166932 0.081722
v -0.177989 -0.150131 0.042639
v -0.179397 -0.161823 0.044109
v -0.175099 -0.163177 0.057452
v -0.167622 -0.153817 0.068155
v -0.105007 -0.029187 0.122421
v -0.091913 0.012414 0.140474
v -0.094332 -0.006859 0.134049
v -0.103032 -0.007893 0.127616
v -0.101417 0.001423 0.131754
v -0.121080 -0.029644 0.105954
v -0.113125 -0.029694 0.114519
v -0.106301 -0.018216 0.122331
v -0.110627 -0.008560 0.120700
v -0.154727 -0.179279 0.094901
v -0.135149 -0.180792 0.114651
v -0.134402 -0.169909 0.113556
v -0.123882 -0.170304 0.122491
v -0.153982 -0.167972 0.093367
v -0.152722 -0.157194 0.092392
v -0.144004 -0.168760 0.103820
v -0.134058 -0.158465 0.113144
v -0.084920 0.200365 0.080523
v -0.074716 0.199019 0.082020
v -0.083051 0.180746 0.095187
v -0.092244 0.181148 0.093582
v -0.065315 0.196087 0.083354
v -0.063768 0.178489 0.098216
v -0.073308 0.180029 0.096910
v -0.074121 0.188799 0.089540
v -0.123108 0.047675 0.132405
v -0.105525 0.049400 0.145817
v -0.100853 0.039788 0.145118
v -0.100638 0.029514 0.141327
v -0.113667 0.037821 0.136214
v -0.109312 0.059076 0.147144
v -0.120560 0.057331 0.139003
v -0.117761 0.047764 0.136881
v -0.111756 0.048209 0.141556
v -0.167379 0.141242 0.067983
v -0.165657 0.131958 0.071290
v -0.167508 0.119381 0.062808
v -0.172614 0.163201 0.062412
v -0.169627 0.151020 0.064999
v -0.169906 0.139564 0.062868
v -0.167948 0.114851 0.057189
v -0.169023 0.127073 0.060611
v -0.171669 0.136670 0.058863
v -0.186332 -0.178601 0.006930
v -0.185878 -0.180161 0.020695
v -0.184072 -0.181952 0.034365
v -0.181066 -0.184561 0.047173
v -0.186499 -0.191232 0.022491
v -0.145551 -0.191355 0.106136
v -0.136132 -0.192503 0.115839
v -0.125646 -0.192963 0.124848
v -0.135990 -0.202218 0.116383
v -0.159725 0.080603 -0.021839
v -0.164932 0.082670 -0.008383
v -0.162018 0.081721 -0.013267
v -0.163237 0.082564 -0.010697
v -0.165277 0.086585 0.001263
v -0.058990 0.072739 0.160413
v -0.076656 0.051386 0.156636
v -0.081403 0.059749 0.157915
v -0.061629 0.061757 0.159228
v -0.068562 0.068091 0.160855
v -0.071799 0.043469 0.155309
v -0.067211 0.034273 0.153663
v -0.055127 0.054867 0.158440
v -0.065791 0.051733 0.157598
v -0.114633 0.009188 0.122959
v -0.119818 0.024574 0.125237
v -0.115988 0.000402 0.118031
v -0.117841 -0.009194 0.113322
v -0.120817 0.009165 0.117190
v -0.099915 0.019687 0.138755
v -0.099939 0.010447 0.134679
v -0.107466 0.009451 0.129040
v -0.113877 0.026806 0.131203
v -0.107231 0.027950 0.137153
v -0.113867 0.017293 0.127717
v -0.043611 0.060931 0.158175
v -0.047517 0.046829 0.157232
v -0.063332 0.025235 0.151883
v -0.054526 0.033820 0.154976
v -0.041064 0.035451 0.155393
v -0.054768 0.176260 0.099161
v -0.055493 0.185182 0.092299
v -0.055334 0.159116 0.114832
v -0.054660 0.167475 0.106750
v -0.045371 0.174229 0.101180
v -0.055571 0.202462 0.078658
v -0.055180 0.193964 0.084806
v -0.045574 0.191300 0.086996
v -0.036515 0.188742 0.089454
v -0.036547 0.197183 0.082637
v -0.036140 0.205552 0.076799
v -0.026866 0.202632 0.078459
v -0.056082 0.221302 0.066096
v -0.055831 0.211423 0.072470
v -0.045736 0.208789 0.074921
v -0.035590 0.213925 0.070658
v -0.026087 0.219390 0.068236
v -0.035065 0.222081 0.065853
v -0.055596 0.238126 0.055441
v -0.056254 0.230055 0.060694
v -0.045657 0.226251 0.063097
v -0.034936 0.230896 0.061379
v -0.050535 0.263387 0.040633
v -0.049693 0.268457 0.037202
v -0.051276 0.273087 0.034767
v -0.040149 0.265000 0.041403
v -0.161606 0.118730 0.077577
v -0.163176 0.125514 0.074693
v -0.166599 0.113927 0.064855
v -0.166507 0.123162 0.068268
v -0.159693 0.112633 0.080143
v -0.163172 0.110808 0.073521
v -0.163299 -0.188631 0.084300
v -0.154735 -0.190380 0.095242
v -0.156249 -0.200458 0.096035
v -0.112783 0.204216 -0.106783
v -0.120869 0.205598 -0.104314
v -0.120576 0.195199 -0.106568
v -0.121715 0.216747 -0.102067
v -0.129244 0.206420 -0.102421
v -0.112720 0.291984 -0.005712
v -0.113228 0.286813 0.007117
v -0.114142 0.278902 0.019420
v -0.120651 0.287092 0.006078
v -0.161196 0.127507 -0.081818
v -0.161946 0.115818 -0.079628
v -0.159617 0.125320 -0.078303
v -0.160892 0.120936 -0.079174
v -0.160731 0.113398 -0.075350
v -0.156025 0.099188 -0.057982
v -0.155444 0.104541 -0.062463
v -0.156153 0.104935 -0.060793
v -0.155836 0.105330 -0.061953
v -0.155812 0.111304 -0.064903
v -0.179851 -0.154156 -0.007992
v -0.182730 -0.165866 -0.007114
v -0.177403 -0.142797 -0.009087
v -0.175774 -0.151976 -0.020372
v -0.142581 0.000660 -0.054406
v -0.145712 0.009711 -0.053086
v -0.149960 0.003598 -0.043902
v -0.141913 0.019089 -0.061327
v -0.148012 0.017995 -0.051146
v -0.011592 0.195809 -0.107279
v -0.011191 0.186728 -0.109353
v -0.011186 0.168198 -0.111881
v -0.011338 0.177350 -0.110528
v -0.021954 0.179098 -0.110486
v -0.031259 0.181311 -0.110425
v -0.031767 0.172199 -0.112126
v -0.031860 0.190654 -0.109675
v -0.041849 0.183526 -0.111743
v -0.076240 0.236945 -0.102487
v -0.066876 0.232830 -0.103434
v -0.065931 0.242328 -0.100033
v -0.068285 0.222397 -0.107016
v -0.058440 0.228745 -0.103885
v -0.105062 0.213638 -0.106316
v -0.104664 0.202747 -0.108946
v -0.086758 0.219504 -0.107348
v -0.104746 0.191613 -0.111005
v -0.095525 0.200100 -0.110930
v -0.161053 0.032614 -0.014853
v -0.160010 0.017467 -0.013828
v -0.159747 0.025172 -0.014225
v -0.155353 0.016427 -0.032548
v -0.158352 0.028513 -0.023405
v -0.166247 0.053402 -0.018543
v -0.166501 0.058613 -0.019274
v -0.167919 0.057888 -0.009412
v -0.165145 0.059550 -0.027953
v -0.166264 0.062336 -0.019585
v -0.091256 0.303533 -0.007706
v -0.085070 0.309225 -0.017433
v -0.094259 0.302647 -0.017717
v -0.090166 0.305917 -0.017464
v -0.086508 0.307245 -0.026141
v -0.053055 0.298867 -0.065678
v -0.058062 0.299689 -0.064183
v -0.056356 0.295798 -0.067808
v -0.058673 0.302575 -0.060636
v -0.062990 0.302067 -0.060325
v -0.012419 0.083218 -0.111980
v -0.012034 0.095287 -0.112961
v -0.034738 0.093918 -0.113737
v -0.012031 0.071573 -0.111150
v -0.011657 0.059302 -0.109306
v -0.035223 0.081904 -0.112496
v -0.023683 0.082759 -0.112410
v -0.048896 0.080699 -0.112267
v -0.035942 0.069323 -0.111460
v -0.158851 0.078905 -0.047309
v -0.158550 0.087901 -0.054452
v -0.160235 0.080039 -0.051665
v -0.159169 0.083779 -0.053085
v -0.160393 0.089016 -0.057937
v -0.161603 0.076095 -0.050709
v -0.161261 0.080997 -0.055502
v -0.162224 0.072807 -0.054518
v -0.164318 0.057756 -0.034954
v -0.164723 0.062188 -0.035693
v -0.163115 0.064855 -0.048164
v -0.163045 0.064598 -0.036450
v -0.161550 0.071245 -0.045066
v -0.162731 0.071786 -0.049578
v -0.162571 0.068671 -0.048692
v -0.163929 0.064723 -0.042938
v -0.148550 0.035261 -0.056979
v -0.152926 0.021397 -0.041634
v -0.150883 0.026774 -0.049250
v -0.157616 0.032116 -0.031851
v -0.156449 0.024372 -0.031759
v -0.153479 0.033988 -0.048523
v -0.160216 0.038398 -0.032715
v -0.156396 0.040939 -0.048085
v -0.156742 0.036574 -0.039946
v -0.154655 0.045584 -0.055779
v -0.158557 0.046669 -0.048545
v -0.011266 -0.007673 -0.100024
v -0.010708 -0.022977 -0.098066
v -0.034815 -0.014833 -0.098271
v -0.034481 0.000345 -0.101495
v -0.046562 -0.003034 -0.099950
v -0.010636 0.005906 -0.100893
v -0.011111 0.019993 -0.102762
v -0.022664 0.003158 -0.101221
v -0.034707 0.015122 -0.102711
v -0.169951 0.114132 0.035671
v -0.170917 0.109599 0.031670
v -0.173140 0.116175 0.037563
v -0.168666 0.103026 0.024283
v -0.170957 0.104218 0.028460
v -0.170783 0.122442 -0.080447
v -0.173927 0.125620 -0.082062
v -0.174814 0.121651 -0.082276
v -0.171491 0.129653 -0.081785
v -0.176462 0.129324 -0.082907
v -0.167591 0.091332 0.017069
v -0.164914 0.080733 0.004299
v -0.164795 0.074842 0.001286
v -0.167836 0.079040 0.010256
v -0.164632 0.071444 -0.008747
v -0.165363 0.068033 -0.002051
v -0.126120 0.292858 -0.020683
v -0.127917 0.291296 -0.007435
v -0.129071 0.287397 0.005804
v -0.133406 0.292008 -0.022652
v -0.111780 0.294850 -0.018369
v -0.118534 0.293893 -0.019572
v -0.122586 0.293018 -0.034735
v -0.155004 0.079055 -0.038497
v -0.156259 0.077835 -0.048340
v -0.155916 0.093072 -0.055540
v -0.155260 0.082370 -0.044723
v -0.157084 0.080835 -0.047389
v -0.155931 0.085115 -0.053370
v -0.241505 0.054266 0.017354
v -0.237071 0.065291 0.018641
v -0.232511 0.076333 0.019851
v -0.242520 0.072370 0.013693
v -0.164374 0.049175 -0.038474
v -0.157060 0.070692 -0.043232
v -0.156757 0.073458 -0.049440
v -0.160914 0.056345 -0.038224
v -0.161195 0.058134 -0.044399
v -0.161419 0.062888 -0.020594
v -0.158655 0.068635 -0.036203
v -0.161530 0.055815 -0.030852
v -0.158448 0.062918 -0.037427
v -0.134875 -0.001755 -0.065192
v -0.139834 -0.009158 -0.055337
v -0.145785 -0.014250 -0.045827
v -0.137891 -0.019378 -0.055975
v -0.172532 -0.161587 -0.032019
v -0.169607 -0.149616 -0.032858
v -0.157332 -0.158108 -0.054807
v -0.165978 -0.137913 -0.033044
v -0.153597 -0.146200 -0.053824
v -0.162421 -0.147872 -0.043961
v -0.145132 -0.144136 -0.063014
v -0.150239 -0.133374 -0.053672
v -0.184294 -0.177447 -0.005973
v -0.185587 -0.188290 -0.004028
v -0.180725 -0.174951 -0.018635
v -0.149927 -0.169614 -0.064964
v -0.159544 -0.171079 -0.054789
v -0.174928 -0.173598 -0.031167
v -0.168658 -0.172482 -0.043250
v -0.176943 -0.184640 -0.029641
v -0.161913 -0.182714 -0.054215
v -0.078402 0.313980 -0.024302
v -0.070735 0.318295 -0.030905
v -0.062154 0.318568 -0.044256
v -0.049823 0.314968 -0.058008
v -0.044997 0.317018 -0.058995
v -0.051483 0.317943 -0.055274
v -0.037948 0.315162 -0.061614
v -0.196945 -0.273908 0.004390
v -0.083506 0.309346 -0.009286
v -0.081759 0.312537 -0.016697
v -0.077308 0.315735 -0.016816
v -0.076687 0.297333 0.013632
v -0.079754 0.311693 -0.001806
v -0.071330 0.297050 0.016014
v -0.074905 0.302492 0.011139
v -0.062690 0.287967 0.025449
v -0.067028 0.292649 0.021246
v -0.186130 -0.199200 -0.002116
v -0.183580 -0.197588 -0.015157
v -0.187687 -0.199967 0.011520
v -0.187604 -0.201251 0.024240
v -0.187377 -0.209039 0.000571
v -0.012722 -0.275751 -0.124609
v -0.023323 -0.276155 -0.125240
v -0.020844 -0.268381 -0.125191
v -0.047732 -0.277361 -0.125392
v -0.154632 -0.194013 -0.064147
v -0.163192 -0.193799 -0.052802
v -0.177773 -0.196156 -0.028445
v -0.171822 -0.194929 -0.040782
v -0.179514 -0.206497 -0.026230
v -0.165395 -0.204488 -0.052001
v -0.185683 -0.203327 0.037976
v -0.188615 -0.211821 0.026567
v -0.114147 -0.204535 0.134678
v -0.125725 -0.213054 0.126000
v -0.113886 -0.214171 0.134773
v -0.102364 -0.215756 0.141960
v -0.113026 -0.223968 0.134326
v -0.014905 -0.218334 0.174972
v -0.042809 -0.212806 0.170755
v -0.040604 -0.223451 0.169503
v -0.054163 -0.221781 0.165509
v -0.011263 -0.227968 0.173274
v -0.010209 -0.236186 0.171998
v -0.027043 -0.225739 0.172404
v -0.038966 -0.233194 0.167727
v -0.003290 -0.292217 0.148499
v -0.010670 -0.286436 0.151060
v -0.011694 -0.292980 0.147480
v -0.026703 -0.291819 0.145808
v -0.174693 -0.275911 0.085726
v -0.140335 -0.168696 -0.073615
v -0.143015 -0.181861 -0.074646
v -0.144392 -0.193930 -0.073736
v -0.147701 -0.204973 -0.073611
v -0.134180 -0.193164 -0.083117
v -0.120760 -0.179597 -0.089508
v -0.138158 -0.155434 -0.072412
v -0.134136 -0.142554 -0.070681
v -0.130151 -0.167766 -0.080686
v -0.118321 -0.165499 -0.086747
v -0.106717 -0.164103 -0.092095
v -0.115909 -0.152530 -0.084868
v -0.127002 0.005044 -0.072740
v -0.124399 -0.005544 -0.072731
v -0.106844 0.009252 -0.086525
v -0.129090 0.017528 -0.073545
v -0.110451 0.021538 -0.087549
v -0.119201 0.013103 -0.080958
v -0.099929 0.030021 -0.093197
v -0.112111 0.034181 -0.088001
v -0.052424 0.176465 -0.114028
v -0.052178 0.186481 -0.112756
v -0.052066 0.196121 -0.111205
v -0.059988 0.209145 -0.109357
v -0.061587 0.189494 -0.113306
v -0.032684 -0.204003 0.174229
v -0.045068 -0.200881 0.171532
v -0.057263 -0.199319 0.166580
v -0.045742 -0.188285 0.171713
v -0.090836 -0.206832 0.149706
v -0.090937 -0.217297 0.149230
v -0.067945 -0.209112 0.161982
v -0.068568 -0.197511 0.162682
v -0.091277 -0.195608 0.149939
v -0.068279 -0.185128 0.162848
v -0.079915 -0.196424 0.157046
v -0.113619 -0.181879 0.133233
v -0.114225 -0.193747 0.133903
v -0.102894 -0.195080 0.142524
v -0.091522 -0.183214 0.149782
v -0.064455 -0.086169 0.154566
v -0.065203 -0.097915 0.156448
v -0.077137 -0.098649 0.149699
v -0.053341 -0.097306 0.162323
v -0.065498 -0.109683 0.157447
v -0.051729 -0.074082 0.158448
v -0.063993 -0.073673 0.152803
v -0.075918 -0.073261 0.146817
v -0.062958 -0.060614 0.150883
v -0.048349 0.008670 0.151330
v -0.082534 0.015236 0.144991
v -0.073619 0.018962 0.149503
v -0.083171 0.005259 0.142239
v -0.060866 0.014201 0.150428
v -0.061149 0.001836 0.147696
v -0.088104 -0.015263 0.135666
v -0.084351 -0.004917 0.140171
v -0.066093 -0.011200 0.145542
v -0.073595 -0.002419 0.144070
v -0.036716 0.180553 0.096039
v -0.036816 0.171959 0.103699
v -0.027599 0.185877 0.091508
v -0.036277 0.163097 0.110478
v -0.028043 0.169117 0.105209
v -0.196660 -0.274572 0.034599
v -0.188886 -0.274775 0.062165
v -0.176194 -0.185945 0.059545
v -0.170091 -0.187910 0.072118
v -0.181885 -0.195255 0.049026
v -0.171474 -0.198073 0.074154
v -0.183410 -0.204871 0.051024
v -0.172035 -0.207291 0.075161
v -0.183681 -0.214079 0.053017
v -0.178288 -0.206055 0.063137
v -0.151816 -0.013072 0.044032
v -0.153185 -0.025791 0.039196
v -0.155037 -0.037051 0.035116
v -0.148842 -0.020502 0.054426
v -0.073690 0.082089 0.161204
v -0.085592 0.067077 0.159063
v -0.074867 0.072998 0.161322
v -0.077483 0.065273 0.159885
v -0.080932 0.077694 0.161054
v -0.154438 -0.124363 -0.044490
v -0.146266 -0.121851 -0.053445
v -0.136537 -0.119220 -0.061085
v -0.142200 -0.109989 -0.053178
v -0.145242 0.000890 0.071241
v -0.141044 0.018839 0.090759
v -0.128922 0.002138 0.104176
v -0.136981 0.015730 0.097201
v -0.139187 0.006858 0.088695
v -0.124979 0.028403 0.120781
v -0.123867 0.018426 0.117657
v -0.126730 0.010490 0.111100
v -0.134335 0.023345 0.106054
v -0.132740 0.012604 0.104645
v -0.148192 0.006746 0.064572
v -0.146421 0.015642 0.075943
v -0.146471 0.045594 0.097034
v -0.142552 0.030671 0.094644
v -0.144710 0.023972 0.085504
v -0.148331 0.029848 0.080470
v -0.154072 0.057742 0.090223
v -0.150992 0.051457 0.093469
v -0.151052 0.035964 0.076616
v -0.149911 0.042155 0.086384
v -0.151606 0.028413 0.066681
v -0.153956 0.042007 0.073111
v -0.167645 0.102034 0.052438
v -0.168062 0.107037 0.051233
v -0.168223 0.111525 0.049539
v -0.168949 0.098891 0.044727
v -0.049777 -0.048231 0.154453
v -0.061992 -0.047429 0.149244
v -0.049011 -0.022398 0.150012
v -0.008254 -0.025885 0.157720
v -0.009198 -0.038524 0.160376
v -0.036481 -0.048611 0.158562
v -0.035909 -0.036170 0.156105
v -0.008236 -0.013646 0.155399
v -0.007188 -0.000480 0.154122
v -0.035088 -0.009701 0.151875
v -0.035323 -0.023236 0.154029
v -0.022191 -0.024156 0.156257
v -0.089820 -0.227178 0.148119
v -0.066900 -0.220231 0.161304
v -0.065291 -0.230249 0.159337
v -0.079152 -0.218588 0.155968
v -0.042421 -0.289251 0.143450
v -0.052843 -0.289056 0.141617
v -0.073196 -0.285973 0.137618
v -0.058182 -0.022359 -0.095931
v -0.058452 -0.007404 -0.097638
v -0.058410 0.007448 -0.099232
v -0.082802 0.011195 -0.095422
v -0.069753 -0.011637 -0.094961
v -0.041966 0.202636 -0.108203
v -0.051025 0.215744 -0.106906
v -0.051399 0.206025 -0.109591
v -0.010959 0.204695 -0.105568
v -0.011319 0.213810 -0.103722
v -0.021148 0.197792 -0.107313
v -0.031895 0.200458 -0.107534
v -0.031628 0.209200 -0.105435
v -0.046677 0.243316 -0.097502
v -0.035347 0.256180 -0.092288
v -0.008289 0.255410 -0.092301
v -0.007737 0.263375 -0.089073
v -0.027618 0.252548 -0.093173
v -0.026158 0.260750 -0.090501
v -0.009087 0.247867 -0.094643
v -0.010241 0.239298 -0.097108
v -0.028030 0.244427 -0.095475
v -0.018544 0.250095 -0.093746
v -0.010522 0.311765 -0.067785
v -0.017234 0.311868 -0.067148
v -0.030918 0.314069 -0.063375
v -0.188275 0.015678 -0.054661
v -0.183534 0.025719 -0.054097
v -0.187609 0.027595 -0.060298
v -0.169923 0.043006 -0.045397
v -0.180101 0.024292 -0.047170
v -0.177705 0.034495 -0.053332
v -0.059715 0.092680 -0.113052
v -0.062748 0.079294 -0.111657
v -0.067892 0.064800 -0.107584
v -0.090983 0.053317 -0.100050
v -0.077412 0.076041 -0.108698
v -0.077551 0.293497 0.014603
v -0.080072 0.288267 0.015857
v -0.087631 0.290739 0.010391
v -0.090124 0.298198 0.001030
v -0.086368 0.304653 -0.001653
v -0.083035 0.307470 -0.001446
v -0.080635 0.302909 0.006021
v -0.168283 0.279608 0.006941
v -0.160002 0.283264 0.005191
v -0.159374 0.276069 0.017663
v -0.142858 0.290112 -0.008819
v -0.159436 0.285618 -0.008645
v -0.152562 0.286366 0.005008
v -0.148978 0.246157 -0.081266
v -0.142099 0.247319 -0.082949
v -0.143596 0.256689 -0.076043
v -0.130487 0.228014 -0.096497
v -0.139076 0.237653 -0.088977
v -0.133900 0.248444 -0.085531
v -0.061185 -0.115398 -0.092139
v -0.058791 -0.100615 -0.090558
v -0.071289 -0.104114 -0.088457
v -0.047045 -0.097186 -0.091268
v -0.056577 -0.085021 -0.088901
v -0.103159 0.059276 -0.097053
v -0.088765 0.083461 -0.107544
v -0.091279 0.068786 -0.104085
v -0.120655 0.040597 -0.084612
v -0.112749 0.049197 -0.091158
v -0.112112 0.065126 -0.095669
v -0.040961 0.074975 0.158664
v -0.032333 0.069698 0.157250
v -0.029304 0.096572 0.154142
v -0.037636 0.110699 0.149855
v -0.049413 0.080001 0.159858
v -0.057503 0.084401 0.159961
v -0.039395 0.087901 0.157148
v -0.038111 0.099951 0.153964
v -0.047008 0.103029 0.154372
v -0.182136 0.085210 -0.077098
v -0.179879 0.077559 -0.074406
v -0.172094 0.084166 -0.072235
v -0.181531 0.049693 -0.065729
v -0.187300 0.069596 -0.075015
v -0.176078 0.069661 -0.069754
v -0.148954 -0.069570 -0.034343
v -0.147487 -0.101137 -0.043626
v -0.139659 -0.097867 -0.052833
v -0.150247 -0.080860 -0.034234
v -0.144018 -0.078198 -0.043681
v -0.154225 -0.103811 -0.034040
v -0.155551 -0.084099 -0.022761
v -0.152087 -0.092257 -0.033887
v -0.155651 -0.015771 -0.012662
v -0.156170 -0.007744 -0.013203
v -0.150561 -0.009644 -0.034429
v -0.150226 -0.019314 -0.035181
v -0.155580 -0.024712 -0.012699
v -0.155712 -0.034049 -0.013146
v -0.149055 -0.029331 -0.035898
v -0.152666 -0.022692 -0.023775
v -0.159649 0.008755 -0.013217
v -0.157792 0.000402 -0.013063
v -0.152143 -0.001274 -0.034004
v -0.154382 0.007589 -0.033390
v -0.158001 0.012236 -0.023188
v -0.154272 -0.004831 -0.023538
v -0.156782 0.096755 -0.056224
v -0.157047 0.088308 -0.052038
v -0.157959 0.093828 -0.057074
v -0.161634 0.082028 -0.033643
v -0.162696 0.081936 -0.030897
v -0.159385 0.084473 -0.044726
v -0.158051 0.088257 -0.047582
v -0.156180 0.082499 -0.036025
v -0.157090 0.092997 -0.051506
v -0.157483 0.091124 -0.050514
v -0.159472 0.085577 -0.043294
v -0.164717 0.077260 -0.010960
v -0.157820 0.077827 -0.027200
v -0.164030 0.074334 -0.015254
v -0.163013 0.069085 -0.019343
v -0.155828 0.076718 -0.030344
v -0.155996 0.073816 -0.033463
v -0.160794 0.067874 -0.028254
v -0.158873 0.076539 -0.020362
v -0.168956 0.066087 -0.010802
v -0.165231 0.065440 -0.019477
v -0.168921 0.067404 -0.000576
v -0.169438 0.070496 -0.001656
v -0.167833 0.084076 0.003867
v -0.169148 0.073186 -0.003124
v -0.169942 0.076703 0.007708
v -0.164171 0.079066 -0.017760
v -0.166096 0.079828 -0.006143
v -0.165803 0.070870 -0.012213
v -0.165998 0.076115 -0.004468
v -0.163479 0.079770 -0.027865
v -0.158797 0.075230 -0.039491
v -0.160785 0.080173 -0.040950
v -0.162975 0.082386 -0.036567
v -0.165255 0.076040 -0.025341
v -0.162865 0.065968 -0.028744
v -0.160419 0.070978 -0.038603
v -0.161591 0.067833 -0.037254
v -0.163775 0.067692 -0.020821
v -0.162403 0.070532 -0.022862
v -0.162810 0.073124 -0.031776
v -0.155900 0.173718 0.075460
v -0.156684 0.184783 0.070375
v -0.149187 0.171573 0.079728
v -0.135540 0.177054 0.085142
v -0.142291 0.173649 0.083094
v -0.145596 0.183128 0.077834
v -0.137433 0.202313 0.072405
v -0.157491 0.196147 0.064564
v -0.150848 0.190036 0.071723
v -0.144641 0.194844 0.072602
v -0.144882 0.206392 0.066984
v -0.119492 0.181184 0.089037
v -0.127764 0.179332 0.087578
v -0.129287 0.189532 0.081295
v -0.094766 0.201225 0.079610
v -0.101617 0.181601 0.091767
v -0.110724 0.181736 0.090123
v -0.093364 0.191245 0.086268
v -0.111971 0.191775 0.083476
v -0.097437 0.222169 0.065422
v -0.096048 0.211511 0.072392
v -0.113473 0.202009 0.077373
v -0.104360 0.202193 0.078306
v -0.130578 0.200111 0.075324
v -0.131086 0.211666 0.068856
v -0.122156 0.201550 0.076053
v -0.114838 0.212678 0.070472
v -0.069348 0.268205 0.032661
v -0.077028 0.274589 0.026170
v -0.084392 0.263181 0.034529
v -0.091613 0.272376 0.025786
v -0.086606 0.277672 0.021463
v -0.059898 0.262637 0.038931
v -0.065142 0.249936 0.047159
v -0.075820 0.255159 0.041687
v -0.051936 0.258088 0.043910
v -0.071551 0.262162 0.036746
v -0.054438 0.245404 0.051057
v -0.044764 0.241171 0.054337
v -0.043461 0.254064 0.047278
v -0.052563 0.251882 0.047283
v -0.025556 0.234055 0.059405
v -0.035030 0.237276 0.057386
v -0.034669 0.244032 0.053133
v -0.008529 0.299329 -0.071095
v -0.010970 0.305337 -0.068272
v -0.031117 0.308379 -0.065816
v -0.023051 0.309308 -0.066846
v -0.007536 0.285656 -0.078945
v -0.008035 0.292981 -0.074802
v -0.018129 0.294910 -0.073373
v -0.044942 0.293688 -0.071309
v -0.028642 0.296389 -0.071136
v -0.026812 0.289140 -0.075299
v -0.049936 0.302823 -0.063812
v -0.046551 0.299286 -0.067616
v -0.040819 0.307828 -0.063006
v -0.033444 0.303366 -0.067270
v -0.039012 0.298003 -0.068943
v -0.057254 0.283062 0.028955
v -0.051478 0.278789 0.031768
v -0.046349 0.274830 0.035068
v -0.033164 0.261413 0.043556
v -0.031997 0.267197 0.041759
v -0.253893 0.061616 0.004901
v -0.249599 0.073004 0.006544
v -0.245037 0.084376 0.007856
v -0.255025 0.075346 -0.000541
v -0.258808 0.076486 -0.009368
v -0.254569 0.088359 -0.008925
v -0.262747 0.064876 -0.009973
v -0.261463 0.076695 -0.017920
v -0.127163 0.270788 0.030258
v -0.130641 0.280511 0.018239
v -0.137205 0.287560 0.005655
v -0.146123 0.279909 0.017337
v -0.144887 0.287562 0.005060
v -0.134788 0.271696 0.030540
v -0.157914 0.267775 0.029882
v -0.151315 0.273902 0.026795
v -0.140290 0.259881 0.038576
v -0.142996 0.272432 0.030211
v -0.175135 -0.139047 0.041370
v -0.171154 -0.140717 0.053687
v -0.177575 -0.137065 0.028681
v -0.177304 -0.135441 0.015426
v -0.172911 -0.127575 0.040598
v -0.013374 -0.086323 0.169626
v -0.012388 -0.074316 0.168868
v -0.039350 -0.085236 0.164931
v -0.039778 -0.097898 0.166037
v -0.013140 -0.097994 0.171395
v -0.010348 -0.109881 0.171530
v -0.013656 -0.122302 0.173048
v -0.040096 -0.109916 0.166760
v -0.026514 -0.097499 0.170542
v -0.057087 -0.173947 0.168565
v -0.068456 -0.172522 0.162982
v -0.017809 -0.160468 0.177048
v -0.034057 -0.178080 0.175483
v -0.044960 -0.175111 0.172398
v -0.043581 -0.162255 0.172100
v -0.015597 -0.148307 0.176564
v -0.015082 -0.134622 0.174617
v -0.027911 -0.126026 0.171974
v -0.042838 -0.149440 0.171433
v -0.029627 -0.152708 0.174646
v -0.053777 -0.121923 0.165062
v -0.040692 -0.122725 0.169211
v -0.055501 -0.148306 0.168231
v -0.041234 -0.136029 0.170685
v -0.010336 -0.191197 0.177942
v -0.022667 -0.190652 0.176241
v -0.003655 -0.206024 0.177625
v -0.007399 -0.211829 0.176119
v -0.006760 -0.198330 0.177892
v -0.019751 -0.208769 0.175156
v -0.023376 -0.199381 0.175661
v -0.015578 -0.196207 0.177277
v -0.206087 0.139949 0.035439
v -0.210067 0.157215 0.030443
v -0.214726 0.137232 0.028328
v -0.212091 0.147460 0.029445
v -0.217797 0.154905 0.022074
v -0.079825 -0.171574 0.157184
v -0.091476 -0.171027 0.148696
v -0.067996 -0.159691 0.163010
v -0.067185 -0.147851 0.161380
v -0.113205 -0.170803 0.131720
v -0.112875 -0.159032 0.130807
v -0.102668 -0.170845 0.140777
v -0.090578 -0.159065 0.148413
v -0.166694 0.103657 0.060925
v -0.165486 0.107798 0.067423
v -0.163922 0.102548 0.069928
v -0.167234 0.096659 0.054816
v -0.168271 0.089346 0.047546
v -0.166871 0.093590 0.058283
v -0.005190 0.028331 0.155224
v -0.006238 0.013891 0.154675
v -0.027756 0.035039 0.155589
v -0.036216 0.020038 0.153907
v -0.034929 0.004535 0.152458
v -0.021029 0.001384 0.153630
v -0.065380 0.088246 0.160011
v -0.072988 0.090914 0.159261
v -0.055446 0.105760 0.154591
v -0.056508 0.095321 0.157404
v -0.055403 0.114451 0.149209
v -0.064054 0.107674 0.153751
v -0.073247 0.116908 0.147398
v -0.081180 0.092406 0.157956
v -0.072855 0.099920 0.156067
v -0.072850 0.108799 0.152036
v -0.081255 0.109736 0.151466
v -0.204917 0.162041 -0.077548
v -0.201907 0.157827 -0.080151
v -0.198699 0.162602 -0.081294
v -0.205520 0.153362 -0.078230
v -0.198544 0.153003 -0.081599
v -0.266614 0.064303 -0.027512
v -0.257665 0.089273 -0.024814
v -0.261966 0.076231 -0.027454
v -0.261265 0.074673 -0.037308
v -0.258294 0.071633 -0.045957
v -0.253656 0.083306 -0.046967
v -0.262839 0.059087 -0.045308
v -0.254775 0.067280 -0.053510
v -0.164126 0.057071 -0.013317
v -0.165668 0.048652 -0.023525
v -0.162308 0.056035 -0.021957
v -0.171630 0.062819 0.004370
v -0.167598 0.059919 -0.004220
v -0.169802 0.051421 -0.005480
v -0.172724 0.043176 -0.007035
v -0.176935 0.045653 0.001895
v -0.168905 0.041064 -0.023989
v -0.170372 0.041528 -0.016088
v -0.175488 0.034605 -0.008438
v -0.177233 0.024786 -0.017848
v -0.182586 0.014303 -0.039728
v -0.177941 0.023769 -0.039552
v -0.180954 0.015234 -0.025828
v -0.167989 0.041006 -0.031955
v -0.168583 0.041694 -0.038759
v -0.173148 0.033475 -0.039014
v -0.172490 0.033114 -0.024749
v -0.176274 0.024346 -0.025396
v -0.176840 0.023697 -0.032710
v -0.199484 0.021206 -0.066363
v -0.213054 0.028864 -0.073401
v -0.200126 0.067453 -0.077047
v -0.193878 0.058915 -0.074486
v -0.206927 0.038409 -0.073794
v -0.214390 0.042991 -0.075018
v -0.193466 0.031108 -0.066689
v -0.187519 0.040386 -0.066243
v -0.188640 0.050860 -0.070758
v -0.199936 0.034442 -0.070516
v -0.198234 0.046971 -0.074153
v -0.254780 0.051242 -0.060265
v -0.245399 0.074537 -0.061373
v -0.250498 0.063416 -0.060360
v -0.244760 0.059433 -0.066034
v -0.222224 0.046690 -0.074626
v -0.216721 0.057837 -0.076012
v -0.237671 0.054718 -0.070213
v -0.234785 0.067161 -0.069809
v -0.228171 0.035702 -0.074070
v -0.240164 0.042333 -0.070857
v -0.231430 0.047772 -0.073317
v -0.214737 0.035565 0.021444
v -0.187369 0.030490 0.006897
v -0.201910 0.028022 0.016201
v -0.181949 0.048747 0.009564
v -0.184626 0.039602 0.008117
v -0.198893 0.037686 0.017667
v -0.193273 0.033978 0.012657
v -0.211387 0.045510 0.023318
v -0.207865 0.055673 0.024511
v -0.205052 0.041598 0.020597
v -0.196244 0.047053 0.019136
v -0.220770 0.170986 0.014922
v -0.223111 0.160589 0.013904
v -0.226110 0.149682 0.013109
v -0.227312 0.165318 0.005070
v -0.169414 0.125216 0.052894
v -0.168167 0.116097 0.047629
v -0.174989 0.149028 0.057965
v -0.172021 0.136600 0.056299
v -0.172985 0.137969 0.054544
v -0.173491 0.137918 0.052252
v -0.176717 0.147063 0.053844
v -0.171332 0.125129 0.044409
v -0.171220 0.128369 0.049660
v -0.173888 0.135956 0.050348
v -0.234382 0.095095 0.016383
v -0.216186 0.127528 0.026932
v -0.222572 0.133733 0.021020
v -0.226689 0.115553 0.018827
v -0.228017 0.139176 0.012394
v -0.233420 0.143643 0.003678
v -0.233626 0.117501 0.010774
v -0.228926 0.127271 0.013949
v -0.241275 0.095836 0.008891
v -0.246435 0.098785 0.000985
v -0.237247 0.107086 0.009774
v -0.240302 0.118532 0.002291
v -0.203763 0.066068 0.026640
v -0.198154 0.060781 0.024304
v -0.176675 0.066635 0.013930
v -0.178963 0.057744 0.011190
v -0.187362 0.052848 0.016043
v -0.192667 0.056318 0.020883
v -0.190375 0.066059 0.022953
v -0.173360 0.083607 0.019211
v -0.174267 0.075589 0.016498
v -0.186916 0.075401 0.026386
v -0.181975 0.071096 0.020785
v -0.191948 0.081017 0.028903
v -0.184315 0.084959 0.028952
v -0.167750 0.051962 -0.051856
v -0.176335 0.046673 -0.059573
v -0.172899 0.044002 -0.052622
v -0.169598 0.066407 -0.063226
v -0.175336 0.058652 -0.065065
v -0.157984 0.077111 -0.055032
v -0.163431 0.060061 -0.050937
v -0.159268 0.067877 -0.050165
v -0.164085 0.074037 -0.062222
v -0.165732 0.062795 -0.057785
v -0.199038 0.132165 0.038282
v -0.197131 0.141466 0.040215
v -0.200975 0.123172 0.036513
v -0.192745 0.125347 0.039622
v -0.163209 0.096181 0.072332
v -0.165444 0.093630 0.064512
v -0.166512 0.085052 0.058237
v -0.167620 0.053443 0.002356
v -0.168292 0.058456 0.001247
v -0.169363 0.063412 -0.000028
v -0.169928 0.069780 0.009742
v -0.168907 0.060308 0.012371
v -0.127808 0.048340 0.127226
v -0.126229 0.038518 0.124334
v -0.135488 0.033068 0.109604
v -0.130380 0.030301 0.115306
v -0.130023 0.056890 0.128867
v -0.132424 0.048416 0.121740
v -0.157462 0.020206 0.030446
v -0.155957 0.012502 0.032393
v -0.155142 0.028998 0.052209
v -0.158735 0.027686 0.028169
v -0.160461 0.033838 0.026673
v -0.157653 0.031114 0.039641
v -0.143069 0.048047 0.106642
v -0.139217 0.036588 0.104857
v -0.142916 0.040901 0.100636
v -0.135376 0.041709 0.114095
v -0.135976 0.049698 0.117689
v -0.143079 0.055129 0.111274
v -0.142535 0.061546 0.115427
v -0.137260 0.056650 0.120115
v -0.139446 0.051731 0.113557
v -0.105019 -0.051284 0.121704
v -0.104638 -0.040073 0.121823
v -0.095340 -0.027474 0.129908
v -0.085827 -0.026179 0.135765
v -0.033985 0.255130 0.046502
v -0.034232 0.249726 0.049652
v -0.025431 0.246645 0.052317
v -0.025932 0.258012 0.047048
v -0.209639 0.121566 0.032033
v -0.220877 0.108314 0.024019
v -0.218010 0.117883 0.025863
v -0.203323 0.114493 0.034418
v -0.193633 0.095418 0.033331
v -0.196663 0.108641 0.035089
v -0.205084 0.106042 0.032211
v -0.168206 0.094769 -0.074127
v -0.156333 0.107736 -0.066982
v -0.161289 0.101668 -0.070004
v -0.154894 0.098688 -0.059556
v -0.156259 0.102949 -0.063291
v -0.156084 0.089156 -0.057757
v -0.155414 0.092003 -0.056867
v -0.156781 0.100641 -0.064524
v -0.158020 0.084430 -0.058995
v -0.165901 0.089373 -0.070498
v -0.164746 0.083245 -0.066388
v -0.160818 0.080395 -0.060807
v -0.163273 0.095003 -0.069142
v -0.158910 0.098015 -0.066579
v -0.157476 0.093256 -0.062625
v -0.114247 0.079607 -0.099557
v -0.121077 0.070453 -0.094114
v -0.130771 0.088449 -0.094289
v -0.127792 0.061426 -0.088339
v -0.136555 0.079589 -0.090058
v -0.129578 0.075462 -0.092382
v -0.141976 0.083522 -0.088073
v -0.140432 0.071353 -0.084474
v -0.224370 0.167863 -0.056846
v -0.221431 0.174810 -0.056716
v -0.225061 0.176435 -0.050084
v -0.217823 0.173691 -0.062665
v -0.217917 0.182867 -0.057626
v -0.227569 0.176921 -0.042463
v -0.224696 0.185945 -0.042736
v -0.230808 0.167697 -0.042810
v -0.230755 0.176849 -0.034080
v -0.230642 0.170089 -0.004484
v -0.233521 0.158629 -0.005084
v -0.235127 0.164918 -0.025325
v -0.227706 0.180584 -0.004210
v -0.229102 0.185853 -0.025028
v -0.232093 0.175149 -0.025300
v -0.231962 0.173528 -0.014850
v -0.156047 -0.210174 0.097151
v -0.165009 -0.208946 0.086336
v -0.172277 -0.216501 0.076971
v -0.147184 -0.210978 0.107156
v -0.136422 -0.212174 0.116767
v -0.136329 -0.220916 0.117000
v -0.156788 -0.218602 0.098402
v -0.096300 -0.282216 0.131013
v -0.122290 -0.147142 0.120134
v -0.132070 -0.146535 0.111198
v -0.151493 -0.145846 0.090722
v -0.141848 -0.146568 0.101521
v -0.131946 -0.135364 0.110390
v -0.132727 -0.074110 0.095096
v -0.124480 -0.074917 0.104979
v -0.140194 -0.073611 0.085392
v -0.142143 -0.084707 0.085385
v -0.161788 -0.118933 0.064363
v -0.144221 -0.097332 0.086217
v -0.151234 -0.096491 0.075015
v -0.138808 -0.123172 0.099145
v -0.136382 -0.097747 0.097035
v -0.146003 -0.110012 0.087147
v -0.158405 -0.075168 -0.011503
v -0.159503 -0.086251 -0.011578
v -0.163117 -0.078810 0.013139
v -0.162668 -0.097265 -0.011551
v -0.164290 -0.090289 0.013402
v -0.162995 -0.088002 0.000720
v -0.171274 -0.114695 0.026227
v -0.164658 -0.091514 0.025859
v -0.167270 -0.101328 0.012826
v -0.176131 -0.133545 0.002660
v -0.173223 -0.131634 -0.009990
v -0.174020 -0.124293 0.014095
v -0.169348 -0.110543 0.001415
v -0.170944 -0.112842 0.013678
v -0.168720 -0.128647 -0.022181
v -0.161789 -0.126407 -0.033312
v -0.157246 -0.114908 -0.033201
v -0.160656 -0.106613 -0.022520
v -0.165864 -0.108403 -0.011084
v -0.169565 -0.120258 -0.011086
v -0.078682 -0.077832 -0.084004
v -0.099624 -0.070657 -0.077151
v -0.100238 -0.056060 -0.078926
v -0.109460 -0.061345 -0.073611
v -0.081102 -0.031688 -0.090826
v -0.090041 -0.051039 -0.083395
v -0.101086 -0.041785 -0.081517
v -0.165673 0.091026 0.011807
v -0.165310 0.081266 -0.000827
v -0.165898 0.085920 0.008505
v -0.164905 0.080235 -0.006749
v -0.162085 0.118586 -0.085018
v -0.162877 0.110628 -0.080138
v -0.162402 0.104120 -0.075534
v -0.161093 0.106552 -0.080401
v -0.236418 0.156018 -0.035150
v -0.238474 0.153684 -0.026129
v -0.236747 0.147302 -0.005514
v -0.239681 0.136282 -0.006096
v -0.239351 0.151528 -0.015409
v -0.240940 0.142347 -0.027275
v -0.178702 0.109379 0.036866
v -0.186908 0.098973 0.034655
v -0.188940 0.112086 0.037993
v -0.191292 0.103867 0.035878
v -0.209860 0.191715 0.025778
v -0.213496 0.174077 0.024776
v -0.218736 0.180907 0.016039
v -0.202656 0.157830 0.037925
v -0.208574 0.166107 0.031899
v -0.207247 0.174999 0.033721
v -0.203190 0.190863 0.034747
v -0.205278 0.183070 0.034579
v -0.199562 0.174195 0.040336
v -0.118453 -0.278030 0.123046
v -0.104416 0.256251 0.041145
v -0.108993 0.267781 0.031354
v -0.118182 0.269481 0.030525
v -0.123974 0.258300 0.039624
v -0.169175 0.087816 0.038076
v -0.168763 0.092713 0.036586
v -0.170297 0.077479 0.019562
v -0.170042 0.073075 0.020900
v -0.168688 0.096854 0.035304
v -0.170593 0.081365 0.017851
v -0.169963 0.084667 0.016148
v -0.169658 0.086597 0.028039
v -0.176192 0.122341 0.041286
v -0.177698 0.116326 0.039014
v -0.185418 0.128118 0.041958
v -0.187161 0.119763 0.040128
v -0.182974 0.115367 0.038793
v -0.240580 0.085491 -0.062950
v -0.235804 0.078349 -0.067286
v -0.227731 0.076708 -0.072002
v -0.248639 0.095627 -0.048689
v -0.245382 0.090633 -0.056734
v -0.235206 0.096000 -0.064191
v -0.174618 0.104209 0.032371
v -0.171448 0.097226 0.025473
v -0.172180 0.091435 0.022114
v -0.177608 0.088950 0.026407
v -0.182356 0.093810 0.031961
v -0.180914 0.102183 0.034307
v -0.168101 0.108539 0.041268
v -0.169173 0.119425 0.046150
v -0.169356 0.120840 0.044356
v -0.168256 0.101594 0.033596
v -0.168619 0.110627 0.032285
v -0.169786 0.117694 0.039385
v -0.169379 0.120097 0.042690
v -0.169183 0.113604 0.037382
v -0.335939 -0.149462 -0.034783
v -0.338820 -0.160627 -0.033715
v -0.338991 -0.159639 -0.041858
v -0.337245 -0.160803 -0.026502
v -0.341736 -0.170986 -0.032555
v -0.331926 -0.151295 -0.020749
v -0.333986 -0.161686 -0.020197
v -0.335695 -0.172545 -0.019045
v -0.329928 -0.162496 -0.014239
v -0.270093 -0.167216 -0.021274
v -0.273733 -0.177127 -0.023069
v -0.278710 -0.175203 -0.017695
v -0.269018 -0.179102 -0.029845
v -0.277847 -0.186902 -0.026200
v -0.315524 -0.196281 -0.007882
v -0.314397 -0.186622 -0.007431
v -0.307906 -0.187751 -0.008344
v -0.326454 -0.174657 -0.010865
v -0.320835 -0.185501 -0.007878
v -0.312699 -0.176962 -0.007242
v -0.265879 -0.168339 -0.062837
v -0.261265 -0.158935 -0.060619
v -0.264747 -0.156487 -0.066760
v -0.257555 -0.160775 -0.054203
v -0.254970 -0.149368 -0.058891
v -0.235049 -0.087172 -0.006419
v -0.232115 -0.077928 -0.002797
v -0.226726 -0.081436 -0.007929
v -0.237951 -0.074527 0.001325
v -0.229651 -0.068318 0.000503
v -0.326034 -0.102533 -0.036939
v -0.333430 -0.137209 -0.043201
v -0.328804 -0.114885 -0.036389
v -0.328214 -0.113798 -0.044408
v -0.332504 -0.139114 -0.028394
v -0.334112 -0.137978 -0.035344
v -0.328115 -0.116412 -0.028946
v -0.331221 -0.126744 -0.035874
v -0.286310 -0.116238 0.002106
v -0.284054 -0.104786 0.003993
v -0.275954 -0.106789 0.002927
v -0.292850 -0.101836 0.002528
v -0.282281 -0.092108 0.004252
v -0.324014 -0.091920 -0.029390
v -0.324066 -0.091109 -0.037442
v -0.322076 -0.090600 -0.044932
v -0.321364 -0.079256 -0.037788
v -0.304521 -0.167932 -0.005886
v -0.311444 -0.167238 -0.007083
v -0.281436 -0.163247 -0.011660
v -0.297326 -0.169787 -0.007011
v -0.294925 -0.159450 -0.005719
v -0.280489 -0.130170 -0.001029
v -0.292947 -0.149648 -0.003996
v -0.285645 -0.151220 -0.005388
v -0.296571 -0.126204 -0.000348
v -0.288958 -0.128057 -0.000162
v -0.301062 -0.148180 -0.003447
v -0.291105 -0.139128 -0.002005
v -0.286568 -0.206567 -0.068409
v -0.275525 -0.176203 -0.069267
v -0.282042 -0.196613 -0.066886
v -0.286791 -0.195006 -0.071451
v -0.267960 -0.180053 -0.058498
v -0.271281 -0.177842 -0.064485
v -0.278455 -0.197859 -0.062281
v -0.276428 -0.187780 -0.066144
v -0.289319 -0.193085 -0.016535
v -0.303518 -0.198725 -0.010131
v -0.284921 -0.194972 -0.021404
v -0.281160 -0.196442 -0.027730
v -0.292127 -0.202044 -0.017878
v -0.284096 -0.173580 -0.013234
v -0.286922 -0.183488 -0.015626
v -0.301291 -0.189382 -0.009307
v -0.299441 -0.179552 -0.008851
v -0.290100 -0.171548 -0.009712
v -0.295598 -0.191226 -0.012312
v -0.343514 -0.180889 -0.046446
v -0.341885 -0.191629 -0.058626
v -0.337084 -0.159551 -0.049182
v -0.340495 -0.170488 -0.048095
v -0.338334 -0.180812 -0.060194
v -0.341557 -0.180991 -0.053138
v -0.333832 -0.181975 -0.065458
v -0.334800 -0.170432 -0.060945
v -0.270544 -0.121249 -0.001454
v -0.272975 -0.131933 -0.004028
v -0.257245 -0.125219 -0.009437
v -0.272080 -0.155694 -0.012886
v -0.278315 -0.152626 -0.008992
v -0.275944 -0.142648 -0.006644
v -0.260035 -0.136561 -0.012392
v -0.266027 -0.134497 -0.007707
v -0.261526 -0.159424 -0.024320
v -0.266416 -0.157455 -0.018178
v -0.254720 -0.138241 -0.018157
v -0.263039 -0.147212 -0.015348
v -0.324477 -0.104930 -0.021662
v -0.325667 -0.117428 -0.021628
v -0.329986 -0.140689 -0.021985
v -0.326965 -0.141516 -0.015393
v -0.328224 -0.128758 -0.021860
v -0.323381 -0.118790 -0.014829
v -0.325857 -0.160168 -0.067492
v -0.334222 -0.148074 -0.050108
v -0.331329 -0.136599 -0.050728
v -0.334892 -0.159168 -0.055928
v -0.330410 -0.159476 -0.062402
v -0.326870 -0.148131 -0.063371
v -0.325577 -0.113464 -0.051911
v -0.328290 -0.124533 -0.051419
v -0.323511 -0.136883 -0.064225
v -0.328071 -0.136348 -0.058001
v -0.318019 -0.138124 -0.069744
v -0.320234 -0.124855 -0.065162
v -0.280419 -0.112942 -0.076957
v -0.286271 -0.122361 -0.077606
v -0.277941 -0.125312 -0.076866
v -0.307521 -0.127667 -0.074526
v -0.294498 -0.119245 -0.077140
v -0.291586 -0.132482 -0.078246
v -0.242459 -0.094227 -0.005542
v -0.237444 -0.097164 -0.011067
v -0.247934 -0.116693 -0.011477
v -0.253746 -0.114432 -0.006363
v -0.233641 -0.099823 -0.016356
v -0.243975 -0.118787 -0.017050
v -0.241002 -0.107927 -0.014113
v -0.247676 -0.141665 -0.048240
v -0.253816 -0.137100 -0.062281
v -0.249923 -0.139621 -0.055467
v -0.244821 -0.130353 -0.052420
v -0.239617 -0.120727 -0.048470
v -0.242829 -0.118716 -0.056503
v -0.235034 -0.112313 -0.027620
v -0.237832 -0.122518 -0.041039
v -0.234732 -0.111537 -0.044905
v -0.306100 -0.036997 -0.007970
v -0.319137 -0.068471 -0.022076
v -0.307499 -0.047775 -0.008229
v -0.312048 -0.045776 -0.015437
v -0.302284 -0.049085 -0.002010
v -0.310140 -0.058517 -0.007423
v -0.319183 -0.067550 -0.029957
v -0.318353 -0.067442 -0.037869
v -0.314326 -0.045539 -0.023346
v -0.316915 -0.056145 -0.022302
v -0.311901 -0.035251 -0.023755
v -0.313652 -0.045018 -0.031800
v -0.286737 -0.009006 -0.054774
v -0.289276 -0.015465 -0.054468
v -0.282968 -0.016971 -0.059339
v -0.294856 -0.013535 -0.048653
v -0.292120 -0.022194 -0.054909
v -0.256926 -0.076448 -0.070862
v -0.266354 -0.106274 -0.074296
v -0.262939 -0.085168 -0.072499
v -0.254811 -0.087855 -0.070515
v -0.283183 -0.100374 -0.075786
v -0.274497 -0.103615 -0.075913
v -0.271333 -0.082542 -0.073773
v -0.269091 -0.094089 -0.073922
v -0.220816 -0.074789 -0.048251
v -0.232473 -0.100842 -0.050035
v -0.230130 -0.102646 -0.041307
v -0.225581 -0.082042 -0.051066
v -0.222562 -0.084905 -0.042556
v -0.236768 -0.097610 -0.057477
v -0.241810 -0.082443 -0.065252
v -0.230146 -0.077881 -0.058010
v -0.231451 -0.088965 -0.054045
v -0.194473 -0.021318 -0.028783
v -0.197771 -0.028719 -0.029739
v -0.197257 -0.028582 -0.021591
v -0.198950 -0.028883 -0.038046
v -0.200123 -0.036720 -0.031508
v -0.209556 -0.017966 0.008122
v -0.213397 -0.007239 0.013187
v -0.217399 -0.022372 0.012393
v -0.215835 -0.014465 0.012305
v -0.223268 -0.011261 0.014534
v -0.285547 0.022422 -0.015279
v -0.289162 0.014219 -0.012005
v -0.291840 0.015663 -0.021374
v -0.285809 0.011536 -0.004246
v -0.291983 0.007778 -0.011038
v -0.260059 -0.065557 -0.071320
v -0.251272 -0.067669 -0.070160
v -0.242720 -0.070734 -0.067679
v -0.230515 -0.066880 -0.060117
v -0.235998 -0.073977 -0.063971
v -0.245604 -0.060196 -0.068384
v -0.213818 -0.034001 0.006333
v -0.219963 -0.029801 0.010788
v -0.226661 -0.025691 0.013008
v -0.221304 -0.037130 0.008614
v -0.234423 -0.056505 0.006331
v -0.223284 -0.044235 0.006944
v -0.230523 -0.040281 0.009245
v -0.221506 -0.064132 -0.002460
v -0.227768 -0.059893 0.002726
v -0.217252 -0.048512 0.002240
v -0.225735 -0.051821 0.005064
v -0.272644 -0.013273 0.009441
v -0.291946 -0.031416 0.002697
v -0.272530 -0.021218 0.008582
v -0.281331 -0.018372 0.007018
v -0.262996 -0.024049 0.007796
v -0.273643 -0.029107 0.007502
v -0.290395 -0.000592 -0.003693
v -0.286719 -0.009120 0.002549
v -0.297849 0.001732 -0.018841
v -0.294582 0.001472 -0.010120
v -0.297486 -0.005612 -0.009549
v -0.306970 -0.027347 -0.016429
v -0.309160 -0.026888 -0.024460
v -0.299181 -0.012651 -0.009238
v -0.302164 -0.012202 -0.017031
v -0.299088 -0.029629 -0.002152
v -0.304079 -0.028136 -0.008840
v -0.288431 -0.015962 0.002420
v -0.290773 -0.023320 0.003297
v -0.294414 -0.014644 -0.003219
v -0.301672 -0.020447 -0.009100
v -0.252867 -0.050257 -0.074711
v -0.260337 -0.048752 -0.074259
v -0.257524 -0.043329 -0.074017
v -0.255003 -0.038824 -0.073684
v -0.262184 -0.035533 -0.071946
v -0.248042 -0.041593 -0.074431
v -0.252501 -0.034556 -0.072305
v -0.219740 -0.064792 -0.052324
v -0.215427 -0.068837 -0.044631
v -0.213114 -0.070843 -0.034762
v -0.211477 -0.062644 -0.041593
v -0.266020 -0.041541 0.008324
v -0.242673 -0.061564 0.006602
v -0.241429 -0.053095 0.008269
v -0.258805 -0.054822 0.010020
v -0.237384 -0.036428 0.011079
v -0.239451 -0.044371 0.009211
v -0.255671 -0.036713 0.009857
v -0.257294 -0.046050 0.009578
v -0.248940 -0.049105 0.009742
v -0.307817 -0.026477 -0.033214
v -0.302531 -0.019300 -0.041339
v -0.303845 -0.011252 -0.025654
v -0.306452 -0.018944 -0.024974
v -0.199230 -0.020390 -0.044527
v -0.202681 -0.027432 -0.045792
v -0.208342 -0.017061 -0.057066
v -0.199392 0.009274 -0.060827
v -0.205333 0.012023 -0.066577
v -0.204012 -0.009440 -0.056679
v -0.209634 -0.007725 -0.061215
v -0.190327 0.005585 -0.048078
v -0.193847 0.006118 -0.054986
v -0.195389 -0.012473 -0.043198
v -0.198995 -0.011331 -0.050117
v -0.199488 -0.001893 -0.055949
v -0.187151 0.004669 -0.040962
v -0.185793 0.004644 -0.033545
v -0.192751 -0.013168 -0.035759
v -0.191532 -0.013121 -0.027645
v -0.191800 -0.004631 -0.042444
v -0.185052 0.006332 -0.018806
v -0.184294 0.004868 -0.025737
v -0.191505 -0.012084 -0.019641
v -0.188217 -0.004214 -0.026557
v -0.199016 0.014708 0.010173
v -0.205247 -0.002486 0.008743
v -0.210981 0.000745 0.013122
v -0.211317 0.022088 0.017891
v -0.205192 0.018659 0.014980
v -0.217843 0.004515 0.015754
v -0.207938 0.008826 0.014144
v -0.224325 0.029174 0.020720
v -0.217740 0.025617 0.019896
v -0.220715 0.016409 0.018620
v -0.238687 0.037671 0.019260
v -0.231437 0.033762 0.020471
v -0.234514 0.023555 0.018770
v -0.238674 0.015444 0.017302
v -0.244264 0.021412 0.016090
v -0.227453 0.000572 0.016982
v -0.224068 0.007801 0.017557
v -0.231296 0.011539 0.017940
v -0.241893 0.008338 0.017276
v -0.264077 0.052170 -0.002715
v -0.268112 0.053095 -0.011083
v -0.275241 0.030420 -0.004699
v -0.270837 0.052586 -0.019400
v -0.271310 0.052560 -0.027937
v -0.279553 0.031404 -0.012658
v -0.282142 0.031611 -0.021501
v -0.273668 0.042057 -0.011698
v -0.288414 0.022634 -0.032360
v -0.271348 0.050403 -0.036598
v -0.267950 0.046865 -0.045431
v -0.282656 0.030929 -0.029877
v -0.276728 0.040288 -0.028363
v -0.281441 0.029146 -0.038051
v -0.202433 -0.042784 -0.015639
v -0.210282 -0.044912 -0.001373
v -0.212479 -0.052246 -0.003390
v -0.198251 -0.026493 -0.013012
v -0.200160 -0.034724 -0.013663
v -0.206617 -0.029698 0.001758
v -0.208384 -0.037180 0.001187
v -0.204140 -0.040652 -0.007191
v -0.315931 -0.150295 -0.073376
v -0.311458 -0.138896 -0.074270
v -0.304269 -0.140628 -0.076943
v -0.288881 -0.145709 -0.078042
v -0.296846 -0.142993 -0.078153
v -0.302091 -0.153595 -0.078222
v -0.306321 -0.164319 -0.077842
v -0.299848 -0.166805 -0.078720
v -0.324545 -0.171937 -0.071610
v -0.319728 -0.160980 -0.072828
v -0.313624 -0.162404 -0.075728
v -0.311299 -0.174800 -0.077821
v -0.296082 -0.202529 -0.074506
v -0.303267 -0.189099 -0.078018
v -0.291416 -0.193195 -0.074382
v -0.286536 -0.183934 -0.073305
v -0.293001 -0.169044 -0.077472
v -0.298404 -0.179009 -0.078005
v -0.297126 -0.191086 -0.076502
v -0.322823 -0.153895 -0.011094
v -0.324658 -0.164199 -0.010963
v -0.318789 -0.165253 -0.007861
v -0.310273 -0.156939 -0.005965
v -0.308523 -0.146397 -0.005072
v -0.321645 -0.142923 -0.010598
v -0.304182 -0.124120 -0.002968
v -0.306907 -0.135642 -0.003696
v -0.320086 -0.132135 -0.010172
v -0.315458 -0.144821 -0.006905
v -0.332532 -0.183661 -0.013364
v -0.327933 -0.194191 -0.010071
v -0.327399 -0.184387 -0.009883
v -0.293714 -0.041756 0.002914
v -0.294797 -0.052202 0.003092
v -0.283734 -0.034524 0.006417
v -0.274538 -0.038114 0.007515
v -0.275999 -0.047148 0.008419
v -0.289261 -0.076571 0.004783
v -0.296235 -0.063146 0.002530
v -0.277732 -0.057909 0.007885
v -0.286598 -0.055216 0.006414
v -0.274275 -0.013774 -0.063697
v -0.263444 -0.023953 -0.069599
v -0.277687 -0.006337 -0.059429
v -0.271344 -0.008740 -0.063624
v -0.264628 -0.011708 -0.067396
v -0.267636 -0.003714 -0.063704
v -0.269108 -0.062009 -0.072414
v -0.263888 -0.054468 -0.072693
v -0.268576 -0.044997 -0.073116
v -0.274818 -0.070335 -0.072945
v -0.280804 -0.078959 -0.073994
v -0.279112 -0.057543 -0.071943
v -0.294198 -0.061982 -0.067597
v -0.288306 -0.030463 -0.061214
v -0.294636 -0.029864 -0.055286
v -0.281797 -0.046393 -0.069008
v -0.288426 -0.053216 -0.068827
v -0.295980 -0.049801 -0.062496
v -0.242766 -0.033599 -0.072342
v -0.256321 -0.027331 -0.071076
v -0.249742 -0.030163 -0.071973
v -0.260786 -0.019888 -0.070182
v -0.258141 -0.015013 -0.069840
v -0.246375 -0.026447 -0.071010
v -0.255117 -0.009874 -0.069685
v -0.243377 -0.021749 -0.071137
v -0.250591 -0.018330 -0.070482
v -0.236494 -0.025608 -0.070708
v -0.240579 -0.017004 -0.070809
v -0.274346 0.019899 0.001997
v -0.258337 0.015461 0.011898
v -0.269008 0.028377 0.001786
v -0.278527 0.011857 0.001951
v -0.283862 0.004773 0.000826
v -0.268551 -0.006258 0.010381
v -0.278211 -0.005707 0.007763
v -0.285018 -0.002872 0.002884
v -0.270695 0.010077 0.007421
v -0.254365 0.033347 -0.064822
v -0.270720 0.004921 -0.060365
v -0.264261 0.001873 -0.064751
v -0.262631 0.018306 -0.062230
v -0.282156 0.018196 -0.047366
v -0.276791 0.007603 -0.055978
v -0.273091 0.014091 -0.056770
v -0.264587 0.043603 -0.052785
v -0.259239 0.039731 -0.059629
v -0.279225 0.026476 -0.045717
v -0.273365 0.035898 -0.045427
v -0.262452 0.028035 -0.060489
v -0.268806 0.020892 -0.058352
v -0.275548 0.021315 -0.052448
v -0.289723 -0.001068 -0.049443
v -0.283729 -0.003377 -0.054805
v -0.288148 0.013217 -0.045470
v -0.280132 0.002102 -0.055531
v -0.282213 0.010176 -0.051074
v -0.247415 0.032641 -0.069249
v -0.240405 0.028897 -0.071808
v -0.251847 0.022946 -0.068067
v -0.257761 -0.001095 -0.067393
v -0.251346 -0.004512 -0.070332
v -0.256276 0.014830 -0.066453
v -0.260347 0.008399 -0.065247
v -0.249539 0.011481 -0.069510
v -0.245612 0.043222 0.016063
v -0.252101 0.050294 0.010953
v -0.258741 0.050712 0.003476
v -0.247318 0.031586 0.015232
v -0.253772 0.023621 0.012551
v -0.263716 0.039207 0.002704
v -0.261401 0.026655 0.007741
v -0.219890 -0.011629 -0.066916
v -0.230094 -0.015235 -0.070388
v -0.244021 -0.008166 -0.070979
v -0.237345 -0.011635 -0.071349
v -0.243697 0.008519 -0.071236
v -0.246939 0.001646 -0.070775
v -0.233187 -0.005667 -0.071030
v -0.226023 0.021784 -0.073516
v -0.233202 0.025288 -0.073224
v -0.238856 0.015941 -0.072332
v -0.229030 0.001309 -0.072168
v -0.236129 0.004800 -0.071676
v -0.211711 0.014735 -0.070160
v -0.218755 0.018672 -0.073132
v -0.215551 -0.004894 -0.066350
v -0.210708 0.002931 -0.066831
v -0.222209 -0.002200 -0.070048
v -0.223835 0.009212 -0.072353
v -0.274380 -0.163972 -0.071926
v -0.280421 -0.173879 -0.073253
v -0.282022 -0.148682 -0.076384
v -0.287597 -0.158580 -0.076970
v -0.286377 -0.171592 -0.075665
v -0.269503 -0.154121 -0.071273
v -0.263289 -0.144413 -0.069735
v -0.270558 -0.128774 -0.074705
v -0.276407 -0.138642 -0.075588
v -0.274937 -0.151351 -0.073978
v -0.223425 -0.083694 -0.014816
v -0.220676 -0.074356 -0.011566
v -0.218065 -0.077992 -0.028721
v -0.213492 -0.071019 -0.025413
v -0.227463 -0.092470 -0.019065
v -0.230823 -0.101603 -0.023811
v -0.229414 -0.103227 -0.031977
v -0.221345 -0.085986 -0.033059
v -0.226219 -0.094002 -0.036655
v -0.221599 -0.085630 -0.023381
v -0.218330 -0.066288 -0.008631
v -0.214697 -0.059817 -0.005779
v -0.210297 -0.063654 -0.022467
v -0.207879 -0.055141 -0.010676
v -0.215161 -0.069079 -0.016739
v -0.262650 -0.170537 -0.034115
v -0.266237 -0.180332 -0.037444
v -0.260111 -0.171466 -0.049589
v -0.255637 -0.161997 -0.046657
v -0.271013 -0.189455 -0.039738
v -0.265252 -0.181151 -0.052066
v -0.270662 -0.189879 -0.054044
v -0.264467 -0.181057 -0.044916
v -0.246908 -0.130028 -0.020902
v -0.250712 -0.140188 -0.024374
v -0.240690 -0.121249 -0.024121
v -0.242654 -0.132014 -0.036799
v -0.238920 -0.122085 -0.032392
v -0.257773 -0.160633 -0.030793
v -0.251083 -0.151628 -0.043801
v -0.254088 -0.150667 -0.027946
v -0.246661 -0.141802 -0.039858
v -0.255706 -0.161610 -0.038324
v -0.248098 -0.141566 -0.032295
v -0.310043 -0.115519 -0.071400
v -0.297254 -0.107156 -0.075066
v -0.302027 -0.117312 -0.074975
v -0.216533 -0.050372 -0.054295
v -0.204528 -0.042503 -0.042432
v -0.211995 -0.053423 -0.047254
v -0.208145 -0.056517 -0.038729
v -0.212566 -0.045566 -0.052268
v -0.225420 -0.060851 -0.057809
v -0.232572 -0.057193 -0.062933
v -0.220939 -0.055353 -0.056240
v -0.222083 -0.046700 -0.060152
v -0.186206 0.007673 -0.010612
v -0.199239 -0.005697 0.003499
v -0.189730 -0.002078 -0.011205
v -0.196778 0.002572 0.003718
v -0.195499 -0.019136 -0.012694
v -0.204365 -0.021483 0.001783
v -0.201641 -0.013798 0.002320
v -0.192260 -0.011184 -0.011710
v -0.201073 -0.024289 -0.004943
v -0.195640 -0.008405 -0.003961
v -0.247026 -0.052845 -0.070624
v -0.239751 -0.054895 -0.066779
v -0.246510 -0.048176 -0.073674
v -0.242494 -0.044699 -0.074074
v -0.234374 -0.050657 -0.066173
v -0.182627 0.027900 -0.001006
v -0.178608 0.026133 -0.009049
v -0.182265 0.016892 -0.009599
v -0.190045 0.021580 0.005582
v -0.193718 0.011747 0.005143
v -0.189395 0.009282 -0.002726
v -0.307835 -0.035730 -0.040736
v -0.299985 -0.027953 -0.048928
v -0.305093 -0.027002 -0.041174
v -0.302822 -0.047746 -0.055108
v -0.298157 -0.038427 -0.055713
v -0.297173 -0.005222 -0.043052
v -0.299604 -0.012102 -0.042202
v -0.299333 0.002926 -0.026929
v -0.301576 -0.004414 -0.026304
v -0.302843 -0.011589 -0.033801
v -0.294654 0.001362 -0.043887
v -0.292797 0.015865 -0.029760
v -0.295924 0.009671 -0.028470
v -0.290223 0.014694 -0.038113
v -0.291145 0.007131 -0.044518
v -0.296950 0.002254 -0.036011
v -0.344567 -0.181145 -0.038770
v -0.343720 -0.181532 -0.031156
v -0.346102 -0.190528 -0.044875
v -0.302784 -0.112219 -0.001300
v -0.300834 -0.100014 -0.000033
v -0.316223 -0.108481 -0.009244
v -0.318040 -0.120151 -0.009620
v -0.311801 -0.122015 -0.005030
v -0.271939 -0.082742 0.005797
v -0.280246 -0.079499 0.005695
v -0.268790 -0.061467 0.008621
v -0.260653 -0.065172 0.008482
v -0.278890 -0.068513 0.006480
v -0.246447 -0.080817 0.001763
v -0.244390 -0.071542 0.004511
v -0.263465 -0.085590 0.004465
v -0.252324 -0.067940 0.006900
v -0.262072 -0.074602 0.006252
v -0.233373 -0.033019 -0.070484
v -0.230322 -0.028806 -0.070206
v -0.222375 -0.039712 -0.064017
v -0.226155 -0.043816 -0.065958
v -0.217283 -0.021798 -0.064593
v -0.227437 -0.023612 -0.068792
v -0.223585 -0.018258 -0.068438
v -0.218906 -0.035493 -0.062840
v -0.223847 -0.032369 -0.067587
v -0.206291 -0.034280 -0.047262
v -0.206964 -0.026357 -0.052876
v -0.212181 -0.024147 -0.059090
v -0.213500 -0.037987 -0.057039
v -0.208792 -0.040440 -0.049700
v -0.215240 -0.030496 -0.060304
v -0.258808 -0.007083 0.011964
v -0.252570 0.007424 0.015094
v -0.245301 0.001483 0.017434
v -0.262617 0.008105 0.011793
v -0.265641 0.000686 0.010760
v -0.229730 -0.007518 0.016528
v -0.232139 -0.014904 0.014578
v -0.250457 -0.012739 0.012197
v -0.237086 -0.003357 0.017281
v -0.248068 -0.005266 0.015707
v -0.279754 -0.207613 -0.057786
v -0.275173 -0.199216 -0.055425
v -0.274354 -0.199250 -0.049032
v -0.233515 -0.021750 0.013316
v -0.236042 -0.028756 0.012200
v -0.251854 -0.020645 0.009609
v -0.253784 -0.028662 0.009648
v -0.245641 -0.032917 0.010857
v -0.241422 -0.017065 0.012584
v -0.316023 -0.067654 -0.045900
v -0.315385 -0.056381 -0.038926
v -0.311667 -0.045210 -0.039482
v -0.307929 -0.057681 -0.054399
v -0.308486 -0.046174 -0.047325
v -0.011289 0.222446 -0.102166
v -0.010443 0.230826 -0.099736
v -0.031378 0.218361 -0.103661
v -0.021326 0.216164 -0.103361
v -0.020319 0.232760 -0.099078
v -0.153325 -0.003861 0.038048
v -0.154541 0.004252 0.035382
v -0.150354 0.000803 0.051626
v -0.150493 0.014276 0.059537
v -0.152948 0.021883 0.055858
v -0.153689 0.016700 0.044767
v -0.128529 -0.028761 0.097043
v -0.121715 -0.018677 0.106442
v -0.124565 -0.008565 0.105496
v -0.130774 -0.007663 0.097058
v -0.144125 -0.012878 0.068888
v -0.145477 -0.024698 0.066561
v -0.140997 -0.002966 0.080169
v -0.136441 -0.005927 0.089004
v -0.134172 -0.017172 0.088520
v -0.167787 0.071625 0.041964
v -0.167423 0.057785 0.024035
v -0.169061 0.083400 0.039915
v -0.168875 0.077589 0.041110
v -0.168278 0.063336 0.022860
v -0.169706 0.068568 0.021530
v -0.169852 0.077583 0.030752
v -0.168379 0.066910 0.033327
v -0.168043 0.091900 0.012299
v -0.169509 0.088490 0.013337
v -0.169011 0.095088 0.023990
v -0.167894 0.105672 0.031496
v -0.168437 0.106948 0.029236
v -0.167146 0.092738 0.011410
v -0.166084 0.092001 0.009163
v -0.167656 0.103390 0.024058
v -0.168277 0.105928 0.027477
v -0.167549 0.099280 0.021142
v -0.156937 0.040710 0.059498
v -0.157078 0.034920 0.049356
v -0.160441 0.041580 0.047538
v -0.008529 -0.183544 0.178587
v -0.006690 -0.175629 0.178505
v -0.010724 -0.168333 0.177532
v -0.024894 -0.181453 0.176776
v -0.022105 -0.171318 0.177063
v -0.016402 -0.185739 0.177175
v -0.018605 -0.207712 -0.114991
v -0.018018 -0.195839 -0.113027
v -0.048984 -0.199585 -0.113575
v -0.019082 -0.230632 -0.119455
v -0.018598 -0.219627 -0.117364
v -0.050660 -0.211822 -0.116689
v -0.035066 -0.210300 -0.115958
v -0.066022 -0.213440 -0.116635
v -0.052879 -0.223804 -0.119808
v -0.019474 -0.241189 -0.121223
v -0.020481 -0.250924 -0.123363
v -0.037419 -0.232649 -0.120627
v -0.054026 -0.234301 -0.121834
v -0.189614 -0.274459 -0.022928
v -0.173806 -0.268910 -0.054088
v -0.189589 -0.265614 -0.021721
v -0.184622 -0.265383 -0.033835
v -0.166289 -0.265449 -0.064741
v -0.176427 -0.264808 -0.048941
v -0.176951 -0.257320 -0.047738
v -0.188252 -0.250190 -0.019773
v -0.182202 -0.247386 -0.033690
v -0.186954 -0.242081 -0.020186
v -0.193490 -0.264752 -0.007602
v -0.190542 -0.258069 -0.016356
v -0.192561 -0.251038 -0.006076
v -0.196479 -0.266358 0.019182
v -0.195900 -0.266122 0.005041
v -0.195306 -0.258155 0.007057
v -0.193091 -0.243750 0.007218
v -0.194474 -0.250998 0.007484
v -0.194354 -0.252341 0.021012
v -0.195304 -0.266562 0.033943
v -0.191709 -0.267227 0.047623
v -0.195007 -0.259421 0.033601
v -0.192964 -0.252339 0.033819
v -0.191985 -0.245036 0.033664
v -0.190657 -0.252561 0.046798
v -0.182802 -0.267726 0.074045
v -0.188157 -0.266961 0.061147
v -0.188005 -0.260195 0.059912
v -0.166565 -0.269462 0.095641
v -0.175125 -0.267965 0.084827
v -0.175491 -0.261246 0.083301
v -0.154886 -0.276556 0.104983
v -0.132184 -0.278535 0.117933
v -0.116008 -0.274390 0.123236
v -0.132810 -0.272576 0.117260
v -0.155508 -0.270454 0.103721
v -0.155999 -0.263854 0.102625
v -0.144219 -0.271684 0.110748
v -0.132769 -0.266589 0.116473
v -0.075983 -0.277954 0.138981
v -0.065862 -0.279038 0.141405
v -0.086732 -0.276868 0.134721
v -0.099683 -0.275565 0.130670
v -0.104301 -0.268760 0.129977
v -0.078439 -0.271038 0.140523
v -0.008764 -0.279810 0.154641
v -0.008857 -0.272803 0.157588
v -0.019169 -0.285458 0.150247
v -0.027792 -0.284471 0.148547
v -0.041883 -0.283814 0.146588
v -0.054779 -0.281484 0.143918
v -0.056123 -0.274057 0.146986
v -0.031500 -0.277968 0.151766
v -0.100815 0.244898 0.050018
v -0.099143 0.232991 0.057587
v -0.107238 0.223241 0.064451
v -0.116354 0.224169 0.063360
v -0.111304 0.245757 0.049387
v -0.082046 0.307186 -0.034703
v -0.087277 0.303721 -0.035740
v -0.092497 0.300655 -0.036560
v -0.087118 0.300513 -0.044651
v -0.104865 0.296838 -0.017732
v -0.099922 0.298968 -0.017621
v -0.096787 0.301255 -0.028009
v -0.108163 0.296527 -0.029646
v -0.097275 0.298284 -0.038638
v -0.114191 0.226763 -0.100714
v -0.122305 0.227515 -0.098065
v -0.123673 0.238095 -0.093282
v -0.126234 0.259280 -0.080130
v -0.125581 0.248531 -0.087431
v -0.116126 0.248152 -0.090442
v -0.085116 0.250366 -0.096632
v -0.106340 0.246755 -0.094007
v -0.106415 0.256824 -0.088460
v -0.105208 0.224698 -0.102854
v -0.086091 0.230295 -0.104136
v -0.085798 0.240585 -0.100875
v -0.095956 0.222513 -0.105859
v -0.105282 0.235638 -0.098993
v -0.096216 0.243498 -0.097634
v -0.068956 0.299760 -0.060210
v -0.077185 0.302800 -0.050236
v -0.067810 0.302569 -0.057658
v -0.065406 0.304755 -0.056085
v -0.071119 0.304438 -0.053871
v -0.081492 0.300065 -0.052082
v -0.084617 0.297099 -0.055239
v -0.075737 0.298705 -0.058518
v -0.050849 0.291467 -0.072545
v -0.057342 0.291618 -0.070886
v -0.043405 0.287645 -0.075364
v -0.063786 0.293977 -0.067441
v -0.070207 0.296575 -0.063377
v -0.071385 0.292973 -0.066654
v -0.059865 0.288276 -0.073678
v -0.165374 0.282942 -0.020680
v -0.157054 0.286508 -0.021631
v -0.153358 0.263146 -0.065928
v -0.158888 0.275882 -0.046085
v -0.166361 0.272360 -0.043820
v -0.163634 0.266832 -0.054679
v -0.173203 0.278401 -0.018993
v -0.170431 0.276305 -0.031666
v -0.174054 0.268647 -0.041552
v -0.137006 0.217872 -0.097915
v -0.145534 0.227285 -0.092888
v -0.137752 0.227752 -0.094393
v -0.135250 0.197279 -0.101865
v -0.135925 0.207446 -0.100176
v -0.142335 0.208086 -0.098852
v -0.149360 0.207946 -0.097806
v -0.147966 0.198327 -0.099582
v -0.151870 0.226554 -0.091426
v -0.150804 0.217365 -0.094840
v -0.155004 0.207210 -0.096388
v -0.210242 0.234611 -0.006121
v -0.206828 0.235528 -0.029260
v -0.211471 0.228472 -0.027793
v -0.208939 0.227125 -0.037939
v -0.214159 0.226380 -0.005154
v -0.216954 0.217950 -0.004924
v -0.213286 0.228452 -0.016422
v -0.215502 0.221008 -0.026609
v -0.153260 0.235931 -0.086200
v -0.155917 0.244626 -0.079961
v -0.157581 0.225232 -0.089817
v -0.086770 0.096099 -0.109675
v -0.097813 0.090164 -0.106511
v -0.108852 0.090854 -0.103850
v -0.117520 0.093340 -0.101967
v -0.103794 0.100431 -0.106694
v -0.133001 0.100443 -0.095851
v -0.126034 0.097007 -0.099374
v -0.121426 0.106250 -0.102563
v -0.161300 0.126443 -0.090018
v -0.158917 0.121940 -0.089804
v -0.155508 0.118419 -0.088616
v -0.153676 0.127324 -0.092025
v -0.156803 0.109924 -0.084705
v -0.158575 0.102279 -0.079917
v -0.151885 0.114605 -0.088752
v -0.161662 0.132132 -0.088654
v -0.159864 0.133923 -0.093197
v -0.160590 0.135319 -0.082410
v -0.161562 0.132594 -0.085288
v -0.162338 0.139416 -0.088295
v -0.180761 0.156842 0.053370
v -0.181459 0.153408 0.051142
v -0.193378 0.164708 0.044867
v -0.191701 0.171713 0.045929
v -0.178557 0.162888 0.057425
v -0.179806 0.159837 0.055348
v -0.189771 0.177929 0.048251
v -0.184704 0.166891 0.051892
v -0.201163 0.199318 0.035537
v -0.198965 0.207194 0.035669
v -0.195574 0.189043 0.042529
v -0.188395 0.184252 0.048286
v -0.160568 0.135364 -0.079563
v -0.161381 0.140198 -0.082218
v -0.162899 0.138135 -0.079019
v -0.159854 0.130386 -0.077167
v -0.159473 0.125403 -0.074707
v -0.161331 0.134128 -0.077083
v -0.161307 0.134648 -0.077565
v -0.161189 0.132892 -0.076936
v -0.159606 0.129904 -0.074568
v -0.138492 0.289133 -0.036740
v -0.140775 0.290455 -0.022316
v -0.148423 0.288202 -0.022016
v -0.154058 0.283606 -0.035103
v -0.150861 0.278712 -0.047054
v -0.206130 0.224216 -0.047122
v -0.210062 0.217366 -0.045897
v -0.201501 0.230042 -0.047840
v -0.202167 0.221884 -0.054943
v -0.200311 0.216285 -0.061669
v -0.196574 0.222343 -0.061356
v -0.203802 0.210011 -0.061408
v -0.197525 0.210055 -0.068133
v -0.193961 0.206282 -0.074147
v -0.197328 0.201635 -0.072758
v -0.189537 0.210618 -0.075681
v -0.190614 0.201182 -0.078590
v -0.183154 0.198963 -0.084168
v -0.191559 0.191979 -0.080589
v -0.187216 0.195981 -0.082317
v -0.183959 0.190286 -0.084465
v -0.165208 0.140991 -0.080913
v -0.164345 0.142419 -0.080835
v -0.161905 0.145071 -0.084128
v -0.162956 0.143614 -0.081534
v -0.165856 0.146983 -0.082892
v -0.215098 0.199245 0.016568
v -0.217532 0.204040 0.006371
v -0.222652 0.186901 0.006389
v -0.224517 0.190883 -0.004310
v -0.217091 0.190147 0.016264
v -0.190099 0.255169 0.011881
v -0.172281 0.266615 0.019227
v -0.186205 0.261621 0.010635
v -0.182594 0.253597 0.021403
v -0.174665 0.276543 -0.005345
v -0.174718 0.274071 0.008515
v -0.180661 0.273714 -0.017437
v -0.186517 0.265622 -0.002246
v -0.180606 0.267691 0.009807
v -0.160880 0.080653 -0.016742
v -0.165182 0.083950 -0.005515
v -0.161479 0.080368 -0.013425
v -0.165126 0.083509 -0.003180
v -0.165992 0.089723 0.005418
v -0.167488 0.100057 0.020250
v -0.166795 0.096140 0.015691
v -0.165152 0.088746 0.007106
v -0.166893 0.096949 0.015460
v -0.165284 0.087128 0.000765
v -0.157749 0.080761 -0.028164
v -0.156066 0.079314 -0.033261
v -0.155736 0.083550 -0.037938
v -0.158689 0.078731 -0.024204
v -0.160064 0.079951 -0.020681
v -0.157501 0.103402 -0.059885
v -0.157916 0.109723 -0.063513
v -0.159016 0.100842 -0.061305
v -0.157528 0.099473 -0.058781
v -0.155921 0.093993 -0.052665
v -0.156202 0.092903 -0.054699
v -0.155142 0.082774 -0.042508
v -0.157083 0.087485 -0.050208
v -0.155208 0.088092 -0.045737
v -0.156039 0.083217 -0.040113
v -0.174902 0.127695 0.043861
v -0.177781 0.139961 0.048760
v -0.174050 0.132698 0.047450
v -0.184104 0.135258 0.044077
v -0.179566 0.128723 0.043060
v -0.195921 0.149799 0.041825
v -0.182150 0.147684 0.049108
v -0.189202 0.141805 0.043771
v -0.194597 0.157181 0.043175
v -0.187598 0.155938 0.047821
v -0.183019 0.141660 0.046368
v -0.184124 0.236842 0.032795
v -0.179841 0.244056 0.032274
v -0.175625 0.250858 0.031408
v -0.176439 0.233024 0.040173
v -0.219923 0.209288 -0.004379
v -0.226046 0.195066 -0.024858
v -0.226236 0.193329 -0.014706
v -0.220410 0.211734 -0.014905
v -0.222295 0.200397 -0.004396
v -0.221347 0.194429 -0.043366
v -0.223921 0.195416 -0.034331
v -0.216718 0.212354 -0.035711
v -0.219232 0.212827 -0.025782
v -0.222881 0.204512 -0.025501
v -0.167422 0.128998 -0.079391
v -0.170047 0.132560 -0.081149
v -0.163998 0.134910 -0.079188
v -0.162303 0.130931 -0.077294
v -0.164395 0.125305 -0.077869
v -0.160572 0.127227 -0.075371
v -0.163197 0.128670 -0.077083
v -0.166456 0.122253 -0.078135
v -0.168583 0.119491 -0.079008
v -0.162342 0.121947 -0.076071
v -0.160538 0.107687 -0.071218
v -0.159138 0.113355 -0.070520
v -0.160284 0.101268 -0.062769
v -0.159900 0.108237 -0.064639
v -0.158744 0.119995 -0.071884
v -0.157879 0.116338 -0.067056
v -0.158958 0.125744 -0.072532
v -0.159231 0.125749 -0.072650
v -0.159048 0.113393 -0.066751
v -0.159043 0.114267 -0.068009
v -0.184570 0.267067 -0.028065
v -0.192140 0.262707 -0.013725
v -0.186205 0.268652 -0.015658
v -0.217968 0.192319 -0.052026
v -0.214249 0.189850 -0.058536
v -0.213823 0.210144 -0.045125
v -0.209724 0.208981 -0.053586
v -0.207303 0.203554 -0.060572
v -0.217325 0.202276 -0.044020
v -0.210842 0.187120 -0.064873
v -0.205188 0.198065 -0.066236
v -0.209910 0.195648 -0.061297
v -0.181856 0.207790 -0.082880
v -0.179060 0.201244 -0.085948
v -0.187768 0.219994 -0.071720
v -0.184613 0.214282 -0.078561
v -0.179789 0.217140 -0.080682
v -0.166667 0.231646 -0.082231
v -0.175371 0.219511 -0.083187
v -0.177482 0.227247 -0.076950
v -0.162287 0.214630 -0.091498
v -0.163989 0.223867 -0.087538
v -0.173793 0.211714 -0.087632
v -0.170313 0.221347 -0.085441
v -0.197738 0.172300 -0.079843
v -0.195112 0.187315 -0.079601
v -0.190620 0.183914 -0.082720
v -0.195107 0.167382 -0.082151
v -0.192200 0.162594 -0.083881
v -0.191815 0.172831 -0.083388
v -0.159660 0.197673 -0.096786
v -0.160938 0.205883 -0.095338
v -0.166409 0.205230 -0.093204
v -0.176233 0.194265 -0.088141
v -0.175370 0.202587 -0.088387
v -0.171160 0.203657 -0.090982
v -0.169384 0.195866 -0.092705
v -0.173202 0.136773 -0.082977
v -0.166209 0.138623 -0.081109
v -0.168899 0.142523 -0.082418
v -0.167932 0.135359 -0.081165
v -0.164477 0.263232 0.030256
v -0.154937 0.256127 0.038674
v -0.169838 0.256891 0.030979
v -0.166879 0.245651 0.038754
v -0.146372 0.218227 0.060389
v -0.152918 0.213573 0.059668
v -0.163793 0.233424 0.045749
v -0.158149 0.238404 0.045613
v -0.140059 0.225097 0.059022
v -0.137916 0.247208 0.047204
v -0.145930 0.249448 0.044404
v -0.151563 0.243081 0.045867
v -0.148749 0.231427 0.053209
v -0.168959 0.194630 0.059175
v -0.172677 0.186449 0.059005
v -0.178081 0.213482 0.047360
v -0.164412 0.201795 0.058623
v -0.158472 0.208196 0.058941
v -0.173378 0.220532 0.046707
v -0.168797 0.226786 0.046460
v -0.161374 0.220302 0.052284
v -0.171396 0.207318 0.052630
v -0.175137 0.177753 0.058930
v -0.176602 0.168706 0.058736
v -0.182333 0.176789 0.054233
v -0.186551 0.190901 0.048485
v -0.178057 0.192169 0.053292
v -0.132735 0.223120 0.061599
v -0.125095 0.223793 0.062542
v -0.129928 0.247013 0.047722
v -0.121012 0.247157 0.048614
v -0.118169 0.235306 0.056192
v -0.134755 0.234563 0.054455
v -0.239947 -0.040916 -0.073044
v -0.236782 -0.036936 -0.072669
v -0.230740 -0.046710 -0.067740
v -0.236150 -0.046689 -0.071160
v -0.230765 -0.040782 -0.069611
v -0.160061 0.110906 -0.072018
v -0.162422 0.116152 -0.075135
v -0.166032 0.102435 -0.074072
v -0.162566 0.106222 -0.072599
v -0.163630 0.109878 -0.074705
v -0.171344 0.116661 -0.080008
v -0.166536 0.115916 -0.077607
v -0.164958 0.112958 -0.076076
v -0.168227 0.110084 -0.077663
v -0.204811 0.080412 -0.077976
v -0.210359 0.069238 -0.076822
v -0.219058 0.072995 -0.075089
v -0.221858 0.086812 -0.073650
v -0.277602 -0.019537 -0.064182
v -0.279621 -0.024286 -0.064006
v -0.268613 -0.033231 -0.069974
v -0.265870 -0.028576 -0.069693
v -0.270286 -0.021282 -0.067606
v -0.281497 -0.029967 -0.064849
v -0.271983 -0.037979 -0.070239
v -0.276477 -0.042190 -0.070245
v -0.282813 -0.037122 -0.066315
v -0.275690 -0.031171 -0.068052
v -0.292261 -0.097573 -0.074733
v -0.286523 -0.088011 -0.074393
v -0.290518 -0.074996 -0.071936
v -0.299146 -0.072016 -0.067615
v -0.300580 -0.094629 -0.071937
v -0.322104 -0.101731 -0.052171
v -0.318874 -0.090621 -0.052746
v -0.321171 -0.113412 -0.059055
v -0.316437 -0.113952 -0.065938
v -0.312319 -0.103062 -0.066457
v -0.315457 -0.079292 -0.052746
v -0.306274 -0.069376 -0.060788
v -0.308711 -0.092518 -0.066653
v -0.311600 -0.068194 -0.053281
v -0.304015 -0.081994 -0.067220
v -0.314830 -0.091037 -0.060271
v -0.322315 -0.093138 -0.021677
v -0.320625 -0.081031 -0.021847
v -0.319438 -0.094526 -0.014378
v -0.316054 -0.069515 -0.014270
v -0.310930 -0.070903 -0.007936
v -0.299039 -0.086829 0.000220
v -0.314328 -0.095953 -0.008520
v -0.305149 -0.072149 -0.002333
v -0.297753 -0.074237 0.001731
v -0.308074 -0.097664 -0.003521
v -0.312238 -0.083498 -0.007564
v -0.248455 -0.091471 -0.001010
v -0.267856 -0.109483 0.000669
v -0.266044 -0.096944 0.003168
v -0.260609 -0.111598 -0.002312
v -0.251290 -0.103059 -0.003387
v -0.255752 -0.088840 0.002379
v -0.246557 -0.115590 -0.062868
v -0.241711 -0.106065 -0.059851
v -0.247681 -0.090892 -0.067927
v -0.253577 -0.099764 -0.070444
v -0.241191 -0.094379 -0.063288
v -0.350883 -0.229067 -0.023103
v -0.351414 -0.237722 -0.020903
v -0.354066 -0.237652 -0.028247
v -0.347406 -0.237718 -0.014803
v -0.351937 -0.246000 -0.018600
v -0.346559 -0.254096 -0.010413
v -0.337647 -0.260016 -0.001969
v -0.341725 -0.246332 -0.008754
v -0.339900 -0.253719 -0.006056
v -0.334001 -0.255869 -0.002852
v -0.328167 -0.260992 -0.000516
v -0.327901 -0.254897 -0.002519
v -0.327342 -0.247032 -0.004750
v -0.322424 -0.255689 -0.004203
v -0.317414 -0.263502 -0.003516
v -0.317225 -0.256998 -0.005864
v -0.311200 -0.265078 -0.010719
v -0.311281 -0.258834 -0.012902
v -0.309348 -0.259258 -0.017553
v -0.316482 -0.249206 -0.008225
v -0.314484 -0.255987 -0.010138
v -0.310185 -0.251140 -0.012718
v -0.304885 -0.244695 -0.023834
v -0.307258 -0.261294 -0.024168
v -0.304877 -0.253257 -0.022464
v -0.302028 -0.246379 -0.029148
v -0.301526 -0.256747 -0.034937
v -0.297387 -0.239186 -0.034558
v -0.300043 -0.247576 -0.035042
v -0.299155 -0.248811 -0.041684
v -0.318110 -0.271973 -0.070809
v -0.317153 -0.264059 -0.068805
v -0.320655 -0.263916 -0.072046
v -0.314353 -0.264853 -0.064766
v -0.313814 -0.256666 -0.068058
v -0.318767 -0.246387 -0.074431
v -0.326322 -0.235498 -0.075615
v -0.325336 -0.262859 -0.074860
v -0.322479 -0.255257 -0.074094
v -0.330019 -0.244553 -0.076091
v -0.324074 -0.245387 -0.075663
v -0.335285 -0.243467 -0.074358
v -0.332943 -0.252875 -0.075721
v -0.340340 -0.260244 -0.074139
v -0.346768 -0.266999 -0.071460
v -0.343277 -0.251359 -0.071700
v -0.344601 -0.259510 -0.071748
v -0.349873 -0.258640 -0.067129
v -0.341791 -0.182015 -0.024126
v -0.337283 -0.182965 -0.017828
v -0.338750 -0.192820 -0.017227
v -0.346033 -0.191421 -0.029777
v -0.339863 -0.202042 -0.016400
v -0.346190 -0.220425 -0.018856
v -0.350192 -0.219922 -0.025138
v -0.344213 -0.201603 -0.021595
v -0.328764 -0.204027 -0.009113
v -0.334644 -0.203262 -0.011835
v -0.340938 -0.220863 -0.013389
v -0.340847 -0.211805 -0.015078
v -0.318094 -0.240788 -0.008224
v -0.313881 -0.241618 -0.011111
v -0.310997 -0.206933 -0.008993
v -0.305112 -0.208572 -0.011056
v -0.312362 -0.224648 -0.009778
v -0.322834 -0.204850 -0.007965
v -0.317012 -0.205695 -0.008184
v -0.329641 -0.213575 -0.008799
v -0.317452 -0.215575 -0.008216
v -0.329035 -0.239280 -0.006026
v -0.323440 -0.239910 -0.006684
v -0.317939 -0.232062 -0.007461
v -0.317702 -0.224081 -0.008049
v -0.323585 -0.223148 -0.008195
v -0.277664 -0.197778 -0.034626
v -0.285640 -0.204362 -0.029925
v -0.274683 -0.199014 -0.041582
v -0.279736 -0.207225 -0.043495
v -0.291056 -0.212337 -0.024738
v -0.296086 -0.229507 -0.025947
v -0.287982 -0.213643 -0.030695
v -0.283146 -0.216208 -0.044585
v -0.293577 -0.230935 -0.032488
v -0.292139 -0.232065 -0.039528
v -0.285510 -0.215024 -0.037775
v -0.291482 -0.221742 -0.031857
v -0.307355 -0.243353 -0.018811
v -0.310327 -0.242685 -0.014385
v -0.302675 -0.236495 -0.022466
v -0.308700 -0.234634 -0.013672
v -0.299126 -0.228160 -0.020570
v -0.299509 -0.209367 -0.014712
v -0.294468 -0.210856 -0.018806
v -0.307390 -0.225864 -0.012006
v -0.306521 -0.216982 -0.011463
v -0.297801 -0.219273 -0.020787
v -0.302904 -0.227130 -0.016050
v -0.299117 -0.250533 -0.048208
v -0.296680 -0.240838 -0.046989
v -0.302827 -0.258623 -0.048203
v -0.308328 -0.258182 -0.060101
v -0.301025 -0.250448 -0.055033
v -0.354356 -0.228990 -0.037449
v -0.348798 -0.240767 -0.063636
v -0.352395 -0.230615 -0.052232
v -0.353264 -0.257859 -0.061935
v -0.351478 -0.249796 -0.062592
v -0.354624 -0.239745 -0.051119
v -0.352304 -0.240113 -0.057642
v -0.355196 -0.238252 -0.034752
v -0.356967 -0.247318 -0.033670
v -0.355130 -0.239061 -0.042861
v -0.356361 -0.248458 -0.049581
v -0.285212 -0.216908 -0.058172
v -0.283859 -0.216323 -0.051585
v -0.292031 -0.233399 -0.046553
v -0.288305 -0.224398 -0.045184
v -0.292964 -0.234451 -0.054087
v -0.341583 -0.202790 -0.062854
v -0.344862 -0.201396 -0.057089
v -0.347556 -0.221432 -0.060194
v -0.346575 -0.200851 -0.050688
v -0.348773 -0.200383 -0.043252
v -0.351919 -0.220572 -0.046454
v -0.350071 -0.220740 -0.054074
v -0.347942 -0.211243 -0.055644
v -0.337080 -0.233712 -0.071879
v -0.340462 -0.242510 -0.071668
v -0.345557 -0.241496 -0.068158
v -0.346510 -0.231137 -0.064633
v -0.343238 -0.222271 -0.065745
v -0.336560 -0.203574 -0.068047
v -0.333455 -0.224485 -0.073586
v -0.340100 -0.213079 -0.066637
v -0.339056 -0.223825 -0.070164
v -0.357958 -0.255889 -0.031444
v -0.358406 -0.256361 -0.039995
v -0.355784 -0.254793 -0.023439
v -0.352109 -0.254375 -0.016417
v -0.351603 -0.260874 -0.013472
v -0.359265 -0.262014 -0.028538
v -0.348639 -0.200629 -0.035559
v -0.351514 -0.219729 -0.031604
v -0.347385 -0.200793 -0.028545
v -0.348788 -0.210776 -0.026866
v -0.352253 -0.219686 -0.039373
v -0.350653 -0.210481 -0.041362
v -0.305745 -0.249349 -0.065387
v -0.298428 -0.242661 -0.061054
v -0.302588 -0.250736 -0.060794
v -0.314286 -0.247310 -0.071335
v -0.309811 -0.248695 -0.068694
v -0.314975 -0.237688 -0.073744
v -0.305107 -0.240473 -0.070174
v -0.295490 -0.213612 -0.072779
v -0.300404 -0.211825 -0.075437
v -0.300277 -0.232912 -0.070840
v -0.304494 -0.231272 -0.073311
v -0.288501 -0.215993 -0.064299
v -0.291514 -0.215322 -0.069169
v -0.293618 -0.234559 -0.060551
v -0.291138 -0.224921 -0.059522
v -0.296650 -0.233645 -0.066358
v -0.296070 -0.223684 -0.069808
v -0.309586 -0.186838 -0.078331
v -0.316036 -0.185577 -0.076289
v -0.307500 -0.198636 -0.078240
v -0.306312 -0.209773 -0.077194
v -0.315790 -0.227908 -0.076012
v -0.310139 -0.229612 -0.074992
v -0.305224 -0.220740 -0.075753
v -0.312378 -0.208423 -0.077353
v -0.328116 -0.225625 -0.075254
v -0.322063 -0.226380 -0.077016
v -0.329553 -0.215353 -0.074229
v -0.318244 -0.207177 -0.076723
v -0.317193 -0.217637 -0.077176
v -0.326735 -0.269343 -0.075957
v -0.330302 -0.261580 -0.076180
v -0.335330 -0.260691 -0.075936
v -0.336906 -0.267575 -0.076804
v -0.332564 -0.193510 -0.069204
v -0.328419 -0.182807 -0.070074
v -0.322489 -0.184000 -0.073770
v -0.330582 -0.204840 -0.071655
v -0.320221 -0.196503 -0.075261
v -0.324800 -0.206174 -0.074709
v -0.308088 -0.273423 -0.016387
v -0.308567 -0.281538 -0.026215
v -0.310344 -0.283839 -0.040666
v -0.313890 -0.278876 -0.064327
v -0.312308 -0.284252 -0.054854
v -0.343159 -0.273182 -0.075877
v -0.348836 -0.272759 -0.071059
v -0.338123 -0.273358 -0.077539
v -0.332882 -0.274762 -0.078088
v -0.339239 -0.278683 -0.078696
v -0.347754 -0.276931 -0.074183
v -0.328471 -0.265548 0.003148
v -0.322564 -0.266569 0.001854
v -0.307726 -0.276987 -0.012498
v -0.321168 -0.269737 0.004423
v -0.316118 -0.268198 -0.000581
v -0.312695 -0.267744 -0.004575
v -0.309746 -0.271095 -0.008712
v -0.308459 -0.275211 -0.006552
v -0.315642 -0.271199 0.002536
v -0.339985 -0.264915 -0.000857
v -0.333174 -0.264757 0.001945
v -0.329893 -0.268820 0.006380
v -0.323069 -0.277411 -0.076092
v -0.327863 -0.275867 -0.077365
v -0.329021 -0.280900 -0.078772
v -0.315729 -0.278486 -0.068427
v -0.319132 -0.278026 -0.072555
v -0.314679 -0.284495 -0.065844
v -0.320236 -0.283535 -0.074273
v -0.354107 -0.271220 -0.065146
v -0.352526 -0.275996 -0.069427
v -0.360280 -0.269644 -0.044103
v -0.358315 -0.274964 -0.058562
v -0.360859 -0.273910 -0.045637
v -0.338760 -0.268616 0.003012
v -0.346966 -0.266187 -0.004306
v -0.342818 -0.268819 0.000803
v -0.350300 -0.270312 -0.005932
v -0.352256 -0.266697 -0.011238
v -0.355792 -0.266416 -0.017431
v -0.352835 -0.271149 -0.010052
v -0.360205 -0.269047 -0.034367
v -0.358922 -0.267328 -0.026339
v -0.361487 -0.273346 -0.038883
v -0.358428 -0.268862 -0.023065
v -0.308608 -0.268676 -0.024561
v -0.306508 -0.262177 -0.030147
v -0.305326 -0.264073 -0.036261
v -0.309379 -0.276788 -0.032293
v -0.308393 -0.275577 -0.025482
v -0.305827 -0.265501 -0.043296
v -0.307673 -0.265326 -0.049092
v -0.309809 -0.277893 -0.039121
v -0.310652 -0.277934 -0.046008
v -0.308795 -0.270456 -0.037736
v -0.355197 -0.265350 -0.060777
v -0.356494 -0.257591 -0.055658
v -0.357543 -0.256856 -0.048374
v -0.359229 -0.264077 -0.045908
v -0.356954 -0.270365 -0.059470
v -0.358842 -0.270100 -0.053298
v -0.358423 -0.271473 -0.020802
v -0.360653 -0.271904 -0.026833
v -0.313375 -0.272125 -0.061921
v -0.312367 -0.264839 -0.060267
v -0.309684 -0.264989 -0.055077
v -0.311116 -0.278712 -0.052763
v -0.312770 -0.278661 -0.058518
v -0.310774 -0.272345 -0.050942
v -0.001908 0.204935 0.077702
v -0.001646 0.213559 0.072884
v -0.018359 0.199940 0.080631
v -0.017897 0.208523 0.074501
v -0.002424 0.196819 0.083128
v -0.002174 0.187905 0.089719
v -0.018689 0.191711 0.086657
v -0.018990 0.183200 0.093531
v -0.010389 0.197930 0.082449
v -0.209281 0.071557 0.027616
v -0.215340 0.076990 0.027478
v -0.199354 0.076383 0.028258
v -0.196642 0.086350 0.030754
v -0.201524 0.091062 0.030771
v -0.221645 0.082319 0.025009
v -0.228739 0.087388 0.021306
v -0.223896 0.098273 0.022499
v -0.214568 0.102766 0.028591
v -0.207972 0.097238 0.030414
v -0.211397 0.087258 0.028738
v -0.250306 0.100414 -0.008294
v -0.254174 0.098410 -0.017509
v -0.253519 0.101978 -0.028137
v -0.243411 0.124210 -0.006958
v -0.245545 0.112031 -0.005053
v -0.245487 0.127319 -0.017496
v -0.250598 0.104162 -0.039912
v -0.242449 0.133264 -0.038919
v -0.244355 0.129636 -0.029053
v -0.243594 0.108279 -0.051531
v -0.248294 0.115923 -0.029148
v -0.078286 -0.122576 0.152765
v -0.066446 -0.121985 0.158960
v -0.066733 -0.134821 0.159700
v -0.078964 -0.147310 0.155159
v -0.090355 -0.147147 0.146991
v -0.130170 -0.095172 -0.060423
v -0.136065 -0.074395 -0.053388
v -0.136911 -0.086239 -0.052823
v -0.118703 -0.079106 -0.066769
v -0.135330 -0.062323 -0.053733
v -0.118420 -0.065409 -0.067625
v -0.119344 -0.052868 -0.070030
v -0.127157 -0.070839 -0.060782
v -0.046065 -0.033156 -0.095126
v -0.057488 -0.037089 -0.092947
v -0.045113 -0.065431 -0.091233
v -0.068651 -0.042092 -0.090164
v -0.067560 -0.073449 -0.086912
v -0.056626 -0.069193 -0.089360
v -0.078550 -0.061939 -0.085146
v -0.079687 -0.046497 -0.087202
v -0.056825 -0.053361 -0.091004
v -0.166775 -0.117632 0.051568
v -0.169974 -0.116205 0.039440
v -0.156594 -0.095708 0.062971
v -0.158894 -0.107357 0.063456
v -0.165749 -0.104597 0.038920
v -0.153972 -0.083821 0.061807
v -0.160941 -0.081111 0.037988
v -0.163048 -0.093250 0.038192
v -0.160376 -0.094787 0.050471
v -0.120878 -0.123174 0.118781
v -0.130556 -0.123187 0.109744
v -0.129440 -0.111782 0.107704
v -0.115951 -0.075510 0.114086
v -0.126284 -0.086677 0.105440
v -0.128689 -0.099188 0.106692
v -0.119533 -0.099730 0.116201
v -0.159297 -0.143789 0.078896
v -0.165928 -0.142374 0.067150
v -0.163691 -0.130775 0.065962
v -0.149520 -0.133883 0.089023
v -0.155683 -0.120280 0.076361
v -0.147995 -0.121890 0.088685
v -0.100610 -0.136672 -0.087290
v -0.085844 -0.121197 -0.087995
v -0.131076 -0.129174 -0.069409
v -0.123866 -0.140199 -0.077175
v -0.112378 -0.138990 -0.082490
v -0.126994 -0.116525 -0.067796
v -0.109113 -0.125200 -0.080679
v -0.123227 -0.104196 -0.066712
v -0.110982 -0.088934 -0.072770
v -0.120584 -0.092232 -0.067344
v -0.105809 -0.111821 -0.079295
v -0.116970 -0.114346 -0.074666
v -0.082944 -0.106748 -0.086324
v -0.080228 -0.092740 -0.084849
v -0.090006 -0.081513 -0.081364
v -0.100813 -0.085144 -0.077690
v -0.094879 -0.109599 -0.082848
v -0.102879 -0.099436 -0.077785
v -0.010902 -0.054268 -0.095359
v -0.010693 -0.038212 -0.096654
v -0.023069 -0.026089 -0.097602
v -0.034582 -0.029636 -0.096055
v -0.034261 -0.045296 -0.094189
v -0.011541 -0.086827 -0.093179
v -0.011037 -0.070160 -0.092902
v -0.034095 -0.077641 -0.091296
v -0.033748 -0.061229 -0.092485
v -0.022425 -0.057772 -0.093618
v -0.158530 -0.047415 0.025316
v -0.156550 -0.047418 0.038307
v -0.161379 -0.069713 0.025674
v -0.161342 -0.067994 0.013075
v -0.159297 -0.045700 0.000209
v -0.159312 -0.047099 0.012536
v -0.157633 -0.064530 -0.011841
v -0.160387 -0.066332 0.000483
v -0.160067 -0.057475 0.012743
v -0.143427 -0.034294 -0.046181
v -0.142410 -0.055085 -0.045515
v -0.148481 -0.038196 -0.035918
v -0.135442 -0.050829 -0.055119
v -0.129900 -0.023955 -0.064754
v -0.137200 -0.029180 -0.056298
v -0.119614 -0.040141 -0.071773
v -0.127908 -0.045837 -0.064233
v -0.135827 -0.039728 -0.055627
v -0.122393 -0.016789 -0.072699
v -0.113618 -0.010495 -0.079735
v -0.111260 -0.034245 -0.078004
v -0.101254 -0.028297 -0.083527
v -0.120616 -0.028456 -0.072260
v -0.094319 0.004179 -0.090739
v -0.104681 -0.003256 -0.085324
v -0.081135 -0.017041 -0.092110
v -0.082165 -0.002889 -0.093591
v -0.091443 -0.022601 -0.087715
v -0.102261 -0.015800 -0.084023
v -0.105648 -0.062970 0.122101
v -0.085650 -0.061575 0.137721
v -0.095189 -0.050263 0.129366
v -0.106898 -0.075391 0.122734
v -0.073919 -0.048321 0.143486
v -0.062531 -0.022758 0.145753
v -0.074411 -0.024072 0.141338
v -0.061937 -0.035573 0.147652
v -0.085350 -0.037356 0.136189
v -0.085481 -0.049228 0.136488
v -0.153268 -0.047707 0.051281
v -0.159877 -0.070075 0.038085
v -0.156500 -0.070815 0.050142
v -0.157798 -0.058792 0.038242
v -0.010312 -0.049930 0.164052
v -0.011393 -0.062431 0.167537
v -0.038801 -0.073604 0.163349
v -0.037959 -0.061054 0.161221
v -0.023797 -0.049484 0.161883
v -0.025570 -0.073686 0.167216
v -0.062394 0.051492 -0.105647
v -0.059309 0.023092 -0.101951
v -0.085224 0.025032 -0.096816
v -0.088624 0.038808 -0.098028
v -0.071557 0.017705 -0.099032
v -0.077450 0.050394 -0.103645
v -0.048738 0.050429 -0.107178
v -0.047031 0.026373 -0.103468
v -0.035083 0.028921 -0.104460
v -0.057128 0.037697 -0.104566
v -0.156126 -0.043897 -0.012806
v -0.152980 -0.062164 -0.023535
v -0.148467 -0.058608 -0.034515
v -0.152912 -0.041713 -0.024481
v -0.156816 -0.054149 -0.012182
v -0.148103 -0.048340 -0.035268
v -0.027863 0.152611 0.120280
v -0.055163 0.149887 0.122875
v -0.046074 0.157377 0.116206
v -0.037250 0.155069 0.118400
v -0.037087 0.147146 0.125170
v -0.046898 0.122337 0.144405
v -0.055740 0.123786 0.143057
v -0.036410 0.137644 0.132698
v -0.045956 0.139594 0.131731
v -0.028381 0.118092 0.145614
v -0.037433 0.120079 0.145020
v -0.027643 0.135852 0.134131
v -0.037604 0.129394 0.139397
v -0.064220 0.142659 0.128694
v -0.064050 0.124775 0.142379
v -0.073115 0.125878 0.141416
v -0.055246 0.140932 0.130475
v -0.055089 0.132899 0.137191
v -0.081421 0.143386 0.124959
v -0.072948 0.142843 0.127273
v -0.081648 0.125976 0.139911
v -0.073306 0.134610 0.134428
v -0.090090 0.143306 0.122953
v -0.097864 0.142938 0.120004
v -0.089965 0.134352 0.129923
v -0.139111 0.134006 0.102333
v -0.133471 0.136490 0.105938
v -0.120675 0.140294 0.112758
v -0.127751 0.139117 0.109044
v -0.132314 0.128444 0.111880
v -0.156544 0.114620 0.086817
v -0.152531 0.119760 0.091370
v -0.158524 0.106406 0.083921
v -0.148936 0.125798 0.094718
v -0.144026 0.130658 0.099010
v -0.142285 0.122760 0.104194
v -0.151049 0.113450 0.096326
v -0.159828 0.098295 0.079410
v -0.161961 0.089797 0.074644
v -0.157859 0.097847 0.086386
v -0.164040 0.080616 0.068451
v -0.161473 0.083472 0.077537
v -0.167430 0.075355 0.050548
v -0.166626 0.078599 0.059307
v -0.167513 0.065539 0.043047
v -0.165509 0.071880 0.060881
v -0.162857 0.047430 0.046408
v -0.162128 0.050435 0.055964
v -0.164325 0.065749 0.062759
v -0.165388 0.062802 0.052672
v -0.157294 0.064332 0.086887
v -0.156879 0.053740 0.080140
v -0.156911 0.047856 0.069772
v -0.160554 0.051115 0.064281
v -0.162192 0.068179 0.072903
v -0.162689 0.058949 0.064470
v -0.156238 0.073446 0.093669
v -0.153244 0.082093 0.100402
v -0.156379 0.094402 0.091738
v -0.159125 0.087790 0.085787
v -0.160985 0.077099 0.080712
v -0.159061 0.070760 0.083661
v -0.150267 0.090833 0.103942
v -0.152902 0.101914 0.096701
v -0.149417 0.107169 0.101065
v -0.154375 0.090551 0.097209
v -0.002439 0.059269 0.156688
v -0.003476 0.043800 0.155834
v -0.021362 0.049521 0.156140
v -0.015475 0.035631 0.155974
v -0.001652 0.074363 0.156293
v -0.001451 0.087343 0.155243
v -0.022372 0.065229 0.156550
v -0.021434 0.080286 0.156424
v -0.012295 0.061968 0.156702
v -0.001633 0.221468 0.068082
v -0.001685 0.228946 0.064270
v -0.017352 0.216595 0.070737
v -0.017228 0.224610 0.065795
v -0.009505 0.214642 0.071512
v -0.258211 -0.135077 -0.068133
v -0.265297 -0.118875 -0.073599
v -0.252342 -0.124993 -0.065597
v -0.259302 -0.109356 -0.072042
v -0.263538 -0.131599 -0.072725
v -0.252930 -0.112038 -0.068454
v -0.341606 -0.229808 -0.012287
v -0.341855 -0.238252 -0.010920
v -0.335163 -0.238450 -0.008029
v -0.335639 -0.221314 -0.009915
v -0.329675 -0.222513 -0.008851
v -0.329818 -0.231094 -0.007402
v -0.007575 0.278333 -0.082235
v -0.007540 0.271343 -0.085559
v -0.025423 0.268165 -0.086872
v -0.016476 0.265913 -0.087865
v -0.016614 0.280836 -0.080864
v -0.033672 0.270979 -0.085616
v -0.026170 0.283218 -0.079393
v -0.034570 0.284416 -0.076939
v -0.042485 0.281013 -0.079021
v -0.025614 0.275780 -0.083047
v -0.089225 0.293514 -0.058509
v -0.081749 0.290710 -0.065582
v -0.109525 0.292420 -0.043560
v -0.096735 0.294562 -0.050024
v -0.102695 0.295186 -0.040797
v -0.093198 0.289154 -0.062127
v -0.074018 0.288623 -0.071047
v -0.059022 0.281835 -0.078726
v -0.065573 0.286931 -0.075218
v -0.079127 0.284140 -0.073854
v -0.042642 0.267176 -0.088558
v -0.050921 0.277925 -0.081698
v -0.042641 0.274468 -0.083982
v -0.059729 0.275109 -0.083738
v -0.135812 -0.039547 0.085701
v -0.147158 -0.036961 0.064480
v -0.134693 -0.028148 0.087149
v -0.139995 -0.026514 0.077573
v -0.148876 -0.048853 0.063186
v -0.048496 0.234519 -0.100706
v -0.049756 0.224468 -0.104016
v -0.040543 0.221250 -0.104096
v -0.038879 0.239080 -0.098062
v -0.029672 0.235787 -0.098881
v -0.030977 0.227044 -0.101551
v -0.063975 0.251404 -0.096171
v -0.055562 0.247233 -0.097296
v -0.045705 0.251639 -0.094678
v -0.043477 0.259834 -0.091699
v -0.052441 0.264169 -0.090655
v -0.074271 0.255803 -0.095042
v -0.084440 0.259631 -0.090913
v -0.070269 0.272550 -0.085005
v -0.061001 0.267945 -0.088181
v -0.063410 0.260238 -0.091991
v -0.106010 0.266612 -0.081730
v -0.095272 0.263545 -0.087076
v -0.089074 0.282543 -0.073315
v -0.098946 0.283668 -0.066983
v -0.080384 0.276491 -0.080045
v -0.083122 0.268504 -0.085626
v -0.124637 0.285704 -0.049677
v -0.117074 0.289191 -0.046990
v -0.127705 0.269061 -0.071966
v -0.117308 0.268956 -0.075786
v -0.109335 0.285782 -0.057670
v -0.106761 0.276710 -0.071967
v -0.134419 0.283509 -0.049745
v -0.146023 0.265471 -0.068157
v -0.136922 0.267200 -0.069648
v -0.148279 0.272541 -0.058198
v -0.142513 0.281446 -0.048379
v -0.130397 0.277216 -0.061917
v -0.158366 0.252584 -0.072728
v -0.160737 0.260235 -0.064202
v -0.167622 0.257649 -0.061574
v -0.162349 0.242553 -0.077961
v -0.168779 0.240056 -0.075385
v -0.174263 0.253640 -0.059472
v -0.179388 0.234316 -0.070245
v -0.174094 0.237262 -0.072644
v -0.171229 0.247494 -0.067958
v -0.194027 0.231264 -0.057148
v -0.190380 0.226163 -0.064801
v -0.185162 0.230339 -0.067327
v -0.182819 0.239935 -0.062541
v -0.200363 0.239633 -0.041477
v -0.196980 0.235478 -0.049645
v -0.192085 0.254207 -0.034851
v -0.191339 0.241185 -0.051384
v -0.177341 0.259464 -0.049574
v -0.180764 0.263485 -0.038836
v -0.186658 0.258666 -0.037018
v -0.180122 0.249819 -0.056425
v -0.185997 0.245654 -0.053979
v -0.189462 0.250272 -0.044685
v -0.230316 0.159301 -0.050184
v -0.232962 0.157688 -0.043198
v -0.235646 0.148222 -0.044419
v -0.237845 0.137993 -0.046395
v -0.239282 0.127851 -0.049580
v -0.233320 0.142549 -0.053279
v -0.234592 0.111632 -0.061612
v -0.238271 0.118564 -0.055418
v -0.232095 0.126028 -0.059469
v -0.225833 0.098184 -0.071172
v -0.229930 0.105488 -0.066700
v -0.217113 0.095767 -0.074789
v -0.225023 0.113382 -0.069281
v -0.199834 0.090789 -0.079584
v -0.208624 0.092458 -0.078003
v -0.212211 0.103902 -0.076643
v -0.191120 0.090114 -0.079485
v -0.182737 0.092707 -0.078555
v -0.196694 0.099053 -0.080492
v -0.176016 0.095855 -0.077715
v -0.170190 0.099300 -0.076280
v -0.171942 0.103527 -0.077807
v -0.182531 0.099759 -0.080420
v -0.156797 0.114025 -0.069129
v -0.157559 0.111982 -0.070178
v -0.159097 0.121234 -0.073705
v -0.160205 0.118706 -0.074167
v -0.159430 0.115126 -0.072711
v -0.156537 0.115976 -0.068051
v -0.157120 0.116925 -0.067993
v -0.158638 0.125940 -0.072618
v -0.158904 0.123601 -0.073372
v -0.157851 0.121767 -0.070039
v -0.157333 0.119688 -0.070760
v -0.161981 0.101836 -0.070793
v -0.161125 0.095209 -0.062287
v -0.162056 0.090491 -0.061679
v -0.162088 0.097518 -0.071113
v -0.161055 0.100725 -0.066822
v -0.161791 0.086370 -0.061097
v -0.162043 0.082243 -0.060055
v -0.161271 0.093408 -0.070736
v -0.161836 0.092085 -0.065863
v -0.155043 0.055881 -0.062805
v -0.150235 0.066590 -0.074162
v -0.143614 0.038966 -0.065341
v -0.148895 0.043934 -0.061899
v -0.152406 0.051034 -0.063491
v -0.139928 0.058703 -0.080040
v -0.145694 0.064007 -0.078059
v -0.149601 0.057977 -0.070578
v -0.135211 0.024671 -0.070162
v -0.139277 0.032705 -0.067144
v -0.128239 0.032590 -0.077688
v -0.127193 0.046969 -0.082855
v -0.133445 0.053038 -0.082116
v -0.139369 0.045933 -0.073778
v -0.156879 -0.251136 -0.074241
v -0.135098 -0.244570 -0.095395
v -0.150828 -0.215158 -0.073028
v -0.140949 -0.214873 -0.083402
v -0.145070 -0.233386 -0.084464
v -0.128940 -0.214872 -0.092824
v -0.122996 -0.238353 -0.103239
v -0.134483 -0.235052 -0.094057
v -0.135311 -0.224397 -0.090982
v -0.061369 -0.187207 -0.110108
v -0.047250 -0.186271 -0.110379
v -0.016973 -0.182750 -0.109597
v -0.015937 -0.167605 -0.106475
v -0.032086 -0.184871 -0.109832
v -0.044671 -0.171660 -0.106516
v -0.185748 -0.217089 -0.011150
v -0.188759 -0.219011 0.002461
v -0.189106 -0.234787 -0.006844
v -0.185442 -0.233786 -0.021257
v -0.190399 -0.219867 0.016071
v -0.189837 -0.220863 0.029488
v -0.191212 -0.236046 0.006354
v -0.192013 -0.237123 0.020235
v -0.190646 -0.227331 0.004724
v -0.158913 -0.214740 -0.062124
v -0.167525 -0.213911 -0.050888
v -0.156182 -0.223643 -0.069571
v -0.181302 -0.216435 -0.024849
v -0.175014 -0.215159 -0.037739
v -0.179809 -0.233177 -0.034990
v -0.183452 -0.224773 -0.022878
v -0.170459 -0.223672 -0.049519
v -0.188105 -0.222160 0.042509
v -0.184520 -0.222921 0.055309
v -0.190756 -0.237605 0.033125
v -0.189505 -0.238392 0.046015
v -0.190102 -0.229598 0.031624
v -0.124328 -0.231252 0.126193
v -0.112770 -0.232521 0.133493
v -0.100585 -0.234546 0.140786
v -0.088526 -0.235773 0.146887
v -0.111532 -0.240656 0.132648
v -0.050804 -0.240107 0.162691
v -0.037259 -0.241899 0.166244
v -0.009363 -0.243814 0.169555
v -0.008702 -0.250891 0.166841
v -0.023534 -0.242974 0.168311
v -0.035748 -0.249362 0.164477
v -0.179584 -0.223713 0.067139
v -0.172902 -0.224622 0.078141
v -0.185443 -0.238459 0.058101
v -0.185001 -0.230686 0.056917
v -0.063876 -0.238528 0.158176
v -0.076665 -0.237463 0.152591
v -0.087147 -0.243867 0.145046
v -0.061596 -0.246032 0.156971
v -0.165449 -0.225516 0.089129
v -0.156285 -0.227429 0.098743
v -0.173346 -0.233277 0.080121
v -0.135646 -0.229372 0.117650
v -0.146712 -0.228125 0.108507
v -0.135493 -0.238020 0.117461
v -0.156123 -0.234699 0.099815
v -0.097556 -0.177105 -0.100295
v -0.095168 -0.162860 -0.095884
v -0.074800 -0.189168 -0.108658
v -0.072000 -0.175080 -0.105745
v -0.099736 -0.190802 -0.102001
v -0.077798 -0.202300 -0.111739
v -0.080264 -0.214137 -0.114106
v -0.087808 -0.189741 -0.105974
v -0.123048 -0.192506 -0.091091
v -0.125638 -0.204000 -0.092347
v -0.111924 -0.191924 -0.097723
v -0.117138 -0.215062 -0.100326
v -0.102417 -0.203187 -0.104522
v -0.045108 0.105524 -0.114652
v -0.033226 0.105476 -0.114682
v -0.056562 0.104925 -0.114413
v -0.068187 0.105028 -0.113930
v -0.053928 0.116795 -0.115852
v -0.079547 0.105813 -0.112223
v -0.089878 0.108621 -0.111450
v -0.076373 0.117687 -0.115052
v -0.099352 0.111339 -0.110247
v -0.108797 0.113905 -0.108046
v -0.093805 0.120715 -0.112389
v -0.102296 0.134691 -0.111707
v -0.117296 0.116315 -0.105793
v -0.126126 0.116047 -0.102023
v -0.110640 0.136874 -0.109509
v -0.111400 0.126339 -0.108302
v -0.108633 0.147183 -0.110962
v -0.118317 0.138966 -0.107315
v -0.151511 0.135862 -0.094293
v -0.146769 0.132820 -0.093986
v -0.142928 0.151116 -0.098540
v -0.155287 0.139329 -0.094995
v -0.158619 0.142552 -0.095500
v -0.147903 0.153532 -0.097582
v -0.149957 0.145139 -0.095973
v -0.147511 0.162336 -0.098923
v -0.152296 0.155618 -0.097199
v -0.160794 0.146244 -0.094939
v -0.157135 0.149621 -0.096182
v -0.156602 0.156883 -0.097952
v -0.162427 0.146537 -0.091790
v -0.162565 0.146751 -0.088408
v -0.163620 0.151009 -0.086198
v -0.162255 0.152554 -0.094504
v -0.165091 0.153283 -0.085144
v -0.165513 0.156919 -0.087461
v -0.169270 0.149718 -0.084301
v -0.167264 0.151538 -0.084307
v -0.168857 0.156221 -0.085680
v -0.180787 0.184858 -0.086404
v -0.185325 0.183172 -0.084642
v -0.188449 0.178225 -0.084366
v -0.184882 0.172425 -0.085423
v -0.176850 0.186451 -0.088445
v -0.173246 0.187609 -0.089702
v -0.177579 0.179215 -0.087559
v -0.134607 0.187159 -0.102898
v -0.141163 0.188396 -0.101183
v -0.141679 0.169620 -0.101249
v -0.146650 0.171311 -0.100255
v -0.120192 0.184614 -0.107037
v -0.127494 0.186106 -0.105241
v -0.135992 0.167635 -0.103376
v -0.135023 0.177451 -0.103665
v -0.031593 0.161887 -0.113716
v -0.041814 0.163503 -0.114409
v -0.010914 0.149919 -0.113643
v -0.010494 0.158935 -0.112132
v -0.021118 0.160188 -0.112456
v -0.031040 0.152536 -0.113832
v -0.163584 0.039961 0.025425
v -0.162819 0.043623 0.036659
v -0.165988 0.055024 0.034438
v -0.165879 0.058950 0.044192
v -0.164770 0.052828 0.045159
v -0.163968 0.037351 0.015088
v -0.163400 0.036757 0.003960
v -0.166523 0.049126 0.013501
v -0.166172 0.051815 0.024446
v -0.165560 0.046033 0.025152
v -0.163384 0.036612 -0.005603
v -0.163676 0.038341 -0.015723
v -0.166162 0.048102 -0.007352
v -0.166380 0.048265 0.003091
v -0.164979 0.042538 0.003998
v -0.163334 0.040028 -0.025002
v -0.164352 0.050724 -0.026339
v -0.166010 0.048980 -0.017223
v -0.162405 0.043736 -0.033320
v -0.164428 0.043424 -0.015931
v -0.163733 0.053624 -0.034483
v -0.162271 0.056783 -0.041376
v -0.161240 0.047318 -0.041367
v -0.159777 0.051696 -0.048743
v -0.162897 0.048855 -0.034123
v -0.161085 0.064899 -0.054013
v -0.161779 0.060854 -0.047959
v -0.158811 0.055836 -0.055054
v -0.156450 0.060603 -0.061055
v -0.160908 0.055944 -0.047931
v -0.161441 0.077355 -0.060097
v -0.161483 0.073167 -0.060682
v -0.161247 0.082531 -0.065673
v -0.161067 0.069118 -0.060133
v -0.151921 0.072637 -0.074203
v -0.154154 0.066600 -0.067668
v -0.157885 0.065805 -0.060182
v -0.158999 0.075134 -0.066446
v -0.159971 0.094964 -0.075952
v -0.156083 0.097791 -0.080707
v -0.160464 0.088532 -0.070728
v -0.159044 0.084074 -0.071664
v -0.150503 0.080029 -0.079203
v -0.157283 0.080591 -0.072120
v -0.154866 0.077167 -0.072521
v -0.155453 0.086729 -0.076886
v -0.143115 0.094430 -0.089917
v -0.146516 0.086973 -0.084611
v -0.150977 0.101852 -0.085806
v -0.153451 0.093468 -0.081240
v -0.151508 0.088093 -0.081411
v -0.138722 0.103419 -0.093430
v -0.133323 0.111391 -0.097676
v -0.144694 0.119924 -0.092635
v -0.148516 0.110165 -0.089638
v -0.131211 0.121489 -0.100338
v -0.144578 0.104203 -0.089779
v -0.141901 0.129272 -0.095650
v -0.128026 0.131558 -0.102365
v -0.125508 0.141466 -0.105505
v -0.138977 0.138611 -0.098054
v -0.136564 0.125278 -0.097817
v -0.123856 0.152215 -0.106482
v -0.136416 0.157988 -0.101576
v -0.137835 0.148007 -0.100512
v -0.129258 0.165668 -0.105330
v -0.131977 0.145208 -0.102471
v -0.113056 0.182641 -0.109561
v -0.105344 0.180493 -0.111758
v -0.114967 0.160506 -0.110346
v -0.120935 0.173509 -0.108639
v -0.121944 0.163168 -0.107972
v -0.096887 0.178658 -0.112743
v -0.099139 0.156266 -0.113473
v -0.106843 0.158621 -0.112079
v -0.106015 0.169451 -0.111921
v -0.088390 0.186993 -0.113797
v -0.071164 0.182689 -0.114850
v -0.070583 0.192454 -0.113790
v -0.088911 0.176608 -0.114586
v -0.078191 0.215884 -0.109379
v -0.068792 0.212886 -0.109246
v -0.087230 0.208414 -0.110273
v -0.087723 0.197683 -0.112368
v -0.070161 0.202600 -0.111695
v -0.079209 0.195509 -0.113183
v -0.071258 0.171584 -0.115961
v -0.090676 0.154065 -0.115419
v -0.089953 0.165671 -0.114990
v -0.080548 0.174105 -0.115685
v -0.074131 0.128746 -0.116745
v -0.084593 0.127652 -0.114693
v -0.091582 0.142646 -0.114471
v -0.093274 0.132219 -0.113253
v -0.081820 0.151600 -0.116507
v -0.077223 0.310489 -0.033576
v -0.068829 0.314571 -0.040067
v -0.073290 0.314734 -0.032375
v -0.077628 0.306562 -0.042158
v -0.073364 0.305975 -0.048566
v -0.069440 0.307534 -0.049825
v -0.055445 0.305125 -0.060145
v -0.061207 0.306103 -0.057618
v -0.063917 0.314388 -0.046243
v -0.049613 0.311421 -0.059178
v -0.057164 0.314279 -0.052932
v -0.050051 0.307025 -0.061141
v -0.065094 0.307594 -0.052599
v -0.066519 0.310677 -0.047907
v -0.181344 0.122578 -0.082901
v -0.174774 0.118132 -0.080996
v -0.177523 0.120060 -0.082486
v -0.174028 0.114818 -0.080656
v -0.179913 0.117668 -0.082734
v -0.172756 0.107799 -0.079069
v -0.173447 0.111616 -0.080011
v -0.177302 0.106111 -0.080402
v -0.181145 0.114301 -0.082325
v -0.177275 0.113421 -0.081734
v -0.188651 0.105156 -0.081205
v -0.183043 0.105331 -0.081101
v -0.185769 0.115196 -0.083198
v -0.182436 0.110078 -0.082177
v -0.201099 0.108922 -0.080148
v -0.194907 0.106739 -0.081454
v -0.192851 0.112545 -0.082345
v -0.188613 0.122409 -0.083504
v -0.190942 0.117490 -0.083119
v -0.196740 0.118699 -0.081910
v -0.198659 0.128380 -0.082021
v -0.219952 0.120483 -0.071868
v -0.216340 0.113676 -0.075162
v -0.208148 0.111306 -0.078341
v -0.203219 0.116733 -0.080512
v -0.207045 0.127565 -0.079097
v -0.201713 0.123517 -0.080953
v -0.226435 0.132010 -0.063973
v -0.224154 0.126402 -0.067960
v -0.210773 0.131840 -0.076423
v -0.215554 0.126404 -0.074391
v -0.206498 0.144751 -0.078657
v -0.206877 0.136768 -0.078552
v -0.214690 0.136734 -0.074130
v -0.228927 0.145281 -0.058341
v -0.228785 0.138811 -0.060490
v -0.221739 0.136882 -0.068148
v -0.217390 0.141431 -0.071021
v -0.211697 0.153286 -0.073960
v -0.209096 0.149235 -0.076270
v -0.212903 0.145104 -0.074145
v -0.219320 0.145840 -0.069094
v -0.223319 0.160567 -0.061836
v -0.226921 0.160372 -0.056570
v -0.228396 0.152336 -0.057042
v -0.224767 0.148163 -0.063261
v -0.220243 0.151229 -0.066829
v -0.213625 0.156300 -0.072001
v -0.219217 0.160367 -0.065539
v -0.216983 0.153208 -0.070031
v -0.220532 0.155155 -0.065328
v -0.201156 0.195902 -0.071619
v -0.198065 0.191529 -0.075966
v -0.204289 0.189843 -0.070937
v -0.198818 0.183369 -0.077164
v -0.204448 0.171613 -0.076073
v -0.211062 0.177716 -0.069041
v -0.207363 0.183786 -0.069916
v -0.200920 0.177228 -0.077338
v -0.203547 0.182416 -0.074622
v -0.210755 0.160868 -0.073033
v -0.207406 0.165930 -0.074401
v -0.217340 0.165665 -0.066531
v -0.213947 0.172032 -0.067364
v -0.215835 0.160089 -0.069355
v -0.209817 0.170726 -0.071931
v -0.171347 0.146684 -0.084129
v -0.173144 0.143171 -0.083828
v -0.173496 0.150771 -0.085440
v -0.178290 0.136865 -0.083943
v -0.176037 0.140216 -0.083838
v -0.178834 0.143765 -0.084967
v -0.181209 0.128223 -0.083786
v -0.180229 0.133069 -0.084138
v -0.185637 0.125701 -0.083497
v -0.194799 0.132563 -0.082786
v -0.190985 0.127868 -0.083433
v -0.184161 0.136727 -0.084564
v -0.199338 0.144378 -0.081830
v -0.199224 0.137203 -0.082223
v -0.203077 0.141018 -0.080372
v -0.188046 0.140477 -0.084387
v -0.191030 0.136870 -0.083478
v -0.192223 0.153142 -0.084121
v -0.195683 0.149293 -0.083261
v -0.182463 0.148112 -0.085614
v -0.184977 0.144474 -0.085235
v -0.191737 0.145058 -0.084499
v -0.188787 0.158118 -0.084870
v -0.185197 0.162096 -0.085786
v -0.176076 0.155633 -0.086657
v -0.179572 0.151927 -0.085947
v -0.185599 0.152643 -0.085578
v -0.041742 0.126159 -0.116204
v -0.040855 0.144281 -0.116236
v -0.030438 0.143075 -0.115461
v -0.052332 0.127005 -0.116425
v -0.062983 0.127819 -0.116733
v -0.051316 0.146477 -0.116549
v -0.069303 0.138909 -0.116582
v -0.048296 0.136450 -0.116770
v -0.156839 0.164800 -0.098744
v -0.160230 0.158573 -0.097452
v -0.162774 0.159675 -0.095341
v -0.164656 0.162765 -0.093982
v -0.163369 0.167306 -0.096540
v -0.166055 0.161798 -0.089918
v -0.168444 0.161777 -0.087594
v -0.171795 0.173951 -0.089223
v -0.166574 0.167859 -0.092169
v -0.182098 0.166374 -0.086292
v -0.171122 0.161112 -0.086939
v -0.173638 0.158474 -0.086908
v -0.179485 0.171710 -0.086338
v -0.175687 0.172858 -0.088135
v -0.178861 0.160939 -0.086346
v -0.172616 0.166826 -0.087535
v -0.167138 0.188364 -0.095354
v -0.170238 0.188131 -0.092361
v -0.171134 0.180872 -0.090813
v -0.167013 0.174126 -0.094698
v -0.169029 0.174314 -0.091593
v -0.158356 0.189333 -0.097936
v -0.162700 0.188680 -0.096764
v -0.161287 0.173881 -0.098497
v -0.163958 0.173725 -0.096775
v -0.165476 0.180600 -0.096384
v -0.147050 0.189254 -0.100562
v -0.152486 0.189207 -0.099510
v -0.151775 0.172090 -0.099372
v -0.146673 0.180105 -0.100454
v -0.156616 0.173073 -0.099009
v -0.157267 0.181086 -0.099036
v -0.051892 0.166702 -0.115216
v -0.061866 0.168965 -0.115706
v -0.051680 0.156075 -0.116087
v -0.071800 0.160912 -0.116928
v -0.071655 0.149989 -0.117385
v -0.061598 0.147947 -0.117031
v -0.007837 0.133486 -0.115363
v -0.010296 0.141623 -0.114272
v -0.010344 0.125839 -0.115241
v -0.020065 0.142189 -0.114425
v -0.027697 0.134273 -0.115660
v -0.195522 0.215375 0.035397
v -0.191134 0.203577 0.042651
v -0.185207 0.218708 0.041270
v -0.181364 0.206065 0.047653
v -0.184101 0.197954 0.048557
v -0.199265 0.224522 0.025971
v -0.202882 0.232430 0.015974
v -0.191416 0.239649 0.024034
v -0.188794 0.229984 0.033665
v -0.192262 0.222922 0.034682
v -0.205077 0.237913 0.004431
v -0.206552 0.241935 -0.007217
v -0.195961 0.252357 0.001214
v -0.194653 0.247699 0.013379
v -0.199140 0.240217 0.014535
v -0.204786 0.243281 -0.019260
v -0.202945 0.242083 -0.030719
v -0.196814 0.256069 -0.011196
v -0.195104 0.255906 -0.023498
v -0.198125 0.248632 -0.032570
v -0.201173 0.249537 -0.009311
v -0.201645 -0.044099 -0.024260
v -0.202361 -0.044064 -0.033368
v -0.206109 -0.057441 -0.029324
v -0.204315 -0.050456 -0.017211
v -0.206710 -0.056893 -0.019681
v -0.205511 -0.050068 -0.035950
v -0.012393 -0.102803 -0.094310
v -0.013265 -0.119462 -0.096546
v -0.036742 -0.109675 -0.093572
v -0.034912 -0.093896 -0.092348
v -0.023296 -0.090465 -0.092641
v -0.014835 -0.151394 -0.103222
v -0.014321 -0.134868 -0.099490
v -0.038242 -0.125182 -0.096042
v -0.029235 -0.154073 -0.103087
v -0.025524 -0.122262 -0.096174
v -0.051340 -0.127436 -0.096123
v -0.063982 -0.129858 -0.095106
v -0.056217 -0.157987 -0.102016
v -0.042849 -0.156021 -0.103039
v -0.040620 -0.140096 -0.099008
v -0.011367 0.033907 -0.104538
v -0.011237 0.046569 -0.107509
v -0.023669 0.058892 -0.109063
v -0.036073 0.056915 -0.108142
v -0.023187 0.031525 -0.104295
v -0.035875 0.042450 -0.106012
v -0.011721 0.106234 -0.114211
v -0.011080 0.116330 -0.115194
v -0.022294 0.105565 -0.114397
v -0.032030 0.116203 -0.115242
v -0.031125 0.125887 -0.115739
v -0.020580 0.125803 -0.115826
v -0.089065 0.109720 0.148342
v -0.088823 0.100995 0.153403
v -0.104647 0.100458 0.148720
v -0.089937 0.118152 0.143136
v -0.090257 0.126551 0.136896
v -0.097795 0.126270 0.134456
v -0.104809 0.109484 0.144159
v -0.096873 0.109647 0.147095
v -0.104906 0.125591 0.131292
v -0.111692 0.108105 0.140838
v -0.104789 0.117544 0.137993
v -0.117860 0.098442 0.142132
v -0.118309 0.106800 0.137178
v -0.128825 0.095855 0.134063
v -0.124640 0.122225 0.121252
v -0.118259 0.115937 0.131312
v -0.128965 0.104564 0.129429
v -0.123906 0.105683 0.133260
v -0.135772 0.117706 0.113875
v -0.130538 0.120154 0.117498
v -0.134043 0.102395 0.124617
v -0.129765 0.112618 0.123214
v -0.143603 0.078491 0.117810
v -0.145133 0.086028 0.114127
v -0.137907 0.092201 0.124244
v -0.138294 0.100425 0.120084
v -0.146321 0.093767 0.110077
v -0.140808 0.115179 0.109042
v -0.144830 0.112031 0.104931
v -0.147721 0.100860 0.105513
v -0.139541 0.108069 0.114778
v -0.142436 0.097277 0.114473
v -0.123402 0.066908 0.140016
v -0.118131 0.068165 0.144711
v -0.116243 0.088873 0.145791
v -0.122371 0.087898 0.141858
v -0.106246 0.069969 0.152296
v -0.112345 0.068873 0.148720
v -0.110384 0.089793 0.149475
v -0.103387 0.090600 0.152751
v -0.114754 0.079196 0.148291
v -0.099458 0.070804 0.155295
v -0.093134 0.070132 0.157248
v -0.086522 0.083885 0.159630
v -0.087586 0.075362 0.159813
v -0.088085 0.092348 0.156754
v -0.096046 0.091692 0.155737
v -0.101700 0.080633 0.154897
v -0.141497 0.070726 0.119960
v -0.136432 0.064736 0.125414
v -0.139325 0.063697 0.121257
v -0.136826 0.083234 0.127771
v -0.140378 0.080691 0.123055
v -0.128111 0.066482 0.135570
v -0.132340 0.065955 0.130294
v -0.132338 0.085187 0.133326
v -0.127422 0.086797 0.138093
v -0.125584 0.076983 0.139519
v -0.134752 0.074341 0.129578
v -0.000039 0.253968 0.051203
v -0.000229 0.247470 0.053316
v -0.016675 0.243781 0.054359
v -0.016998 0.250357 0.051570
v -0.000630 0.260089 0.049633
v -0.018165 0.262283 0.047945
v -0.017205 0.255941 0.049334
v -0.008616 0.254646 0.050569
v -0.001082 0.110826 0.148347
v -0.001482 0.100023 0.152942
v -0.019873 0.092835 0.154506
v -0.019720 0.104790 0.151317
v -0.010793 0.090188 0.155248
v -0.001148 0.145783 0.125506
v -0.001011 0.138002 0.132438
v -0.018874 0.142383 0.129386
v -0.018699 0.133663 0.135262
v -0.002036 0.161717 0.110649
v -0.001908 0.153305 0.118412
v -0.018913 0.157334 0.114359
v -0.018219 0.149722 0.121735
v -0.009242 0.147735 0.123682
v -0.001926 0.179258 0.096396
v -0.001537 0.170948 0.103324
v -0.019040 0.174523 0.100547
v -0.018813 0.166106 0.107471
v -0.010498 0.181388 0.095211
v -0.009883 0.163635 0.108578
v -0.000702 0.241946 0.056119
v -0.000814 0.235291 0.060320
v -0.017028 0.231865 0.061652
v -0.016967 0.238501 0.057655
v -0.008774 0.230024 0.062916
v -0.008730 0.242841 0.055061
v -0.000903 0.129722 0.138540
v -0.000770 0.120834 0.143942
v -0.018877 0.115285 0.147129
v -0.019381 0.124932 0.141698
v -0.009850 0.112820 0.147801
v -0.009535 0.131292 0.137503
v -0.171781 -0.276760 -0.057962
v -0.178819 -0.275168 -0.046657
v -0.163525 -0.278178 -0.068450
v -0.069312 -0.235723 -0.120272
v -0.054984 -0.244935 -0.123933
v -0.025844 -0.260687 -0.124873
v -0.049826 -0.269506 -0.125077
v -0.035817 -0.268703 -0.124881
v -0.038917 -0.252855 -0.124516
v -0.054631 -0.254126 -0.125189
v -0.067065 -0.271061 -0.123675
v -0.069992 -0.257133 -0.123714
v -0.057636 -0.262842 -0.125655
v -0.175967 -0.248808 -0.047204
v -0.167487 -0.249717 -0.061334
v -0.176462 -0.240321 -0.043654
v -0.156956 -0.242018 -0.073828
v -0.155229 -0.232894 -0.072789
v -0.163913 -0.230068 -0.060818
v -0.172827 -0.232301 -0.048679
v -0.155822 -0.269386 -0.076958
v -0.156891 -0.259890 -0.075207
v -0.136107 -0.254272 -0.095241
v -0.146351 -0.252177 -0.085618
v -0.071316 -0.278803 -0.123570
v -0.154425 -0.278537 -0.079236
v -0.145696 -0.272089 -0.087126
v -0.135854 -0.279192 -0.095718
v -0.082682 -0.278994 -0.121071
v -0.082772 -0.271217 -0.121908
v -0.126233 -0.279196 -0.103514
v -0.104784 -0.279292 -0.114348
v -0.123928 -0.255178 -0.104276
v -0.135106 -0.263606 -0.096609
v -0.132316 -0.272615 -0.098315
v -0.117636 -0.271469 -0.108637
v -0.084207 -0.254982 -0.120877
v -0.083010 -0.263056 -0.121656
v -0.094452 -0.271507 -0.118619
v -0.105654 -0.271224 -0.114024
v -0.108046 -0.263200 -0.113432
v -0.115668 -0.246143 -0.109188
v -0.111173 -0.236260 -0.109206
v -0.089275 -0.245543 -0.118662
v -0.111246 -0.254920 -0.111572
v -0.097689 -0.254443 -0.116576
v -0.082578 -0.225274 -0.116405
v -0.107691 -0.225572 -0.107881
v -0.092953 -0.214259 -0.110624
v -0.105237 -0.214256 -0.106015
v -0.084612 -0.235727 -0.117987
v -0.097962 -0.235530 -0.113750
v -0.091896 -0.148761 -0.093643
v -0.076729 -0.131960 -0.093704
v -0.088720 -0.134227 -0.091229
v -0.069578 -0.160371 -0.100750
v -0.082630 -0.161395 -0.099216
v -0.066418 -0.144841 -0.097613
v -0.120957 -0.261181 0.123140
v -0.133091 -0.259695 0.116540
v -0.123220 -0.247264 0.125396
v -0.110695 -0.248272 0.132202
v -0.107072 -0.262559 0.129574
v -0.093854 -0.264050 0.136926
v -0.098776 -0.250022 0.137931
v -0.085689 -0.251358 0.144220
v -0.109140 -0.255179 0.130904
v -0.057571 -0.267003 0.149855
v -0.045676 -0.269108 0.152855
v -0.047216 -0.254951 0.158677
v -0.034844 -0.256346 0.161291
v -0.009282 -0.265300 0.161234
v -0.009189 -0.257846 0.164108
v -0.021001 -0.271135 0.156890
v -0.033106 -0.270775 0.155172
v -0.021378 -0.257328 0.163457
v -0.033267 -0.263477 0.158661
v -0.187038 -0.253464 0.059558
v -0.186296 -0.246204 0.059042
v -0.182567 -0.254045 0.071907
v -0.181140 -0.239691 0.069646
v -0.173745 -0.240635 0.080592
v -0.068860 -0.265595 0.146192
v -0.080198 -0.264802 0.141941
v -0.059777 -0.253350 0.154780
v -0.072699 -0.252633 0.149951
v -0.083219 -0.258560 0.143599
v -0.058200 -0.260405 0.152725
v -0.174774 -0.254549 0.082636
v -0.166490 -0.255813 0.092765
v -0.166306 -0.241516 0.091036
v -0.156716 -0.242536 0.100984
v -0.174427 -0.248335 0.081455
v -0.156366 -0.257075 0.101751
v -0.145047 -0.258827 0.109833
v -0.134466 -0.245671 0.117415
v -0.146041 -0.244454 0.109466
v -0.133794 -0.252853 0.117057
v -0.156265 -0.250283 0.101700
v -0.112389 -0.146593 0.129723
v -0.089678 -0.123126 0.144170
v -0.101130 -0.146969 0.138002
v -0.111795 -0.135010 0.128262
v -0.090095 -0.134662 0.145238
v -0.087048 -0.086004 0.140576
v -0.086593 -0.073961 0.138721
v -0.109578 -0.099601 0.125282
v -0.108442 -0.087107 0.123902
v -0.097132 -0.074610 0.130920
v -0.088217 -0.098939 0.142271
v -0.088958 -0.111487 0.143158
v -0.110686 -0.123363 0.127382
v -0.109815 -0.111777 0.126208
v -0.100467 -0.123463 0.135379
v -0.099301 -0.099015 0.133615
v -0.137187 -0.051449 0.084862
v -0.138780 -0.062456 0.085304
v -0.147093 -0.073217 0.074368
v -0.152322 -0.071602 0.062433
v -0.150647 -0.060100 0.062391
v -0.143640 -0.049536 0.074481
v -0.113655 0.142197 0.114862
v -0.106295 0.143048 0.118063
v -0.105091 0.134283 0.124542
v -0.119698 0.132247 0.118554
v -0.112437 0.125302 0.128090
v -0.118796 0.124184 0.124992
f 2439 2 2442
f 2442 4 2441
f 2441 1 2439
f 2439 2442 2441
f 2442 2 2440
f 2440 3 2443
f 2443 4 2442
f 2442 2440 2443
f 2446 7 2445
f 2445 5 2444
f 2444 6 2446
f 2446 2445 2444
f 2445 7 2448
f 2448 8 2447
f 2447 5 2445
f 2445 2448 2447
f 2446 6 2449
f 2449 9 2450
f 2450 7 2446
f 2446 2449 2450
f 2449 6 2451
f 2451 10 2452
f 2452 9 2449
f 2449 2451 2452
f 2455 13 2454
f 2454 11 2453
f 2453 12 2455
f 2455 2454 2453
f 2454 13 2457
f 2457 14 2456
f 2456 11 2454
f 2454 2457 2456
f 2458 16 2461
f 2461 18 2460
f 2460 15 2458
f 2458 2461 2460
f 2461 16 2459
f 2459 17 2462
f 2462 18 2461
f 2461 2459 2462
f 2465 21 2464
f 2464 19 2463
f 2463 20 2465
f 2465 2464 2463
f 2464 21 2467
f 2467 22 2466
f 2466 19 2464
f 2464 2467 2466
f 2471 25 2470
f 2470 23 2468
f 2468 24 2471
f 2471 2470 2468
f 2470 25 2474
f 2474 26 2473
f 2473 23 2470
f 2470 2474 2473
f 2477 29 2476
f 2476 27 2475
f 2475 28 2477
f 2477 2476 2475
f 2476 29 2479
f 2479 30 2478
f 2478 27 2476
f 2476 2479 2478
f 2480 32 2483
f 2483 34 2482
f 2482 31 2480
f 2480 2483 2482
f 2483 32 2481
f 2481 33 2484
f 2484 34 2483
f 2483 2481 2484
f 2487 37 2486
f 2486 35 2485
f 2485 36 2487
f 2487 2486 2485
f 2486 37 2489
f 2489 38 2488
f 2488 35 2486
f 2486 2489 2488
f 2493 41 2492
f 2492 39 2490
f 2490 40 2493
f 2493 2492 2490
f 2492 41 2497
f 2497 42 2496
f 2496 39 2492
f 2492 2497 2496
f 2500 45 2499
f 2499 43 2498
f 2498 44 2500
f 2500 2499 2498
f 2499 45 2502
f 2502 46 2501
f 2501 43 2499
f 2499 2502 2501
f 2505 49 2504
f 2504 47 2503
f 2503 48 2505
f 2505 2504 2503
f 2504 49 2507
f 2507 50 2506
f 2506 47 2504
f 2504 2507 2506
f 2508 52 2511
f 2511 54 2510
f 2510 51 2508
f 2508 2511 2510
f 2511 52 2509
f 2509 53 2512
f 2512 54 2511
f 2511 2509 2512
f 2514 56 2519
f 2519 58 2518
f 2518 55 2514
f 2514 2519 2518
f 2519 56 2517
f 2517 57 2520
f 2520 58 2519
f 2519 2517 2520
f 2523 61 2522
f 2522 59 2521
f 2521 60 2523
f 2523 2522 2521
f 2522 61 2525
f 2525 62 2524
f 2524 59 2522
f 2522 2525 2524
f 2488 38 2527
f 2527 63 2526
f 2526 35 2488
f 2488 2527 2526
f 2527 38 2529
f 2529 64 2532
f 2532 63 2527
f 2527 2529 2532
f 2540 67 2539
f 2539 65 2537
f 2537 66 2540
f 2540 2539 2537
f 2539 67 2544
f 2544 68 2543
f 2543 65 2539
f 2539 2544 2543
f 2545 69 2546
f 2546 18 2462
f 2462 17 2545
f 2545 2546 2462
f 2546 69 2548
f 2548 70 2547
f 2547 18 2546
f 2546 2548 2547
f 2554 73 2553
f 2553 71 2552
f 2552 72 2554
f 2554 2553 2552
f 2553 73 2556
f 2556 74 2555
f 2555 71 2553
f 2553 2556 2555
f 2562 77 2561
f 2561 75 2560
f 2560 76 2562
f 2562 2561 2560
f 2561 77 2565
f 2565 78 2564
f 2564 75 2561
f 2561 2565 2564
f 2571 81 2570
f 2570 79 2569
f 2569 80 2571
f 2571 2570 2569
f 2570 81 2573
f 2573 82 2572
f 2572 79 2570
f 2570 2573 2572
f 2452 10 2575
f 2575 83 2574
f 2574 9 2452
f 2452 2575 2574
f 2575 10 2578
f 2578 84 2581
f 2581 83 2575
f 2575 2578 2581
f 2583 86 2589
f 2589 88 2588
f 2588 85 2583
f 2583 2589 2588
f 2589 86 2587
f 2587 87 2590
f 2590 88 2589
f 2589 2587 2590
f 2591 90 2598
f 2598 92 2597
f 2597 89 2591
f 2591 2598 2597
f 2598 90 2594
f 2594 91 2599
f 2599 92 2598
f 2598 2594 2599
f 2505 48 2600
f 2600 93 2601
f 2601 49 2505
f 2505 2600 2601
f 2600 48 2602
f 2602 94 2604
f 2604 93 2600
f 2600 2602 2604
f 2572 82 2606
f 2606 95 2605
f 2605 79 2572
f 2572 2606 2605
f 2606 82 2607
f 2607 96 2608
f 2608 95 2606
f 2606 2607 2608
f 2609 98 2612
f 2612 100 2611
f 2611 97 2609
f 2609 2612 2611
f 2612 98 2610
f 2610 99 2613
f 2613 100 2612
f 2612 2610 2613
f 2620 103 2619
f 2619 101 2616
f 2616 102 2620
f 2620 2619 2616
f 2619 103 2622
f 2622 104 2621
f 2621 101 2619
f 2619 2622 2621
f 2626 77 2623
f 2623 105 2630
f 2630 106 2626
f 2626 2623 2630
f 2623 77 2632
f 2632 107 2633
f 2633 105 2623
f 2623 2632 2633
f 2637 102 2635
f 2635 108 2638
f 2638 109 2637
f 2637 2635 2638
f 2635 102 2616
f 2616 101 2634
f 2634 108 2635
f 2635 2616 2634
f 2641 13 2639
f 2639 110 2643
f 2643 111 2641
f 2641 2639 2643
f 2639 13 2580
f 2580 84 2640
f 2640 110 2639
f 2639 2580 2640
f 2644 112 2645
f 2645 84 2578
f 2578 10 2644
f 2644 2645 2578
f 2645 112 2646
f 2646 110 2640
f 2640 84 2645
f 2645 2646 2640
f 2651 114 2650
f 2650 112 2649
f 2649 113 2651
f 2651 2650 2649
f 2650 114 2654
f 2654 115 2653
f 2653 112 2650
f 2650 2654 2653
f 2660 117 2658
f 2658 113 2657
f 2657 116 2660
f 2660 2658 2657
f 2658 117 2659
f 2659 114 2651
f 2651 113 2658
f 2658 2659 2651
f 2661 1 2662
f 2662 119 2664
f 2664 118 2661
f 2661 2662 2664
f 2662 1 2441
f 2441 4 2663
f 2663 119 2662
f 2662 2441 2663
f 2628 106 2629
f 2629 88 2590
f 2590 87 2628
f 2628 2629 2590
f 2629 106 2630
f 2630 105 2624
f 2624 88 2629
f 2629 2630 2624
f 2514 55 2665
f 2665 120 2666
f 2666 56 2514
f 2514 2665 2666
f 2665 55 2669
f 2669 121 2670
f 2670 120 2665
f 2665 2669 2670
f 2673 122 2672
f 2672 79 2605
f 2605 95 2673
f 2673 2672 2605
f 2672 122 2671
f 2671 74 2566
f 2566 79 2672
f 2672 2671 2566
f 2676 125 2675
f 2675 123 2674
f 2674 124 2676
f 2676 2675 2674
f 2675 125 2678
f 2678 126 2677
f 2677 123 2675
f 2675 2678 2677
f 2682 128 2681
f 2681 26 2679
f 2679 127 2682
f 2682 2681 2679
f 2681 128 2680
f 2680 23 2473
f 2473 26 2681
f 2681 2680 2473
f 2683 130 2686
f 2686 132 2685
f 2685 129 2683
f 2683 2686 2685
f 2686 130 2684
f 2684 131 2687
f 2687 132 2686
f 2686 2684 2687
f 2688 134 2691
f 2691 136 2690
f 2690 133 2688
f 2688 2691 2690
f 2691 134 2689
f 2689 135 2692
f 2692 136 2691
f 2691 2689 2692
f 2695 50 2694
f 2694 137 2696
f 2696 138 2695
f 2695 2694 2696
f 2694 50 2507
f 2507 49 2693
f 2693 137 2694
f 2694 2507 2693
f 2699 141 2698
f 2698 139 2697
f 2697 140 2699
f 2699 2698 2697
f 2698 141 2701
f 2701 142 2700
f 2700 139 2698
f 2698 2701 2700
f 2704 145 2703
f 2703 143 2702
f 2702 144 2704
f 2704 2703 2702
f 2703 145 2706
f 2706 146 2705
f 2705 143 2703
f 2703 2706 2705
f 2709 149 2708
f 2708 147 2707
f 2707 148 2709
f 2709 2708 2707
f 2708 149 2711
f 2711 150 2710
f 2710 147 2708
f 2708 2711 2710
f 2677 126 2713
f 2713 151 2712
f 2712 123 2677
f 2677 2713 2712
f 2713 126 2715
f 2715 152 2716
f 2716 151 2713
f 2713 2715 2716
f 2717 153 2718
f 2718 60 2521
f 2521 59 2717
f 2717 2718 2521
f 2718 153 2721
f 2721 154 2720
f 2720 60 2718
f 2718 2721 2720
f 2724 157 2723
f 2723 155 2722
f 2722 156 2724
f 2724 2723 2722
f 2723 157 2726
f 2726 158 2725
f 2725 155 2723
f 2723 2726 2725
f 2728 160 2729
f 2729 159 2727
f 2727 24 2728
f 2728 2729 2727
f 2729 160 2731
f 2731 161 2730
f 2730 159 2729
f 2729 2731 2730
f 2734 164 2733
f 2733 162 2732
f 2732 163 2734
f 2734 2733 2732
f 2733 164 2736
f 2736 165 2735
f 2735 162 2733
f 2733 2736 2735
f 2739 168 2738
f 2738 166 2737
f 2737 167 2739
f 2739 2738 2737
f 2738 168 2741
f 2741 169 2740
f 2740 166 2738
f 2738 2741 2740
f 2742 171 2745
f 2745 173 2744
f 2744 170 2742
f 2742 2745 2744
f 2745 171 2743
f 2743 172 2746
f 2746 173 2745
f 2745 2743 2746
f 2751 175 2756
f 2756 177 2755
f 2755 174 2751
f 2751 2756 2755
f 2756 175 2754
f 2754 176 2757
f 2757 177 2756
f 2756 2754 2757
f 2762 180 2761
f 2761 178 2759
f 2759 179 2762
f 2762 2761 2759
f 2761 180 2768
f 2768 181 2767
f 2767 178 2761
f 2761 2768 2767
f 2771 184 2770
f 2770 182 2769
f 2769 183 2771
f 2771 2770 2769
f 2770 184 2773
f 2773 185 2772
f 2772 182 2770
f 2770 2773 2772
f 2776 188 2775
f 2775 186 2774
f 2774 187 2776
f 2776 2775 2774
f 2775 188 2778
f 2778 189 2777
f 2777 186 2775
f 2775 2778 2777
f 2781 192 2780
f 2780 190 2779
f 2779 191 2781
f 2781 2780 2779
f 2780 192 2783
f 2783 193 2782
f 2782 190 2780
f 2780 2783 2782
f 2786 196 2785
f 2785 194 2784
f 2784 195 2786
f 2786 2785 2784
f 2785 196 2789
f 2789 197 2788
f 2788 194 2785
f 2785 2789 2788
f 2792 128 2790
f 2790 198 2793
f 2793 199 2792
f 2792 2790 2793
f 2790 128 2795
f 2795 200 2796
f 2796 198 2790
f 2790 2795 2796
f 2798 202 2801
f 2801 204 2800
f 2800 201 2798
f 2798 2801 2800
f 2801 202 2799
f 2799 203 2802
f 2802 204 2801
f 2801 2799 2802
f 2805 44 2804
f 2804 205 2806
f 2806 206 2805
f 2805 2804 2806
f 2804 44 2498
f 2498 43 2803
f 2803 205 2804
f 2804 2498 2803
f 2813 209 2812
f 2812 207 2809
f 2809 208 2813
f 2813 2812 2809
f 2812 209 2815
f 2815 210 2814
f 2814 207 2812
f 2812 2815 2814
f 2819 212 2818
f 2818 142 2816
f 2816 211 2819
f 2819 2818 2816
f 2818 212 2817
f 2817 139 2700
f 2700 142 2818
f 2818 2817 2700
f 2823 215 2822
f 2822 213 2820
f 2820 214 2823
f 2823 2822 2820
f 2822 215 2827
f 2827 216 2826
f 2826 213 2822
f 2822 2827 2826
f 2693 49 2828
f 2828 217 2830
f 2830 137 2693
f 2693 2828 2830
f 2828 49 2601
f 2601 93 2829
f 2829 217 2828
f 2828 2601 2829
f 2826 216 2832
f 2832 218 2831
f 2831 213 2826
f 2826 2832 2831
f 2832 216 2834
f 2834 219 2836
f 2836 218 2832
f 2832 2834 2836
f 2841 222 2840
f 2843 222 2841
f 2848 3 2849
f 2851 3 2848
f 2839 221 2842
f 2857 229 2855
f 2855 93 2853
f 2853 228 2857
f 2857 2855 2853
f 2855 229 2856
f 2856 217 2829
f 2829 93 2855
f 2855 2856 2829
f 2859 230 2858
f 2858 231 2860
f 2859 2858 2860
f 2866 233 2865
f 2865 219 2862
f 2862 232 2866
f 2866 2865 2862
f 2865 233 2864
f 2864 218 2836
f 2836 219 2865
f 2865 2864 2836
f 2868 228 2854
f 2854 94 2867
f 2867 234 2868
f 2868 2854 2867
f 2854 228 2853
f 2853 93 2604
f 2604 94 2854
f 2854 2853 2604
f 2873 237 2872
f 2872 235 2870
f 2870 236 2873
f 2873 2872 2870
f 2872 237 2871
f 2871 96 2869
f 2869 235 2872
f 2872 2871 2869
f 2876 240 2875
f 2875 238 2874
f 2874 239 2876
f 2876 2875 2874
f 2875 240 2878
f 2878 241 2877
f 2877 238 2875
f 2875 2878 2877
f 2884 246 2883
f 2883 218 2864
f 2864 233 2884
f 2884 2883 2864
f 2883 246 2887
f 2887 247 2886
f 2886 218 2883
f 2883 2887 2886
f 2894 250 2893
f 2893 248 2889
f 2889 249 2894
f 2894 2893 2889
f 2893 250 2892
f 2892 247 2888
f 2888 248 2893
f 2893 2892 2888
f 2898 253 2897
f 2897 251 2895
f 2895 252 2898
f 2898 2897 2895
f 2897 253 2902
f 2902 254 2901
f 2901 251 2897
f 2897 2902 2901
f 2907 256 2905
f 2905 144 2903
f 2903 255 2907
f 2907 2905 2903
f 2905 256 2906
f 2906 145 2704
f 2704 144 2905
f 2905 2906 2704
f 2911 258 2910
f 2910 241 2908
f 2908 257 2911
f 2911 2910 2908
f 2910 258 2909
f 2909 238 2877
f 2877 241 2910
f 2910 2909 2877
f 2917 260 2915
f 2915 235 2914
f 2914 259 2917
f 2917 2915 2914
f 2915 260 2922
f 2922 261 2918
f 2918 235 2915
f 2915 2922 2918
f 2925 264 2924
f 2924 262 2923
f 2923 263 2925
f 2925 2924 2923
f 2924 264 2927
f 2927 265 2926
f 2926 262 2924
f 2924 2927 2926
f 2931 267 2930
f 2930 265 2928
f 2928 266 2931
f 2931 2930 2928
f 2930 267 2929
f 2929 262 2926
f 2926 265 2930
f 2930 2929 2926
f 2941 270 2940
f 2940 268 2935
f 2935 269 2941
f 2941 2940 2935
f 2940 270 2939
f 2939 109 2932
f 2932 268 2940
f 2940 2939 2932
f 2945 111 2943
f 2943 271 2946
f 2946 272 2945
f 2945 2943 2946
f 2943 111 2643
f 2643 110 2942
f 2942 271 2943
f 2943 2643 2942
f 2955 234 2953
f 2953 274 2956
f 2956 275 2955
f 2955 2953 2956
f 2953 234 2867
f 2867 94 2951
f 2951 274 2953
f 2953 2867 2951
f 2549 71 2603
f 2603 94 2602
f 2602 48 2549
f 2549 2603 2602
f 2603 71 2949
f 2949 274 2951
f 2951 94 2603
f 2603 2949 2951
f 2960 277 2958
f 2958 35 2957
f 2957 276 2960
f 2960 2958 2957
f 2958 277 2959
f 2959 36 2485
f 2485 35 2958
f 2958 2959 2485
f 2962 278 2963
f 2963 104 2622
f 2622 103 2962
f 2962 2963 2622
f 2963 278 2965
f 2965 279 2964
f 2964 104 2963
f 2963 2965 2964
f 2969 281 2967
f 2967 214 2966
f 2966 280 2969
f 2969 2967 2966
f 2967 281 2968
f 2968 215 2823
f 2823 214 2967
f 2967 2968 2823
f 2976 284 2975
f 2975 282 2973
f 2973 283 2976
f 2976 2975 2973
f 2975 284 2979
f 2979 285 2978
f 2978 282 2975
f 2975 2979 2978
f 2985 287 2984
f 2984 285 2981
f 2981 286 2985
f 2985 2984 2981
f 2984 287 2983
f 2983 282 2978
f 2978 285 2984
f 2984 2983 2978
f 2985 286 2989
f 2989 289 2990
f 2990 287 2985
f 2985 2989 2990
f 2989 286 2986
f 2986 288 2991
f 2991 289 2989
f 2989 2986 2991
f 2994 90 2993
f 2993 290 2995
f 2995 291 2994
f 2994 2993 2995
f 2993 90 2591
f 2591 89 2992
f 2992 290 2993
f 2993 2591 2992
f 2996 292 3002
f 3002 294 3001
f 3001 268 2996
f 2996 3002 3001
f 3002 292 2998
f 2998 293 3003
f 3003 294 3002
f 3002 2998 3003
f 3005 295 3006
f 3006 241 2878
f 2878 240 3005
f 3005 3006 2878
f 3006 295 3007
f 3007 261 2920
f 2920 241 3006
f 3006 3007 2920
f 3012 185 3014
f 3014 299 3016
f 3016 298 3012
f 3012 3014 3016
f 3014 185 2773
f 2773 184 3013
f 3013 299 3014
f 3014 2773 3013
f 3017 300 3018
f 3018 144 2702
f 2702 143 3017
f 3017 3018 2702
f 3018 300 3022
f 3022 301 3019
f 3019 144 3018
f 3018 3022 3019
f 3026 304 3025
f 3025 302 3024
f 3024 303 3026
f 3026 3025 3024
f 3025 304 3028
f 3028 305 3027
f 3027 302 3025
f 3025 3028 3027
f 2840 222 3029
f 3033 309 3032
f 3032 307 3031
f 3031 308 3033
f 3033 3032 3031
f 3032 309 3035
f 3035 310 3034
f 3034 307 3032
f 3032 3035 3034
f 3038 167 3037
f 3037 311 3040
f 3040 312 3038
f 3038 3037 3040
f 3037 167 2737
f 2737 166 3036
f 3036 311 3037
f 3037 2737 3036
f 2845 226 3046
f 3046 313 3045
f 3045 159 2845
f 2845 3046 3045
f 3046 226 2850
f 2850 227 3047
f 3047 313 3046
f 3046 2850 3047
f 3051 316 3050
f 3050 314 3049
f 3049 315 3051
f 3051 3050 3049
f 3050 316 3053
f 3053 317 3052
f 3052 314 3050
f 3050 3053 3052
f 3057 320 3056
f 3056 318 3055
f 3055 319 3057
f 3057 3056 3055
f 3056 320 3059
f 3059 321 3058
f 3058 318 3056
f 3056 3059 3058
f 3062 324 3061
f 3061 322 3060
f 3060 323 3062
f 3062 3061 3060
f 3061 324 3064
f 3064 325 3063
f 3063 322 3061
f 3061 3064 3063
f 3068 252 3065
f 3065 326 3070
f 3070 327 3068
f 3068 3065 3070
f 3065 252 3039
f 3039 312 3067
f 3067 326 3065
f 3065 3039 3067
f 3075 329 3078
f 3078 331 3077
f 3077 328 3075
f 3075 3078 3077
f 3078 329 3076
f 3076 330 3079
f 3079 331 3078
f 3078 3076 3079
f 3083 334 3082
f 3082 332 3081
f 3081 333 3083
f 3083 3082 3081
f 3082 334 3085
f 3085 335 3084
f 3084 332 3082
f 3082 3085 3084
f 2863 232 2861
f 2861 217 2856
f 2856 229 2863
f 2863 2861 2856
f 2861 232 2862
f 2862 219 2835
f 2835 217 2861
f 2861 2862 2835
f 2824 137 2833
f 2833 219 2834
f 2834 216 2824
f 2824 2833 2834
f 2833 137 2830
f 2830 217 2835
f 2835 219 2833
f 2833 2830 2835
f 2824 216 2825
f 2825 138 2696
f 2696 137 2824
f 2824 2825 2696
f 2825 216 2827
f 2827 215 2821
f 2821 138 2825
f 2825 2827 2821
f 3091 338 3090
f 3090 336 3087
f 3087 337 3091
f 3091 3090 3087
f 3090 338 3093
f 3093 339 3092
f 3092 336 3090
f 3090 3093 3092
f 3100 211 3097
f 3097 340 3101
f 3101 341 3100
f 3100 3097 3101
f 3097 211 2816
f 2816 142 3096
f 3096 340 3097
f 3097 2816 3096
f 3104 342 3105
f 3105 142 2701
f 2701 141 3104
f 3104 3105 2701
f 3105 342 3107
f 3107 340 3096
f 3096 142 3105
f 3105 3107 3096
f 2765 181 2766
f 2766 154 2721
f 2721 153 2765
f 2765 2766 2721
f 2766 181 2768
f 2768 180 2760
f 2760 154 2766
f 2766 2768 2760
f 2749 156 2753
f 2753 176 2754
f 2754 175 2749
f 2749 2753 2754
f 2753 156 2722
f 2722 155 2752
f 2752 176 2753
f 2753 2722 2752
f 3109 343 3117
f 3117 345 3114
f 3114 133 3109
f 3109 3117 3114
f 3117 343 3113
f 3113 344 3118
f 3118 345 3117
f 3117 3113 3118
f 3122 346 3121
f 3121 201 2800
f 2800 204 3122
f 3122 3121 2800
f 3121 346 3126
f 3126 347 3125
f 3125 201 3121
f 3121 3126 3125
f 3134 350 3133
f 3133 348 3131
f 3131 349 3134
f 3134 3133 3131
f 3133 350 3137
f 3137 351 3136
f 3136 348 3133
f 3133 3137 3136
f 3141 352 3142
f 3142 349 3131
f 3131 348 3141
f 3141 3142 3131
f 3142 352 3148
f 3148 353 3147
f 3147 349 3142
f 3142 3148 3147
f 3145 353 3144
f 3144 170 2744
f 2744 173 3145
f 3145 3144 2744
f 3144 353 3148
f 3148 352 3139
f 3139 170 3144
f 3144 3148 3139
f 2465 20 2592
f 2592 91 2593
f 2593 21 2465
f 2465 2592 2593
f 2592 20 2595
f 2595 92 2599
f 2599 91 2592
f 2592 2595 2599
f 3153 355 3158
f 3158 357 3157
f 3157 354 3153
f 3153 3158 3157
f 3158 355 3154
f 3154 356 3159
f 3159 357 3158
f 3158 3154 3159
f 3169 360 3168
f 3168 358 3165
f 3165 359 3169
f 3169 3168 3165
f 3168 360 3175
f 3175 361 3174
f 3174 358 3168
f 3168 3175 3174
f 2653 115 2652
f 2652 110 2646
f 2646 112 2653
f 2653 2652 2646
f 2652 115 2944
f 2944 271 2942
f 2942 110 2652
f 2652 2944 2942
f 3185 363 3183
f 3183 8 3178
f 3178 362 3185
f 3185 3183 3178
f 3183 363 3182
f 3182 5 2447
f 2447 8 3183
f 3183 3182 2447
f 3189 364 3186
f 3186 5 3182
f 3182 363 3189
f 3189 3186 3182
f 3186 364 3187
f 3187 116 2655
f 2655 5 3186
f 3186 3187 2655
f 3192 365 3190
f 3190 116 3187
f 3187 364 3192
f 3192 3190 3187
f 3190 365 3191
f 3191 117 2660
f 2660 116 3190
f 3190 3191 2660
f 2730 161 2846
f 2846 226 2845
f 2845 159 2730
f 2730 2846 2845
f 2846 161 2837
f 2837 220 2847
f 2847 226 2846
f 2846 2837 2847
f 3201 368 3200
f 3200 366 3198
f 3198 367 3201
f 3201 3200 3198
f 3200 368 3203
f 3203 369 3202
f 3202 366 3200
f 3200 3203 3202
f 3207 371 3206
f 3206 369 3204
f 3204 370 3207
f 3207 3206 3204
f 3206 371 3205
f 3205 366 3202
f 3202 369 3206
f 3206 3205 3202
f 3179 362 3180
f 3180 26 2474
f 2474 25 3179
f 3179 3180 2474
f 3180 362 3178
f 3178 8 2472
f 2472 26 3180
f 3180 3178 2472
f 2852 4 2443
f 2443 3 2851
f 2851 2852 2443
f 3208 4 2852
f 2663 4 3209
f 3210 119 2663
f 2663 3209 3210
f 3209 4 3208
f 3216 374 3214
f 3214 205 3213
f 3213 373 3216
f 3216 3214 3213
f 3214 374 3215
f 3215 206 2806
f 2806 205 3214
f 3214 3215 2806
f 3220 376 3218
f 3218 373 3217
f 3217 375 3220
f 3220 3218 3217
f 3218 376 3219
f 3219 374 3216
f 3216 373 3218
f 3218 3219 3216
f 3224 378 3230
f 3230 379 3229
f 3229 377 3224
f 3224 3230 3229
f 3230 378 3222
f 3222 316 3228
f 3228 379 3230
f 3230 3222 3228
f 3235 381 3233
f 3233 47 3231
f 3231 380 3235
f 3235 3233 3231
f 3233 381 3234
f 3234 72 2550
f 2550 47 3233
f 3233 3234 2550
f 3239 384 3238
f 3238 382 3236
f 3236 383 3239
f 3239 3238 3236
f 3238 384 3243
f 3243 385 3242
f 3242 382 3238
f 3238 3243 3242
f 3246 293 3245
f 3245 386 3247
f 3247 387 3246
f 3246 3245 3247
f 3245 293 2998
f 2998 292 3244
f 3244 386 3245
f 3245 2998 3244
f 3255 390 3254
f 3254 388 3252
f 3252 389 3255
f 3255 3254 3252
f 3254 390 3259
f 3259 391 3258
f 3258 388 3254
f 3254 3259 3258
f 3263 393 3262
f 3262 258 3260
f 3260 392 3263
f 3263 3262 3260
f 3262 393 3261
f 3261 238 2909
f 2909 258 3262
f 3262 3261 2909
f 3264 395 3267
f 3267 397 3266
f 3266 394 3264
f 3264 3267 3266
f 3267 395 3265
f 3265 396 3268
f 3268 397 3267
f 3267 3265 3268
f 3276 399 3272
f 3272 259 3271
f 3271 398 3276
f 3276 3272 3271
f 3272 399 3273
f 3273 260 2917
f 2917 259 3272
f 3272 3273 2917
f 3282 401 3280
f 3280 89 3277
f 3277 400 3282
f 3282 3280 3277
f 3280 401 3281
f 3281 290 2992
f 2992 89 3280
f 3280 3281 2992
f 3284 402 3285
f 3285 268 2932
f 2932 109 3284
f 3284 3285 2932
f 3285 402 3286
f 3286 292 2996
f 2996 268 3285
f 3285 3286 2996
f 3291 330 3290
f 3290 403 3292
f 3292 404 3291
f 3291 3290 3292
f 3290 330 3076
f 3076 329 3289
f 3289 403 3290
f 3290 3076 3289
f 3294 405 3295
f 3295 404 3292
f 3292 403 3294
f 3294 3295 3292
f 3295 405 3297
f 3297 406 3296
f 3296 404 3295
f 3295 3297 3296
f 2936 270 2937
f 2937 70 2548
f 2548 69 2936
f 2936 2937 2548
f 2937 270 2938
f 2938 78 2563
f 2563 70 2937
f 2937 2938 2563
f 3300 409 3299
f 3299 407 3298
f 3298 408 3300
f 3300 3299 3298
f 3299 409 3302
f 3302 410 3301
f 3301 407 3299
f 3299 3302 3301
f 3306 413 3305
f 3305 411 3304
f 3304 412 3306
f 3306 3305 3304
f 3305 413 3310
f 3310 414 3309
f 3309 411 3305
f 3305 3310 3309
f 3317 417 3316
f 3316 415 3315
f 3315 416 3317
f 3317 3316 3315
f 3316 417 3321
f 3321 418 3320
f 3320 415 3316
f 3316 3321 3320
f 3326 420 3327
f 3327 419 3322
f 3322 416 3326
f 3326 3327 3322
f 3327 420 3331
f 3331 421 3330
f 3330 419 3327
f 3327 3331 3330
f 3325 308 3329
f 3329 421 3331
f 3331 420 3325
f 3325 3329 3331
f 3329 308 3031
f 3031 307 3328
f 3328 421 3329
f 3329 3031 3328
f 3340 424 3339
f 3339 422 3336
f 3336 423 3340
f 3340 3339 3336
f 3339 424 3342
f 3342 425 3341
f 3341 422 3339
f 3339 3342 3341
f 3349 428 3348
f 3348 426 3345
f 3345 427 3349
f 3349 3348 3345
f 3348 428 3353
f 3353 429 3352
f 3352 426 3348
f 3348 3353 3352
f 3361 432 3360
f 3360 430 3357
f 3357 431 3361
f 3361 3360 3357
f 3360 432 3364
f 3364 433 3363
f 3363 430 3360
f 3360 3364 3363
f 3355 431 3356
f 3356 46 2502
f 2502 45 3355
f 3355 3356 2502
f 3356 431 3357
f 3357 430 3354
f 3354 46 3356
f 3356 3357 3354
f 3365 434 3366
f 3366 396 3265
f 3265 395 3365
f 3365 3366 3265
f 3366 434 3368
f 3368 435 3367
f 3367 396 3366
f 3366 3368 3367
f 3374 438 3373
f 3373 436 3372
f 3372 437 3374
f 3374 3373 3372
f 3373 438 3378
f 3378 439 3377
f 3377 436 3373
f 3373 3378 3377
f 3386 442 3385
f 3385 440 3382
f 3382 441 3386
f 3386 3385 3382
f 3385 442 3390
f 3390 443 3389
f 3389 440 3385
f 3385 3390 3389
f 3397 446 3396
f 3396 444 3393
f 3393 445 3397
f 3397 3396 3393
f 3396 446 3403
f 3403 447 3402
f 3402 444 3396
f 3396 3403 3402
f 3405 448 3406
f 3406 210 2815
f 2815 209 3405
f 3405 3406 2815
f 3406 448 3413
f 3413 449 3408
f 3408 210 3406
f 3406 3413 3408
f 3416 394 3414
f 3414 450 3417
f 3417 451 3416
f 3416 3414 3417
f 3414 394 3266
f 3266 397 3415
f 3415 450 3414
f 3414 3266 3415
f 2670 121 3279
f 3279 400 3278
f 3278 120 2670
f 2670 3279 3278
f 3279 121 3418
f 3418 452 3419
f 3419 400 3279
f 3279 3418 3419
f 3421 453 3422
f 3422 158 2726
f 2726 157 3421
f 3421 3422 2726
f 3422 453 3425
f 3425 454 3424
f 3424 158 3422
f 3422 3425 3424
f 3430 85 3426
f 3426 455 3431
f 3431 456 3430
f 3430 3426 3431
f 3426 85 2588
f 2588 88 3427
f 3427 455 3426
f 3426 2588 3427
f 3432 457 3433
f 3433 62 2525
f 2525 61 3432
f 3432 3433 2525
f 3433 457 3437
f 3437 458 3434
f 3434 62 3433
f 3433 3437 3434
f 2990 289 2988
f 2988 30 2982
f 2982 287 2990
f 2990 2988 2982
f 2988 289 2987
f 2987 27 2478
f 2478 30 2988
f 2988 2987 2478
f 3438 459 3439
f 3439 30 2479
f 2479 29 3438
f 3438 3439 2479
f 3439 459 3446
f 3446 460 3441
f 3441 30 3439
f 3439 3446 3441
f 3447 32 2557
f 2557 75 3449
f 3449 461 3447
f 3447 2557 3449
f 2557 32 2559
f 2559 76 2560
f 2560 75 2557
f 2557 2559 2560
f 3441 460 3443
f 3443 287 2982
f 2982 30 3441
f 3441 3443 2982
f 3443 460 3442
f 3442 282 2983
f 2983 287 3443
f 3443 3442 2983
f 2644 10 2648
f 2648 113 2649
f 2649 112 2644
f 2644 2648 2649
f 2648 10 2451
f 2451 6 2647
f 2647 113 2648
f 2648 2451 2647
f 2647 6 2656
f 2656 116 2657
f 2657 113 2647
f 2647 2656 2657
f 2656 6 2444
f 2444 5 2655
f 2655 116 2656
f 2656 2444 2655
f 3212 372 3211
f 3211 118 2664
f 2664 119 3212
f 3212 3211 2664
f 3211 372 3454
f 3454 462 3451
f 3451 118 3211
f 3211 3454 3451
f 3427 88 2970
f 2970 283 3429
f 3429 455 3427
f 3427 2970 3429
f 2970 88 2624
f 2624 105 2971
f 2971 283 2970
f 2970 2624 2971
f 3103 64 3095
f 3095 340 3107
f 3107 342 3103
f 3103 3095 3107
f 3095 64 2529
f 2529 38 3094
f 3094 340 3095
f 3095 2529 3094
f 3098 341 3099
f 3099 38 2489
f 2489 37 3098
f 3098 3099 2489
f 3099 341 3101
f 3101 340 3094
f 3094 38 3099
f 3099 3101 3094
f 3461 464 3460
f 3460 451 3456
f 3456 463 3461
f 3461 3460 3456
f 3460 464 3457
f 3457 394 3416
f 3416 451 3460
f 3460 3457 3416
f 3467 466 3475
f 3475 468 3474
f 3474 465 3467
f 3467 3475 3474
f 3475 466 3472
f 3472 467 3476
f 3476 468 3475
f 3475 3472 3476
f 3480 471 3479
f 3479 469 3477
f 3477 470 3480
f 3480 3479 3477
f 3479 471 3484
f 3484 472 3483
f 3483 469 3479
f 3479 3484 3483
f 3487 475 3486
f 3486 473 3485
f 3485 474 3487
f 3487 3486 3485
f 3486 475 3489
f 3489 476 3488
f 3488 473 3486
f 3486 3489 3488
f 3493 478 3499
f 3499 480 3498
f 3498 477 3493
f 3493 3499 3498
f 3499 478 3496
f 3496 479 3500
f 3500 480 3499
f 3499 3496 3500
f 3507 482 3504
f 3504 95 3501
f 3501 481 3507
f 3507 3504 3501
f 3504 482 3505
f 3505 122 2673
f 2673 95 3504
f 3504 3505 2673
f 3492 435 3495
f 3495 479 3496
f 3496 478 3492
f 3492 3495 3496
f 3495 435 3368
f 3368 434 3494
f 3494 479 3495
f 3495 3368 3494
f 2550 72 2551
f 2551 48 2503
f 2503 47 2550
f 2550 2551 2503
f 2551 72 2552
f 2552 71 2549
f 2549 48 2551
f 2551 2552 2549
f 3513 485 3511
f 3511 80 3510
f 3510 484 3513
f 3513 3511 3510
f 3511 485 3512
f 3512 81 2571
f 2571 80 3511
f 3511 3512 2571
f 3520 488 3519
f 3519 486 3517
f 3517 487 3520
f 3520 3519 3517
f 3519 488 3523
f 3523 489 3522
f 3522 486 3519
f 3519 3523 3522
f 3528 492 3527
f 3527 490 3525
f 3525 491 3528
f 3528 3527 3525
f 3527 492 3532
f 3532 493 3531
f 3531 490 3527
f 3527 3532 3531
f 3543 495 3539
f 3539 138 3533
f 3533 494 3543
f 3543 3539 3533
f 3539 495 3538
f 3538 50 2695
f 2695 138 3539
f 3539 3538 2695
f 3548 498 3547
f 3547 496 3546
f 3546 497 3548
f 3548 3547 3546
f 3547 498 3550
f 3550 499 3549
f 3549 496 3547
f 3547 3550 3549
f 3554 347 3124
f 3124 194 3552
f 3552 500 3554
f 3554 3124 3552
f 3124 347 3126
f 3126 346 3119
f 3119 194 3124
f 3124 3126 3119
f 2687 131 3556
f 3556 502 3557
f 3557 132 2687
f 2687 3556 3557
f 3556 131 3555
f 3555 501 3558
f 3558 502 3556
f 3556 3555 3558
f 3500 479 3562
f 3562 504 3563
f 3563 480 3500
f 3500 3562 3563
f 3562 479 3561
f 3561 503 3564
f 3564 504 3562
f 3562 3561 3564
f 2807 208 3313
f 3313 415 3311
f 3311 195 2807
f 2807 3313 3311
f 3313 208 2809
f 2809 207 3312
f 3312 415 3313
f 3313 2809 3312
f 3459 443 3387
f 3387 394 3457
f 3457 464 3459
f 3459 3387 3457
f 3387 443 3388
f 3388 395 3264
f 3264 394 3387
f 3387 3388 3264
f 3455 463 3568
f 3568 505 3566
f 3566 445 3455
f 3455 3568 3566
f 3568 463 3456
f 3456 451 3567
f 3567 505 3568
f 3568 3456 3567
f 3572 507 3573
f 3573 506 3569
f 3569 51 3572
f 3572 3573 3569
f 3573 507 3577
f 3577 508 3576
f 3576 506 3573
f 3573 3577 3576
f 3309 414 3307
f 3307 375 3303
f 3303 411 3309
f 3309 3307 3303
f 3307 414 3308
f 3308 376 3220
f 3220 375 3307
f 3307 3308 3220
f 3494 434 3559
f 3559 503 3561
f 3561 479 3494
f 3494 3559 3561
f 3559 434 3384
f 3384 442 3560
f 3560 503 3559
f 3559 3384 3560
f 2911 257 3256
f 3256 391 3257
f 3257 258 2911
f 2911 3256 3257
f 3256 257 3248
f 3248 388 3258
f 3258 391 3256
f 3256 3248 3258
f 2849 3 3042
f 3042 313 3047
f 3047 227 2849
f 2849 3042 3047
f 3042 3 2440
f 2440 2 3041
f 3041 313 3042
f 3042 2440 3041
f 3225 127 3221
f 3221 377 3229
f 3229 379 3225
f 3225 3221 3229
f 3221 127 3581
f 3581 509 3582
f 3582 377 3221
f 3221 3581 3582
f 3587 291 3584
f 3584 510 3590
f 3590 511 3587
f 3587 3584 3590
f 3584 291 2995
f 2995 290 3583
f 3583 510 3584
f 3584 2995 3583
f 3567 451 3594
f 3594 512 3595
f 3595 505 3567
f 3567 3594 3595
f 3594 451 3417
f 3417 450 3593
f 3593 512 3594
f 3594 3417 3593
f 3599 413 3596
f 3596 513 3601
f 3601 514 3599
f 3599 3596 3601
f 3596 413 3351
f 3351 429 3598
f 3598 513 3596
f 3596 3351 3598
f 3591 188 3565
f 3565 505 3595
f 3595 512 3591
f 3591 3565 3595
f 3565 188 3603
f 3603 515 3607
f 3607 505 3565
f 3565 3603 3607
f 3614 437 3610
f 3610 516 3615
f 3615 517 3614
f 3614 3610 3615
f 3610 437 3372
f 3372 436 3609
f 3609 516 3610
f 3610 3372 3609
f 3618 520 3617
f 3617 518 3616
f 3616 519 3618
f 3618 3617 3616
f 3617 520 3620
f 3620 521 3619
f 3619 518 3617
f 3617 3620 3619
f 3623 519 3622
f 3622 522 3624
f 3624 523 3623
f 3623 3622 3624
f 3622 519 3616
f 3616 518 3621
f 3621 522 3622
f 3622 3616 3621
f 3627 526 3626
f 3626 524 3625
f 3625 525 3627
f 3627 3626 3625
f 3626 526 3629
f 3629 527 3628
f 3628 524 3626
f 3626 3629 3628
f 3633 530 3632
f 3632 528 3631
f 3631 529 3633
f 3633 3632 3631
f 3632 530 3635
f 3635 531 3634
f 3634 528 3632
f 3632 3635 3634
f 3638 534 3637
f 3637 532 3636
f 3636 533 3638
f 3638 3637 3636
f 3637 534 3640
f 3640 535 3639
f 3639 532 3637
f 3637 3640 3639
f 3643 538 3642
f 3642 536 3641
f 3641 537 3643
f 3643 3642 3641
f 3642 538 3645
f 3645 539 3644
f 3644 536 3642
f 3642 3645 3644
f 3651 542 3650
f 3650 540 3648
f 3648 541 3651
f 3651 3650 3648
f 3650 542 3653
f 3653 543 3652
f 3652 540 3650
f 3650 3653 3652
f 3656 546 3655
f 3655 544 3654
f 3654 545 3656
f 3656 3655 3654
f 3655 546 3658
f 3658 547 3657
f 3657 544 3655
f 3655 3658 3657
f 3662 549 3661
f 3661 543 3659
f 3659 548 3662
f 3662 3661 3659
f 3661 549 3660
f 3660 540 3652
f 3652 543 3661
f 3661 3660 3652
f 3670 552 3669
f 3669 550 3667
f 3667 551 3670
f 3670 3669 3667
f 3669 552 3674
f 3674 553 3673
f 3673 550 3669
f 3669 3674 3673
f 3680 556 3679
f 3679 554 3677
f 3677 555 3680
f 3680 3679 3677
f 3679 556 3682
f 3682 557 3681
f 3681 554 3679
f 3679 3682 3681
f 3685 526 3683
f 3683 558 3690
f 3690 559 3685
f 3685 3683 3690
f 3683 526 3692
f 3692 560 3693
f 3693 558 3683
f 3683 3692 3693
f 3698 563 3697
f 3697 561 3694
f 3694 562 3698
f 3698 3697 3694
f 3697 563 3701
f 3701 564 3700
f 3700 561 3697
f 3697 3701 3700
f 3709 567 3708
f 3708 565 3704
f 3704 566 3709
f 3709 3708 3704
f 3708 567 3713
f 3713 568 3712
f 3712 565 3708
f 3708 3713 3712
f 3706 552 3711
f 3711 568 3713
f 3713 567 3706
f 3706 3711 3713
f 3711 552 3668
f 3668 547 3710
f 3710 568 3711
f 3711 3668 3710
f 3718 541 3715
f 3715 569 3719
f 3719 570 3718
f 3718 3715 3719
f 3715 541 3648
f 3648 540 3714
f 3714 569 3715
f 3715 3648 3714
f 3725 573 3724
f 3724 571 3721
f 3721 572 3725
f 3725 3724 3721
f 3724 573 3731
f 3731 574 3730
f 3730 571 3724
f 3724 3731 3730
f 3735 577 3734
f 3734 575 3733
f 3733 576 3735
f 3735 3734 3733
f 3734 577 3737
f 3737 578 3736
f 3736 575 3734
f 3734 3737 3736
f 3744 580 3741
f 3741 539 3738
f 3738 579 3744
f 3744 3741 3738
f 3741 580 3740
f 3740 536 3644
f 3644 539 3741
f 3741 3740 3644
f 3749 583 3748
f 3748 581 3747
f 3747 582 3749
f 3749 3748 3747
f 3748 583 3753
f 3753 584 3752
f 3752 581 3748
f 3748 3753 3752
f 3757 587 3756
f 3756 585 3754
f 3754 586 3757
f 3757 3756 3754
f 3756 587 3759
f 3759 588 3758
f 3758 585 3756
f 3756 3759 3758
f 3764 588 3763
f 3763 589 3765
f 3765 590 3764
f 3764 3763 3765
f 3763 588 3759
f 3759 587 3762
f 3762 589 3763
f 3763 3759 3762
f 3768 593 3767
f 3767 591 3766
f 3766 592 3768
f 3768 3767 3766
f 3767 593 3770
f 3770 594 3769
f 3769 591 3767
f 3767 3770 3769
f 3776 597 3775
f 3775 595 3773
f 3773 596 3776
f 3776 3775 3773
f 3775 597 3778
f 3778 598 3777
f 3777 595 3775
f 3775 3778 3777
f 3785 601 3784
f 3784 599 3781
f 3781 600 3785
f 3785 3784 3781
f 3784 601 3787
f 3787 602 3786
f 3786 599 3784
f 3784 3787 3786
f 3790 605 3789
f 3789 603 3788
f 3788 604 3790
f 3790 3789 3788
f 3789 605 3792
f 3792 606 3791
f 3791 603 3789
f 3789 3792 3791
f 3793 608 3796
f 3796 610 3795
f 3795 607 3793
f 3793 3796 3795
f 3796 608 3794
f 3794 609 3797
f 3797 610 3796
f 3796 3794 3797
f 3800 613 3799
f 3799 611 3798
f 3798 612 3800
f 3800 3799 3798
f 3799 613 3802
f 3802 614 3801
f 3801 611 3799
f 3799 3802 3801
f 3777 598 3804
f 3804 615 3803
f 3803 595 3777
f 3777 3804 3803
f 3804 598 3805
f 3805 616 3808
f 3808 615 3804
f 3804 3805 3808
f 3815 619 3814
f 3814 617 3812
f 3812 618 3815
f 3815 3814 3812
f 3814 619 3819
f 3819 620 3818
f 3818 617 3814
f 3814 3819 3818
f 3823 623 3822
f 3822 621 3820
f 3820 622 3823
f 3823 3822 3820
f 3822 623 3825
f 3825 624 3824
f 3824 621 3822
f 3822 3825 3824
f 3836 627 3835
f 3835 625 3832
f 3832 626 3836
f 3836 3835 3832
f 3835 627 3840
f 3840 628 3839
f 3839 625 3835
f 3835 3840 3839
f 3844 631 3843
f 3843 629 3842
f 3842 630 3844
f 3844 3843 3842
f 3843 631 3847
f 3847 632 3846
f 3846 629 3843
f 3843 3847 3846
f 3851 634 3850
f 3850 602 3848
f 3848 633 3851
f 3851 3850 3848
f 3850 634 3849
f 3849 599 3786
f 3786 602 3850
f 3850 3849 3786
f 3855 636 3856
f 3856 635 3852
f 3852 622 3855
f 3855 3856 3852
f 3856 636 3860
f 3860 637 3859
f 3859 635 3856
f 3856 3860 3859
f 3863 627 3834
f 3834 590 3861
f 3861 638 3863
f 3863 3834 3861
f 3834 627 3833
f 3833 588 3764
f 3764 590 3834
f 3834 3833 3764
f 3874 641 3873
f 3873 639 3870
f 3870 640 3874
f 3874 3873 3870
f 3873 641 3876
f 3876 642 3875
f 3875 639 3873
f 3873 3876 3875
f 3791 606 3880
f 3880 643 3879
f 3879 603 3791
f 3791 3880 3879
f 3880 606 3884
f 3884 644 3885
f 3885 643 3880
f 3880 3884 3885
f 3892 646 3890
f 3890 609 3888
f 3888 645 3892
f 3892 3890 3888
f 3890 646 3891
f 3891 610 3797
f 3797 609 3890
f 3890 3891 3797
f 3900 649 3899
f 3899 647 3898
f 3898 648 3900
f 3900 3899 3898
f 3899 649 3904
f 3904 650 3903
f 3903 647 3899
f 3899 3904 3903
f 3907 611 3910
f 3910 652 3912
f 3912 651 3907
f 3907 3910 3912
f 3910 611 3801
f 3801 614 3911
f 3911 652 3910
f 3910 3801 3911
f 3918 654 3916
f 3916 614 3913
f 3913 653 3918
f 3918 3916 3913
f 3916 654 3917
f 3917 652 3911
f 3911 614 3916
f 3916 3917 3911
f 3874 640 3868
f 3868 310 3871
f 3871 641 3874
f 3874 3868 3871
f 3868 640 3867
f 3867 307 3034
f 3034 310 3868
f 3868 3867 3034
f 3363 433 3887
f 3887 645 3886
f 3886 430 3363
f 3363 3887 3886
f 3887 433 3889
f 3889 646 3892
f 3892 645 3887
f 3887 3889 3892
f 2501 46 3902
f 3902 650 3901
f 3901 43 2501
f 2501 3902 3901
f 3902 46 3893
f 3893 647 3903
f 3903 650 3902
f 3902 3893 3903
f 3908 375 3906
f 3906 651 3912
f 3912 652 3908
f 3908 3906 3912
f 3906 375 3217
f 3217 373 3905
f 3905 651 3906
f 3906 3217 3905
f 3914 411 3909
f 3909 652 3917
f 3917 654 3914
f 3914 3909 3917
f 3909 411 3303
f 3303 375 3908
f 3908 652 3909
f 3909 3303 3908
f 3885 644 3883
f 3883 421 3878
f 3878 643 3885
f 3885 3883 3878
f 3883 644 3882
f 3882 419 3330
f 3330 421 3883
f 3883 3882 3330
f 3921 655 3922
f 3922 617 3809
f 3809 607 3921
f 3921 3922 3809
f 3922 655 3926
f 3926 656 3924
f 3924 617 3922
f 3922 3926 3924
f 3934 659 3933
f 3933 657 3932
f 3932 658 3934
f 3934 3933 3932
f 3933 659 3938
f 3938 660 3937
f 3937 657 3933
f 3933 3938 3937
f 3939 661 3940
f 3940 557 3682
f 3682 556 3939
f 3939 3940 3682
f 3940 661 3945
f 3945 662 3943
f 3943 557 3940
f 3940 3945 3943
f 3949 663 3946
f 3946 522 3717
f 3717 570 3949
f 3949 3946 3717
f 3946 663 3955
f 3955 664 3950
f 3950 522 3946
f 3946 3955 3950
f 3630 529 3958
f 3958 665 3956
f 3956 523 3630
f 3630 3958 3956
f 3958 529 3631
f 3631 528 3957
f 3957 665 3958
f 3958 3631 3957
f 3965 586 3960
f 3960 666 3967
f 3967 667 3965
f 3965 3960 3967
f 3960 586 3754
f 3754 585 3959
f 3959 666 3960
f 3960 3754 3959
f 3973 670 3972
f 3972 668 3970
f 3970 669 3973
f 3973 3972 3970
f 3972 670 3971
f 3971 594 3968
f 3968 668 3972
f 3972 3971 3968
f 3979 672 3984
f 3984 674 3983
f 3983 671 3979
f 3979 3984 3983
f 3984 672 3980
f 3980 673 3985
f 3985 674 3984
f 3984 3980 3985
f 3990 677 3989
f 3989 675 3987
f 3987 676 3990
f 3990 3989 3987
f 3989 677 3996
f 3996 678 3995
f 3995 675 3989
f 3989 3996 3995
f 4005 680 4000
f 4000 611 3997
f 3997 679 4005
f 4005 4000 3997
f 4000 680 4001
f 4001 612 3798
f 3798 611 4000
f 4000 4001 3798
f 4011 682 4018
f 4018 684 4017
f 4017 681 4011
f 4011 4018 4017
f 4018 682 4014
f 4014 683 4019
f 4019 684 4018
f 4018 4014 4019
f 3830 626 3831
f 3831 624 3825
f 3825 623 3830
f 3830 3831 3825
f 3831 626 3832
f 3832 625 3827
f 3827 624 3831
f 3831 3832 3827
f 4023 670 4013
f 4013 683 4024
f 4024 685 4023
f 4023 4013 4024
f 4013 670 4016
f 4016 684 4019
f 4019 683 4013
f 4013 4016 4019
f 4027 681 4030
f 4030 687 4032
f 4032 686 4027
f 4027 4030 4032
f 4030 681 4017
f 4017 684 4031
f 4031 687 4030
f 4030 4017 4031
f 4039 679 3999
f 3999 651 4038
f 4038 688 4039
f 4039 3999 4038
f 3999 679 3997
f 3997 611 3907
f 3907 651 3999
f 3999 3997 3907
f 3345 426 4025
f 4025 686 4026
f 4026 427 3345
f 3345 4025 4026
f 4025 426 4006
f 4006 681 4027
f 4027 686 4025
f 4025 4006 4027
f 4051 691 4050
f 4050 689 4046
f 4046 690 4051
f 4051 4050 4046
f 4050 691 4057
f 4057 692 4056
f 4056 689 4050
f 4050 4057 4056
f 3905 373 4035
f 4035 688 4038
f 4038 651 3905
f 3905 4035 4038
f 4035 373 3213
f 3213 205 4034
f 4034 688 4035
f 4035 3213 4034
f 4007 682 4008
f 4008 426 3343
f 3343 412 4007
f 4007 4008 3343
f 4008 682 4011
f 4011 681 4006
f 4006 426 4008
f 4008 4011 4006
f 3341 425 4043
f 4043 690 4042
f 4042 422 3341
f 3341 4043 4042
f 4043 425 4047
f 4047 691 4051
f 4051 690 4043
f 4043 4047 4051
f 4065 577 4060
f 4060 693 4067
f 4067 694 4065
f 4065 4060 4067
f 4060 577 3936
f 3936 660 4061
f 4061 693 4060
f 4060 3936 4061
f 4072 539 4069
f 4069 695 4077
f 4077 696 4072
f 4072 4069 4077
f 4069 539 3645
f 3645 538 4068
f 4068 695 4069
f 4069 3645 4068
f 4079 618 3925
f 3925 656 4081
f 4081 697 4079
f 4079 3925 4081
f 3925 618 3812
f 3812 617 3924
f 3924 656 3925
f 3925 3812 3924
f 4087 525 4084
f 4084 698 4090
f 4090 699 4087
f 4087 4084 4090
f 4084 525 3625
f 3625 524 4083
f 4083 698 4084
f 4084 3625 4083
f 3930 658 3931
f 3931 571 3720
f 3720 562 3930
f 3930 3931 3720
f 3931 658 3932
f 3932 657 3927
f 3927 571 3931
f 3931 3932 3927
f 4098 566 4092
f 4092 700 4101
f 4101 701 4098
f 4098 4092 4101
f 4092 566 3704
f 3704 565 4091
f 4091 700 4092
f 4092 3704 4091
f 3732 576 4104
f 4104 702 4102
f 4102 572 3732
f 3732 4104 4102
f 4104 576 3733
f 3733 575 4103
f 4103 702 4104
f 4104 3733 4103
f 4108 634 4105
f 4105 703 4109
f 4109 704 4108
f 4108 4105 4109
f 4105 634 4112
f 4112 705 4113
f 4113 703 4105
f 4105 4112 4113
f 4120 610 4115
f 4115 706 4123
f 4123 707 4120
f 4120 4115 4123
f 4115 610 3891
f 3891 646 4117
f 4117 706 4115
f 4115 3891 4117
f 3841 615 4124
f 4124 708 4126
f 4126 629 3841
f 3841 4124 4126
f 4124 615 3808
f 3808 616 4125
f 4125 708 4124
f 4124 3808 4125
f 4080 633 4071
f 4071 695 4082
f 4082 697 4080
f 4080 4071 4082
f 4071 633 3848
f 3848 602 4070
f 4070 695 4071
f 4071 3848 4070
f 4132 709 4133
f 4133 646 3889
f 3889 433 4132
f 4132 4133 3889
f 4133 709 4134
f 4134 706 4117
f 4117 646 4133
f 4133 4134 4117
f 3862 638 4137
f 4137 710 4136
f 4136 592 3862
f 3862 4137 4136
f 4137 638 3861
f 3861 590 4135
f 4135 710 4137
f 4137 3861 4135
f 4144 711 4140
f 4140 591 4020
f 4020 685 4144
f 4144 4140 4020
f 4140 711 4150
f 4150 712 4145
f 4145 591 4140
f 4140 4150 4145
f 3695 520 3699
f 3699 564 3701
f 3701 563 3695
f 3695 3699 3701
f 3699 520 4152
f 4152 713 4153
f 4153 564 3699
f 3699 4152 4153
f 3722 542 3727
f 3727 574 3731
f 3731 573 3722
f 3722 3727 3731
f 3727 542 3649
f 3649 521 3726
f 3726 574 3727
f 3727 3649 3726
f 3941 661 3942
f 3942 660 3938
f 3938 659 3941
f 3941 3942 3938
f 3942 661 4062
f 4062 693 4061
f 4061 660 3942
f 3942 4062 4061
f 3687 530 3672
f 3672 553 3689
f 3689 559 3687
f 3687 3672 3689
f 3672 530 3664
f 3664 550 3673
f 3673 553 3672
f 3672 3664 3673
f 4116 706 4114
f 4114 419 3882
f 3882 644 4116
f 4116 4114 3882
f 4114 706 4134
f 4134 709 4131
f 4131 419 4114
f 4114 4134 4131
f 3328 307 3877
f 3877 643 3878
f 3878 421 3328
f 3328 3877 3878
f 3877 307 3867
f 3867 640 3881
f 3881 643 3877
f 3877 3867 3881
f 3948 663 3947
f 3947 544 3665
f 3665 551 3948
f 3948 3947 3665
f 3947 663 4158
f 4158 714 4154
f 4154 544 3947
f 3947 4158 4154
f 3914 654 3915
f 3915 412 3304
f 3304 411 3914
f 3914 3915 3304
f 3915 654 4010
f 4010 682 4007
f 4007 412 3915
f 3915 4010 4007
f 3859 637 4162
f 4162 715 4161
f 4161 635 3859
f 3859 4162 4161
f 4162 637 4167
f 4167 716 4168
f 4168 715 4162
f 4162 4167 4168
f 4163 667 3966
f 3966 635 4161
f 4161 715 4163
f 4163 3966 4161
f 3966 667 3967
f 3967 666 3963
f 3963 635 3966
f 3966 3967 3963
f 4178 718 4177
f 4177 703 4172
f 4172 717 4178
f 4178 4177 4172
f 4177 718 4183
f 4183 719 4181
f 4181 703 4177
f 4177 4183 4181
f 4193 721 4189
f 4189 648 4187
f 4187 720 4193
f 4193 4189 4187
f 4189 721 4190
f 4190 649 3900
f 3900 648 4189
f 4189 4190 3900
f 4005 679 4191
f 4191 721 4192
f 4192 680 4005
f 4005 4191 4192
f 4191 679 3998
f 3998 649 4190
f 4190 721 4191
f 4191 3998 4190
f 3865 603 3869
f 3869 640 3870
f 3870 639 3865
f 3865 3869 3870
f 3869 603 3879
f 3879 643 3881
f 3881 640 3869
f 3869 3879 3881
f 4169 717 4173
f 4173 705 4110
f 4110 604 4169
f 4169 4173 4110
f 4173 717 4172
f 4172 703 4113
f 4113 705 4173
f 4173 4172 4113
f 3904 649 4036
f 4036 688 4037
f 4037 650 3904
f 3904 4036 4037
f 4036 649 3998
f 3998 679 4039
f 4039 688 4036
f 4036 3998 4039
f 2803 43 4033
f 4033 688 4034
f 4034 205 2803
f 2803 4033 4034
f 4033 43 3901
f 3901 650 4037
f 4037 688 4033
f 4033 3901 4037
f 4063 694 4064
f 4064 535 3640
f 3640 534 4063
f 4063 4064 3640
f 4064 694 4067
f 4067 693 4058
f 4058 535 4064
f 4064 4067 4058
f 4089 555 4195
f 4195 722 4196
f 4196 699 4089
f 4089 4195 4196
f 4195 555 3677
f 3677 554 4194
f 4194 722 4195
f 4195 3677 4194
f 3895 647 3894
f 3894 430 3886
f 3886 645 3895
f 3895 3894 3886
f 3894 647 3893
f 3893 46 3354
f 3354 430 3894
f 3894 3893 3354
f 3857 537 4165
f 4165 716 4167
f 4167 637 3857
f 3857 4165 4167
f 4165 537 3641
f 3641 536 4164
f 4164 716 4165
f 4165 3641 4164
f 3780 600 3807
f 3807 616 3805
f 3805 598 3780
f 3780 3807 3805
f 3807 600 3781
f 3781 599 3806
f 3806 616 3807
f 3807 3781 3806
f 4184 720 4185
f 4185 609 3794
f 3794 608 4184
f 4184 4185 3794
f 4185 720 4187
f 4187 648 3896
f 3896 609 4185
f 4185 4187 3896
f 3853 636 3854
f 3854 620 3819
f 3819 619 3853
f 3853 3854 3819
f 3854 636 4201
f 4201 723 4198
f 4198 620 3854
f 3854 4201 4198
f 4141 613 4147
f 4147 712 4150
f 4150 711 4141
f 4141 4147 4150
f 4147 613 3838
f 3838 628 4148
f 4148 712 4147
f 4147 3838 4148
f 3895 645 3897
f 3897 648 3898
f 3898 647 3895
f 3895 3897 3898
f 3897 645 3888
f 3888 609 3896
f 3896 648 3897
f 3897 3888 3896
f 3918 653 4009
f 4009 682 4010
f 4010 654 3918
f 3918 4009 4010
f 4009 653 4012
f 4012 683 4014
f 4014 682 4009
f 4009 4012 4014
f 4204 724 4205
f 4205 590 3765
f 3765 589 4204
f 4204 4205 3765
f 4205 724 4207
f 4207 710 4135
f 4135 590 4205
f 4205 4207 4135
f 4138 710 4139
f 4139 673 3980
f 3980 672 4138
f 4138 4139 3980
f 4139 710 4207
f 4207 724 4206
f 4206 673 4139
f 4139 4207 4206
f 4208 300 4213
f 4213 727 4214
f 4214 725 4208
f 4208 4213 4214
f 4213 300 4212
f 4212 726 4215
f 4215 727 4213
f 4213 4212 4215
f 4217 728 4216
f 4216 35 2526
f 2526 63 4217
f 4217 4216 2526
f 4216 728 4218
f 4218 276 2957
f 2957 35 4216
f 4216 4218 2957
f 4228 284 4225
f 4225 729 4230
f 4230 730 4228
f 4228 4225 4230
f 4225 284 2974
f 2974 107 4224
f 4224 729 4225
f 4225 2974 4224
f 4233 731 4234
f 4234 454 3425
f 3425 453 4233
f 4233 4234 3425
f 4234 731 4238
f 4238 732 4237
f 4237 454 4234
f 4234 4238 4237
f 4239 733 4240
f 4240 99 2610
f 2610 98 4239
f 4239 4240 2610
f 4240 733 4248
f 4248 734 4243
f 4243 99 4240
f 4240 4248 4243
f 3394 196 3398
f 3398 447 3403
f 3403 446 3394
f 3394 3398 3403
f 3398 196 3319
f 3319 418 3399
f 3399 447 3398
f 3398 3319 3399
f 3358 432 3359
f 3359 418 3321
f 3321 417 3358
f 3358 3359 3321
f 3359 432 3401
f 3401 447 3399
f 3399 418 3359
f 3359 3401 3399
f 3436 458 4251
f 4251 735 4249
f 4249 288 3436
f 3436 4251 4249
f 4251 458 3437
f 3437 457 4250
f 4250 735 4251
f 4251 3437 4250
f 3585 351 3589
f 3589 511 3590
f 3590 510 3585
f 3585 3589 3590
f 3589 351 3137
f 3137 350 3588
f 3588 511 3589
f 3589 3137 3588
f 3919 655 3920
f 3920 606 3792
f 3792 605 3919
f 3919 3920 3792
f 3920 655 4122
f 4122 707 4118
f 4118 606 3920
f 3920 4122 4118
f 4070 602 4076
f 4076 696 4077
f 4077 695 4070
f 4070 4076 4077
f 4076 602 3787
f 3787 601 4075
f 4075 696 4076
f 4076 3787 4075
f 4097 701 4099
f 4099 581 3745
f 3745 533 4097
f 4097 4099 3745
f 4099 701 4101
f 4101 700 4094
f 4094 581 4099
f 4099 4101 4094
f 4116 644 4121
f 4121 707 4123
f 4123 706 4116
f 4116 4121 4123
f 4121 644 3884
f 3884 606 4118
f 4118 707 4121
f 4121 3884 4118
f 4219 286 2980
f 2980 276 4218
f 4218 728 4219
f 4219 2980 4218
f 2980 286 2981
f 2981 285 2977
f 2977 276 2980
f 2980 2981 2977
f 3260 258 4252
f 4252 736 4254
f 4254 392 3260
f 3260 4252 4254
f 4252 258 3257
f 3257 391 4253
f 4253 736 4252
f 4252 3257 4253
f 4259 738 4258
f 4258 393 4255
f 4255 737 4259
f 4259 4258 4255
f 4258 738 4256
f 4256 238 3261
f 3261 393 4258
f 4258 4256 3261
f 4262 741 4261
f 4261 739 4260
f 4260 740 4262
f 4262 4261 4260
f 4261 741 4264
f 4264 742 4263
f 4263 739 4261
f 4261 4264 4263
f 4266 741 4265
f 4265 743 4268
f 4268 744 4266
f 4266 4265 4268
f 4265 741 4270
f 4270 745 4271
f 4271 743 4265
f 4265 4270 4271
f 4272 747 4277
f 4277 749 4276
f 4276 746 4272
f 4272 4277 4276
f 4277 747 4274
f 4274 748 4278
f 4278 749 4277
f 4277 4274 4278
f 4281 748 4279
f 4279 750 4282
f 4282 751 4281
f 4281 4279 4282
f 4279 748 4283
f 4283 752 4284
f 4284 750 4279
f 4279 4283 4284
f 4285 753 4286
f 4286 751 4282
f 4282 750 4285
f 4285 4286 4282
f 4286 753 4290
f 4290 754 4289
f 4289 751 4286
f 4286 4290 4289
f 4291 755 4292
f 4292 754 4290
f 4290 753 4291
f 4291 4292 4290
f 4292 755 4296
f 4296 756 4295
f 4295 754 4292
f 4292 4296 4295
f 4299 757 4298
f 4298 273 4294
f 4294 756 4299
f 4299 4298 4294
f 4298 757 4297
f 4297 244 2948
f 2948 273 4298
f 4298 4297 2948
f 4302 758 4300
f 4300 244 4297
f 4297 757 4302
f 4302 4300 4297
f 4300 758 4301
f 4301 245 2881
f 2881 244 4300
f 4300 4301 2881
f 4310 761 4309
f 4309 759 4307
f 4307 760 4310
f 4310 4309 4307
f 4309 761 4308
f 4308 483 4304
f 4304 759 4309
f 4309 4308 4304
f 4316 763 4314
f 4314 296 4311
f 4311 762 4316
f 4316 4314 4311
f 4314 763 4315
f 4315 297 3009
f 3009 296 4314
f 4314 4315 3009
f 4322 765 4320
f 4320 242 4317
f 4317 764 4322
f 4322 4320 4317
f 4320 765 4321
f 4321 243 2879
f 2879 242 4320
f 4320 4321 2879
f 4324 766 4323
f 4323 243 4321
f 4321 765 4324
f 4324 4323 4321
f 4323 766 4326
f 4326 767 4325
f 4325 243 4323
f 4323 4326 4325
f 3579 8 4328
f 4328 768 4331
f 4331 509 3579
f 3579 4328 4331
f 4328 8 2448
f 2448 7 4327
f 4327 768 4328
f 4328 2448 4327
f 4332 160 4338
f 4338 771 4339
f 4339 769 4332
f 4332 4338 4339
f 4338 160 4336
f 4336 770 4340
f 4340 771 4338
f 4338 4336 4340
f 4351 774 4350
f 4350 772 4348
f 4348 773 4351
f 4351 4350 4348
f 4350 774 4355
f 4355 775 4354
f 4354 772 4350
f 4350 4355 4354
f 4356 164 4359
f 4359 777 4360
f 4360 776 4356
f 4356 4359 4360
f 4359 164 2734
f 2734 163 4358
f 4358 777 4359
f 4359 2734 4358
f 4362 778 4361
f 4361 769 4339
f 4339 771 4362
f 4362 4361 4339
f 4361 778 4363
f 4363 776 4357
f 4357 769 4361
f 4361 4363 4357
f 4370 780 4367
f 4367 164 4364
f 4364 779 4370
f 4370 4367 4364
f 4367 780 4368
f 4368 165 2736
f 2736 164 4367
f 4367 4368 2736
f 4376 783 4375
f 4375 781 4374
f 4374 782 4376
f 4376 4375 4374
f 4375 783 4379
f 4379 784 4378
f 4378 781 4375
f 4375 4379 4378
f 4386 787 4385
f 4385 785 4384
f 4384 786 4386
f 4386 4385 4384
f 4385 787 4390
f 4390 788 4389
f 4389 785 4385
f 4385 4390 4389
f 4396 791 4395
f 4395 789 4394
f 4394 790 4396
f 4396 4395 4394
f 4395 791 4398
f 4398 792 4397
f 4397 789 4395
f 4395 4398 4397
f 4401 786 4383
f 4383 318 4399
f 4399 793 4401
f 4401 4383 4399
f 4383 786 4384
f 4384 785 4381
f 4381 318 4383
f 4383 4384 4381
f 4403 326 3066
f 3066 311 4402
f 4402 794 4403
f 4403 3066 4402
f 3066 326 3067
f 3067 312 3040
f 3040 311 3066
f 3066 3067 3040
f 4409 796 4408
f 4408 472 4405
f 4405 795 4409
f 4409 4408 4405
f 4408 796 4407
f 4407 469 3483
f 3483 472 4408
f 4408 4407 3483
f 4411 502 4414
f 4414 799 4415
f 4415 797 4411
f 4411 4414 4415
f 4414 502 4413
f 4413 798 4416
f 4416 799 4414
f 4414 4413 4416
f 4421 801 4420
f 4420 132 4417
f 4417 800 4421
f 4421 4420 4417
f 4420 801 4419
f 4419 129 2685
f 2685 132 4420
f 4420 4419 2685
f 4428 803 4427
f 4427 507 4424
f 4424 802 4428
f 4428 4427 4424
f 4427 803 4433
f 4433 804 4431
f 4431 507 4427
f 4427 4433 4431
f 4438 807 4437
f 4437 805 4434
f 4434 806 4438
f 4438 4437 4434
f 4437 807 4442
f 4442 808 4441
f 4441 805 4437
f 4437 4442 4441
f 4445 315 4372
f 4372 781 4446
f 4446 809 4445
f 4445 4372 4446
f 4372 315 3049
f 3049 314 4371
f 4371 781 4372
f 4372 3049 4371
f 4392 790 4393
f 4393 53 2509
f 2509 52 4392
f 4392 4393 2509
f 4393 790 4394
f 4394 789 4391
f 4391 53 4393
f 4393 4394 4391
f 4452 812 4451
f 4451 810 4450
f 4450 811 4452
f 4452 4451 4450
f 4451 812 4455
f 4455 813 4454
f 4454 810 4451
f 4451 4455 4454
f 4458 815 4462
f 4462 817 4461
f 4461 814 4458
f 4458 4462 4461
f 4462 815 4459
f 4459 816 4463
f 4463 817 4462
f 4462 4459 4463
f 4441 808 4465
f 4465 818 4464
f 4464 805 4441
f 4441 4465 4464
f 4465 808 4467
f 4467 819 4468
f 4468 818 4465
f 4465 4467 4468
f 3367 435 3571
f 3571 506 3570
f 3570 396 3367
f 3367 3571 3570
f 3571 435 4471
f 4471 820 4473
f 4473 506 3571
f 3571 4471 4473
f 4473 820 4469
f 4469 51 3569
f 3569 506 4473
f 4473 4469 3569
f 4469 820 4470
f 4470 52 2508
f 2508 51 4469
f 4469 4470 2508
f 4480 823 4479
f 4479 821 4477
f 4477 822 4480
f 4480 4479 4477
f 4479 823 4482
f 4482 824 4481
f 4481 821 4479
f 4479 4482 4481
f 3554 500 4491
f 4491 826 4490
f 4490 347 3554
f 3554 4491 4490
f 4491 500 4486
f 4486 825 4492
f 4492 826 4491
f 4491 4486 4492
f 4497 826 4488
f 4488 97 4493
f 4493 827 4497
f 4497 4488 4493
f 4488 826 4489
f 4489 98 2609
f 2609 97 4488
f 4488 4489 2609
f 3134 349 3129
f 3129 99 3132
f 3132 350 3134
f 3134 3129 3132
f 3129 349 3130
f 3130 100 2613
f 2613 99 3129
f 3129 3130 2613
f 2746 172 3115
f 3115 345 3116
f 3116 173 2746
f 2746 3115 3116
f 3115 172 4500
f 4500 828 4501
f 4501 345 3115
f 3115 4500 4501
f 4501 828 4498
f 4498 133 3114
f 3114 345 4501
f 4501 4498 3114
f 4498 828 4499
f 4499 134 2688
f 2688 133 4498
f 4498 4499 2688
f 3476 467 3468
f 3468 135 3473
f 3473 468 3476
f 3476 3468 3473
f 3468 467 3469
f 3469 136 2692
f 2692 135 3468
f 3468 3469 2692
f 3587 511 3611
f 3611 516 3608
f 3608 291 3587
f 3587 3611 3608
f 3611 511 4245
f 4245 734 4246
f 4246 516 3611
f 3611 4245 4246
f 3147 353 3143
f 3143 100 3130
f 3130 349 3147
f 3147 3143 3130
f 3143 353 3146
f 3146 344 3111
f 3111 100 3143
f 3143 3146 3111
f 3111 344 3110
f 3110 97 2611
f 2611 100 3111
f 3111 3110 2611
f 3110 344 3113
f 3113 343 3108
f 3108 97 3110
f 3110 3113 3108
f 3125 347 4496
f 4496 827 4494
f 4494 201 3125
f 3125 4496 4494
f 4496 347 4490
f 4490 826 4497
f 4497 827 4496
f 4496 4490 4497
f 2798 201 4504
f 4504 829 4505
f 4505 202 2798
f 2798 4504 4505
f 4504 201 4494
f 4494 827 4507
f 4507 829 4504
f 4504 4494 4507
f 3145 173 3112
f 3112 344 3146
f 3146 353 3145
f 3145 3112 3146
f 3112 173 3116
f 3116 345 3118
f 3118 344 3112
f 3112 3116 3118
f 3593 450 4511
f 4511 830 4512
f 4512 512 3593
f 3593 4511 4512
f 4511 450 4515
f 4515 831 4518
f 4518 830 4511
f 4511 4515 4518
f 4508 830 4509
f 4509 437 3371
f 3371 189 4508
f 4508 4509 3371
f 4509 830 4510
f 4510 438 3374
f 3374 437 4509
f 4509 4510 3374
f 2594 90 3375
f 3375 439 3376
f 3376 91 2594
f 2594 3375 3376
f 3375 90 3369
f 3369 436 3377
f 3377 439 3375
f 3375 3369 3377
f 4519 832 4520
f 4520 824 4482
f 4482 823 4519
f 4519 4520 4482
f 4520 832 4522
f 4522 833 4521
f 4521 824 4520
f 4520 4522 4521
f 4423 802 4422
f 4422 51 2510
f 2510 54 4423
f 4423 4422 2510
f 4422 802 4424
f 4424 507 3572
f 3572 51 4422
f 4422 4424 3572
f 3268 396 3574
f 3574 508 3575
f 3575 397 3268
f 3268 3574 3575
f 3574 396 3570
f 3570 506 3576
f 3576 508 3574
f 3574 3570 3576
f 3591 512 3592
f 3592 189 2778
f 2778 188 3591
f 3591 3592 2778
f 3592 512 4512
f 4512 830 4508
f 4508 189 3592
f 3592 4512 4508
f 2994 291 3370
f 3370 436 3369
f 3369 90 2994
f 2994 3370 3369
f 3370 291 3608
f 3608 516 3609
f 3609 436 3370
f 3370 3608 3609
f 3588 350 4244
f 4244 734 4245
f 4245 511 3588
f 3588 4244 4245
f 4244 350 3132
f 3132 99 4243
f 4243 734 4244
f 4244 3132 4243
f 3493 477 4524
f 4524 834 4525
f 4525 478 3493
f 3493 4524 4525
f 4524 477 4529
f 4529 835 4532
f 4532 834 4524
f 4524 4529 4532
f 4532 835 4530
f 4530 790 4526
f 4526 834 4532
f 4532 4530 4526
f 4530 835 4531
f 4531 791 4396
f 4396 790 4530
f 4530 4531 4396
f 3415 397 4513
f 4513 831 4515
f 4515 450 3415
f 3415 4513 4515
f 4513 397 3575
f 3575 508 4516
f 4516 831 4513
f 4513 3575 4516
f 4537 837 4535
f 4535 190 4533
f 4533 836 4537
f 4537 4535 4533
f 4535 837 4542
f 4542 838 4538
f 4538 190 4535
f 4535 4542 4538
f 4536 806 4541
f 4541 838 4542
f 4542 837 4536
f 4536 4541 4542
f 4541 806 4434
f 4434 805 4540
f 4540 838 4541
f 4541 4434 4540
f 4543 130 4547
f 4547 840 4552
f 4552 839 4543
f 4543 4547 4552
f 4547 130 4436
f 4436 807 4550
f 4550 840 4547
f 4547 4436 4550
f 3492 478 4472
f 4472 820 4471
f 4471 435 3492
f 3492 4472 4471
f 4472 478 4525
f 4525 834 4527
f 4527 820 4472
f 4472 4525 4527
f 4527 834 4523
f 4523 52 4470
f 4470 820 4527
f 4527 4523 4470
f 4523 834 4526
f 4526 790 4392
f 4392 52 4523
f 4523 4526 4392
f 4476 822 4555
f 4555 841 4553
f 4553 782 4476
f 4476 4555 4553
f 4555 822 4477
f 4477 821 4554
f 4554 841 4555
f 4555 4477 4554
f 3487 474 4558
f 4558 843 4559
f 4559 475 3487
f 3487 4558 4559
f 4558 474 4556
f 4556 842 4564
f 4564 843 4558
f 4558 4556 4564
f 4557 811 4562
f 4562 843 4564
f 4564 842 4557
f 4557 4562 4564
f 4562 811 4450
f 4450 810 4561
f 4561 843 4562
f 4562 4450 4561
f 4572 846 4571
f 4571 844 4569
f 4569 845 4572
f 4572 4571 4569
f 4571 846 4576
f 4576 847 4575
f 4575 844 4571
f 4571 4576 4575
f 4577 848 4578
f 4578 410 3302
f 3302 409 4577
f 4577 4578 3302
f 4578 848 4582
f 4582 849 4579
f 4579 410 4578
f 4578 4582 4579
f 4585 845 4588
f 4588 851 4589
f 4589 850 4585
f 4585 4588 4589
f 4588 845 4569
f 4569 844 4587
f 4587 851 4588
f 4588 4569 4587
f 4538 838 4539
f 4539 191 2779
f 2779 190 4538
f 4538 4539 2779
f 4539 838 4593
f 4593 852 4590
f 4590 191 4539
f 4539 4593 4590
f 4592 852 4591
f 4591 805 4464
f 4464 818 4592
f 4592 4591 4464
f 4591 852 4593
f 4593 838 4540
f 4540 805 4591
f 4591 4593 4540
f 4419 801 4440
f 4440 808 4439
f 4439 129 4419
f 4419 4440 4439
f 4440 801 4466
f 4466 819 4467
f 4467 808 4440
f 4440 4466 4467
f 4600 854 4601
f 4601 853 4595
f 4595 378 4600
f 4600 4601 4595
f 4601 854 4606
f 4606 855 4605
f 4605 853 4601
f 4601 4606 4605
f 4609 856 4610
f 4610 833 4522
f 4522 832 4609
f 4609 4610 4522
f 4610 856 4615
f 4615 857 4614
f 4614 833 4610
f 4610 4615 4614
f 4612 21 4616
f 4616 858 4620
f 4620 857 4612
f 4612 4616 4620
f 4616 21 2593
f 2593 91 4617
f 4617 858 4616
f 4616 2593 4617
f 4426 803 4425
f 4425 91 3376
f 3376 439 4426
f 4426 4425 3376
f 4425 803 4619
f 4619 858 4617
f 4617 91 4425
f 4425 4619 4617
f 4429 804 4430
f 4430 439 3378
f 3378 438 4429
f 4429 4430 3378
f 4430 804 4433
f 4433 803 4426
f 4426 439 4430
f 4430 4433 4426
f 3167 360 3166
f 3166 7 2450
f 2450 9 3167
f 3167 3166 2450
f 3166 360 4330
f 4330 768 4327
f 4327 7 3166
f 3166 4330 4327
f 3163 356 4621
f 4621 859 4622
f 4622 359 3163
f 3163 4621 4622
f 4621 356 4598
f 4598 854 4626
f 4626 859 4621
f 4621 4598 4626
f 4607 856 4608
f 4608 355 3152
f 3152 22 4607
f 4607 4608 3152
f 4608 856 4611
f 4611 855 4602
f 4602 355 4608
f 4608 4611 4602
f 4431 804 4432
f 4432 508 3577
f 3577 507 4431
f 4431 4432 3577
f 4432 804 4517
f 4517 831 4516
f 4516 508 4432
f 4432 4517 4516
f 4518 831 4514
f 4514 438 4510
f 4510 830 4518
f 4518 4514 4510
f 4514 831 4517
f 4517 804 4429
f 4429 438 4514
f 4514 4517 4429
f 4484 186 4241
f 4241 733 4487
f 4487 825 4484
f 4484 4241 4487
f 4241 186 3612
f 3612 517 4242
f 4242 733 4241
f 4241 3612 4242
f 4239 98 4483
f 4483 825 4487
f 4487 733 4239
f 4239 4483 4487
f 4483 98 4489
f 4489 826 4492
f 4492 825 4483
f 4483 4489 4492
f 4507 827 4495
f 4495 343 4506
f 4506 829 4507
f 4507 4495 4506
f 4495 827 4493
f 4493 97 3108
f 3108 343 4495
f 4495 4493 3108
f 3109 133 4502
f 4502 829 4506
f 4506 343 3109
f 3109 4502 4506
f 4502 133 2690
f 2690 136 4503
f 4503 829 4502
f 4502 2690 4503
f 4503 136 2797
f 2797 202 4505
f 4505 829 4503
f 4503 2797 4505
f 2797 136 3469
f 3469 467 3470
f 3470 202 2797
f 2797 3469 3470
f 3470 467 3471
f 3471 203 2799
f 2799 202 3470
f 3470 3471 2799
f 3471 467 3472
f 3472 466 3463
f 3463 203 3471
f 3471 3472 3463
f 3407 448 3466
f 3466 466 3464
f 3464 334 3407
f 3407 3466 3464
f 3466 448 3404
f 3404 203 3463
f 3463 466 3466
f 3466 3404 3463
f 3333 309 3080
f 3080 333 3335
f 3335 423 3333
f 3333 3080 3335
f 3080 309 3410
f 3410 449 3411
f 3411 333 3080
f 3080 3410 3411
f 4044 641 3872
f 3872 422 4042
f 4042 690 4044
f 4044 3872 4042
f 3872 641 3871
f 3871 310 3332
f 3332 422 3872
f 3872 3871 3332
f 4040 642 4045
f 4045 690 4046
f 4046 689 4040
f 4040 4045 4046
f 4045 642 3876
f 3876 641 4044
f 4044 690 4045
f 4045 3876 4044
f 4175 718 4176
f 4176 689 4041
f 4041 676 4175
f 4175 4176 4041
f 4176 718 4174
f 4174 642 4040
f 4040 689 4176
f 4176 4174 4040
f 4627 860 4628
f 4628 675 3986
f 3986 630 4627
f 4627 4628 3986
f 4628 860 4631
f 4631 719 4179
f 4179 675 4628
f 4628 4631 4179
f 4635 862 4636
f 4636 861 4633
f 4633 836 4635
f 4635 4636 4633
f 4636 862 4640
f 4640 863 4639
f 4639 861 4636
f 4636 4640 4639
f 4641 864 4642
f 4642 424 3337
f 3337 332 4641
f 4641 4642 3337
f 4642 864 4643
f 4643 428 3346
f 3346 424 4642
f 4642 4643 3346
f 4049 691 4048
f 4048 427 4026
f 4026 686 4049
f 4049 4048 4026
f 4048 691 4047
f 4047 425 3344
f 3344 427 4048
f 4048 4047 3344
f 4055 692 4054
f 4054 686 4032
f 4032 687 4055
f 4055 4054 4032
f 4054 692 4057
f 4057 691 4049
f 4049 686 4054
f 4054 4057 4049
f 3988 677 4029
f 4029 687 4028
f 4028 669 3988
f 3988 4029 4028
f 4029 677 4053
f 4053 692 4055
f 4055 687 4029
f 4029 4053 4055
f 4647 631 3969
f 3969 668 4649
f 4649 865 4647
f 4647 3969 4649
f 3969 631 3992
f 3992 678 3993
f 3993 668 3969
f 3969 3992 3993
f 3981 595 3974
f 3974 671 3983
f 3983 674 3981
f 3981 3974 3983
f 3974 595 3803
f 3803 615 3975
f 3975 671 3974
f 3974 3803 3975
f 4645 865 4646
f 4646 594 3770
f 3770 593 4645
f 4645 4646 3770
f 4646 865 4649
f 4649 668 3968
f 3968 594 4646
f 4646 4649 3968
f 3979 671 4652
f 4652 866 4653
f 4653 672 3979
f 3979 4652 4653
f 4652 671 3976
f 3976 632 4651
f 4651 866 4652
f 4652 3976 4651
f 3975 615 3845
f 3845 632 3976
f 3976 671 3975
f 3975 3845 3976
f 3845 615 3841
f 3841 629 3846
f 3846 632 3845
f 3845 3841 3846
f 4630 708 4128
f 4128 704 4629
f 4629 860 4630
f 4630 4128 4629
f 4128 708 4125
f 4125 616 4107
f 4107 704 4128
f 4128 4125 4107
f 4656 867 4655
f 4655 575 3771
f 3771 596 4656
f 4656 4655 3771
f 4655 867 4659
f 4659 702 4103
f 4103 575 4655
f 4655 4659 4103
f 4664 868 4662
f 4662 702 4659
f 4659 867 4664
f 4664 4662 4659
f 4662 868 4670
f 4670 869 4669
f 4669 702 4662
f 4662 4670 4669
f 4660 548 4666
f 4666 869 4670
f 4670 868 4660
f 4660 4666 4670
f 4666 548 3659
f 3659 543 4665
f 4665 869 4666
f 4666 3659 4665
f 4672 549 3755
f 3755 587 4675
f 4675 870 4672
f 4672 3755 4675
f 3755 549 3761
f 3761 589 3762
f 3762 587 3755
f 3755 3761 3762
f 4681 871 4677
f 4677 569 4673
f 4673 870 4681
f 4681 4677 4673
f 4677 871 4680
f 4680 714 4156
f 4156 569 4677
f 4677 4680 4156
f 4676 545 4155
f 4155 714 4680
f 4680 871 4676
f 4676 4155 4680
f 4155 545 3654
f 3654 544 4154
f 4154 714 4155
f 4155 3654 4154
f 4683 872 4684
f 4684 547 3658
f 3658 546 4683
f 4683 4684 3658
f 4684 872 4685
f 4685 568 3710
f 3710 547 4684
f 4684 4685 3710
f 4686 580 3743
f 3743 568 4685
f 4685 872 4686
f 4686 3743 4685
f 3743 580 3742
f 3742 565 3712
f 3712 568 3743
f 3743 3742 3712
f 3746 582 4095
f 4095 700 4093
f 4093 579 3746
f 3746 4095 4093
f 4095 582 3747
f 3747 581 4094
f 4094 700 4095
f 4095 3747 4094
f 4688 583 3779
f 3779 600 4692
f 4692 873 4688
f 4688 3779 4692
f 3779 583 3783
f 3783 601 3785
f 3785 600 3779
f 3779 3783 3785
f 4690 873 4691
f 4691 598 3778
f 3778 597 4690
f 4690 4691 3778
f 4691 873 4692
f 4692 600 3780
f 3780 598 4691
f 4691 4692 3780
f 4695 876 4694
f 4694 874 4693
f 4693 875 4695
f 4695 4694 4693
f 4694 876 4697
f 4697 877 4696
f 4696 874 4694
f 4694 4697 4696
f 4699 879 4700
f 4700 878 4698
f 4698 875 4699
f 4699 4700 4698
f 4700 879 4702
f 4702 880 4701
f 4701 878 4700
f 4700 4702 4701
f 4706 882 4704
f 4704 879 4703
f 4703 881 4706
f 4706 4704 4703
f 4704 882 4705
f 4705 880 4702
f 4702 879 4704
f 4704 4705 4702
f 4712 885 4711
f 4711 883 4710
f 4710 884 4712
f 4712 4711 4710
f 4711 885 4714
f 4714 886 4713
f 4713 883 4711
f 4711 4714 4713
f 4716 888 4721
f 4721 890 4720
f 4720 887 4716
f 4716 4721 4720
f 4721 888 4717
f 4717 889 4722
f 4722 890 4721
f 4721 4717 4722
f 4725 893 4724
f 4724 891 4723
f 4723 892 4725
f 4725 4724 4723
f 4724 893 4727
f 4727 894 4726
f 4726 891 4724
f 4724 4727 4726
f 4732 897 4731
f 4731 895 4728
f 4728 896 4732
f 4732 4731 4728
f 4731 897 4735
f 4735 898 4734
f 4734 895 4731
f 4731 4735 4734
f 4737 900 4738
f 4738 899 4736
f 4736 896 4737
f 4737 4738 4736
f 4738 900 4740
f 4740 901 4739
f 4739 899 4738
f 4738 4740 4739
f 4747 903 4744
f 4744 665 4742
f 4742 902 4747
f 4747 4744 4742
f 4744 903 4752
f 4752 904 4750
f 4750 665 4744
f 4744 4752 4750
f 4757 906 4765
f 4765 908 4764
f 4764 905 4757
f 4757 4765 4764
f 4765 906 4761
f 4761 907 4766
f 4766 908 4765
f 4765 4761 4766
f 4778 911 4777
f 4777 909 4774
f 4774 910 4778
f 4778 4777 4774
f 4777 911 4775
f 4775 560 4768
f 4768 909 4777
f 4777 4775 4768
f 4788 911 4783
f 4783 912 4789
f 4789 913 4788
f 4788 4783 4789
f 4783 911 4776
f 4776 887 4781
f 4781 912 4783
f 4783 4776 4781
f 4792 889 4791
f 4791 914 4794
f 4794 915 4792
f 4792 4791 4794
f 4791 889 4717
f 4717 888 4790
f 4790 914 4791
f 4791 4717 4790
f 4802 918 4801
f 4801 916 4798
f 4798 917 4802
f 4802 4801 4798
f 4801 918 4805
f 4805 919 4804
f 4804 916 4801
f 4801 4805 4804
f 4809 910 4771
f 4771 722 4807
f 4807 920 4809
f 4809 4771 4807
f 4771 910 4774
f 4774 909 4770
f 4770 722 4771
f 4771 4774 4770
f 4718 885 4715
f 4715 887 4720
f 4720 890 4718
f 4718 4715 4720
f 4715 885 4780
f 4780 912 4781
f 4781 887 4715
f 4715 4780 4781
f 4757 905 4753
f 4753 881 4756
f 4756 906 4757
f 4757 4753 4756
f 4753 905 4754
f 4754 884 4709
f 4709 881 4753
f 4753 4754 4709
f 4818 922 4816
f 4816 564 4811
f 4811 921 4818
f 4818 4816 4811
f 4816 922 4815
f 4815 561 3700
f 3700 564 4816
f 4816 4815 3700
f 4826 922 4823
f 4823 923 4827
f 4827 924 4826
f 4826 4823 4827
f 4823 922 4817
f 4817 919 4822
f 4822 923 4823
f 4823 4817 4822
f 4796 876 4828
f 4828 925 4829
f 4829 917 4796
f 4796 4828 4829
f 4828 876 4831
f 4831 926 4833
f 4833 925 4828
f 4828 4831 4833
f 4799 900 4803
f 4803 919 4805
f 4805 918 4799
f 4799 4803 4805
f 4803 900 4821
f 4821 923 4822
f 4822 919 4803
f 4803 4821 4822
f 4836 903 4746
f 4746 877 4835
f 4835 927 4836
f 4836 4746 4835
f 4746 903 4745
f 4745 874 4696
f 4696 877 4746
f 4746 4745 4696
f 4839 927 4838
f 4838 916 4813
f 4813 921 4839
f 4839 4838 4813
f 4838 927 4835
f 4835 877 4795
f 4795 916 4838
f 4838 4835 4795
f 4787 908 4763
f 4763 558 4784
f 4784 913 4787
f 4787 4763 4784
f 4763 908 4762
f 4762 531 3684
f 3684 558 4763
f 4763 4762 3684
f 4851 930 4850
f 4850 928 4847
f 4847 929 4851
f 4851 4850 4847
f 4850 930 4856
f 4856 931 4855
f 4855 928 4850
f 4850 4856 4855
f 4869 934 4868
f 4868 932 4863
f 4863 933 4869
f 4869 4868 4863
f 4868 934 4864
f 4864 662 4859
f 4859 932 4868
f 4868 4864 4859
f 4866 930 4849
f 4849 662 4864
f 4864 934 4866
f 4866 4849 4864
f 4849 930 4848
f 4848 557 3943
f 3943 662 4849
f 4849 4848 3943
f 4729 897 4730
f 4730 894 4727
f 4727 893 4729
f 4729 4730 4727
f 4730 897 4872
f 4872 935 4870
f 4870 894 4730
f 4730 4872 4870
f 4760 902 4741
f 4741 528 4758
f 4758 907 4760
f 4760 4741 4758
f 4741 902 4742
f 4742 665 3957
f 3957 528 4741
f 4741 4742 3957
f 4862 933 4879
f 4879 936 4877
f 4877 924 4862
f 4862 4879 4877
f 4879 933 4863
f 4863 932 4878
f 4878 936 4879
f 4879 4863 4878
f 4899 943 4897
f 4897 944 4900
f 4900 4899 4897
f 4887 941 4912
f 4913 948 4915
f 4919 945 4917
f 4923 950 4920
f 4927 952 4925
f 4925 926 4922
f 4922 951 4927
f 4927 4925 4922
f 4925 952 4924
f 4924 925 4833
f 4833 926 4925
f 4925 4924 4833
f 4902 945 4901
f 4901 878 4701
f 4701 880 4902
f 4902 4901 4701
f 4901 945 4919
f 4919 950 4918
f 4918 878 4901
f 4901 4919 4918
f 4892 882 4893
f 4893 944 4897
f 4897 943 4892
f 4892 4893 4897
f 4893 882 4708
f 4708 883 4894
f 4894 944 4893
f 4893 4708 4894
f 4896 944 4895
f 4895 886 4880
f 4880 937 4896
f 4896 4895 4880
f 4895 944 4894
f 4894 883 4713
f 4713 886 4895
f 4895 4894 4713
f 4928 953 4931
f 4931 937 4880
f 4880 886 4928
f 4928 4931 4880
f 4931 953 4932
f 4932 938 4881
f 4881 937 4931
f 4931 4932 4881
f 4882 938 4935
f 4935 954 4936
f 4936 939 4882
f 4882 4935 4936
f 4935 938 4932
f 4932 953 4937
f 4937 954 4935
f 4935 4932 4937
f 4870 935 4905
f 4905 946 4904
f 4904 894 4870
f 4870 4905 4904
f 4905 935 4889
f 4889 942 4906
f 4906 946 4905
f 4905 4889 4906
f 4873 899 4888
f 4888 942 4889
f 4889 935 4873
f 4873 4888 4889
f 4888 899 4885
f 4885 941 4890
f 4890 942 4888
f 4888 4885 4890
f 4938 955 4942
f 4942 948 4911
f 4911 901 4938
f 4938 4942 4911
f 4942 955 4943
f 4943 949 4915
f 4915 948 4942
f 4942 4943 4915
f 4941 925 4914
f 4914 949 4943
f 4943 955 4941
f 4941 4914 4943
f 4914 925 4924
f 4924 952 4926
f 4926 949 4914
f 4914 4924 4926
f 4923 951 4921
f 4921 878 4918
f 4918 950 4923
f 4923 4921 4918
f 4921 951 4922
f 4922 926 4832
f 4832 878 4921
f 4921 4922 4832
f 4902 880 4891
f 4891 943 4903
f 4903 945 4902
f 4902 4891 4903
f 4891 880 4705
f 4705 882 4892
f 4892 943 4891
f 4891 4705 4892
f 4896 937 4898
f 4900 944 4896
f 4896 4898 4900
f 4916 949 4926
f 4945 952 4927
f 4927 951 4944
f 4944 4945 4927
f 4793 915 4842
f 4842 928 4840
f 4840 892 4793
f 4793 4842 4840
f 4842 915 4794
f 4794 914 4841
f 4841 928 4842
f 4842 4794 4841
f 4951 956 4949
f 4949 939 4936
f 4936 954 4951
f 4951 4949 4936
f 4949 956 4950
f 4950 940 4884
f 4884 939 4949
f 4949 4950 4884
f 4726 894 4908
f 4908 947 4907
f 4907 891 4726
f 4726 4908 4907
f 4908 894 4904
f 4904 946 4910
f 4910 947 4908
f 4908 4904 4910
f 4739 901 4886
f 4886 941 4885
f 4885 899 4739
f 4739 4886 4885
f 4886 901 4911
f 4911 948 4912
f 4912 941 4886
f 4886 4911 4912
f 4846 920 4806
f 4806 554 4843
f 4843 929 4846
f 4846 4806 4843
f 4806 920 4807
f 4807 722 4194
f 4194 554 4806
f 4806 4807 4194
f 4946 891 4883
f 4883 940 4950
f 4950 956 4946
f 4946 4883 4950
f 4883 891 4907
f 4907 947 4909
f 4909 940 4883
f 4883 4907 4909
f 4954 115 4953
f 4953 957 4956
f 4956 958 4954
f 4954 4953 4956
f 4953 115 2654
f 2654 114 4952
f 4952 957 4953
f 4953 2654 4952
f 4967 960 4962
f 4962 44 4957
f 4957 959 4967
f 4967 4962 4957
f 4962 960 4963
f 4963 45 2500
f 2500 44 4962
f 4962 4963 2500
f 4959 959 4958
f 4958 206 3379
f 3379 440 4959
f 4959 4958 3379
f 4958 959 4957
f 4957 44 2805
f 2805 206 4958
f 4958 4957 2805
f 3408 449 3409
f 3409 308 3030
f 3030 210 3408
f 3408 3409 3030
f 3409 449 3410
f 3410 309 3033
f 3033 308 3409
f 3409 3410 3033
f 3379 206 3380
f 3380 441 3382
f 3382 440 3379
f 3379 3380 3382
f 3380 206 3215
f 3215 374 3381
f 3381 441 3380
f 3380 3215 3381
f 3381 374 4968
f 4968 961 4971
f 4971 441 3381
f 3381 4968 4971
f 4968 374 3219
f 3219 376 4969
f 4969 961 4968
f 4968 3219 4969
f 4974 414 3600
f 3600 514 4977
f 4977 962 4974
f 4974 3600 4977
f 3600 414 3310
f 3310 413 3599
f 3599 514 3600
f 3600 3310 3599
f 4131 709 4129
f 4129 416 3322
f 3322 419 4131
f 4131 4129 3322
f 4129 709 4130
f 4130 417 3317
f 3317 416 4129
f 4129 4130 3317
f 3312 207 3314
f 3314 416 3315
f 3315 415 3312
f 3312 3314 3315
f 3314 207 3323
f 3323 420 3326
f 3326 416 3314
f 3314 3323 3326
f 2814 210 3324
f 3324 420 3323
f 3323 207 2814
f 2814 3324 3323
f 3324 210 3030
f 3030 308 3325
f 3325 420 3324
f 3324 3030 3325
f 3337 424 3338
f 3338 333 3081
f 3081 332 3337
f 3337 3338 3081
f 3338 424 3340
f 3340 423 3335
f 3335 333 3338
f 3338 3340 3335
f 4644 513 3597
f 3597 428 4643
f 4643 864 4644
f 4644 3597 4643
f 3597 513 3598
f 3598 429 3353
f 3353 428 3597
f 3597 3598 3353
f 3402 447 3400
f 3400 431 3392
f 3392 444 3402
f 3402 3400 3392
f 3400 447 3401
f 3401 432 3361
f 3361 431 3400
f 3400 3401 3361
f 4964 444 3391
f 3391 45 4963
f 4963 960 4964
f 4964 3391 4963
f 3391 444 3392
f 3392 431 3355
f 3355 45 3391
f 3391 3392 3355
f 4978 961 4970
f 4970 414 4974
f 4974 962 4978
f 4978 4970 4974
f 4970 961 4969
f 4969 376 3308
f 3308 414 4970
f 4970 4969 3308
f 3352 429 3350
f 3350 412 3343
f 3343 426 3352
f 3352 3350 3343
f 3350 429 3351
f 3351 413 3306
f 3306 412 3350
f 3350 3351 3306
f 4132 433 3362
f 3362 417 4130
f 4130 709 4132
f 4132 3362 4130
f 3362 433 3364
f 3364 432 3358
f 3358 417 3362
f 3362 3364 3358
f 3332 310 3334
f 3334 423 3336
f 3336 422 3332
f 3332 3334 3336
f 3334 310 3035
f 3035 309 3333
f 3333 423 3334
f 3334 3035 3333
f 3344 425 3347
f 3347 428 3349
f 3349 427 3344
f 3344 3347 3349
f 3347 425 3342
f 3342 424 3346
f 3346 428 3347
f 3347 3342 3346
f 3320 418 3318
f 3318 195 3311
f 3311 415 3320
f 3320 3318 3311
f 3318 418 3319
f 3319 196 2786
f 2786 195 3318
f 3318 3319 2786
f 3122 204 2808
f 2808 208 3123
f 3123 346 3122
f 3122 2808 3123
f 2808 204 2811
f 2811 209 2813
f 2813 208 2808
f 2808 2811 2813
f 3462 335 3465
f 3465 466 3467
f 3467 465 3462
f 3462 3465 3467
f 3465 335 3085
f 3085 334 3464
f 3464 466 3465
f 3465 3085 3464
f 3365 395 3383
f 3383 442 3384
f 3384 434 3365
f 3365 3383 3384
f 3383 395 3388
f 3388 443 3390
f 3390 442 3383
f 3383 3388 3390
f 3607 515 3605
f 3605 445 3566
f 3566 505 3607
f 3607 3605 3566
f 3605 515 3606
f 3606 446 3397
f 3397 445 3605
f 3605 3606 3397
f 2802 203 2810
f 2810 209 2811
f 2811 204 2802
f 2802 2810 2811
f 2810 203 3404
f 3404 448 3405
f 3405 209 2810
f 2810 3404 3405
f 4967 959 4960
f 4960 463 4966
f 4966 960 4967
f 4967 4960 4966
f 4960 959 4961
f 4961 464 3461
f 3461 463 4960
f 4960 4961 3461
f 4978 962 4975
f 4975 503 4973
f 4973 961 4978
f 4978 4975 4973
f 4975 962 4976
f 4976 504 3564
f 3564 503 4975
f 4975 4976 3564
f 3119 346 3120
f 3120 195 2784
f 2784 194 3119
f 3119 3120 2784
f 3120 346 3123
f 3123 208 2807
f 2807 195 3120
f 3120 3123 2807
f 4959 440 3458
f 3458 464 4961
f 4961 959 4959
f 4959 3458 4961
f 3458 440 3389
f 3389 443 3459
f 3459 464 3458
f 3458 3389 3459
f 4964 960 4965
f 4965 445 3393
f 3393 444 4964
f 4964 4965 3393
f 4965 960 4966
f 4966 463 3455
f 3455 445 4965
f 4965 4966 3455
f 4971 961 4972
f 4972 442 3386
f 3386 441 4971
f 4971 4972 3386
f 4972 961 4973
f 4973 503 3560
f 3560 442 4972
f 4972 4973 3560
f 3604 197 3395
f 3395 446 3606
f 3606 515 3604
f 3604 3395 3606
f 3395 197 2789
f 2789 196 3394
f 3394 446 3395
f 3395 2789 3394
f 3411 449 3412
f 3412 334 3083
f 3083 333 3411
f 3411 3412 3083
f 3412 449 3413
f 3413 448 3407
f 3407 334 3412
f 3412 3413 3407
f 4981 963 4979
f 4979 263 3250
f 3250 389 4981
f 4981 4979 3250
f 4979 963 4980
f 4980 264 2925
f 2925 263 4979
f 4979 4980 2925
f 4988 339 4986
f 4986 964 4991
f 4991 965 4988
f 4988 4986 4991
f 4986 339 3093
f 3093 338 4985
f 4985 964 4986
f 4986 3093 4985
f 3012 298 4993
f 4993 966 4992
f 4992 185 3012
f 3012 4993 4992
f 4993 298 4995
f 4995 967 5000
f 5000 966 4993
f 4993 4995 5000
f 3535 281 3086
f 3086 337 3536
f 3536 494 3535
f 3535 3086 3536
f 3086 281 3089
f 3089 338 3091
f 3091 337 3086
f 3086 3089 3091
f 5002 968 5003
f 5003 491 3525
f 3525 490 5002
f 5002 5003 3525
f 5003 968 5009
f 5009 969 5008
f 5008 491 5003
f 5003 5009 5008
f 3240 385 3241
f 3241 263 2923
f 2923 262 3240
f 3240 3241 2923
f 3241 385 3243
f 3243 384 3237
f 3237 263 3241
f 3241 3243 3237
f 5011 970 5012
f 5012 487 3517
f 3517 486 5011
f 5011 5012 3517
f 5012 970 5016
f 5016 971 5015
f 5015 487 5012
f 5012 5016 5015
f 5020 972 5021
f 5021 487 3516
f 3516 484 5020
f 5020 5021 3516
f 5021 972 5022
f 5022 488 3520
f 3520 487 5021
f 5021 5022 3520
f 3540 495 3541
f 3541 491 3524
f 3524 380 3540
f 3540 3541 3524
f 3541 495 3542
f 3542 492 3528
f 3528 491 3541
f 3541 3542 3528
f 3529 493 3530
f 3530 337 3087
f 3087 336 3529
f 3529 3530 3087
f 3530 493 3532
f 3532 492 3526
f 3526 337 3530
f 3530 3532 3526
f 5034 975 5033
f 5033 973 5029
f 5029 974 5034
f 5034 5033 5029
f 5033 975 5040
f 5040 976 5039
f 5039 973 5033
f 5033 5040 5039
f 5041 977 5042
f 5042 966 4994
f 4994 323 5041
f 5041 5042 4994
f 5042 977 5046
f 5046 978 5045
f 5045 966 5042
f 5042 5046 5045
f 3531 493 5050
f 5050 979 5049
f 5049 490 3531
f 3531 5050 5049
f 5050 493 5054
f 5054 980 5055
f 5055 979 5050
f 5050 5054 5055
f 4988 965 5059
f 5059 981 5057
f 5057 339 4988
f 4988 5059 5057
f 5059 965 5063
f 5063 982 5064
f 5064 981 5059
f 5059 5063 5064
f 5075 984 5072
f 5072 497 5069
f 5069 983 5075
f 5075 5072 5069
f 5072 984 5073
f 5073 498 3548
f 3548 497 5072
f 5072 5073 3548
f 5084 986 5085
f 5085 985 5078
f 5078 461 5084
f 5084 5085 5078
f 5085 986 5080
f 5080 266 5077
f 5077 985 5085
f 5085 5080 5077
f 5002 490 5087
f 5087 987 5088
f 5088 968 5002
f 5002 5087 5088
f 5087 490 5049
f 5049 979 5089
f 5089 987 5087
f 5087 5049 5089
f 3240 262 5090
f 5090 988 5093
f 5093 385 3240
f 3240 5090 5093
f 5090 262 2929
f 2929 267 5091
f 5091 988 5090
f 5090 2929 5091
f 5104 990 5099
f 5099 184 5097
f 5097 989 5104
f 5104 5099 5097
f 5099 990 5102
f 5102 299 3013
f 3013 184 5099
f 5099 5102 3013
f 3092 339 5107
f 5107 991 5106
f 5106 336 3092
f 3092 5107 5106
f 5107 339 5057
f 5057 981 5110
f 5110 991 5107
f 5107 5057 5110
f 3529 336 5053
f 5053 980 5054
f 5054 493 3529
f 3529 5053 5054
f 5053 336 5106
f 5106 991 5109
f 5109 980 5053
f 5053 5106 5109
f 5118 994 5117
f 5117 992 5114
f 5114 993 5118
f 5118 5117 5114
f 5117 994 5123
f 5123 995 5122
f 5122 992 5117
f 5117 5123 5122
f 5127 996 5128
f 5128 995 5123
f 5123 994 5127
f 5127 5128 5123
f 5128 996 5124
f 5124 14 5119
f 5119 995 5128
f 5128 5124 5119
f 5132 997 5130
f 5130 14 5124
f 5124 996 5132
f 5132 5130 5124
f 5130 997 5129
f 5129 11 2456
f 2456 14 5130
f 5130 5129 2456
f 5135 998 5133
f 5133 11 5129
f 5129 997 5135
f 5135 5133 5129
f 5133 998 5134
f 5134 42 2494
f 2494 11 5133
f 5133 5134 2494
f 2543 68 5137
f 5137 999 5136
f 5136 65 2543
f 2543 5137 5136
f 5137 68 5139
f 5139 1000 5140
f 5140 999 5137
f 5137 5139 5140
f 2518 58 5142
f 5142 1001 5141
f 5141 55 2518
f 2518 5142 5141
f 5142 58 5144
f 5144 1002 5147
f 5147 1001 5142
f 5142 5144 5147
f 5148 121 5143
f 5143 1001 5150
f 5150 1003 5148
f 5148 5143 5150
f 5143 121 2669
f 2669 55 5141
f 5141 1001 5143
f 5143 2669 5141
f 5151 452 5149
f 5149 1003 5152
f 5152 1004 5151
f 5151 5149 5152
f 5149 452 3418
f 3418 121 5148
f 5148 1003 5149
f 5149 3418 5148
f 5160 1006 5159
f 5159 1004 5155
f 5155 1005 5160
f 5160 5159 5155
f 5159 1006 5157
f 5157 452 5151
f 5151 1004 5159
f 5159 5157 5151
f 4232 401 4236
f 4236 732 4238
f 4238 731 4232
f 4232 4236 4238
f 4236 401 5156
f 5156 1006 5158
f 5158 732 4236
f 4236 5156 5158
f 5164 1007 5162
f 5162 288 4249
f 4249 735 5164
f 5164 5162 4249
f 5162 1007 5163
f 5163 289 2991
f 2991 288 5162
f 5162 5163 2991
f 5167 27 5161
f 5161 1007 5172
f 5172 1008 5167
f 5167 5161 5172
f 5161 27 2987
f 2987 289 5163
f 5163 1007 5161
f 5161 2987 5163
f 5173 28 5168
f 5168 1008 5176
f 5176 1009 5173
f 5173 5168 5176
f 5168 28 2475
f 2475 27 5167
f 5167 1008 5168
f 5168 2475 5167
f 3294 403 3288
f 3288 279 3293
f 3293 405 3294
f 3294 3288 3293
f 3288 403 3287
f 3287 104 2964
f 2964 279 3288
f 3288 3287 2964
f 3289 329 3074
f 3074 104 3287
f 3287 403 3289
f 3289 3074 3287
f 3074 329 3073
f 3073 101 2621
f 2621 104 3074
f 3074 3073 2621
f 3075 328 3071
f 3071 101 3073
f 3073 329 3075
f 3075 3071 3073
f 3071 328 3072
f 3072 108 2634
f 2634 101 3071
f 3071 3072 2634
f 5178 1010 5177
f 5177 108 3072
f 3072 328 5178
f 5178 5177 3072
f 5177 1010 5181
f 5181 1011 5179
f 5179 108 5177
f 5177 5181 5179
f 5183 1012 5182
f 5182 114 2659
f 2659 117 5183
f 5183 5182 2659
f 5182 1012 5184
f 5184 957 4952
f 4952 114 5182
f 5182 5184 4952
f 5180 402 3283
f 3283 108 5179
f 5179 1011 5180
f 5180 3283 5179
f 3283 402 3284
f 3284 109 2638
f 2638 108 3283
f 3283 3284 2638
f 4163 715 4159
f 4159 545 3964
f 3964 667 4163
f 4163 4159 3964
f 4159 715 4160
f 4160 546 3656
f 3656 545 4159
f 4159 4160 3656
f 4204 589 3760
f 3760 548 4203
f 4203 724 4204
f 4204 3760 4203
f 3760 589 3761
f 3761 549 3662
f 3662 548 3760
f 3760 3761 3662
f 4091 565 3739
f 3739 579 4093
f 4093 700 4091
f 4091 3739 4093
f 3739 565 3742
f 3742 580 3744
f 3744 579 3739
f 3739 3742 3744
f 4075 601 3782
f 3782 582 4074
f 4074 696 4075
f 4075 3782 4074
f 3782 601 3783
f 3783 583 3749
f 3749 582 3782
f 3782 3783 3749
f 3736 578 3772
f 3772 596 3771
f 3771 575 3736
f 3736 3772 3771
f 3772 578 3774
f 3774 597 3776
f 3776 596 3772
f 3772 3774 3776
f 3981 674 3982
f 3982 596 3773
f 3773 595 3981
f 3981 3982 3773
f 3982 674 4658
f 4658 867 4656
f 4656 596 3982
f 3982 4658 4656
f 3985 673 4657
f 4657 867 4658
f 4658 674 3985
f 3985 4657 4658
f 4657 673 4661
f 4661 868 4664
f 4664 867 4657
f 4657 4661 4664
f 4206 724 4663
f 4663 868 4661
f 4661 673 4206
f 4206 4663 4661
f 4663 724 4203
f 4203 548 4660
f 4660 868 4663
f 4663 4203 4660
f 3714 540 4671
f 4671 870 4673
f 4673 569 3714
f 3714 4671 4673
f 4671 540 3660
f 3660 549 4672
f 4672 870 4671
f 4671 3660 4672
f 3757 586 4674
f 4674 870 4675
f 4675 587 3757
f 3757 4674 4675
f 4674 586 4678
f 4678 871 4681
f 4681 870 4674
f 4674 4678 4681
f 3965 667 4679
f 4679 871 4678
f 4678 586 3965
f 3965 4679 4678
f 4679 667 3964
f 3964 545 4676
f 4676 871 4679
f 4679 3964 4676
f 4168 716 4166
f 4166 546 4160
f 4160 715 4168
f 4168 4166 4160
f 4166 716 4687
f 4687 872 4683
f 4683 546 4166
f 4166 4687 4683
f 4164 536 4682
f 4682 872 4687
f 4687 716 4164
f 4164 4682 4687
f 4682 536 3740
f 3740 580 4686
f 4686 872 4682
f 4682 3740 4686
f 4072 696 4073
f 4073 579 3738
f 3738 539 4072
f 4072 4073 3738
f 4073 696 4074
f 4074 582 3746
f 3746 579 4073
f 4073 4074 3746
f 5187 584 4689
f 4689 873 5190
f 5190 1013 5187
f 5187 4689 5190
f 4689 584 3753
f 3753 583 4688
f 4688 873 4689
f 4689 3753 4688
f 5186 1013 5188
f 5188 597 3774
f 3774 578 5186
f 5186 5188 3774
f 5188 1013 5190
f 5190 873 4690
f 4690 597 5188
f 5188 5190 4690
f 3752 584 3750
f 3750 533 3745
f 3745 581 3752
f 3752 3750 3745
f 3750 584 3751
f 3751 534 3638
f 3638 533 3750
f 3750 3751 3638
f 3619 521 3647
f 3647 541 3646
f 3646 518 3619
f 3619 3647 3646
f 3647 521 3649
f 3649 542 3651
f 3651 541 3647
f 3647 3649 3651
f 3657 547 3666
f 3666 551 3665
f 3665 544 3657
f 3657 3666 3665
f 3666 547 3668
f 3668 552 3670
f 3670 551 3666
f 3666 3668 3670
f 3628 527 3703
f 3703 566 3702
f 3702 524 3628
f 3628 3703 3702
f 3703 527 3705
f 3705 567 3709
f 3709 566 3703
f 3703 3705 3709
f 3671 553 3707
f 3707 567 3705
f 3705 527 3671
f 3671 3707 3705
f 3707 553 3674
f 3674 552 3706
f 3706 567 3707
f 3707 3674 3706
f 3621 518 3716
f 3716 570 3717
f 3717 522 3621
f 3621 3716 3717
f 3716 518 3646
f 3646 541 3718
f 3718 570 3716
f 3716 3646 3718
f 4669 869 4667
f 4667 572 4102
f 4102 702 4669
f 4669 4667 4102
f 4667 869 4668
f 4668 573 3725
f 3725 572 4667
f 4667 4668 3725
f 3937 660 3935
f 3935 576 3929
f 3929 657 3937
f 3937 3935 3929
f 3935 660 3936
f 3936 577 3735
f 3735 576 3935
f 3935 3936 3735
f 4156 714 4157
f 4157 570 3719
f 3719 569 4156
f 4156 4157 3719
f 4157 714 4158
f 4158 663 3949
f 3949 570 4157
f 4157 4158 3949
f 5186 578 4066
f 4066 694 5189
f 5189 1013 5186
f 5186 4066 5189
f 4066 578 3737
f 3737 577 4065
f 4065 694 4066
f 4066 3737 4065
f 4083 524 4096
f 4096 701 4100
f 4100 698 4083
f 4083 4096 4100
f 4096 524 3702
f 3702 566 4098
f 4098 701 4096
f 4096 3702 4098
f 3927 657 3928
f 3928 572 3721
f 3721 571 3927
f 3927 3928 3721
f 3928 657 3929
f 3929 576 3732
f 3732 572 3928
f 3928 3929 3732
f 4665 543 3723
f 3723 573 4668
f 4668 869 4665
f 4665 3723 4668
f 3723 543 3653
f 3653 542 3722
f 3722 573 3723
f 3723 3653 3722
f 3953 664 3954
f 3954 551 3667
f 3667 550 3953
f 3953 3954 3667
f 3954 664 3955
f 3955 663 3948
f 3948 551 3954
f 3954 3955 3948
f 5187 1013 5185
f 5185 534 3751
f 3751 584 5187
f 5187 5185 3751
f 5185 1013 5189
f 5189 694 4063
f 4063 534 5185
f 5185 5189 4063
f 4085 698 4086
f 4086 533 3636
f 3636 532 4085
f 4085 4086 3636
f 4086 698 4100
f 4100 701 4097
f 4097 533 4086
f 4086 4100 4097
f 4751 713 4151
f 4151 519 4748
f 4748 904 4751
f 4751 4151 4748
f 4151 713 4152
f 4152 520 3618
f 3618 519 4151
f 4151 4152 3618
f 4750 904 4749
f 4749 523 3956
f 3956 665 4750
f 4750 4749 3956
f 4749 904 4748
f 4748 519 3623
f 3623 523 4749
f 4749 4748 3623
f 4768 560 3691
f 3691 525 4767
f 4767 909 4768
f 4768 3691 4767
f 3691 560 3692
f 3692 526 3627
f 3627 525 3691
f 3691 3692 3627
f 3953 550 3663
f 3663 529 3952
f 3952 664 3953
f 3953 3663 3952
f 3663 550 3664
f 3664 530 3633
f 3633 529 3663
f 3663 3664 3633
f 3639 535 3676
f 3676 555 3675
f 3675 532 3639
f 3639 3676 3675
f 3676 535 3678
f 3678 556 3680
f 3680 555 3676
f 3676 3678 3680
f 3671 527 3686
f 3686 559 3689
f 3689 553 3671
f 3671 3686 3689
f 3686 527 3629
f 3629 526 3685
f 3685 559 3686
f 3686 3629 3685
f 3730 574 3728
f 3728 562 3720
f 3720 571 3730
f 3730 3728 3720
f 3728 574 3729
f 3729 563 3698
f 3698 562 3728
f 3728 3729 3698
f 4878 932 4857
f 4857 658 4876
f 4876 936 4878
f 4878 4857 4876
f 4857 932 4858
f 4858 659 3934
f 3934 658 4857
f 4857 4858 3934
f 4058 693 4059
f 4059 556 3678
f 3678 535 4058
f 4058 4059 3678
f 4059 693 4062
f 4062 661 3939
f 3939 556 4059
f 4059 4062 3939
f 3950 664 3951
f 3951 523 3624
f 3624 522 3950
f 3950 3951 3624
f 3951 664 3952
f 3952 529 3630
f 3630 523 3951
f 3951 3952 3630
f 4770 909 4769
f 4769 699 4196
f 4196 722 4770
f 4770 4769 4196
f 4769 909 4767
f 4767 525 4087
f 4087 699 4769
f 4769 4767 4087
f 4874 936 4875
f 4875 562 3694
f 3694 561 4874
f 4874 4875 3694
f 4875 936 4876
f 4876 658 3930
f 3930 562 4875
f 4875 4876 3930
f 3726 521 3696
f 3696 563 3729
f 3729 574 3726
f 3726 3696 3729
f 3696 521 3620
f 3620 520 3695
f 3695 563 3696
f 3696 3620 3695
f 4859 662 3944
f 3944 659 4858
f 4858 932 4859
f 4859 3944 4858
f 3944 662 3945
f 3945 661 3941
f 3941 659 3944
f 3944 3945 3941
f 3684 531 3688
f 3688 559 3690
f 3690 558 3684
f 3684 3688 3690
f 3688 531 3635
f 3635 530 3687
f 3687 559 3688
f 3688 3635 3687
f 4085 532 4088
f 4088 699 4090
f 4090 698 4085
f 4085 4088 4090
f 4088 532 3675
f 3675 555 4089
f 4089 699 4088
f 4088 3675 4089
f 5191 874 4743
f 4743 902 5194
f 5194 1014 5191
f 5191 4743 5194
f 4743 874 4745
f 4745 903 4747
f 4747 902 4743
f 4743 4745 4747
f 3634 531 4759
f 4759 907 4758
f 4758 528 3634
f 3634 4759 4758
f 4759 531 4762
f 4762 908 4766
f 4766 907 4759
f 4759 4762 4766
f 4716 887 4772
f 4772 910 4773
f 4773 888 4716
f 4716 4772 4773
f 4772 887 4776
f 4776 911 4778
f 4778 910 4772
f 4772 4776 4778
f 3693 560 4785
f 4785 913 4784
f 4784 558 3693
f 3693 4785 4784
f 4785 560 4775
f 4775 911 4788
f 4788 913 4785
f 4785 4775 4788
f 4790 888 4808
f 4808 920 4810
f 4810 914 4790
f 4790 4808 4810
f 4808 888 4773
f 4773 910 4809
f 4809 920 4808
f 4808 4773 4809
f 4804 919 4814
f 4814 921 4813
f 4813 916 4804
f 4804 4814 4813
f 4814 919 4817
f 4817 922 4818
f 4818 921 4814
f 4814 4817 4818
f 4874 561 4824
f 4824 924 4877
f 4877 936 4874
f 4874 4824 4877
f 4824 561 4815
f 4815 922 4826
f 4826 924 4824
f 4824 4815 4826
f 4751 904 4837
f 4837 927 4834
f 4834 713 4751
f 4751 4837 4834
f 4837 904 4752
f 4752 903 4836
f 4836 927 4837
f 4837 4752 4836
f 4153 713 4812
f 4812 921 4811
f 4811 564 4153
f 4153 4812 4811
f 4812 713 4834
f 4834 927 4839
f 4839 921 4812
f 4812 4834 4839
f 4782 905 4786
f 4786 913 4789
f 4789 912 4782
f 4782 4786 4789
f 4786 905 4764
f 4764 908 4787
f 4787 913 4786
f 4786 4764 4787
f 3681 557 4844
f 4844 929 4843
f 4843 554 3681
f 3681 4844 4843
f 4844 557 4848
f 4848 930 4851
f 4851 929 4844
f 4844 4848 4851
f 4734 898 4861
f 4861 933 4860
f 4860 895 4734
f 4734 4861 4860
f 4861 898 4865
f 4865 934 4869
f 4869 933 4861
f 4861 4865 4869
f 4854 931 4867
f 4867 934 4865
f 4865 898 4854
f 4854 4867 4865
f 4867 931 4856
f 4856 930 4866
f 4866 934 4867
f 4867 4856 4866
f 5195 1014 5196
f 5196 907 4761
f 4761 906 5195
f 5195 5196 4761
f 5196 1014 5194
f 5194 902 4760
f 4760 907 5196
f 5196 5194 4760
f 4819 895 4825
f 4825 924 4827
f 4827 923 4819
f 4819 4825 4827
f 4825 895 4860
f 4860 933 4862
f 4862 924 4825
f 4825 4860 4862
f 4841 914 4845
f 4845 929 4847
f 4847 928 4841
f 4841 4845 4847
f 4845 914 4810
f 4810 920 4846
f 4846 929 4845
f 4845 4810 4846
f 4832 926 4830
f 4830 875 4698
f 4698 878 4832
f 4832 4830 4698
f 4830 926 4831
f 4831 876 4695
f 4695 875 4830
f 4830 4831 4695
f 5191 1014 5192
f 5192 875 4693
f 4693 874 5191
f 5191 5192 4693
f 5192 1014 5193
f 5193 879 4699
f 4699 875 5192
f 5192 5193 4699
f 5195 906 4755
f 4755 879 5193
f 5193 1014 5195
f 5195 4755 5193
f 4755 906 4756
f 4756 881 4703
f 4703 879 4755
f 4755 4756 4703
f 4782 912 4779
f 4779 884 4754
f 4754 905 4782
f 4782 4779 4754
f 4779 912 4780
f 4780 885 4712
f 4712 884 4779
f 4779 4780 4712
f 4937 953 4929
f 4929 889 4933
f 4933 954 4937
f 4937 4929 4933
f 4929 953 4930
f 4930 890 4722
f 4722 889 4929
f 4929 4930 4722
f 4855 931 4852
f 4852 892 4840
f 4840 928 4855
f 4855 4852 4840
f 4852 931 4853
f 4853 893 4725
f 4725 892 4852
f 4852 4853 4725
f 4873 935 4871
f 4871 896 4736
f 4736 899 4873
f 4873 4871 4736
f 4871 935 4872
f 4872 897 4732
f 4732 896 4871
f 4871 4872 4732
f 4819 923 4820
f 4820 896 4728
f 4728 895 4819
f 4819 4820 4728
f 4820 923 4821
f 4821 900 4737
f 4737 896 4820
f 4820 4821 4737
f 4951 954 4934
f 4934 915 4948
f 4948 956 4951
f 4951 4934 4948
f 4934 954 4933
f 4933 889 4792
f 4792 915 4934
f 4934 4933 4792
f 4941 955 4939
f 4939 917 4829
f 4829 925 4941
f 4941 4939 4829
f 4939 955 4940
f 4940 918 4802
f 4802 917 4939
f 4939 4940 4802
f 4928 886 4719
f 4719 890 4930
f 4930 953 4928
f 4928 4719 4930
f 4719 886 4714
f 4714 885 4718
f 4718 890 4719
f 4719 4714 4718
f 4706 881 4707
f 4707 883 4708
f 4708 882 4706
f 4706 4707 4708
f 4707 881 4709
f 4709 884 4710
f 4710 883 4707
f 4707 4709 4710
f 4795 877 4797
f 4797 917 4798
f 4798 916 4795
f 4795 4797 4798
f 4797 877 4697
f 4697 876 4796
f 4796 917 4797
f 4797 4697 4796
f 4938 901 4800
f 4800 918 4940
f 4940 955 4938
f 4938 4800 4940
f 4800 901 4740
f 4740 900 4799
f 4799 918 4800
f 4800 4740 4799
f 4854 898 4733
f 4733 893 4853
f 4853 931 4854
f 4854 4733 4853
f 4733 898 4735
f 4735 897 4729
f 4729 893 4733
f 4733 4735 4729
f 4946 956 4947
f 4947 892 4723
f 4723 891 4946
f 4946 4947 4723
f 4947 956 4948
f 4948 915 4793
f 4793 892 4947
f 4947 4948 4793
f 3045 313 3043
f 3043 24 2727
f 2727 159 3045
f 3045 3043 2727
f 3043 313 3044
f 3044 25 2471
f 2471 24 3043
f 3043 3044 2471
f 4334 770 4335
f 4335 24 2468
f 2468 23 4334
f 4334 4335 2468
f 4335 770 4336
f 4336 160 2728
f 2728 24 4335
f 4335 4336 2728
f 5198 1015 5199
f 5199 369 3203
f 3203 368 5198
f 5198 5199 3203
f 5199 1015 5205
f 5205 1016 5203
f 5203 369 5199
f 5199 5205 5203
f 2439 1 3176
f 3176 362 3177
f 3177 2 2439
f 2439 3176 3177
f 3176 1 3181
f 3181 363 3185
f 3185 362 3176
f 3176 3181 3185
f 2661 118 3184
f 3184 363 3181
f 3181 1 2661
f 2661 3184 3181
f 3184 118 3188
f 3188 364 3189
f 3189 363 3184
f 3184 3188 3189
f 3451 462 3452
f 3452 364 3188
f 3188 118 3451
f 3451 3452 3188
f 3452 462 3453
f 3453 365 3192
f 3192 364 3452
f 3452 3453 3192
f 3041 2 2469
f 2469 25 3044
f 3044 313 3041
f 3041 2469 3044
f 2469 2 3177
f 3177 362 3179
f 3179 25 2469
f 2469 3177 3179
f 5211 1018 5208
f 5208 304 5207
f 5207 1017 5211
f 5211 5208 5207
f 5208 1018 5210
f 5210 1016 5201
f 5201 304 5208
f 5208 5210 5201
f 5217 1020 5215
f 5215 771 5214
f 5214 1019 5217
f 5217 5215 5214
f 5215 1020 5216
f 5216 778 4362
f 4362 771 5215
f 5215 5216 4362
f 5223 780 5220
f 5220 1021 5225
f 5225 1022 5223
f 5223 5220 5225
f 5220 780 4370
f 4370 779 5219
f 5219 1021 5220
f 5220 4370 5219
f 5055 980 5051
f 5051 36 5047
f 5047 979 5055
f 5055 5051 5047
f 5051 980 5052
f 5052 37 2487
f 2487 36 5051
f 5051 5052 2487
f 5064 982 5060
f 5060 211 5056
f 5056 981 5064
f 5064 5060 5056
f 5060 982 5061
f 5061 212 2819
f 2819 211 5060
f 5060 5061 2819
f 2901 254 5066
f 5066 983 5065
f 5065 251 2901
f 2901 5066 5065
f 5066 254 5071
f 5071 984 5075
f 5075 983 5066
f 5066 5071 5075
f 5089 979 5048
f 5048 277 5086
f 5086 987 5089
f 5089 5048 5086
f 5048 979 5047
f 5047 36 2959
f 2959 277 5048
f 5048 5047 2959
f 5091 267 2997
f 2997 293 5092
f 5092 988 5091
f 5091 2997 5092
f 2997 267 3000
f 3000 294 3003
f 3003 293 2997
f 2997 3000 3003
f 5110 981 5058
f 5058 341 5108
f 5108 991 5110
f 5110 5058 5108
f 5058 981 5056
f 5056 211 3100
f 3100 341 5058
f 5058 5056 3100
f 5109 991 5105
f 5105 37 5052
f 5052 980 5109
f 5109 5105 5052
f 5105 991 5108
f 5108 341 3098
f 3098 37 5105
f 5105 5108 3098
f 4226 730 4227
f 4227 277 2960
f 2960 276 4226
f 4226 4227 2960
f 4227 730 5229
f 5229 1023 5227
f 5227 277 4227
f 4227 5229 5227
f 2933 269 3450
f 3450 461 3449
f 3449 75 2933
f 2933 3450 3449
f 3450 269 5082
f 5082 986 5084
f 5084 461 3450
f 3450 5082 5084
f 5103 990 5098
f 5098 167 3038
f 3038 312 5103
f 5103 5098 3038
f 5098 990 5104
f 5104 989 5095
f 5095 167 5098
f 5098 5104 5095
f 5234 1024 5235
f 5235 303 3024
f 3024 302 5234
f 5234 5235 3024
f 5235 1024 5236
f 5236 725 4210
f 4210 303 5235
f 5235 5236 4210
f 5242 150 5238
f 5238 1025 5246
f 5246 1026 5242
f 5242 5238 5246
f 5238 150 2711
f 2711 149 5237
f 5237 1025 5238
f 5238 2711 5237
f 5256 775 5248
f 5248 1027 5258
f 5258 1028 5256
f 5256 5248 5258
f 5248 775 4355
f 4355 774 5247
f 5247 1027 5248
f 5248 4355 5247
f 5260 320 5255
f 5255 1028 5264
f 5264 1029 5260
f 5260 5255 5264
f 5255 320 4353
f 4353 775 5256
f 5256 1028 5255
f 5255 4353 5256
f 5266 1030 5267
f 5267 784 4379
f 4379 783 5266
f 5266 5267 4379
f 5267 1030 5265
f 5265 321 4377
f 4377 784 5267
f 5267 5265 4377
f 5277 1032 5286
f 5286 1034 5285
f 5285 1031 5277
f 5277 5286 5285
f 5286 1032 5281
f 5281 1033 5287
f 5287 1034 5286
f 5286 5281 5287
f 4453 792 4449
f 4449 810 4454
f 4454 813 4453
f 4453 4449 4454
f 4449 792 4398
f 4398 791 4448
f 4448 810 4449
f 4449 4398 4448
f 4448 791 4560
f 4560 843 4561
f 4561 810 4448
f 4448 4560 4561
f 4560 791 4531
f 4531 835 4563
f 4563 843 4560
f 4560 4531 4563
f 4563 835 4528
f 4528 475 4559
f 4559 843 4563
f 4563 4528 4559
f 4528 835 4529
f 4529 477 3490
f 3490 475 4528
f 4528 4529 3490
f 3490 477 3491
f 3491 476 3489
f 3489 475 3490
f 3490 3491 3489
f 3491 477 3498
f 3498 480 3497
f 3497 476 3491
f 3491 3498 3497
f 3497 480 5289
f 5289 1035 5288
f 5288 476 3497
f 3497 5289 5288
f 5289 480 3563
f 3563 504 5290
f 5290 1035 5289
f 5289 3563 5290
f 5292 962 5295
f 5295 1037 5296
f 5296 1036 5292
f 5292 5295 5296
f 5295 962 4977
f 4977 514 5294
f 5294 1037 5295
f 5295 4977 5294
f 5297 1038 5298
f 5298 514 3601
f 3601 513 5297
f 5297 5298 3601
f 5298 1038 5300
f 5300 1037 5294
f 5294 514 5298
f 5298 5300 5294
f 4644 864 5299
f 5299 1038 5297
f 5297 513 4644
f 4644 5299 5297
f 5299 864 5302
f 5302 1039 5303
f 5303 1038 5299
f 5299 5302 5303
f 4641 332 5301
f 5301 1039 5302
f 5302 864 4641
f 4641 5301 5302
f 5301 332 5304
f 5304 1040 5306
f 5306 1039 5301
f 5301 5304 5306
f 3462 465 5308
f 5308 1041 5307
f 5307 335 3462
f 3462 5308 5307
f 5308 465 4637
f 4637 863 5309
f 5309 1041 5308
f 5308 4637 5309
f 3474 468 4638
f 4638 863 4637
f 4637 465 3474
f 3474 4638 4637
f 4638 468 4632
f 4632 861 4639
f 4639 863 4638
f 4638 4632 4639
f 4632 468 5312
f 5312 1042 5315
f 5315 861 4632
f 4632 5312 5315
f 5312 468 3473
f 3473 135 5311
f 5311 1042 5312
f 5312 3473 5311
f 5311 135 5317
f 5317 1043 5321
f 5321 1042 5311
f 5311 5317 5321
f 5317 135 2689
f 2689 134 5316
f 5316 1043 5317
f 5317 2689 5316
f 4551 840 4548
f 4548 134 4499
f 4499 828 4551
f 4551 4548 4499
f 4548 840 5320
f 5320 1043 5316
f 5316 134 4548
f 4548 5320 5316
f 4551 828 4546
f 4546 839 4552
f 4552 840 4551
f 4551 4546 4552
f 4546 828 4500
f 4500 172 4545
f 4545 839 4546
f 4546 4500 4545
f 4545 172 5324
f 5324 1044 5326
f 5326 839 4545
f 4545 5324 5326
f 5324 172 2743
f 2743 171 5323
f 5323 1044 5324
f 5324 2743 5323
f 5323 171 5327
f 5327 1045 5330
f 5330 1044 5323
f 5323 5327 5330
f 5327 171 2748
f 2748 174 5328
f 5328 1045 5327
f 5327 2748 5328
f 5332 1046 5333
f 5333 179 2759
f 2759 178 5332
f 5332 5333 2759
f 5333 1046 5338
f 5338 1047 5336
f 5336 179 5333
f 5333 5338 5336
f 2697 139 5339
f 5339 1048 5340
f 5340 140 2697
f 2697 5339 5340
f 5339 139 2896
f 2896 253 5341
f 5341 1048 5339
f 5339 2896 5341
f 2900 254 2899
f 2899 139 2817
f 2817 212 2900
f 2900 2899 2817
f 2899 254 2902
f 2902 253 2896
f 2896 139 2899
f 2899 2902 2896
f 5074 984 5070
f 5070 212 5061
f 5061 982 5074
f 5074 5070 5061
f 5070 984 5071
f 5071 254 2900
f 2900 212 5070
f 5070 5071 2900
f 4989 498 5062
f 5062 982 5063
f 5063 965 4989
f 4989 5062 5063
f 5062 498 5073
f 5073 984 5074
f 5074 982 5062
f 5062 5073 5074
f 4987 499 4990
f 4990 965 4991
f 4991 964 4987
f 4987 4990 4991
f 4990 499 3550
f 3550 498 4989
f 4989 965 4990
f 4990 3550 4989
f 5030 975 5032
f 5032 964 4984
f 4984 280 5030
f 5030 5032 4984
f 5032 975 5031
f 5031 499 4987
f 4987 964 5032
f 5032 5031 4987
f 2890 250 2891
f 2891 214 2820
f 2820 213 2890
f 2890 2891 2820
f 2891 250 5037
f 5037 976 5035
f 5035 214 2891
f 2891 5037 5035
f 2886 247 2885
f 2885 213 2831
f 2831 218 2886
f 2886 2885 2831
f 2885 247 2892
f 2892 250 2890
f 2890 213 2885
f 2885 2892 2890
f 5346 1050 5352
f 5352 1052 5351
f 5351 1049 5346
f 5346 5352 5351
f 5352 1050 5349
f 5349 1051 5353
f 5353 1052 5352
f 5352 5349 5353
f 4263 742 5356
f 5356 1054 5355
f 5355 739 4263
f 4263 5356 5355
f 5356 742 5354
f 5354 1053 5357
f 5357 1054 5356
f 5356 5354 5357
f 5366 1056 5362
f 5362 228 5358
f 5358 1055 5366
f 5366 5362 5358
f 5362 1056 5363
f 5363 229 2857
f 2857 228 5362
f 5362 5363 2857
f 5374 1058 5371
f 5371 232 5368
f 5368 1057 5374
f 5374 5371 5368
f 5371 1058 5372
f 5372 233 2866
f 2866 232 5371
f 5371 5372 2866
f 5379 1055 5359
f 5359 234 5375
f 5375 1059 5379
f 5379 5359 5375
f 5359 1055 5358
f 5358 228 2868
f 2868 234 5359
f 5359 5358 2868
f 5384 1061 5382
f 5382 236 5380
f 5380 1060 5384
f 5384 5382 5380
f 5382 1061 5383
f 5383 237 2873
f 2873 236 5382
f 5382 5383 2873
f 5388 1063 5386
f 5386 239 5385
f 5385 1062 5388
f 5388 5386 5385
f 5386 1063 5387
f 5387 240 2876
f 2876 239 5386
f 5386 5387 2876
f 5373 1051 5347
f 5347 233 5372
f 5372 1058 5373
f 5373 5347 5372
f 5347 1051 5348
f 5348 246 2884
f 2884 233 5347
f 5347 5348 2884
f 5392 1059 5376
f 5376 275 5389
f 5389 1064 5392
f 5392 5376 5389
f 5376 1059 5375
f 5375 234 2955
f 2955 275 5376
f 5376 5375 2955
f 5396 1065 5393
f 5393 240 5387
f 5387 1063 5396
f 5396 5393 5387
f 5393 1065 5394
f 5394 295 3005
f 3005 240 5393
f 5393 5394 3005
f 5370 1057 5367
f 5367 229 5363
f 5363 1056 5370
f 5370 5367 5363
f 5367 1057 5368
f 5368 232 2863
f 2863 229 5367
f 5367 5368 2863
f 5403 1067 5400
f 5400 481 5398
f 5398 1066 5403
f 5403 5400 5398
f 5400 1067 5401
f 5401 482 3507
f 3507 481 5400
f 5400 5401 3507
f 5411 1069 5408
f 5408 248 5406
f 5406 1068 5411
f 5411 5408 5406
f 5408 1069 5416
f 5416 1070 5412
f 5412 248 5408
f 5408 5416 5412
f 5290 504 5291
f 5291 1036 5293
f 5293 1035 5290
f 5290 5291 5293
f 5291 504 4976
f 4976 962 5292
f 5292 1036 5291
f 5291 4976 5292
f 5310 1040 5305
f 5305 335 5307
f 5307 1041 5310
f 5310 5305 5307
f 5305 1040 5304
f 5304 332 3084
f 3084 335 5305
f 5305 5304 3084
f 5421 1072 5419
f 5419 166 5417
f 5417 1071 5421
f 5421 5419 5417
f 5419 1072 5420
f 5420 311 3036
f 3036 166 5419
f 5419 5420 3036
f 5424 1073 5422
f 5422 311 5420
f 5420 1072 5424
f 5424 5422 5420
f 5422 1073 5423
f 5423 794 4402
f 4402 311 5422
f 5422 5423 4402
f 5429 1076 5428
f 5428 1074 5425
f 5425 1075 5429
f 5429 5428 5425
f 5428 1076 5434
f 5434 1077 5433
f 5433 1074 5428
f 5428 5434 5433
f 5439 1080 5438
f 5438 1078 5435
f 5435 1079 5439
f 5439 5438 5435
f 5438 1080 5443
f 5443 1081 5442
f 5442 1078 5438
f 5438 5443 5442
f 5450 1083 5447
f 5447 800 5444
f 5444 1082 5450
f 5450 5447 5444
f 5447 1083 5448
f 5448 801 4421
f 4421 800 5447
f 5447 5448 4421
f 5451 819 5449
f 5449 1083 5452
f 5452 1084 5451
f 5451 5449 5452
f 5449 819 4466
f 4466 801 5448
f 5448 1083 5449
f 5449 4466 5448
f 5455 1085 5454
f 5454 819 5451
f 5451 1084 5455
f 5455 5454 5451
f 5454 1085 5453
f 5453 818 4468
f 4468 819 5454
f 5454 5453 4468
f 5458 1086 5459
f 5459 849 4582
f 4582 848 5458
f 5458 5459 4582
f 5459 1086 5456
f 5456 815 4581
f 4581 849 5459
f 5459 5456 4581
f 5456 1086 5457
f 5457 816 4459
f 4459 815 5456
f 5456 5457 4459
f 5457 1086 5462
f 5462 1087 5460
f 5460 816 5457
f 5457 5462 5460
f 5467 125 5463
f 5463 1088 5470
f 5470 1089 5467
f 5467 5463 5470
f 5463 125 4388
f 4388 788 5464
f 5464 1088 5463
f 5463 4388 5464
f 5473 146 5472
f 5472 1090 5474
f 5474 1091 5473
f 5473 5472 5474
f 5472 146 2706
f 2706 145 5471
f 5471 1090 5472
f 5472 2706 5471
f 5478 1092 5479
f 5479 1006 5160
f 5160 1005 5478
f 5478 5479 5160
f 5479 1092 5477
f 5477 732 5158
f 5158 1006 5479
f 5479 5477 5158
f 5484 1093 5483
f 5483 732 5477
f 5477 1092 5484
f 5484 5483 5477
f 5483 1093 5482
f 5482 454 4237
f 4237 732 5483
f 5483 5482 4237
f 5489 1094 5488
f 5488 454 5482
f 5482 1093 5489
f 5489 5488 5482
f 5488 1094 5487
f 5487 158 3424
f 3424 454 5488
f 5488 5487 3424
f 5494 1095 5492
f 5492 158 5487
f 5487 1094 5494
f 5494 5492 5487
f 5492 1095 5491
f 5491 155 2725
f 2725 158 5492
f 5492 5491 2725
f 5499 1096 5495
f 5495 155 5491
f 5491 1095 5499
f 5499 5495 5491
f 5495 1096 5496
f 5496 176 2752
f 2752 155 5495
f 5495 5496 2752
f 5504 1097 5500
f 5500 176 5496
f 5496 1096 5504
f 5504 5500 5496
f 5500 1097 5501
f 5501 177 2757
f 2757 176 5500
f 5500 5501 2757
f 5508 1098 5505
f 5505 177 5501
f 5501 1097 5508
f 5508 5505 5501
f 5505 1098 5512
f 5512 1099 5510
f 5510 177 5505
f 5505 5512 5510
f 5514 1100 5515
f 5515 1099 5512
f 5512 1098 5514
f 5514 5515 5512
f 5515 1100 5520
f 5520 1101 5519
f 5519 1099 5515
f 5515 5520 5519
f 5531 1103 5528
f 5528 798 5523
f 5523 1102 5531
f 5531 5528 5523
f 5528 1103 5529
f 5529 799 4416
f 4416 798 5528
f 5528 5529 4416
f 5536 1104 5532
f 5532 799 5529
f 5529 1103 5536
f 5536 5532 5529
f 5532 1104 5535
f 5535 1081 5441
f 5441 799 5532
f 5532 5535 5441
f 5540 1089 5469
f 5469 1078 5538
f 5538 1105 5540
f 5540 5469 5538
f 5469 1089 5470
f 5470 1088 5465
f 5465 1078 5469
f 5469 5470 5465
f 5543 1106 5544
f 5544 1075 5425
f 5425 1074 5543
f 5543 5544 5425
f 5544 1106 5550
f 5550 1107 5547
f 5547 1075 5544
f 5544 5550 5547
f 5560 1109 5558
f 5558 152 5551
f 5551 1108 5560
f 5560 5558 5551
f 5558 1109 5557
f 5557 151 2716
f 2716 152 5558
f 5558 5557 2716
f 5242 1026 5243
f 5243 774 4349
f 4349 150 5242
f 5242 5243 4349
f 5243 1026 5252
f 5252 1027 5247
f 5247 774 5243
f 5243 5252 5247
f 5244 1021 5251
f 5251 1027 5252
f 5252 1026 5244
f 5244 5251 5252
f 5251 1021 5221
f 5221 1020 5250
f 5250 1027 5251
f 5251 5221 5250
f 4366 779 4365
f 4365 776 4363
f 4363 778 4366
f 4366 4365 4363
f 4365 779 4364
f 4364 164 4356
f 4356 776 4365
f 4365 4364 4356
f 4219 728 4220
f 4220 288 2986
f 2986 286 4219
f 4219 4220 2986
f 4220 728 4221
f 4221 458 3436
f 3436 288 4220
f 4220 4221 3436
f 4217 63 3435
f 3435 458 4221
f 4221 728 4217
f 4217 3435 4221
f 3435 63 2528
f 2528 62 3434
f 3434 458 3435
f 3435 2528 3434
f 2532 64 2531
f 2531 62 2528
f 2528 63 2532
f 2532 2531 2528
f 2531 64 2530
f 2530 59 2524
f 2524 62 2531
f 2531 2530 2524
f 3103 342 3102
f 3102 59 2530
f 2530 64 3103
f 3103 3102 2530
f 3102 342 3106
f 3106 153 2717
f 2717 59 3102
f 3102 3106 2717
f 3104 141 2719
f 2719 153 3106
f 3106 342 3104
f 3104 2719 3106
f 2719 141 2764
f 2764 181 2765
f 2765 153 2719
f 2719 2764 2765
f 2699 140 2763
f 2763 181 2764
f 2764 141 2699
f 2699 2763 2764
f 2763 140 2758
f 2758 178 2767
f 2767 181 2763
f 2763 2758 2767
f 2758 140 5331
f 5331 1046 5332
f 5332 178 2758
f 2758 5331 5332
f 5331 140 5340
f 5340 1048 5344
f 5344 1046 5331
f 5331 5340 5344
f 3478 471 5343
f 5343 1048 5342
f 5342 327 3478
f 3478 5343 5342
f 5343 471 5335
f 5335 1046 5344
f 5344 1048 5343
f 5343 5335 5344
f 3481 326 4404
f 4404 795 4405
f 4405 472 3481
f 3481 4404 4405
f 4404 326 4403
f 4403 794 4406
f 4406 795 4404
f 4404 4403 4406
f 4406 794 5430
f 5430 1077 5431
f 5431 795 4406
f 4406 5430 5431
f 5430 794 5423
f 5423 1073 5432
f 5432 1077 5430
f 5430 5423 5432
f 5569 1111 5566
f 5566 1074 5563
f 5563 1110 5569
f 5569 5566 5563
f 5566 1111 5567
f 5567 1106 5543
f 5543 1074 5566
f 5566 5567 5543
f 2907 255 5552
f 5552 1108 5553
f 5553 256 2907
f 2907 5552 5553
f 5552 255 5559
f 5559 1109 5560
f 5560 1108 5552
f 5552 5559 5560
f 4351 773 4346
f 4346 150 4349
f 4349 774 4351
f 4351 4346 4349
f 4346 773 4345
f 4345 147 2710
f 2710 150 4346
f 4346 4345 2710
f 3019 301 3021
f 3021 255 2903
f 2903 144 3019
f 3019 3021 2903
f 3021 301 3020
f 3020 148 2904
f 2904 255 3021
f 3021 3020 2904
f 5234 302 3023
f 3023 149 5232
f 5232 1024 5234
f 5234 3023 5232
f 3023 302 5239
f 5239 1025 5237
f 5237 149 3023
f 3023 5239 5237
f 3027 305 5240
f 5240 1025 5239
f 5239 302 3027
f 3027 5240 5239
f 5240 305 5222
f 5222 1022 5241
f 5241 1025 5240
f 5240 5222 5241
f 5198 368 4369
f 4369 780 5200
f 5200 1015 5198
f 5198 4369 5200
f 4369 368 3199
f 3199 165 4368
f 4368 780 4369
f 4369 3199 4368
f 3201 367 3196
f 3196 165 3199
f 3199 368 3201
f 3201 3196 3199
f 3196 367 3195
f 3195 162 2735
f 2735 165 3196
f 3196 3195 2735
f 5575 1112 5574
f 5574 776 4360
f 4360 777 5575
f 5575 5574 4360
f 5574 1112 5573
f 5573 769 4357
f 4357 776 5574
f 5574 5573 4357
f 5577 1113 5582
f 5582 777 4358
f 4358 163 5577
f 5577 5582 4358
f 5582 1113 5583
f 5583 1112 5575
f 5575 777 5582
f 5582 5583 5575
f 2732 162 5576
f 5576 1113 5577
f 5577 163 2732
f 2732 5576 5577
f 5576 162 3195
f 3195 367 5581
f 5581 1113 5576
f 5576 3195 5581
f 5592 1116 5591
f 5591 1114 5587
f 5587 1115 5592
f 5592 5591 5587
f 5591 1116 5597
f 5597 1117 5596
f 5596 1114 5591
f 5591 5597 5596
f 5600 1118 5599
f 5599 1040 5585
f 5585 1115 5600
f 5600 5599 5585
f 5599 1118 5598
f 5598 1039 5306
f 5306 1040 5599
f 5599 5598 5306
f 5605 1120 5610
f 5610 1121 5609
f 5609 1119 5605
f 5605 5610 5609
f 5610 1120 5604
f 5604 1118 5608
f 5608 1121 5610
f 5610 5604 5608
f 5605 1119 5613
f 5613 1122 5614
f 5614 1120 5605
f 5605 5613 5614
f 5613 1119 5616
f 5616 1123 5617
f 5617 1122 5613
f 5613 5616 5617
f 5619 1036 5611
f 5611 1122 5620
f 5620 1124 5619
f 5619 5611 5620
f 5611 1036 5296
f 5296 1037 5612
f 5612 1122 5611
f 5611 5296 5612
f 5634 1127 5633
f 5633 1125 5628
f 5628 1126 5634
f 5634 5633 5628
f 5633 1127 5632
f 5632 1124 5625
f 5625 1125 5633
f 5633 5632 5625
f 5631 1127 5630
f 5630 476 5288
f 5288 1035 5631
f 5631 5630 5288
f 5630 1127 5629
f 5629 473 3488
f 3488 476 5630
f 5630 5629 3488
f 5588 1116 5589
f 5589 863 4640
f 4640 862 5588
f 5588 5589 4640
f 5589 1116 5590
f 5590 1041 5309
f 5309 863 5589
f 5589 5590 5309
f 4458 814 4580
f 4580 849 4581
f 4581 815 4458
f 4458 4580 4581
f 4580 814 5636
f 5636 1128 5638
f 5638 849 4580
f 4580 5636 5638
f 5643 1129 5642
f 5642 849 5638
f 5638 1128 5643
f 5643 5642 5638
f 5642 1129 5639
f 5639 410 4579
f 4579 849 5642
f 5642 5639 4579
f 5649 1130 5645
f 5645 410 5639
f 5639 1129 5649
f 5649 5645 5639
f 5645 1130 5644
f 5644 407 3301
f 3301 410 5645
f 5645 5644 3301
f 5652 1131 5650
f 5650 818 5453
f 5453 1085 5652
f 5652 5650 5453
f 5650 1131 5651
f 5651 852 4592
f 4592 818 5650
f 5650 5651 4592
f 5655 1132 5654
f 5654 852 5651
f 5651 1131 5655
f 5655 5654 5651
f 5654 1132 5653
f 5653 191 4590
f 4590 852 5654
f 5654 5653 4590
f 5661 1133 5656
f 5656 191 5653
f 5653 1132 5661
f 5661 5656 5653
f 5656 1133 5657
f 5657 192 2781
f 2781 191 5656
f 5656 5657 2781
f 5622 407 5626
f 5626 1126 5628
f 5628 1125 5622
f 5622 5626 5628
f 5626 407 5644
f 5644 1130 5648
f 5648 1126 5626
f 5626 5644 5648
f 5596 1117 5593
f 5593 192 5584
f 5584 1114 5596
f 5596 5593 5584
f 5593 1117 5594
f 5594 193 2783
f 2783 192 5593
f 5593 5594 2783
f 5660 1133 5659
f 5659 1119 5609
f 5609 1121 5660
f 5660 5659 5609
f 5659 1133 5666
f 5666 1134 5663
f 5663 1119 5659
f 5659 5666 5663
f 5615 1123 5664
f 5664 1134 5662
f 5662 408 5615
f 5615 5664 5662
f 5664 1123 5616
f 5616 1119 5663
f 5663 1134 5664
f 5664 5616 5663
f 5671 1135 5667
f 5667 408 5662
f 5662 1134 5671
f 5671 5667 5662
f 5667 1135 5668
f 5668 409 3300
f 3300 408 5667
f 5667 5668 3300
f 5676 1136 5672
f 5672 409 5668
f 5668 1135 5676
f 5676 5672 5668
f 5672 1136 5673
f 5673 848 4577
f 4577 409 5672
f 5672 5673 4577
f 5684 1138 5680
f 5680 1071 5677
f 5677 1137 5684
f 5684 5680 5677
f 5680 1138 5681
f 5681 1072 5421
f 5421 1071 5680
f 5680 5681 5421
f 5683 1110 5561
f 5561 1072 5681
f 5681 1138 5683
f 5683 5561 5681
f 5561 1110 5562
f 5562 1073 5424
f 5424 1072 5561
f 5561 5562 5424
f 4409 795 5426
f 5426 1076 5427
f 5427 796 4409
f 4409 5426 5427
f 5426 795 5431
f 5431 1077 5434
f 5434 1076 5426
f 5426 5431 5434
f 5444 800 5437
f 5437 1080 5446
f 5446 1082 5444
f 5444 5437 5446
f 5437 800 4418
f 4418 797 5436
f 5436 1080 5437
f 5437 4418 5436
f 5688 1083 5687
f 5687 1139 5689
f 5689 1140 5688
f 5688 5687 5689
f 5687 1083 5450
f 5450 1082 5686
f 5686 1139 5687
f 5687 5450 5686
f 5693 1141 5690
f 5690 1083 5688
f 5688 1140 5693
f 5693 5690 5688
f 5690 1141 5691
f 5691 1084 5452
f 5452 1083 5690
f 5690 5691 5452
f 5700 1142 5695
f 5695 1084 5691
f 5691 1141 5700
f 5700 5695 5691
f 5695 1142 5696
f 5696 1085 5455
f 5455 1084 5695
f 5695 5696 5455
f 5699 1142 5694
f 5694 848 5673
f 5673 1136 5699
f 5699 5694 5673
f 5694 1142 5697
f 5697 1086 5458
f 5458 848 5694
f 5694 5697 5458
f 5697 1142 5698
f 5698 1087 5462
f 5462 1086 5697
f 5697 5698 5462
f 5698 1142 5700
f 5700 1141 5692
f 5692 1087 5698
f 5698 5700 5692
f 5704 1143 5705
f 5705 1141 5693
f 5693 1140 5704
f 5704 5705 5693
f 5705 1143 5703
f 5703 1087 5692
f 5692 1141 5705
f 5705 5703 5692
f 5708 1144 5709
f 5709 1140 5689
f 5689 1139 5708
f 5708 5709 5689
f 5709 1144 5710
f 5710 1143 5704
f 5704 1140 5709
f 5709 5710 5704
f 5713 1145 5715
f 5715 1139 5685
f 5685 1079 5713
f 5713 5715 5685
f 5715 1145 5716
f 5716 1144 5708
f 5708 1139 5715
f 5715 5716 5708
f 5722 1146 5720
f 5720 1110 5683
f 5683 1138 5722
f 5722 5720 5683
f 5720 1146 5721
f 5721 1111 5569
f 5569 1110 5720
f 5720 5721 5569
f 5678 1090 5682
f 5682 1138 5684
f 5684 1137 5678
f 5678 5682 5684
f 5682 1090 5719
f 5719 1146 5722
f 5722 1138 5682
f 5682 5719 5722
f 5723 1091 5679
f 5679 1137 5724
f 5724 1147 5723
f 5723 5679 5724
f 5679 1091 5474
f 5474 1090 5678
f 5678 1137 5679
f 5679 5474 5678
f 5541 1104 5533
f 5533 1075 5537
f 5537 1105 5541
f 5541 5533 5537
f 5533 1104 5534
f 5534 1076 5429
f 5429 1075 5533
f 5533 5534 5429
f 5433 1077 5564
f 5564 1110 5563
f 5563 1074 5433
f 5433 5564 5563
f 5564 1077 5432
f 5432 1073 5562
f 5562 1110 5564
f 5564 5432 5562
f 5699 1136 5674
f 5674 1085 5696
f 5696 1142 5699
f 5699 5674 5696
f 5674 1136 5675
f 5675 1131 5652
f 5652 1085 5674
f 5674 5675 5652
f 5676 1135 5669
f 5669 1131 5675
f 5675 1136 5676
f 5676 5669 5675
f 5669 1135 5670
f 5670 1132 5655
f 5655 1131 5669
f 5669 5670 5655
f 5671 1134 5665
f 5665 1132 5670
f 5670 1135 5671
f 5671 5665 5670
f 5665 1134 5666
f 5666 1133 5661
f 5661 1132 5665
f 5665 5666 5661
f 5622 1125 5623
f 5623 408 3298
f 3298 407 5622
f 5622 5623 3298
f 5623 1125 5624
f 5624 1123 5615
f 5615 408 5623
f 5623 5624 5615
f 5606 1114 5658
f 5658 1133 5660
f 5660 1121 5606
f 5606 5658 5660
f 5658 1114 5584
f 5584 192 5657
f 5657 1133 5658
f 5658 5584 5657
f 4428 802 4618
f 4618 858 4619
f 4619 803 4428
f 4428 4618 4619
f 4618 802 5726
f 5726 1148 5729
f 5729 858 4618
f 4618 5726 5729
f 4423 54 5725
f 5725 1148 5726
f 5726 802 4423
f 4423 5725 5726
f 5725 54 5731
f 5731 1149 5734
f 5734 1148 5725
f 5725 5731 5734
f 2512 53 5730
f 5730 1149 5731
f 5731 54 2512
f 2512 5730 5731
f 5730 53 5735
f 5735 1150 5739
f 5739 1149 5730
f 5730 5735 5739
f 4391 789 5736
f 5736 1150 5735
f 5735 53 4391
f 4391 5736 5735
f 5736 789 5740
f 5740 1151 5745
f 5745 1150 5736
f 5736 5740 5745
f 4397 792 5741
f 5741 1151 5740
f 5740 789 4397
f 4397 5741 5740
f 5741 792 5278
f 5278 1033 5744
f 5744 1151 5741
f 5741 5278 5744
f 4453 813 5279
f 5279 1033 5278
f 5278 792 4453
f 4453 5279 5278
f 5279 813 5283
f 5283 1034 5287
f 5287 1033 5279
f 5279 5283 5287
f 4455 812 5282
f 5282 1034 5283
f 5283 813 4455
f 4455 5282 5283
f 5282 812 4573
f 4573 847 5284
f 5284 1034 5282
f 5282 4573 5284
f 4463 816 4565
f 4565 844 4566
f 4566 817 4463
f 4463 4565 4566
f 4565 816 4586
f 4586 851 4587
f 4587 844 4565
f 4565 4586 4587
f 5729 1148 5728
f 5728 857 4620
f 4620 858 5729
f 5729 5728 4620
f 5728 1148 5727
f 5727 833 4614
f 4614 857 5728
f 5728 5727 4614
f 5734 1149 5733
f 5733 833 5727
f 5727 1148 5734
f 5734 5733 5727
f 5733 1149 5732
f 5732 824 4521
f 4521 833 5733
f 5733 5732 4521
f 5739 1150 5738
f 5738 824 5732
f 5732 1149 5739
f 5739 5738 5732
f 5738 1150 5737
f 5737 821 4481
f 4481 824 5738
f 5738 5737 4481
f 5745 1151 5742
f 5742 821 5737
f 5737 1150 5745
f 5745 5742 5737
f 5742 1151 5743
f 5743 841 4554
f 4554 821 5742
f 5742 5743 4554
f 5744 1033 5280
f 5280 841 5743
f 5743 1151 5744
f 5744 5280 5743
f 5280 1033 5281
f 5281 1032 5276
f 5276 841 5280
f 5280 5281 5276
f 5263 1029 5259
f 5259 198 4443
f 4443 809 5263
f 5263 5259 4443
f 5259 1029 5264
f 5264 1028 5253
f 5253 198 5259
f 5259 5264 5253
f 5212 1019 5213
f 5213 770 4337
f 4337 199 5212
f 5212 5213 4337
f 5213 1019 5214
f 5214 771 4340
f 4340 770 5213
f 5213 5214 4340
f 4332 769 4333
f 4333 161 2731
f 2731 160 4332
f 4332 4333 2731
f 4333 769 5573
f 5573 1112 5570
f 5570 161 4333
f 4333 5573 5570
f 5570 1112 5571
f 5571 220 2837
f 2837 161 5570
f 5570 5571 2837
f 5571 1112 5572
f 5572 221 2838
f 2838 220 5571
f 5571 5572 2838
f 5583 1113 5578
f 5578 221 5572
f 5572 1112 5583
f 5583 5578 5572
f 5578 1113 5580
f 5580 223 2842
f 2842 221 5578
f 5578 5580 2842
f 3197 222 5579
f 5579 1113 5581
f 5581 367 3197
f 3197 5579 5581
f 5579 222 2843
f 2843 223 5580
f 5580 1113 5579
f 5579 2843 5580
f 3198 366 3193
f 3193 222 3197
f 3197 367 3198
f 3198 3193 3197
f 3193 366 3194
f 3194 306 3029
f 3029 222 3193
f 3193 3194 3029
f 5748 1152 5747
f 5747 366 3205
f 3205 371 5748
f 5748 5747 3205
f 5747 1152 5746
f 5746 306 3194
f 3194 366 5747
f 5747 5746 3194
f 5754 1153 5749
f 5749 604 4110
f 4110 705 5754
f 5754 5749 4110
f 5749 1153 5750
f 5750 605 3790
f 3790 604 5749
f 5749 5750 3790
f 3818 620 3816
f 3816 607 3809
f 3809 617 3818
f 3818 3816 3809
f 3816 620 3817
f 3817 608 3793
f 3793 607 3816
f 3816 3817 3793
f 3839 628 3837
f 3837 612 3826
f 3826 625 3839
f 3839 3837 3826
f 3837 628 3838
f 3838 613 3800
f 3800 612 3837
f 3837 3838 3800
f 4120 707 4119
f 4119 607 3795
f 3795 610 4120
f 4120 4119 3795
f 4119 707 4122
f 4122 655 3921
f 3921 607 4119
f 4119 4122 3921
f 4031 684 4015
f 4015 669 4028
f 4028 687 4031
f 4031 4015 4028
f 4015 684 4016
f 4016 670 3973
f 3973 669 4015
f 4015 4016 3973
f 4056 692 4052
f 4052 676 4041
f 4041 689 4056
f 4056 4052 4041
f 4052 692 4053
f 4053 677 3990
f 3990 676 4052
f 4052 4053 3990
f 3827 625 4004
f 4004 680 4003
f 4003 624 3827
f 3827 4004 4003
f 4004 625 3826
f 3826 612 4001
f 4001 680 4004
f 4004 3826 4001
f 3769 594 4021
f 4021 685 4020
f 4020 591 3769
f 3769 4021 4020
f 4021 594 3971
f 3971 670 4023
f 4023 685 4021
f 4021 3971 4023
f 4012 653 4022
f 4022 685 4024
f 4024 683 4012
f 4012 4022 4024
f 4022 653 4143
f 4143 711 4144
f 4144 685 4022
f 4022 4143 4144
f 3875 642 4171
f 4171 717 4170
f 4170 639 3875
f 3875 4171 4170
f 4171 642 4174
f 4174 718 4178
f 4178 717 4171
f 4171 4174 4178
f 4199 621 4186
f 4186 720 4202
f 4202 723 4199
f 4199 4186 4202
f 4186 621 4188
f 4188 721 4193
f 4193 720 4186
f 4186 4188 4193
f 4188 621 4002
f 4002 680 4192
f 4192 721 4188
f 4188 4002 4192
f 4002 621 3824
f 3824 624 4003
f 4003 680 4002
f 4002 3824 4003
f 3865 639 3866
f 3866 604 3788
f 3788 603 3865
f 3865 3866 3788
f 3866 639 4170
f 4170 717 4169
f 4169 604 3866
f 3866 4170 4169
f 4198 723 4197
f 4197 608 3817
f 3817 620 4198
f 4198 4197 3817
f 4197 723 4202
f 4202 720 4184
f 4184 608 4197
f 4197 4202 4184
f 3913 614 4142
f 4142 711 4143
f 4143 653 3913
f 3913 4142 4143
f 4142 614 3802
f 3802 613 4141
f 4141 711 4142
f 4142 3802 4141
f 5752 656 3923
f 3923 605 5750
f 5750 1153 5752
f 5752 3923 5750
f 3923 656 3926
f 3926 655 3919
f 3919 605 3923
f 3923 3926 3919
f 4179 719 4180
f 4180 676 3987
f 3987 675 4179
f 4179 4180 3987
f 4180 719 4183
f 4183 718 4175
f 4175 676 4180
f 4180 4183 4175
f 3993 678 3994
f 3994 669 3970
f 3970 668 3993
f 3993 3994 3970
f 3994 678 3996
f 3996 677 3988
f 3988 669 3994
f 3994 3996 3988
f 4138 672 3977
f 3977 592 4136
f 4136 710 4138
f 4138 3977 4136
f 3977 672 3978
f 3978 593 3768
f 3768 592 3977
f 3977 3978 3768
f 3643 537 3810
f 3810 618 3811
f 3811 538 3643
f 3643 3810 3811
f 3810 537 3813
f 3813 619 3815
f 3815 618 3810
f 3810 3813 3815
f 3963 666 3961
f 3961 622 3852
f 3852 635 3963
f 3963 3961 3852
f 3961 666 3962
f 3962 623 3823
f 3823 622 3961
f 3961 3962 3823
f 3758 588 3829
f 3829 626 3828
f 3828 585 3758
f 3758 3829 3828
f 3829 588 3833
f 3833 627 3836
f 3836 626 3829
f 3829 3833 3836
f 3995 678 3991
f 3991 630 3986
f 3986 675 3995
f 3995 3991 3986
f 3991 678 3992
f 3992 631 3844
f 3844 630 3991
f 3991 3992 3844
f 5754 705 4111
f 4111 633 5751
f 5751 1153 5754
f 5754 4111 5751
f 4111 705 4112
f 4112 634 3851
f 3851 633 4111
f 4111 4112 3851
f 4199 723 4200
f 4200 622 3820
f 3820 621 4199
f 4199 4200 3820
f 4200 723 4201
f 4201 636 3855
f 3855 622 4200
f 4200 4201 3855
f 4148 628 3864
f 3864 638 4149
f 4149 712 4148
f 4148 3864 4149
f 3864 628 3840
f 3840 627 3863
f 3863 638 3864
f 3864 3840 3863
f 3959 585 3821
f 3821 623 3962
f 3962 666 3959
f 3959 3821 3962
f 3821 585 3828
f 3828 626 3830
f 3830 623 3821
f 3821 3828 3830
f 4068 538 4078
f 4078 697 4082
f 4082 695 4068
f 4068 4078 4082
f 4078 538 3811
f 3811 618 4079
f 4079 697 4078
f 4078 3811 4079
f 3806 599 4106
f 4106 704 4107
f 4107 616 3806
f 3806 4106 4107
f 4106 599 3849
f 3849 634 4108
f 4108 704 4106
f 4106 3849 4108
f 5752 1153 5753
f 5753 697 4081
f 4081 656 5752
f 5752 5753 4081
f 5753 1153 5751
f 5751 633 4080
f 4080 697 5753
f 5753 5751 4080
f 4145 712 4146
f 4146 592 3766
f 3766 591 4145
f 4145 4146 3766
f 4146 712 4149
f 4149 638 3862
f 3862 592 4146
f 4146 4149 3862
f 3857 637 3858
f 3858 619 3813
f 3813 537 3857
f 3857 3858 3813
f 3858 637 3860
f 3860 636 3853
f 3853 619 3858
f 3858 3860 3853
f 4126 708 4127
f 4127 630 3842
f 3842 629 4126
f 4126 4127 3842
f 4127 708 4630
f 4630 860 4627
f 4627 630 4127
f 4127 4630 4627
f 4651 632 4648
f 4648 865 4654
f 4654 866 4651
f 4651 4648 4654
f 4648 632 3847
f 3847 631 4647
f 4647 865 4648
f 4648 3847 4647
f 4653 866 4650
f 4650 593 3978
f 3978 672 4653
f 4653 4650 3978
f 4650 866 4654
f 4654 865 4645
f 4645 593 4650
f 4650 4654 4645
f 4181 719 4182
f 4182 704 4109
f 4109 703 4181
f 4181 4182 4109
f 4182 719 4631
f 4631 860 4629
f 4629 704 4182
f 4182 4631 4629
f 5460 1087 5461
f 5461 851 4586
f 4586 816 5460
f 5460 5461 4586
f 5461 1087 5703
f 5703 1143 5702
f 5702 851 5461
f 5461 5703 5702
f 5702 1143 5701
f 5701 850 4589
f 4589 851 5702
f 5702 5701 4589
f 5701 1143 5710
f 5710 1144 5707
f 5707 850 5701
f 5701 5710 5707
f 5711 1145 5712
f 5712 788 4390
f 4390 787 5711
f 5711 5712 4390
f 5712 1145 5714
f 5714 1088 5464
f 5464 788 5712
f 5712 5714 5464
f 5542 152 5546
f 5546 1107 5550
f 5550 1106 5542
f 5542 5546 5550
f 5546 152 2715
f 2715 126 5545
f 5545 1107 5546
f 5546 2715 5545
f 5568 1108 5554
f 5554 1106 5567
f 5567 1111 5568
f 5568 5554 5567
f 5554 1108 5551
f 5551 152 5542
f 5542 1106 5554
f 5554 5551 5542
f 5568 1111 5565
f 5565 256 5553
f 5553 1108 5568
f 5568 5565 5553
f 5565 1111 5721
f 5721 1146 5718
f 5718 256 5565
f 5565 5721 5718
f 5718 1146 5717
f 5717 145 2906
f 2906 256 5718
f 5718 5717 2906
f 5717 1146 5719
f 5719 1090 5471
f 5471 145 5717
f 5717 5719 5471
f 5757 169 5756
f 5756 1154 5758
f 5758 1155 5757
f 5757 5756 5758
f 5756 169 2741
f 2741 168 5755
f 5755 1154 5756
f 5756 2741 5755
f 5761 183 5760
f 5760 1156 5762
f 5762 1157 5761
f 5761 5760 5762
f 5760 183 2769
f 2769 182 5759
f 5759 1156 5760
f 5760 2769 5759
f 5769 1159 5767
f 5767 322 5763
f 5763 1158 5769
f 5769 5767 5763
f 5767 1159 5773
f 5773 1160 5770
f 5770 322 5767
f 5767 5773 5770
f 5357 1053 5765
f 5765 1158 5766
f 5766 1054 5357
f 5357 5765 5766
f 5765 1053 5768
f 5768 1159 5769
f 5769 1158 5765
f 5765 5768 5769
f 5777 1053 5776
f 5776 1161 5779
f 5779 1162 5777
f 5777 5776 5779
f 5776 1053 5354
f 5354 742 5774
f 5774 1161 5776
f 5776 5354 5774
f 5045 978 5044
f 5044 185 4992
f 4992 966 5045
f 5045 5044 4992
f 5044 978 5043
f 5043 182 2772
f 2772 185 5044
f 5044 5043 2772
f 5782 977 5780
f 5780 1163 5784
f 5784 1164 5782
f 5782 5780 5784
f 5780 977 5772
f 5772 1160 5781
f 5781 1163 5780
f 5780 5772 5781
f 2771 183 5096
f 5096 989 5097
f 5097 184 2771
f 2771 5096 5097
f 5096 183 5787
f 5787 1165 5788
f 5788 989 5096
f 5096 5787 5788
f 5788 1165 5785
f 5785 167 5095
f 5095 989 5788
f 5788 5785 5095
f 5785 1165 5786
f 5786 168 2739
f 2739 167 5785
f 5785 5786 2739
f 2740 169 5418
f 5418 1071 5417
f 5417 166 2740
f 2740 5418 5417
f 5418 169 5790
f 5790 1166 5791
f 5791 1071 5418
f 5418 5790 5791
f 5724 1137 5792
f 5792 1166 5793
f 5793 1147 5724
f 5724 5792 5793
f 5792 1137 5677
f 5677 1071 5791
f 5791 1166 5792
f 5792 5677 5791
f 5798 1168 5797
f 5797 1147 5795
f 5795 1167 5798
f 5798 5797 5795
f 5797 1168 5796
f 5796 1091 5723
f 5723 1147 5797
f 5797 5796 5723
f 5801 1169 5800
f 5800 1091 5796
f 5796 1168 5801
f 5801 5800 5796
f 5800 1169 5799
f 5799 146 5473
f 5473 1091 5800
f 5800 5799 5473
f 5808 1172 5807
f 5807 1170 5803
f 5803 1171 5808
f 5808 5807 5803
f 5807 1172 5812
f 5812 1173 5811
f 5811 1170 5807
f 5807 5812 5811
f 5819 1176 5818
f 5818 1174 5815
f 5815 1175 5819
f 5819 5818 5815
f 5818 1176 5823
f 5823 1177 5822
f 5822 1174 5818
f 5818 5823 5822
f 5827 1178 5824
f 5824 28 5173
f 5173 1009 5827
f 5827 5824 5173
f 5824 1178 5833
f 5833 1179 5829
f 5829 28 5824
f 5824 5833 5829
f 5842 1181 5840
f 5840 1170 5836
f 5836 1180 5842
f 5842 5840 5836
f 5840 1181 5841
f 5841 1177 5820
f 5820 1170 5840
f 5840 5841 5820
f 5809 405 5847
f 5847 1182 5848
f 5848 1173 5809
f 5809 5847 5848
f 5847 405 3293
f 3293 279 5846
f 5846 1182 5847
f 5847 3293 5846
f 5829 1179 5830
f 5830 29 2477
f 2477 28 5829
f 5829 5830 2477
f 5830 1179 5854
f 5854 1183 5850
f 5850 29 5830
f 5830 5854 5850
f 5850 1183 5852
f 5852 459 3438
f 3438 29 5850
f 5850 5852 3438
f 5852 1183 5851
f 5851 456 3440
f 3440 459 5852
f 5852 5851 3440
f 5859 1181 5838
f 5838 85 5855
f 5855 1184 5859
f 5859 5838 5855
f 5838 1181 5839
f 5839 86 2583
f 2583 85 5838
f 5838 5839 2583
f 5849 1182 5843
f 5843 15 5834
f 5834 1180 5849
f 5849 5843 5834
f 5843 1182 5844
f 5844 16 2458
f 2458 15 5843
f 5843 5844 2458
f 2776 187 3602
f 3602 515 3603
f 3603 188 2776
f 2776 3602 3603
f 3602 187 2787
f 2787 197 3604
f 3604 515 3602
f 3602 2787 3604
f 3551 187 4485
f 4485 825 4486
f 4486 500 3551
f 3551 4485 4486
f 4485 187 2774
f 2774 186 4484
f 4484 825 4485
f 4485 2774 4484
f 3551 500 3553
f 3553 197 2787
f 2787 187 3551
f 3551 3553 2787
f 3553 500 3552
f 3552 194 2788
f 2788 197 3553
f 3553 3552 2788
f 5861 1185 5862
f 5862 462 3454
f 3454 372 5861
f 5861 5862 3454
f 5862 1185 5865
f 5865 1186 5864
f 5864 462 5862
f 5862 5865 5864
f 5867 1187 5866
f 5866 328 3077
f 3077 331 5867
f 5867 5866 3077
f 5866 1187 5868
f 5868 1010 5178
f 5178 328 5866
f 5866 5868 5178
f 5869 1188 5870
f 5870 992 5111
f 5111 272 5869
f 5869 5870 5111
f 5870 1188 5873
f 5873 1189 5871
f 5871 992 5870
f 5870 5873 5871
f 4954 958 4955
f 4955 271 2944
f 2944 115 4954
f 4954 4955 2944
f 4955 958 5876
f 5876 1190 5874
f 5874 271 4955
f 4955 5876 5874
f 5879 365 5863
f 5863 1186 5881
f 5881 1191 5879
f 5879 5863 5881
f 5863 365 3453
f 3453 462 5864
f 5864 1186 5863
f 5863 3453 5864
f 5884 958 5883
f 5883 1192 5886
f 5886 1193 5884
f 5884 5883 5886
f 5883 958 4956
f 4956 957 5882
f 5882 1192 5883
f 5883 4956 5882
f 5888 1194 5887
f 5887 331 5113
f 5113 993 5888
f 5888 5887 5113
f 5887 1194 5889
f 5889 1187 5867
f 5867 331 5887
f 5887 5889 5867
f 5891 1195 5892
f 5892 1011 5181
f 5181 1010 5891
f 5891 5892 5181
f 5892 1195 5895
f 5895 1196 5894
f 5894 1011 5892
f 5892 5895 5894
f 5882 957 5896
f 5896 1197 5898
f 5898 1192 5882
f 5882 5896 5898
f 5896 957 5184
f 5184 1012 5897
f 5897 1197 5896
f 5896 5184 5897
f 5894 1196 5893
f 5893 402 5180
f 5180 1011 5894
f 5894 5893 5180
f 5893 1196 5902
f 5902 1198 5901
f 5901 402 5893
f 5893 5902 5901
f 5183 117 5878
f 5878 1191 5880
f 5880 1012 5183
f 5183 5878 5880
f 5878 117 3191
f 3191 365 5879
f 5879 1191 5878
f 5878 3191 5879
f 3244 292 5899
f 5899 1198 5900
f 5900 386 3244
f 3244 5899 5900
f 5899 292 3286
f 3286 402 5901
f 5901 1198 5899
f 5899 3286 5901
f 5903 746 4276
f 4276 749 5904
f 5904 5903 4276
f 5905 746 5903
f 5914 1201 5913
f 5913 1199 5909
f 5909 1200 5914
f 5914 5913 5909
f 5913 1201 5912
f 5912 745 5907
f 5907 1199 5913
f 5913 5912 5907
f 5915 747 5350
f 5350 1052 5919
f 5919 1202 5915
f 5915 5350 5919
f 5350 747 5923
f 5923 1203 5925
f 5925 1052 5350
f 5350 5923 5925
f 5927 746 5905
f 5936 1207 5935
f 5935 1204 5931
f 5931 1206 5936
f 5936 5935 5931
f 5935 1207 5934
f 5934 1203 5928
f 5928 1204 5935
f 5935 5934 5928
f 2860 231 5926
f 5926 231 5929
f 5908 1200 5930
f 5930 1205 5929
f 5929 231 5908
f 5908 5930 5929
f 5930 1200 5938
f 5938 1208 5939
f 5939 1205 5930
f 5930 5938 5939
f 5942 1209 5946
f 5946 1199 5906
f 5906 740 5942
f 5942 5946 5906
f 5946 1209 5952
f 5952 1210 5949
f 5949 1199 5946
f 5946 5952 5949
f 5415 1070 5414
f 5414 739 5355
f 5355 1054 5415
f 5415 5414 5355
f 5414 1070 5416
f 5416 1069 5409
f 5409 739 5414
f 5414 5416 5409
f 5958 1211 5956
f 5956 1054 5766
f 5766 1158 5958
f 5958 5956 5766
f 5956 1211 5957
f 5957 1070 5415
f 5415 1054 5956
f 5956 5957 5415
f 5953 1211 5955
f 5955 973 5023
f 5023 249 5953
f 5953 5955 5023
f 5955 1211 5954
f 5954 325 5024
f 5024 973 5955
f 5955 5954 5024
f 5958 1158 5764
f 5764 325 5954
f 5954 1211 5958
f 5958 5764 5954
f 5764 1158 5763
f 5763 322 3063
f 3063 325 5764
f 5764 5763 3063
f 5907 745 4269
f 4269 740 5906
f 5906 1199 5907
f 5907 4269 5906
f 4269 745 4270
f 4270 741 4262
f 4262 740 4269
f 4269 4270 4262
f 5411 1068 5944
f 5944 1209 5945
f 5945 1069 5411
f 5411 5944 5945
f 5944 1068 5407
f 5407 1050 5943
f 5943 1209 5944
f 5944 5407 5943
f 4285 750 5360
f 5360 1055 5361
f 5361 753 4285
f 4285 5360 5361
f 5360 750 5364
f 5364 1056 5366
f 5366 1055 5360
f 5360 5364 5366
f 5917 1202 5920
f 5920 1057 5369
f 5369 752 5917
f 5917 5920 5369
f 5920 1202 5921
f 5921 1058 5374
f 5374 1057 5920
f 5920 5921 5374
f 4291 753 5377
f 5377 1059 5378
f 5378 755 4291
f 4291 5377 5378
f 5377 753 5361
f 5361 1055 5379
f 5379 1059 5377
f 5377 5361 5379
f 5967 1213 5965
f 5965 1060 5961
f 5961 1212 5967
f 5967 5965 5961
f 5965 1213 5966
f 5966 1061 5384
f 5384 1060 5965
f 5965 5966 5384
f 5975 1215 5973
f 5973 1062 5970
f 5970 1214 5975
f 5975 5973 5970
f 5973 1215 5974
f 5974 1063 5388
f 5388 1062 5973
f 5973 5974 5388
f 5921 1202 5918
f 5918 1051 5373
f 5373 1058 5921
f 5921 5918 5373
f 5918 1202 5919
f 5919 1052 5353
f 5353 1051 5918
f 5918 5919 5353
f 5976 755 5391
f 5391 1064 5979
f 5979 1216 5976
f 5976 5391 5979
f 5391 755 5378
f 5378 1059 5392
f 5392 1064 5391
f 5391 5378 5392
f 5986 1217 5983
f 5983 1063 5974
f 5974 1215 5986
f 5986 5983 5974
f 5983 1217 5984
f 5984 1065 5396
f 5396 1063 5983
f 5983 5984 5396
f 4284 752 5365
f 5365 1056 5364
f 5364 750 4284
f 4284 5365 5364
f 5365 752 5369
f 5369 1057 5370
f 5370 1056 5365
f 5365 5369 5370
f 5997 1219 5994
f 5994 1066 5990
f 5990 1218 5997
f 5997 5994 5990
f 5994 1219 5995
f 5995 1067 5403
f 5403 1066 5994
f 5994 5995 5403
f 5409 1069 5410
f 5410 740 4260
f 4260 739 5409
f 5409 5410 4260
f 5410 1069 5945
f 5945 1209 5942
f 5942 740 5410
f 5410 5945 5942
f 4985 338 3088
f 3088 280 4984
f 4984 964 4985
f 4985 3088 4984
f 3088 338 3089
f 3089 281 2969
f 2969 280 3088
f 3088 3089 2969
f 5000 967 4996
f 4996 323 4994
f 4994 966 5000
f 5000 4996 4994
f 4996 967 4997
f 4997 324 3062
f 3062 323 4996
f 4996 4997 3062
f 5008 969 5004
f 5004 380 3524
f 3524 491 5008
f 5008 5004 3524
f 5004 969 5005
f 5005 381 3235
f 3235 380 5004
f 5004 5005 3235
f 3237 384 3251
f 3251 389 3250
f 3250 263 3237
f 3237 3251 3250
f 3251 384 3253
f 3253 390 3255
f 3255 389 3251
f 3251 3253 3255
f 5015 971 5013
f 5013 484 3516
f 3516 487 5015
f 5015 5013 3516
f 5013 971 5014
f 5014 485 3513
f 3513 484 5013
f 5013 5014 3513
f 3526 492 3537
f 3537 494 3536
f 3536 337 3526
f 3526 3537 3536
f 3537 492 3542
f 3542 495 3543
f 3543 494 3537
f 3537 3542 3543
f 3274 399 3275
f 3275 389 3252
f 3252 388 3274
f 3274 3275 3252
f 3275 399 4983
f 4983 963 4981
f 4981 389 3275
f 3275 4983 4981
f 2821 215 3534
f 3534 494 3533
f 3533 138 2821
f 2821 3534 3533
f 3534 215 2968
f 2968 281 3535
f 3535 494 3534
f 3534 2968 3535
f 2567 73 3509
f 3509 484 3510
f 3510 80 2567
f 2567 3509 3510
f 3509 73 5018
f 5018 972 5020
f 5020 484 3509
f 3509 5018 5020
f 2506 50 3232
f 3232 380 3231
f 3231 47 2506
f 2506 3232 3231
f 3232 50 3538
f 3538 495 3540
f 3540 380 3232
f 3232 3538 3540
f 4998 496 3544
f 3544 324 4997
f 4997 967 4998
f 4998 3544 4997
f 3544 496 5027
f 5027 974 5025
f 5025 324 3544
f 3544 5027 5025
f 5770 1160 5771
f 5771 323 3060
f 3060 322 5770
f 5770 5771 3060
f 5771 1160 5772
f 5772 977 5041
f 5041 323 5771
f 5771 5772 5041
f 5035 976 5038
f 5038 280 2966
f 2966 214 5035
f 5035 5038 2966
f 5038 976 5040
f 5040 975 5030
f 5030 280 5038
f 5038 5040 5030
f 5910 230 5999
f 5999 1221 6002
f 6002 1201 5910
f 5910 5999 6002
f 5999 230 5998
f 5998 1220 6003
f 6003 1221 5999
f 5999 5998 6003
f 5915 1202 5916
f 5916 748 4274
f 4274 747 5915
f 5915 5916 4274
f 5916 1202 5917
f 5917 752 4283
f 4283 748 5916
f 5916 5917 4283
f 4280 224 4273
f 4273 748 4281
f 4281 751 4280
f 4280 4273 4281
f 4273 224 4275
f 4275 749 4278
f 4278 748 4273
f 4273 4275 4278
f 2844 224 4287
f 4287 754 4288
f 4288 225 2844
f 2844 4287 4288
f 4287 224 4280
f 4280 751 4289
f 4289 754 4287
f 4287 4280 4289
f 2947 225 4293
f 4293 756 4294
f 4294 273 2947
f 2947 4293 4294
f 4293 225 4288
f 4288 754 4295
f 4295 756 4293
f 4293 4288 4295
f 5976 1216 5977
f 5977 756 4296
f 4296 755 5976
f 5976 5977 4296
f 5977 1216 5978
f 5978 757 4299
f 4299 756 5977
f 5977 5978 4299
f 5996 1219 5992
f 5992 757 5978
f 5978 1216 5996
f 5996 5992 5978
f 5992 1219 5993
f 5993 758 4302
f 4302 757 5992
f 5992 5993 4302
f 5991 1213 5963
f 5963 760 5988
f 5988 1218 5991
f 5991 5963 5988
f 5963 1213 5964
f 5964 761 4310
f 4310 760 5963
f 5963 5964 4310
f 5985 1217 5981
f 5981 762 5960
f 5960 1212 5985
f 5985 5981 5960
f 5981 1217 5982
f 5982 763 4316
f 4316 762 5981
f 5981 5982 4316
f 5975 1214 5968
f 5968 764 5972
f 5972 1215 5975
f 5975 5968 5972
f 5968 1214 5969
f 5969 765 4322
f 4322 764 5968
f 5968 5969 4322
f 6006 1222 6004
f 6004 765 5969
f 5969 1214 6006
f 6006 6004 5969
f 6004 1222 6005
f 6005 766 4324
f 4324 765 6004
f 6004 6005 4324
f 5908 231 5911
f 5911 1201 5914
f 5914 1200 5908
f 5908 5911 5914
f 5911 231 2858
f 2858 230 5910
f 5910 1201 5911
f 5911 2858 5910
f 4272 746 5922
f 5922 1203 5923
f 5923 747 4272
f 4272 5922 5923
f 5922 746 5927
f 5927 1204 5928
f 5928 1203 5922
f 5922 5927 5928
f 5933 1207 5950
f 5950 1210 5947
f 5947 1049 5933
f 5933 5950 5947
f 5950 1207 5941
f 5941 1208 5951
f 5951 1210 5950
f 5950 5941 5951
f 5909 1199 5937
f 5937 1208 5938
f 5938 1200 5909
f 5909 5937 5938
f 5937 1199 5949
f 5949 1210 5951
f 5951 1208 5937
f 5937 5949 5951
f 6007 1223 6008
f 6008 1186 5865
f 5865 1185 6007
f 6007 6008 5865
f 6008 1223 6011
f 6011 1224 6009
f 6009 1186 6008
f 6008 6011 6009
f 6009 1224 6010
f 6010 1191 5881
f 5881 1186 6009
f 6009 6010 5881
f 6010 1224 6015
f 6015 1225 6013
f 6013 1191 6010
f 6010 6015 6013
f 5897 1012 6012
f 6012 1225 6014
f 6014 1197 5897
f 5897 6012 6014
f 6012 1012 5880
f 5880 1191 6013
f 6013 1225 6012
f 6012 5880 6013
f 5782 1164 5783
f 5783 978 5046
f 5046 977 5782
f 5782 5783 5046
f 5783 1164 6019
f 6019 1226 6017
f 6017 978 5783
f 5783 6019 6017
f 4246 734 4247
f 4247 517 3615
f 3615 516 4246
f 4246 4247 3615
f 4247 734 4248
f 4248 733 4242
f 4242 517 4247
f 4247 4248 4242
f 3614 517 3613
f 3613 189 3371
f 3371 437 3614
f 3614 3613 3371
f 3613 517 3612
f 3612 186 2777
f 2777 189 3613
f 3613 3612 2777
f 5203 1016 5204
f 5204 370 3204
f 3204 369 5203
f 5203 5204 3204
f 5204 1016 5210
f 5210 1018 5209
f 5209 370 5204
f 5204 5210 5209
f 4210 725 6022
f 6022 1227 6021
f 6021 303 4210
f 4210 6022 6021
f 6022 725 4214
f 4214 727 6023
f 6023 1227 6022
f 6022 4214 6023
f 2912 82 3270
f 3270 398 3271
f 3271 259 2912
f 2912 3270 3271
f 3270 82 2573
f 2573 81 3269
f 3269 398 3270
f 3270 2573 3269
f 2869 96 2913
f 2913 259 2914
f 2914 235 2869
f 2869 2913 2914
f 2913 96 2607
f 2607 82 2912
f 2912 259 2913
f 2913 2607 2912
f 2608 96 3502
f 3502 481 3501
f 3501 95 2608
f 2608 3502 3501
f 3502 96 2871
f 2871 237 3503
f 3503 481 3502
f 3502 2871 3503
f 4304 483 3578
f 3269 81 6025
f 6025 1228 6027
f 6027 398 3269
f 3269 6025 6027
f 6025 81 3512
f 3512 485 6028
f 6028 1228 6025
f 6025 3512 6028
f 3508 483 4312
f 4312 762 4311
f 4311 296 3508
f 3508 4312 4311
f 4312 483 4308
f 4308 761 4313
f 4313 762 4312
f 4312 4308 4313
f 6038 971 6033
f 6033 1229 6040
f 6040 1230 6038
f 6038 6033 6040
f 6033 971 5016
f 5016 970 6032
f 6032 1229 6033
f 6033 5016 6032
f 3503 237 5397
f 5397 1066 5398
f 5398 481 3503
f 3503 5397 5398
f 5397 237 5383
f 5383 1061 5399
f 5399 1066 5397
f 5397 5383 5399
f 5399 1061 5989
f 5989 1218 5990
f 5990 1066 5399
f 5399 5989 5990
f 5989 1061 5966
f 5966 1213 5991
f 5991 1218 5989
f 5989 5966 5991
f 6028 485 6037
f 6037 1230 6039
f 6039 1228 6028
f 6028 6037 6039
f 6037 485 5014
f 5014 971 6038
f 6038 1230 6037
f 6037 5014 6038
f 4313 761 5959
f 5959 1212 5960
f 5960 762 4313
f 4313 5959 5960
f 5959 761 5964
f 5964 1213 5967
f 5967 1212 5959
f 5959 5964 5967
f 2566 74 2568
f 2568 80 2569
f 2569 79 2566
f 2566 2568 2569
f 2568 74 2556
f 2556 73 2567
f 2567 80 2568
f 2568 2556 2567
f 2555 74 2950
f 2950 274 2949
f 2949 71 2555
f 2555 2950 2949
f 2950 74 2671
f 2671 122 2952
f 2952 274 2950
f 2950 2671 2952
f 2882 245 4303
f 2952 122 2954
f 2954 275 2956
f 2956 274 2952
f 2952 2954 2956
f 2954 122 3505
f 3505 482 3506
f 3506 275 2954
f 2954 3505 3506
f 5001 489 5007
f 5007 969 5009
f 5009 968 5001
f 5001 5007 5009
f 5007 489 3523
f 3523 488 5006
f 5006 969 5007
f 5007 3523 5006
f 4303 245 4305
f 4305 760 4307
f 4307 759 4303
f 4303 4305 4307
f 4305 245 4301
f 4301 758 4306
f 4306 760 4305
f 4305 4301 4306
f 5006 488 3518
f 3518 381 5005
f 5005 969 5006
f 5006 3518 5005
f 3518 488 5022
f 5022 972 5019
f 5019 381 3518
f 3518 5022 5019
f 3506 482 5390
f 5390 1064 5389
f 5389 275 3506
f 3506 5390 5389
f 5390 482 5401
f 5401 1067 5402
f 5402 1064 5390
f 5390 5401 5402
f 5402 1067 5980
f 5980 1216 5979
f 5979 1064 5402
f 5402 5980 5979
f 5980 1067 5995
f 5995 1219 5996
f 5996 1216 5980
f 5980 5995 5996
f 5019 972 5017
f 5017 72 3234
f 3234 381 5019
f 5019 5017 3234
f 5017 972 5018
f 5018 73 2554
f 2554 72 5017
f 5017 5018 2554
f 4306 758 5987
f 5987 1218 5988
f 5988 760 4306
f 4306 5987 5988
f 5987 758 5993
f 5993 1219 5997
f 5997 1218 5987
f 5987 5993 5997
f 5226 31 6041
f 6041 1231 6046
f 6046 1023 5226
f 5226 6041 6046
f 6041 31 2482
f 2482 34 6042
f 6042 1231 6041
f 6041 2482 6042
f 6032 970 5079
f 5079 985 6034
f 6034 1229 6032
f 6032 5079 6034
f 5079 970 5010
f 5010 33 5076
f 5076 985 5079
f 5079 5010 5076
f 5011 486 3514
f 3514 33 5010
f 5010 970 5011
f 5011 3514 5010
f 3514 486 3515
f 3515 34 2484
f 2484 33 3514
f 3514 3515 2484
f 3522 489 3521
f 3521 34 3515
f 3515 486 3522
f 3522 3521 3515
f 3521 489 6043
f 6043 1231 6042
f 6042 34 3521
f 3521 6043 6042
f 6045 1231 6044
f 6044 968 5088
f 5088 987 6045
f 6045 6044 5088
f 6044 1231 6043
f 6043 489 5001
f 5001 968 6044
f 6044 6043 5001
f 4543 839 4544
f 4544 131 2684
f 2684 130 4543
f 4543 4544 2684
f 4544 839 5326
f 5326 1044 5322
f 5322 131 4544
f 4544 5326 5322
f 2904 148 5556
f 5556 1109 5559
f 5559 255 2904
f 2904 5556 5559
f 5556 148 2707
f 2707 147 5555
f 5555 1109 5556
f 5556 2707 5555
f 5953 249 5413
f 5413 1070 5957
f 5957 1211 5953
f 5953 5413 5957
f 5413 249 2889
f 2889 248 5412
f 5412 1070 5413
f 5413 2889 5412
f 3039 252 5101
f 5101 990 5103
f 5103 312 3039
f 3039 5101 5103
f 5101 252 2895
f 2895 251 5100
f 5100 990 5101
f 5101 2895 5100
f 5233 301 4209
f 4209 725 5236
f 5236 1024 5233
f 5233 4209 5236
f 4209 301 3022
f 3022 300 4208
f 4208 725 4209
f 4209 3022 4208
f 3054 319 4382
f 4382 785 4380
f 4380 124 3054
f 3054 4382 4380
f 4382 319 3055
f 3055 318 4381
f 4381 785 4382
f 4382 3055 4381
f 5341 253 3069
f 3069 327 5342
f 5342 1048 5341
f 5341 3069 5342
f 3069 253 2898
f 2898 252 3068
f 3068 327 3069
f 3069 2898 3068
f 5338 1046 5334
f 5334 470 5337
f 5337 1047 5338
f 5338 5334 5337
f 5334 1046 5335
f 5335 471 3480
f 3480 470 5334
f 5334 5335 3480
f 5640 474 5647
f 5647 1130 5649
f 5649 1129 5640
f 5640 5647 5649
f 5647 474 3485
f 3485 473 5646
f 5646 1130 5647
f 5647 3485 5646
f 3545 497 4999
f 4999 967 4995
f 4995 298 3545
f 3545 4999 4995
f 4999 497 3546
f 3546 496 4998
f 4998 967 4999
f 4999 3546 4998
f 5322 1044 5325
f 5325 501 3555
f 3555 131 5322
f 5322 5325 3555
f 5325 1044 5330
f 5330 1045 5329
f 5329 501 5325
f 5325 5330 5329
f 6049 726 4211
f 4211 143 6047
f 6047 1232 6049
f 6049 4211 6047
f 4211 726 4212
f 4212 300 3017
f 3017 143 4211
f 4211 4212 3017
f 4347 773 4344
f 4344 123 2712
f 2712 151 4347
f 4347 4344 2712
f 4344 773 4348
f 4348 772 4341
f 4341 123 4344
f 4344 4348 4341
f 5268 793 4400
f 4400 321 5265
f 5265 1030 5268
f 5268 4400 5265
f 4400 793 4399
f 4399 318 3058
f 3058 321 4400
f 4400 4399 3058
f 5320 840 4549
f 4549 806 5318
f 5318 1043 5320
f 5320 4549 5318
f 4549 840 4550
f 4550 807 4438
f 4438 806 4549
f 4549 4550 4438
f 4456 814 4457
f 4457 812 4452
f 4452 811 4456
f 4456 4457 4452
f 4457 814 4461
f 4461 817 4460
f 4460 812 4457
f 4457 4461 4460
f 5315 1042 5313
f 5313 836 4633
f 4633 861 5315
f 5315 5313 4633
f 5313 1042 5314
f 5314 837 4537
f 4537 836 5313
f 5313 5314 4537
f 5321 1043 5319
f 5319 837 5314
f 5314 1042 5321
f 5321 5319 5314
f 5319 1043 5318
f 5318 806 4536
f 4536 837 5319
f 5319 5318 4536
f 2683 129 4435
f 4435 807 4436
f 4436 130 2683
f 2683 4435 4436
f 4435 129 4439
f 4439 808 4442
f 4442 807 4435
f 4435 4439 4442
f 5640 1129 5641
f 5641 842 4556
f 4556 474 5640
f 5640 5641 4556
f 5641 1129 5643
f 5643 1128 5637
f 5637 842 5641
f 5641 5643 5637
f 5637 1128 5635
f 5635 811 4557
f 4557 842 5637
f 5637 5635 4557
f 5635 1128 5636
f 5636 814 4456
f 4456 811 5635
f 5635 5636 4456
f 5284 847 5272
f 5272 1031 5285
f 5285 1034 5284
f 5284 5272 5285
f 5272 847 4576
f 4576 846 5271
f 5271 1031 5272
f 5272 4576 5271
f 2782 193 4534
f 4534 836 4533
f 4533 190 2782
f 2782 4534 4533
f 4534 193 4634
f 4634 862 4635
f 4635 836 4534
f 4534 4634 4635
f 5025 974 5026
f 5026 325 3064
f 3064 324 5025
f 5025 5026 3064
f 5026 974 5029
f 5029 973 5024
f 5024 325 5026
f 5026 5029 5024
f 5068 983 5067
f 5067 298 3016
f 3016 299 5068
f 5068 5067 3016
f 5067 983 5069
f 5069 497 3545
f 3545 298 5067
f 5067 5069 3545
f 5100 251 3015
f 3015 299 5102
f 5102 990 5100
f 5100 3015 5102
f 3015 251 5065
f 5065 983 5068
f 5068 299 3015
f 3015 5065 5068
f 5943 1050 5948
f 5948 1210 5952
f 5952 1209 5943
f 5943 5948 5952
f 5948 1050 5346
f 5346 1049 5947
f 5947 1210 5948
f 5948 5346 5947
f 5404 1068 5405
f 5405 247 2887
f 2887 246 5404
f 5404 5405 2887
f 5405 1068 5406
f 5406 248 2888
f 2888 247 5405
f 5405 5406 2888
f 5521 1102 5522
f 5522 470 3477
f 3477 469 5521
f 5521 5522 3477
f 5522 1102 5524
f 5524 1100 5513
f 5513 470 5522
f 5522 5524 5513
f 3481 472 3482
f 3482 327 3070
f 3070 326 3481
f 3481 3482 3070
f 3482 472 3484
f 3484 471 3478
f 3478 327 3482
f 3482 3484 3478
f 5555 147 2714
f 2714 151 5557
f 5557 1109 5555
f 5555 2714 5557
f 2714 147 4345
f 4345 773 4347
f 4347 151 2714
f 2714 4345 4347
f 2709 148 5231
f 5231 1024 5232
f 5232 149 2709
f 2709 5231 5232
f 5231 148 3020
f 3020 301 5233
f 5233 1024 5231
f 5231 3020 5233
f 5310 1041 5586
f 5586 1115 5585
f 5585 1040 5310
f 5310 5586 5585
f 5586 1041 5590
f 5590 1116 5592
f 5592 1115 5586
f 5586 5590 5592
f 5606 1121 5607
f 5607 1115 5587
f 5587 1114 5606
f 5606 5607 5587
f 5607 1121 5608
f 5608 1118 5600
f 5600 1115 5607
f 5607 5608 5600
f 5303 1039 5603
f 5603 1120 5602
f 5602 1038 5303
f 5303 5603 5602
f 5603 1039 5598
f 5598 1118 5604
f 5604 1120 5603
f 5603 5598 5604
f 5602 1120 5601
f 5601 1037 5300
f 5300 1038 5602
f 5602 5601 5300
f 5601 1120 5614
f 5614 1122 5612
f 5612 1037 5601
f 5601 5614 5612
f 5625 1124 5621
f 5621 1123 5624
f 5624 1125 5625
f 5625 5621 5624
f 5621 1124 5620
f 5620 1122 5617
f 5617 1123 5621
f 5621 5620 5617
f 5619 1124 5618
f 5618 1035 5293
f 5293 1036 5619
f 5619 5618 5293
f 5618 1124 5632
f 5632 1127 5631
f 5631 1035 5618
f 5618 5632 5631
f 5646 473 5627
f 5627 1126 5648
f 5648 1130 5646
f 5646 5627 5648
f 5627 473 5629
f 5629 1127 5634
f 5634 1126 5627
f 5627 5629 5634
f 5594 1117 5595
f 5595 862 4634
f 4634 193 5594
f 5594 5595 4634
f 5595 1117 5597
f 5597 1116 5588
f 5588 862 5595
f 5595 5597 5588
f 4575 847 4574
f 4574 817 4566
f 4566 844 4575
f 4575 4574 4566
f 4574 847 4573
f 4573 812 4460
f 4460 817 4574
f 4574 4573 4460
f 5939 1208 5940
f 5940 1206 5932
f 5932 1205 5939
f 5939 5940 5932
f 5940 1208 5941
f 5941 1207 5936
f 5936 1206 5940
f 5940 5941 5936
f 2894 249 5036
f 5036 976 5037
f 5037 250 2894
f 2894 5036 5037
f 5036 249 5023
f 5023 973 5039
f 5039 976 5036
f 5036 5023 5039
f 5349 1050 5345
f 5345 246 5348
f 5348 1051 5349
f 5349 5345 5348
f 5345 1050 5407
f 5407 1068 5404
f 5404 246 5345
f 5345 5407 5404
f 5034 974 5028
f 5028 499 5031
f 5031 975 5034
f 5034 5028 5031
f 5028 974 5027
f 5027 496 3549
f 3549 499 5028
f 5028 5027 3549
f 5925 1203 5924
f 5924 1049 5351
f 5351 1052 5925
f 5925 5924 5351
f 5924 1203 5934
f 5934 1207 5933
f 5933 1049 5924
f 5924 5934 5933
f 2962 103 2617
f 2617 16 2961
f 2961 278 2962
f 2962 2617 2961
f 2617 103 2618
f 2618 17 2459
f 2459 16 2617
f 2617 2618 2459
f 2491 41 2577
f 2577 83 2576
f 2576 12 2491
f 2491 2577 2576
f 2577 41 3172
f 3172 361 3173
f 3173 83 2577
f 2577 3172 3173
f 2620 102 2614
f 2614 17 2618
f 2618 103 2620
f 2620 2614 2618
f 2614 102 2615
f 2615 69 2545
f 2545 17 2614
f 2614 2615 2545
f 3226 200 2794
f 2794 127 3225
f 3225 379 3226
f 3226 2794 3225
f 2794 200 2795
f 2795 128 2682
f 2682 127 2794
f 2794 2795 2682
f 4334 23 2791
f 2791 199 4337
f 4337 770 4334
f 4334 2791 4337
f 2791 23 2680
f 2680 128 2792
f 2792 199 2791
f 2791 2680 2792
f 2920 261 2921
f 2921 257 2908
f 2908 241 2920
f 2920 2921 2908
f 2921 261 2922
f 2922 260 2916
f 2916 257 2921
f 2921 2922 2916
f 6030 265 6036
f 6036 1230 6040
f 6040 1229 6030
f 6030 6036 6040
f 6036 265 2927
f 2927 264 6035
f 6035 1230 6036
f 6036 2927 6035
f 5077 266 6031
f 6031 1229 6034
f 6034 985 5077
f 5077 6031 6034
f 6031 266 2928
f 2928 265 6030
f 6030 1229 6031
f 6031 2928 6030
f 2564 78 2934
f 2934 269 2933
f 2933 75 2564
f 2564 2934 2933
f 2934 78 2938
f 2938 270 2941
f 2941 269 2934
f 2934 2938 2941
f 2918 261 2919
f 2919 236 2870
f 2870 235 2918
f 2918 2919 2870
f 2919 261 3007
f 3007 295 3004
f 3004 236 2919
f 2919 3007 3004
f 3008 242 3010
f 3011 297 3008
f 3008 3010 3011
f 5197 305 5202
f 5202 1016 5205
f 5205 1015 5197
f 5197 5202 5205
f 5202 305 3028
f 3028 304 5201
f 5201 1016 5202
f 5202 3028 5201
f 3173 361 3170
f 3170 9 2574
f 2574 83 3173
f 3173 3170 2574
f 3170 361 3175
f 3175 360 3167
f 3167 9 3170
f 3170 3175 3167
f 2916 260 3249
f 3249 388 3248
f 3248 257 2916
f 2916 3249 3248
f 3249 260 3273
f 3273 399 3274
f 3274 388 3249
f 3249 3273 3274
f 2637 109 2636
f 2636 69 2615
f 2615 102 2637
f 2637 2636 2615
f 2636 109 2939
f 2939 270 2936
f 2936 69 2636
f 2636 2939 2936
f 3579 509 3580
f 3580 26 2472
f 2472 8 3579
f 3579 3580 2472
f 3580 509 3581
f 3581 127 2679
f 2679 26 3580
f 3580 3581 2679
f 3008 297 4318
f 4318 764 4317
f 4317 242 3008
f 3008 4318 4317
f 4318 297 4315
f 4315 763 4319
f 4319 764 4318
f 4318 4315 4319
f 3582 509 4624
f 4624 859 4623
f 4623 377 3582
f 3582 4624 4623
f 4624 509 4331
f 4331 768 4625
f 4625 859 4624
f 4624 4331 4625
f 4625 768 4329
f 4329 359 4622
f 4622 859 4625
f 4625 4329 4622
f 4329 768 4330
f 4330 360 3169
f 3169 359 4329
f 4329 4330 3169
f 6035 264 6026
f 6026 1228 6039
f 6039 1230 6035
f 6035 6026 6039
f 6026 264 4980
f 4980 963 6029
f 6029 1228 6026
f 6026 4980 6029
f 2931 266 2999
f 2999 294 3000
f 3000 267 2931
f 2931 2999 3000
f 2999 266 5080
f 5080 986 5083
f 5083 294 2999
f 2999 5080 5083
f 6053 998 5802
f 5802 1171 6055
f 6055 1233 6053
f 6053 5802 6055
f 5802 998 5806
f 5806 1172 5808
f 5808 1171 5802
f 5802 5806 5808
f 6024 1017 5206
f 5206 303 6021
f 6021 1227 6024
f 6024 5206 6021
f 5206 1017 5207
f 5207 304 3026
f 3026 303 5206
f 5206 5207 3026
f 5258 1027 5249
f 5249 1019 5257
f 5257 1028 5258
f 5258 5249 5257
f 5249 1027 5250
f 5250 1020 5217
f 5217 1019 5249
f 5249 5250 5217
f 5241 1022 5245
f 5245 1026 5246
f 5246 1025 5241
f 5241 5245 5246
f 5245 1022 5225
f 5225 1021 5244
f 5244 1026 5245
f 5245 5225 5244
f 2935 268 5081
f 5081 986 5082
f 5082 269 2935
f 2935 5081 5082
f 5081 268 3001
f 3001 294 5083
f 5083 986 5081
f 5081 3001 5083
f 3004 295 5381
f 5381 1060 5380
f 5380 236 3004
f 3004 5381 5380
f 5381 295 5394
f 5394 1065 5395
f 5395 1060 5381
f 5381 5394 5395
f 4366 778 5218
f 5218 1021 5219
f 5219 779 4366
f 4366 5218 5219
f 5218 778 5216
f 5216 1020 5221
f 5221 1021 5218
f 5218 5216 5221
f 5223 1022 5224
f 5224 1015 5200
f 5200 780 5223
f 5223 5224 5200
f 5224 1022 5222
f 5222 305 5197
f 5197 1015 5224
f 5224 5222 5197
f 5253 1028 5254
f 5254 199 2793
f 2793 198 5253
f 5253 5254 2793
f 5254 1028 5257
f 5257 1019 5212
f 5212 199 5254
f 5254 5257 5212
f 5809 1173 5810
f 5810 406 3297
f 3297 405 5809
f 5809 5810 3297
f 5810 1173 5812
f 5812 1172 5804
f 5804 406 5810
f 5810 5812 5804
f 5811 1173 5837
f 5837 1180 5836
f 5836 1170 5811
f 5811 5837 5836
f 5837 1173 5848
f 5848 1182 5849
f 5849 1180 5837
f 5837 5848 5849
f 2965 278 5845
f 5845 1182 5846
f 5846 279 2965
f 2965 5845 5846
f 5845 278 2961
f 2961 16 5844
f 5844 1182 5845
f 5845 2961 5844
f 5395 1065 5962
f 5962 1212 5961
f 5961 1060 5395
f 5395 5962 5961
f 5962 1065 5984
f 5984 1217 5985
f 5985 1212 5962
f 5962 5984 5985
f 6029 963 4982
f 4982 398 6027
f 6027 1228 6029
f 6029 4982 6027
f 4982 963 4983
f 4983 399 3276
f 3276 398 4982
f 4982 4983 3276
f 4319 763 5971
f 5971 1215 5972
f 5972 764 4319
f 4319 5971 5972
f 5971 763 5982
f 5982 1217 5986
f 5986 1215 5971
f 5971 5982 5986
f 2581 84 2579
f 2579 12 2576
f 2576 83 2581
f 2581 2579 2576
f 2579 84 2580
f 2580 13 2455
f 2455 12 2579
f 2579 2580 2455
f 3174 361 3171
f 3171 40 3160
f 3160 358 3174
f 3174 3171 3160
f 3171 361 3172
f 3172 41 2493
f 2493 40 3171
f 3171 3172 2493
f 2515 57 2516
f 2516 20 2463
f 2463 19 2515
f 2515 2516 2463
f 2516 57 2517
f 2517 56 2513
f 2513 20 2516
f 2516 2517 2513
f 3157 357 3155
f 3155 66 3151
f 3151 354 3157
f 3157 3155 3151
f 3155 357 3156
f 3156 67 2540
f 2540 66 3155
f 3155 3156 2540
f 4224 107 2631
f 2631 76 4223
f 4223 729 4224
f 4224 2631 4223
f 2631 107 2632
f 2632 77 2562
f 2562 76 2631
f 2631 2632 2562
f 2585 87 2584
f 2584 15 2460
f 2460 18 2585
f 2585 2584 2460
f 2584 87 2587
f 2587 86 2582
f 2582 15 2584
f 2584 2587 2582
f 2563 78 2627
f 2627 106 2625
f 2625 70 2563
f 2563 2627 2625
f 2627 78 2565
f 2565 77 2626
f 2626 106 2627
f 2627 2565 2626
f 5119 14 2642
f 2642 111 5120
f 5120 995 5119
f 5119 2642 5120
f 2642 14 2457
f 2457 13 2641
f 2641 111 2642
f 2642 2457 2641
f 2547 70 2586
f 2586 87 2585
f 2585 18 2547
f 2547 2586 2585
f 2586 70 2625
f 2625 106 2628
f 2628 87 2586
f 2586 2625 2628
f 2513 56 2596
f 2596 92 2595
f 2595 20 2513
f 2513 2596 2595
f 2596 56 2666
f 2666 120 2668
f 2668 92 2596
f 2596 2666 2668
f 4389 788 4387
f 4387 124 4380
f 4380 785 4389
f 4389 4387 4380
f 4387 788 4388
f 4388 125 2676
f 2676 124 4387
f 4387 4388 2676
f 3141 348 3127
f 3127 156 3138
f 3138 352 3141
f 3141 3127 3138
f 3127 348 3128
f 3128 157 2724
f 2724 156 3127
f 3127 3128 2724
f 2742 170 2747
f 2747 174 2748
f 2748 171 2742
f 2742 2747 2748
f 2747 170 2750
f 2750 175 2751
f 2751 174 2747
f 2747 2750 2751
f 5122 995 5121
f 5121 272 5111
f 5111 992 5122
f 5122 5121 5111
f 5121 995 5120
f 5120 111 2945
f 2945 272 5121
f 5121 5120 2945
f 2633 107 2972
f 2972 283 2971
f 2971 105 2633
f 2633 2972 2971
f 2972 107 2974
f 2974 284 2976
f 2976 283 2972
f 2972 2974 2976
f 3226 379 3227
f 3227 315 3048
f 3048 200 3226
f 3226 3227 3048
f 3227 379 3228
f 3228 316 3051
f 3051 315 3227
f 3227 3228 3051
f 4354 775 4352
f 4352 319 4343
f 4343 772 4354
f 4354 4352 4343
f 4352 775 4353
f 4353 320 3057
f 3057 319 4352
f 4352 4353 3057
f 3139 352 3140
f 3140 175 2750
f 2750 170 3139
f 3139 3140 2750
f 3140 352 3138
f 3138 156 2749
f 2749 175 3140
f 3140 3138 2749
f 4594 317 3223
f 3223 378 4595
f 4595 853 4594
f 4594 3223 4595
f 3223 317 3053
f 3053 316 3222
f 3222 378 3223
f 3223 3053 3222
f 5156 401 3420
f 3420 452 5157
f 5157 1006 5156
f 5156 3420 5157
f 3420 401 3282
f 3282 400 3419
f 3419 452 3420
f 3420 3282 3419
f 2668 120 2667
f 2667 89 2597
f 2597 92 2668
f 2668 2667 2597
f 2667 120 3278
f 3278 400 3277
f 3277 89 2667
f 2667 3278 3277
f 3136 351 3135
f 3135 157 3128
f 3128 348 3136
f 3136 3135 3128
f 3135 351 3423
f 3423 453 3421
f 3421 157 3135
f 3135 3423 3421
f 3444 460 3445
f 3445 456 3431
f 3431 455 3444
f 3444 3445 3431
f 3445 460 3446
f 3446 459 3440
f 3440 456 3445
f 3445 3446 3440
f 4223 76 2558
f 2558 31 4222
f 4222 729 4223
f 4223 2558 4222
f 2558 76 2559
f 2559 32 2480
f 2480 31 2558
f 2558 2559 2480
f 2973 282 3428
f 3428 455 3429
f 3429 283 2973
f 2973 3428 3429
f 3428 282 3442
f 3442 460 3444
f 3444 455 3428
f 3428 3442 3444
f 5517 798 4412
f 4412 501 5516
f 5516 1101 5517
f 5517 4412 5516
f 4412 798 4413
f 4413 502 3558
f 3558 501 4412
f 4412 4413 3558
f 2977 285 4229
f 4229 730 4226
f 4226 276 2977
f 2977 4229 4226
f 4229 285 2979
f 2979 284 4228
f 4228 730 4229
f 4229 2979 4228
f 3585 510 3586
f 3586 453 3423
f 3423 351 3585
f 3585 3586 3423
f 3586 510 4235
f 4235 731 4233
f 4233 453 3586
f 3586 4235 4233
f 5276 1032 5274
f 5274 782 4553
f 4553 841 5276
f 5276 5274 4553
f 5274 1032 5275
f 5275 783 4376
f 4376 782 5274
f 5274 5275 4376
f 4585 850 4583
f 4583 786 4567
f 4567 845 4585
f 4585 4583 4567
f 4583 850 4584
f 4584 787 4386
f 4386 786 4583
f 4583 4584 4386
f 4572 845 4568
f 4568 793 4570
f 4570 846 4572
f 4572 4568 4570
f 4568 845 4567
f 4567 786 4401
f 4401 793 4568
f 4568 4567 4401
f 4417 132 4410
f 4410 797 4418
f 4418 800 4417
f 4417 4410 4418
f 4410 132 3557
f 3557 502 4411
f 4411 797 4410
f 4410 3557 4411
f 2796 200 4444
f 4444 809 4443
f 4443 198 2796
f 2796 4444 4443
f 4444 200 3048
f 3048 315 4445
f 4445 809 4444
f 4444 3048 4445
f 3052 317 4475
f 4475 822 4474
f 4474 314 3052
f 3052 4475 4474
f 4475 317 4478
f 4478 823 4480
f 4480 822 4475
f 4475 4478 4480
f 4594 853 4596
f 4596 823 4478
f 4478 317 4594
f 4594 4596 4478
f 4596 853 4597
f 4597 832 4519
f 4519 823 4596
f 4596 4597 4519
f 4371 314 4373
f 4373 782 4374
f 4374 781 4371
f 4371 4373 4374
f 4373 314 4474
f 4474 822 4476
f 4476 782 4373
f 4373 4474 4476
f 3224 377 4599
f 4599 854 4600
f 4600 378 3224
f 3224 4599 4600
f 4599 377 4623
f 4623 859 4626
f 4626 854 4599
f 4599 4623 4626
f 4605 855 4604
f 4604 832 4597
f 4597 853 4605
f 4605 4604 4597
f 4604 855 4611
f 4611 856 4609
f 4609 832 4604
f 4604 4611 4609
f 4602 855 4603
f 4603 356 3154
f 3154 355 4602
f 4602 4603 3154
f 4603 855 4606
f 4606 854 4598
f 4598 356 4603
f 4603 4606 4598
f 4612 857 4613
f 4613 22 2467
f 2467 21 4612
f 4612 4613 2467
f 4613 857 4615
f 4615 856 4607
f 4607 22 4613
f 4613 4615 4607
f 3079 330 5112
f 5112 993 5113
f 5113 331 3079
f 3079 5112 5113
f 5112 330 5115
f 5115 994 5118
f 5118 993 5112
f 5112 5115 5118
f 3291 404 5116
f 5116 994 5115
f 5115 330 3291
f 3291 5116 5115
f 5116 404 5125
f 5125 996 5127
f 5127 994 5116
f 5116 5125 5127
f 3296 406 5126
f 5126 996 5125
f 5125 404 3296
f 3296 5126 5125
f 5126 406 5131
f 5131 997 5132
f 5132 996 5126
f 5126 5131 5132
f 5804 1172 5805
f 5805 997 5131
f 5131 406 5804
f 5804 5805 5131
f 5805 1172 5806
f 5806 998 5135
f 5135 997 5805
f 5805 5806 5135
f 5140 1000 5814
f 5814 1175 5813
f 5813 999 5140
f 5140 5814 5813
f 5814 1000 5816
f 5816 1176 5819
f 5819 1175 5814
f 5814 5816 5819
f 5147 1002 5175
f 5175 1009 5174
f 5174 1001 5147
f 5147 5175 5174
f 5175 1002 5826
f 5826 1178 5827
f 5827 1009 5175
f 5175 5826 5827
f 5176 1008 5169
f 5169 1001 5174
f 5174 1009 5176
f 5176 5169 5174
f 5169 1008 5170
f 5170 1003 5150
f 5150 1001 5169
f 5169 5170 5150
f 5165 1004 5171
f 5171 1008 5172
f 5172 1007 5165
f 5165 5171 5172
f 5171 1004 5152
f 5152 1003 5170
f 5170 1008 5171
f 5171 5152 5170
f 5154 1005 5166
f 5166 1007 5164
f 5164 735 5154
f 5154 5166 5164
f 5166 1005 5155
f 5155 1004 5165
f 5165 1007 5166
f 5166 5155 5165
f 3583 290 4231
f 4231 731 4235
f 4235 510 3583
f 3583 4231 4235
f 4231 290 3281
f 3281 401 4232
f 4232 731 4231
f 4231 3281 4232
f 5226 1023 5228
f 5228 729 4222
f 4222 31 5226
f 5226 5228 4222
f 5228 1023 5229
f 5229 730 4230
f 4230 729 5228
f 5228 5229 4230
f 4377 321 5261
f 5261 1029 5262
f 5262 784 4377
f 4377 5261 5262
f 5261 321 3059
f 3059 320 5260
f 5260 1029 5261
f 5261 3059 5260
f 5277 1031 5270
f 5270 783 5275
f 5275 1032 5277
f 5277 5270 5275
f 5270 1031 5273
f 5273 1030 5266
f 5266 783 5270
f 5270 5273 5266
f 5510 1099 5509
f 5509 174 2755
f 2755 177 5510
f 5510 5509 2755
f 5509 1099 5511
f 5511 1045 5328
f 5328 174 5509
f 5509 5511 5328
f 5686 1082 5445
f 5445 1079 5685
f 5685 1139 5686
f 5686 5445 5685
f 5445 1082 5446
f 5446 1080 5439
f 5439 1079 5445
f 5445 5446 5439
f 5545 126 5468
f 5468 1089 5548
f 5548 1107 5545
f 5545 5468 5548
f 5468 126 2678
f 2678 125 5467
f 5467 1089 5468
f 5468 2678 5467
f 4250 457 5153
f 5153 1005 5154
f 5154 735 4250
f 4250 5153 5154
f 5153 457 5476
f 5476 1092 5478
f 5478 1005 5153
f 5153 5476 5478
f 3432 61 5475
f 5475 1092 5476
f 5476 457 3432
f 3432 5475 5476
f 5475 61 5481
f 5481 1093 5484
f 5484 1092 5475
f 5475 5481 5484
f 2523 60 5480
f 5480 1093 5481
f 5481 61 2523
f 2523 5480 5481
f 5480 60 5485
f 5485 1094 5489
f 5489 1093 5480
f 5480 5485 5489
f 2720 154 5486
f 5486 1094 5485
f 5485 60 2720
f 2720 5486 5485
f 5486 154 5490
f 5490 1095 5494
f 5494 1094 5486
f 5486 5490 5494
f 2760 180 5493
f 5493 1095 5490
f 5490 154 2760
f 2760 5493 5490
f 5493 180 5498
f 5498 1096 5499
f 5499 1095 5493
f 5493 5498 5499
f 2762 179 5497
f 5497 1096 5498
f 5498 180 2762
f 2762 5497 5498
f 5497 179 5502
f 5502 1097 5504
f 5504 1096 5497
f 5497 5502 5504
f 5336 1047 5503
f 5503 1097 5502
f 5502 179 5336
f 5336 5503 5502
f 5503 1047 5507
f 5507 1098 5508
f 5508 1097 5503
f 5503 5507 5508
f 5337 470 5506
f 5506 1098 5507
f 5507 1047 5337
f 5337 5506 5507
f 5506 470 5513
f 5513 1100 5514
f 5514 1098 5506
f 5506 5513 5514
f 5527 1103 5526
f 5526 469 4407
f 4407 796 5527
f 5527 5526 4407
f 5526 1103 5531
f 5531 1102 5521
f 5521 469 5526
f 5526 5531 5521
f 5427 1076 5530
f 5530 1103 5527
f 5527 796 5427
f 5427 5530 5527
f 5530 1076 5534
f 5534 1104 5536
f 5536 1103 5530
f 5530 5534 5536
f 5547 1107 5549
f 5549 1105 5537
f 5537 1075 5547
f 5547 5549 5537
f 5549 1107 5548
f 5548 1089 5540
f 5540 1105 5549
f 5549 5548 5540
f 5441 1081 5440
f 5440 797 4415
f 4415 799 5441
f 5441 5440 4415
f 5440 1081 5443
f 5443 1080 5436
f 5436 797 5440
f 5440 5443 5436
f 5465 1088 5466
f 5466 1079 5435
f 5435 1078 5465
f 5465 5466 5435
f 5466 1088 5714
f 5714 1145 5713
f 5713 1079 5466
f 5466 5714 5713
f 5442 1081 5539
f 5539 1105 5538
f 5538 1078 5442
f 5442 5539 5538
f 5539 1081 5535
f 5535 1104 5541
f 5541 1105 5539
f 5539 5535 5541
f 4378 784 4447
f 4447 809 4446
f 4446 781 4378
f 4378 4447 4446
f 4447 784 5262
f 5262 1029 5263
f 5263 809 4447
f 4447 5262 5263
f 5707 1144 5706
f 5706 787 4584
f 4584 850 5707
f 5707 5706 4584
f 5706 1144 5716
f 5716 1145 5711
f 5711 787 5706
f 5706 5716 5711
f 5822 1177 5858
f 5858 1184 5857
f 5857 1174 5822
f 5822 5858 5857
f 5858 1177 5841
f 5841 1181 5859
f 5859 1184 5858
f 5858 5841 5859
f 5860 1183 5853
f 5853 1174 5857
f 5857 1184 5860
f 5860 5853 5857
f 5853 1183 5854
f 5854 1179 5831
f 5831 1174 5853
f 5853 5854 5831
f 3430 456 5856
f 5856 1184 5855
f 5855 85 3430
f 3430 5856 5855
f 5856 456 5851
f 5851 1183 5860
f 5860 1184 5856
f 5856 5851 5860
f 2582 86 5835
f 5835 1180 5834
f 5834 15 2582
f 2582 5835 5834
f 5835 86 5839
f 5839 1181 5842
f 5842 1180 5835
f 5835 5839 5842
f 5874 1190 5875
f 5875 272 2946
f 2946 271 5874
f 5874 5875 2946
f 5875 1190 5877
f 5877 1188 5869
f 5869 272 5875
f 5875 5877 5869
f 5871 1189 5872
f 5872 993 5114
f 5114 992 5871
f 5871 5872 5114
f 5872 1189 5890
f 5890 1194 5888
f 5888 993 5872
f 5872 5890 5888
f 6059 1234 6058
f 6058 1188 5877
f 5877 1190 6059
f 6059 6058 5877
f 6058 1234 6063
f 6063 1235 6061
f 6061 1188 6058
f 6058 6063 6061
f 6064 1236 6065
f 6065 1194 5890
f 5890 1189 6064
f 6064 6065 5890
f 6065 1236 6069
f 6069 1237 6068
f 6068 1194 6065
f 6065 6069 6068
f 4341 772 4342
f 4342 124 2674
f 2674 123 4341
f 4341 4342 2674
f 4342 772 4343
f 4343 319 3054
f 3054 124 4342
f 4342 4343 3054
f 5519 1101 5518
f 5518 1045 5511
f 5511 1099 5519
f 5519 5518 5511
f 5518 1101 5516
f 5516 501 5329
f 5329 1045 5518
f 5518 5516 5329
f 5271 846 5269
f 5269 1030 5273
f 5273 1031 5271
f 5271 5269 5273
f 5269 846 4570
f 4570 793 5268
f 5268 1030 5269
f 5269 4570 5268
f 5517 1101 5525
f 5525 1102 5523
f 5523 798 5517
f 5517 5525 5523
f 5525 1101 5520
f 5520 1100 5524
f 5524 1102 5525
f 5525 5520 5524
f 2494 42 2495
f 2495 12 2453
f 2453 11 2494
f 2494 2495 2453
f 2495 42 2497
f 2497 41 2491
f 2491 12 2495
f 2495 2497 2491
f 2496 42 6052
f 6052 1233 6051
f 6051 39 2496
f 2496 6052 6051
f 6052 42 5134
f 5134 998 6053
f 6053 1233 6052
f 6052 5134 6053
f 3153 354 3150
f 3150 22 3152
f 3152 355 3153
f 3153 3150 3152
f 3150 354 3149
f 3149 19 2466
f 2466 22 3150
f 3150 3149 2466
f 3151 66 2534
f 2534 19 3149
f 3149 354 3151
f 3151 2534 3149
f 2534 66 2535
f 2535 57 2515
f 2515 19 2534
f 2534 2535 2515
f 2535 66 2536
f 2536 58 2520
f 2520 57 2535
f 2535 2536 2520
f 2536 66 2537
f 2537 65 2533
f 2533 58 2536
f 2536 2537 2533
f 5146 1002 5145
f 5145 65 5136
f 5136 999 5146
f 5146 5145 5136
f 5145 1002 5144
f 5144 58 2533
f 2533 65 5145
f 5145 5144 2533
f 5828 1178 5825
f 5825 999 5813
f 5813 1175 5828
f 5828 5825 5813
f 5825 1178 5826
f 5826 1002 5146
f 5146 999 5825
f 5825 5826 5146
f 5831 1179 5832
f 5832 1175 5815
f 5815 1174 5831
f 5831 5832 5815
f 5832 1179 5833
f 5833 1178 5828
f 5828 1175 5832
f 5832 5833 5828
f 3162 357 3164
f 3164 359 3165
f 3165 358 3162
f 3162 3164 3165
f 3164 357 3159
f 3159 356 3163
f 3163 359 3164
f 3164 3159 3163
f 2538 67 3161
f 3161 358 3160
f 3160 40 2538
f 2538 3161 3160
f 3161 67 3156
f 3156 357 3162
f 3162 358 3161
f 3161 3156 3162
f 2541 68 2542
f 2542 40 2490
f 2490 39 2541
f 2541 2542 2490
f 2542 68 2544
f 2544 67 2538
f 2538 40 2542
f 2542 2544 2538
f 6054 1000 5138
f 5138 39 6051
f 6051 1233 6054
f 6054 5138 6051
f 5138 1000 5139
f 5139 68 2541
f 2541 39 5138
f 5138 5139 2541
f 5817 1176 6056
f 6056 1233 6055
f 6055 1171 5817
f 5817 6056 6055
f 6056 1176 5816
f 5816 1000 6054
f 6054 1233 6056
f 6056 5816 6054
f 5820 1177 5821
f 5821 1171 5803
f 5803 1170 5820
f 5820 5821 5803
f 5821 1177 5823
f 5823 1176 5817
f 5817 1171 5821
f 5821 5823 5817
f 6045 987 5230
f 5230 1023 6046
f 6046 1231 6045
f 6045 5230 6046
f 5230 987 5086
f 5086 277 5227
f 5227 1023 5230
f 5230 5086 5227
f 5076 33 3448
f 3448 461 5078
f 5078 985 5076
f 5076 3448 5078
f 3448 33 2481
f 2481 32 3447
f 3447 461 3448
f 3448 2481 3447
f 4254 736 6072
f 6072 1238 6070
f 6070 392 4254
f 4254 6072 6070
f 6072 736 6074
f 6074 1239 6075
f 6075 1238 6072
f 6072 6074 6075
f 6076 1240 6077
f 6077 1160 5773
f 5773 1159 6076
f 6076 6077 5773
f 6077 1240 6079
f 6079 1163 5781
f 5781 1160 6077
f 6077 6079 5781
f 5777 1162 5778
f 5778 1159 5768
f 5768 1053 5777
f 5777 5778 5768
f 5778 1162 6078
f 6078 1240 6076
f 6076 1159 5778
f 5778 6078 6076
f 4256 738 4257
f 4257 239 2874
f 2874 238 4256
f 4256 4257 2874
f 4257 738 6081
f 6081 1241 6080
f 6080 239 4257
f 4257 6081 6080
f 6084 1242 6085
f 6085 736 4253
f 4253 391 6084
f 6084 6085 4253
f 6085 1242 6086
f 6086 1239 6074
f 6074 736 6085
f 6085 6086 6074
f 6061 1235 6062
f 6062 1189 5873
f 5873 1188 6061
f 6061 6062 5873
f 6062 1235 6066
f 6066 1236 6064
f 6064 1189 6062
f 6062 6066 6064
f 5884 1193 5885
f 5885 1190 5876
f 5876 958 5884
f 5884 5885 5876
f 5885 1193 6060
f 6060 1234 6059
f 6059 1190 5885
f 5885 6060 6059
f 6017 1226 6016
f 6016 182 5043
f 5043 978 6017
f 6017 6016 5043
f 6016 1226 6018
f 6018 1156 5759
f 5759 182 6016
f 6016 6018 5759
f 6070 1238 6071
f 6071 393 3263
f 3263 392 6070
f 6070 6071 3263
f 6071 1238 6073
f 6073 737 4255
f 4255 393 6071
f 6071 6073 4255
f 5761 1157 5789
f 5789 1165 5787
f 5787 183 5761
f 5761 5789 5787
f 5789 1157 6089
f 6089 1243 6090
f 6090 1165 5789
f 5789 6089 6090
f 6068 1237 6067
f 6067 1187 5889
f 5889 1194 6068
f 6068 6067 5889
f 6067 1237 6094
f 6094 1244 6092
f 6092 1187 6067
f 6067 6094 6092
f 2705 146 6048
f 6048 1232 6047
f 6047 143 2705
f 2705 6048 6047
f 6048 146 5799
f 5799 1169 6050
f 6050 1232 6048
f 6048 5799 6050
f 6092 1244 6091
f 6091 1010 5868
f 5868 1187 6092
f 6092 6091 5868
f 6091 1244 6093
f 6093 1195 5891
f 5891 1010 6091
f 6091 6093 5891
f 6002 1221 6001
f 6001 745 5912
f 5912 1201 6002
f 6002 6001 5912
f 6001 1221 6000
f 6000 743 4271
f 4271 745 6001
f 6001 6000 4271
f 6090 1243 6087
f 6087 168 5786
f 5786 1165 6090
f 6090 6087 5786
f 6087 1243 6088
f 6088 1154 5755
f 5755 168 6087
f 6087 6088 5755
f 6080 1241 6082
f 6082 1062 5385
f 5385 239 6080
f 6080 6082 5385
f 6082 1241 6098
f 6098 1245 6095
f 6095 1062 6082
f 6082 6098 6095
f 5757 1155 5794
f 5794 1166 5790
f 5790 169 5757
f 5757 5794 5790
f 5794 1155 6100
f 6100 1246 6101
f 6101 1166 5794
f 5794 6100 6101
f 6101 1246 6099
f 6099 1147 5793
f 5793 1166 6101
f 6101 6099 5793
f 6099 1246 6102
f 6102 1167 5795
f 5795 1147 6099
f 6099 6102 5795
f 4266 744 4267
f 4267 742 4264
f 4264 741 4266
f 4266 4267 4264
f 4267 744 5775
f 5775 1161 5774
f 5774 742 4267
f 4267 5775 5774
f 6095 1245 6096
f 6096 1214 5970
f 5970 1062 6095
f 6095 6096 5970
f 6096 1245 6097
f 6097 1222 6006
f 6006 1214 6096
f 6096 6097 6006
f 3253 384 6104
f 6104 1247 6105
f 6105 390 3253
f 3253 6104 6105
f 6104 384 3239
f 3239 383 6103
f 6103 1247 6104
f 6104 3239 6103
f 3259 390 6083
f 6083 1242 6084
f 6084 391 3259
f 3259 6083 6084
f 6083 390 6105
f 6105 1247 6106
f 6106 1242 6083
f 6083 6105 6106
f 2880 243 4325
f 6111 1248 6109
f 6109 385 5093
f 5093 988 6111
f 6111 6109 5093
f 6109 1248 6108
f 6108 382 3242
f 3242 385 6109
f 6109 6108 3242
f 3246 387 5094
f 5094 988 5092
f 5092 293 3246
f 3246 5094 5092
f 5094 387 6110
f 6110 1248 6111
f 6111 988 5094
f 5094 6110 6111
f 6112 1250 6115
f 6115 1252 6114
f 6114 1249 6112
f 6112 6115 6114
f 6115 1250 6113
f 6113 1251 6116
f 6116 1252 6115
f 6115 6113 6116
f 6119 1255 6118
f 6118 1253 6117
f 6117 1254 6119
f 6119 6118 6117
f 6118 1255 6121
f 6121 1256 6120
f 6120 1253 6118
f 6118 6121 6120
f 6124 1256 6123
f 6123 1257 6125
f 6125 1258 6124
f 6124 6123 6125
f 6123 1256 6121
f 6121 1255 6122
f 6122 1257 6123
f 6123 6121 6122
f 6128 1261 6127
f 6127 1259 6126
f 6126 1260 6128
f 6128 6127 6126
f 6127 1261 6130
f 6130 1262 6129
f 6129 1259 6127
f 6127 6130 6129
f 6131 1264 6134
f 6134 1266 6133
f 6133 1263 6131
f 6131 6134 6133
f 6134 1264 6132
f 6132 1265 6135
f 6135 1266 6134
f 6134 6132 6135
f 6138 1269 6137
f 6137 1267 6136
f 6136 1268 6138
f 6138 6137 6136
f 6137 1269 6140
f 6140 1270 6139
f 6139 1267 6137
f 6137 6140 6139
f 6145 1273 6144
f 6144 1271 6142
f 6142 1272 6145
f 6145 6144 6142
f 6144 1273 6147
f 6147 1274 6146
f 6146 1271 6144
f 6144 6147 6146
f 6150 1277 6149
f 6149 1275 6148
f 6148 1276 6150
f 6150 6149 6148
f 6149 1277 6152
f 6152 1278 6151
f 6151 1275 6149
f 6149 6152 6151
f 6153 1280 6156
f 6156 1282 6155
f 6155 1279 6153
f 6153 6156 6155
f 6156 1280 6154
f 6154 1281 6157
f 6157 1282 6156
f 6156 6154 6157
f 6160 1285 6159
f 6159 1283 6158
f 6158 1284 6160
f 6160 6159 6158
f 6159 1285 6162
f 6162 1286 6161
f 6161 1283 6159
f 6159 6162 6161
f 6168 1289 6167
f 6167 1287 6165
f 6165 1288 6168
f 6168 6167 6165
f 6167 1289 6170
f 6170 1290 6169
f 6169 1287 6167
f 6167 6170 6169
f 6173 1293 6172
f 6172 1291 6171
f 6171 1292 6173
f 6173 6172 6171
f 6172 1293 6175
f 6175 1294 6174
f 6174 1291 6172
f 6172 6175 6174
f 6178 1297 6177
f 6177 1295 6176
f 6176 1296 6178
f 6178 6177 6176
f 6177 1297 6180
f 6180 1298 6179
f 6179 1295 6177
f 6177 6180 6179
f 6181 1300 6184
f 6184 1302 6183
f 6183 1299 6181
f 6181 6184 6183
f 6184 1300 6182
f 6182 1301 6185
f 6185 1302 6184
f 6184 6182 6185
f 6186 1304 6192
f 6192 1306 6191
f 6191 1303 6186
f 6186 6192 6191
f 6192 1304 6189
f 6189 1305 6193
f 6193 1306 6192
f 6192 6189 6193
f 6196 1309 6195
f 6195 1307 6194
f 6194 1308 6196
f 6196 6195 6194
f 6195 1309 6198
f 6198 1310 6197
f 6197 1307 6195
f 6195 6198 6197
f 6202 1284 6200
f 6200 1311 6205
f 6205 1312 6202
f 6202 6200 6205
f 6200 1284 6158
f 6158 1283 6199
f 6199 1311 6200
f 6200 6158 6199
f 6212 1315 6211
f 6211 1313 6209
f 6209 1314 6212
f 6212 6211 6209
f 6211 1315 6217
f 6217 1316 6216
f 6216 1313 6211
f 6211 6217 6216
f 6221 1318 6219
f 6219 1264 6218
f 6218 1317 6221
f 6221 6219 6218
f 6219 1318 6220
f 6220 1265 6132
f 6132 1264 6219
f 6219 6220 6132
f 6225 1321 6224
f 6224 1319 6223
f 6223 1320 6225
f 6225 6224 6223
f 6224 1321 6229
f 6229 1322 6228
f 6228 1319 6224
f 6224 6229 6228
f 6234 1325 6233
f 6233 1323 6232
f 6232 1324 6234
f 6234 6233 6232
f 6233 1325 6238
f 6238 1326 6237
f 6237 1323 6233
f 6233 6238 6237
f 6242 1329 6241
f 6241 1327 6240
f 6240 1328 6242
f 6242 6241 6240
f 6241 1329 6246
f 6246 1330 6245
f 6245 1327 6241
f 6241 6246 6245
f 6251 1258 6248
f 6248 1331 6254
f 6254 1332 6251
f 6251 6248 6254
f 6248 1258 6125
f 6125 1257 6247
f 6247 1331 6248
f 6248 6125 6247
f 6255 1334 6262
f 6262 1336 6261
f 6261 1333 6255
f 6255 6262 6261
f 6262 1334 6259
f 6259 1335 6263
f 6263 1336 6262
f 6262 6259 6263
f 6266 1338 6271
f 6271 1340 6270
f 6270 1337 6266
f 6266 6271 6270
f 6271 1338 6269
f 6269 1339 6272
f 6272 1340 6271
f 6271 6269 6272
f 6275 1298 6274
f 6274 1341 6277
f 6277 1342 6275
f 6275 6274 6277
f 6274 1298 6180
f 6180 1297 6273
f 6273 1341 6274
f 6274 6180 6273
f 6280 1328 6279
f 6279 1343 6281
f 6281 1344 6280
f 6280 6279 6281
f 6279 1328 6240
f 6240 1327 6278
f 6278 1343 6279
f 6279 6240 6278
f 6282 1346 6285
f 6285 1348 6284
f 6284 1345 6282
f 6282 6285 6284
f 6285 1346 6283
f 6283 1347 6286
f 6286 1348 6285
f 6285 6283 6286
f 6291 1351 6290
f 6290 1349 6287
f 6287 1350 6291
f 6291 6290 6287
f 6290 1351 6295
f 6295 1352 6294
f 6294 1349 6290
f 6290 6295 6294
f 6298 1325 6296
f 6296 1353 6300
f 6300 1354 6298
f 6298 6296 6300
f 6296 1325 6303
f 6303 1355 6306
f 6306 1353 6296
f 6296 6303 6306
f 6294 1352 6308
f 6308 1356 6307
f 6307 1349 6294
f 6294 6308 6307
f 6308 1352 6310
f 6310 1357 6311
f 6311 1356 6308
f 6308 6310 6311
f 6252 1261 6312
f 6312 1358 6313
f 6313 1332 6252
f 6252 6312 6313
f 6312 1261 6315
f 6315 1359 6316
f 6316 1358 6312
f 6312 6315 6316
f 6319 1360 6318
f 6318 1332 6313
f 6313 1358 6319
f 6319 6318 6313
f 6318 1360 6317
f 6317 1258 6251
f 6251 1332 6318
f 6318 6317 6251
f 6323 1362 6322
f 6322 1360 6321
f 6321 1361 6323
f 6323 6322 6321
f 6322 1362 6327
f 6327 1363 6326
f 6326 1360 6322
f 6322 6327 6326
f 6328 1364 6329
f 6329 1363 6327
f 6327 1362 6328
f 6328 6329 6327
f 6329 1364 6333
f 6333 1365 6332
f 6332 1363 6329
f 6329 6333 6332
f 6337 1367 6335
f 6335 1249 6334
f 6334 1366 6337
f 6337 6335 6334
f 6335 1367 6336
f 6336 1250 6112
f 6112 1249 6335
f 6335 6336 6112
f 6306 1355 6304
f 6304 1334 6297
f 6297 1353 6306
f 6306 6304 6297
f 6304 1355 6305
f 6305 1335 6259
f 6259 1334 6304
f 6304 6305 6259
f 6342 1303 6338
f 6338 1368 6343
f 6343 1369 6342
f 6342 6338 6343
f 6338 1303 6191
f 6191 1306 6339
f 6339 1368 6338
f 6338 6191 6339
f 6344 1370 6345
f 6345 1327 6239
f 6239 1320 6344
f 6344 6345 6239
f 6345 1370 6346
f 6346 1343 6278
f 6278 1327 6345
f 6345 6346 6278
f 6349 1373 6348
f 6348 1371 6347
f 6347 1372 6349
f 6349 6348 6347
f 6348 1373 6351
f 6351 1374 6350
f 6350 1371 6348
f 6348 6351 6350
f 6352 1375 6353
f 6353 1272 6142
f 6142 1271 6352
f 6352 6353 6142
f 6353 1375 6355
f 6355 1376 6354
f 6354 1272 6353
f 6353 6355 6354
f 6356 1378 6359
f 6359 1380 6358
f 6358 1377 6356
f 6356 6359 6358
f 6359 1378 6357
f 6357 1379 6360
f 6360 1380 6359
f 6359 6357 6360
f 6361 1382 6364
f 6364 1384 6363
f 6363 1381 6361
f 6361 6364 6363
f 6364 1382 6362
f 6362 1383 6365
f 6365 1384 6364
f 6364 6362 6365
f 6178 1296 6366
f 6366 1385 6367
f 6367 1297 6178
f 6178 6366 6367
f 6366 1296 6368
f 6368 1386 6369
f 6369 1385 6366
f 6366 6368 6369
f 6372 1389 6371
f 6371 1387 6370
f 6370 1388 6372
f 6372 6371 6370
f 6371 1389 6374
f 6374 1390 6373
f 6373 1387 6371
f 6371 6374 6373
f 6381 1393 6380
f 6380 1391 6379
f 6379 1392 6381
f 6381 6380 6379
f 6380 1393 6383
f 6383 1394 6382
f 6382 1391 6380
f 6380 6383 6382
f 6386 1397 6385
f 6385 1395 6384
f 6384 1396 6386
f 6386 6385 6384
f 6385 1397 6388
f 6388 1398 6387
f 6387 1395 6385
f 6385 6388 6387
f 6392 1372 6390
f 6390 1399 6393
f 6393 1400 6392
f 6392 6390 6393
f 6390 1372 6347
f 6347 1371 6389
f 6389 1399 6390
f 6390 6347 6389
f 6398 1402 6396
f 6396 1310 6394
f 6394 1401 6398
f 6398 6396 6394
f 6396 1402 6395
f 6395 1307 6197
f 6197 1310 6396
f 6396 6395 6197
f 6401 1405 6400
f 6400 1403 6399
f 6399 1404 6401
f 6401 6400 6399
f 6400 1405 6403
f 6403 1406 6402
f 6402 1403 6400
f 6400 6403 6402
f 6408 1409 6407
f 6407 1407 6405
f 6405 1408 6408
f 6408 6407 6405
f 6407 1409 6406
f 6406 1274 6404
f 6404 1407 6407
f 6407 6406 6404
f 6411 1412 6410
f 6410 1410 6409
f 6409 1411 6411
f 6411 6410 6409
f 6410 1412 6413
f 6413 1413 6412
f 6412 1410 6410
f 6410 6413 6412
f 6420 1416 6419
f 6419 1414 6416
f 6416 1415 6420
f 6420 6419 6416
f 6419 1416 6422
f 6422 1417 6421
f 6421 1414 6419
f 6419 6422 6421
f 6423 1419 6426
f 6426 1421 6425
f 6425 1418 6423
f 6423 6426 6425
f 6426 1419 6424
f 6424 1420 6427
f 6427 1421 6426
f 6426 6424 6427
f 6430 1423 6437
f 6437 1425 6436
f 6436 1422 6430
f 6430 6437 6436
f 6437 1423 6433
f 6433 1424 6438
f 6438 1425 6437
f 6437 6433 6438
f 6447 1428 6446
f 6446 1426 6444
f 6444 1427 6447
f 6447 6446 6444
f 6446 1428 6449
f 6449 1429 6448
f 6448 1426 6446
f 6446 6449 6448
f 6454 1432 6453
f 6453 1430 6452
f 6452 1431 6454
f 6454 6453 6452
f 6453 1432 6458
f 6458 1433 6457
f 6457 1430 6453
f 6453 6458 6457
f 6461 1436 6460
f 6460 1434 6459
f 6459 1435 6461
f 6461 6460 6459
f 6460 1436 6463
f 6463 1437 6462
f 6462 1434 6460
f 6460 6463 6462
f 6466 1440 6465
f 6465 1438 6464
f 6464 1439 6466
f 6466 6465 6464
f 6465 1440 6468
f 6468 1441 6467
f 6467 1438 6465
f 6465 6468 6467
f 6472 1444 6471
f 6471 1442 6470
f 6470 1443 6472
f 6472 6471 6470
f 6471 1444 6474
f 6474 1445 6473
f 6473 1442 6471
f 6471 6474 6473
f 6476 1375 6475
f 6475 1446 6478
f 6478 1447 6476
f 6476 6475 6478
f 6475 1375 6480
f 6480 1448 6481
f 6481 1446 6475
f 6475 6480 6481
f 6482 1450 6486
f 6486 1452 6485
f 6485 1449 6482
f 6482 6486 6485
f 6486 1450 6483
f 6483 1451 6487
f 6487 1452 6486
f 6486 6483 6487
f 6174 1294 6489
f 6489 1453 6488
f 6488 1291 6174
f 6174 6489 6488
f 6489 1294 6490
f 6490 1454 6491
f 6491 1453 6489
f 6489 6490 6491
f 6496 1457 6495
f 6495 1455 6492
f 6492 1456 6496
f 6496 6495 6492
f 6495 1457 6500
f 6500 1458 6499
f 6499 1455 6495
f 6495 6500 6499
f 6501 1459 6502
f 6502 1388 6370
f 6370 1387 6501
f 6501 6502 6370
f 6502 1459 6504
f 6504 1460 6503
f 6503 1388 6502
f 6502 6504 6503
f 6510 1463 6509
f 6509 1461 6507
f 6507 1462 6510
f 6510 6509 6507
f 6509 1463 6512
f 6512 1464 6511
f 6511 1461 6509
f 6509 6512 6511
f 6273 1297 6513
f 6513 1465 6514
f 6514 1341 6273
f 6273 6513 6514
f 6513 1297 6367
f 6367 1385 6515
f 6515 1465 6513
f 6513 6367 6515
f 6519 1462 6517
f 6517 1466 6521
f 6521 1467 6519
f 6519 6517 6521
f 6517 1462 6507
f 6507 1461 6516
f 6516 1466 6517
f 6517 6507 6516
f 6526 1470 6525
f 6525 1471 6527
f 6527 6526 6525
f 6528 1470 6526
f 6535 1251 6538
f 6536 1475 6533
f 6533 1251 6535
f 6535 6536 6533
f 6540 1476 6539
f 6539 1341 6514
f 6514 1465 6540
f 6540 6539 6514
f 6539 1476 6543
f 6543 1477 6541
f 6541 1341 6539
f 6539 6543 6541
f 6548 1480 6549
f 6549 1467 6521
f 6521 1466 6548
f 6548 6549 6521
f 6549 1480 6553
f 6553 1481 6551
f 6551 1467 6549
f 6549 6553 6551
f 6541 1477 6542
f 6542 1342 6277
f 6277 1341 6541
f 6541 6542 6277
f 6542 1477 6555
f 6555 1482 6554
f 6554 1342 6542
f 6542 6555 6554
f 6557 1484 6558
f 6558 1483 6556
f 6556 1344 6557
f 6557 6558 6556
f 6558 1484 6560
f 6560 1485 6559
f 6559 1483 6558
f 6558 6560 6559
f 6564 1488 6563
f 6563 1486 6562
f 6562 1487 6564
f 6564 6563 6562
f 6563 1488 6568
f 6568 1489 6567
f 6567 1486 6563
f 6563 6568 6567
f 6548 1466 6576
f 6576 1495 6577
f 6577 1480 6548
f 6548 6576 6577
f 6576 1466 6575
f 6575 1494 6578
f 6578 1495 6576
f 6576 6575 6578
f 6582 1497 6583
f 6583 1496 6579
f 6579 1494 6582
f 6582 6583 6579
f 6583 1497 6585
f 6585 1498 6584
f 6584 1496 6583
f 6583 6585 6584
f 6591 1501 6590
f 6590 1499 6588
f 6588 1500 6591
f 6591 6590 6588
f 6590 1501 6593
f 6593 1502 6592
f 6592 1499 6590
f 6590 6593 6592
f 6594 1503 6595
f 6595 1394 6383
f 6383 1393 6594
f 6594 6595 6383
f 6595 1503 6598
f 6598 1504 6596
f 6596 1394 6595
f 6595 6598 6596
f 6599 1505 6600
f 6600 1487 6562
f 6562 1486 6599
f 6599 6600 6562
f 6600 1505 6602
f 6602 1506 6601
f 6601 1487 6600
f 6600 6602 6601
f 6609 1508 6607
f 6607 1483 6603
f 6603 1507 6609
f 6609 6607 6603
f 6607 1508 6613
f 6613 1509 6612
f 6612 1483 6607
f 6607 6613 6612
f 6616 1512 6615
f 6615 1510 6614
f 6614 1511 6616
f 6616 6615 6614
f 6615 1512 6618
f 6618 1513 6617
f 6617 1510 6615
f 6615 6618 6617
f 6619 1514 6620
f 6620 1511 6614
f 6614 1510 6619
f 6619 6620 6614
f 6620 1514 6622
f 6622 1515 6621
f 6621 1511 6620
f 6620 6622 6621
f 6627 1517 6628
f 6628 1516 6623
f 6623 1357 6627
f 6627 6628 6623
f 6628 1517 6632
f 6632 1518 6631
f 6631 1516 6628
f 6628 6632 6631
f 6316 1359 6634
f 6634 1519 6633
f 6633 1358 6316
f 6316 6634 6633
f 6634 1359 6636
f 6636 1520 6637
f 6637 1519 6634
f 6634 6636 6637
f 6554 1482 6644
f 6644 1522 6642
f 6642 1342 6554
f 6554 6644 6642
f 6644 1482 6646
f 6646 1523 6647
f 6647 1522 6644
f 6644 6646 6647
f 6640 1319 6276
f 6276 1342 6642
f 6642 1522 6640
f 6640 6276 6642
f 6276 1319 6222
f 6222 1298 6275
f 6275 1342 6276
f 6276 6222 6275
f 6648 1283 6649
f 6649 1525 6651
f 6651 1524 6648
f 6648 6649 6651
f 6649 1283 6161
f 6161 1286 6650
f 6650 1525 6649
f 6649 6161 6650
f 6656 1527 6654
f 6654 1350 6652
f 6652 1526 6656
f 6656 6654 6652
f 6654 1527 6655
f 6655 1351 6291
f 6291 1350 6654
f 6654 6655 6291
f 6657 1528 6658
f 6658 1464 6512
f 6512 1463 6657
f 6657 6658 6512
f 6658 1528 6660
f 6660 1529 6659
f 6659 1464 6658
f 6658 6660 6659
f 6665 1532 6664
f 6664 1530 6662
f 6662 1531 6665
f 6665 6664 6662
f 6664 1532 6670
f 6670 1533 6669
f 6669 1530 6664
f 6664 6670 6669
f 6672 1531 6675
f 6675 1535 6676
f 6676 1534 6672
f 6672 6675 6676
f 6675 1531 6662
f 6662 1530 6674
f 6674 1535 6675
f 6675 6662 6674
f 6680 1536 6679
f 6679 1534 6676
f 6676 1535 6680
f 6680 6679 6676
f 6679 1536 6682
f 6682 1537 6681
f 6681 1534 6679
f 6679 6682 6681
f 6270 1340 6684
f 6684 1538 6683
f 6683 1337 6270
f 6270 6684 6683
f 6684 1340 6685
f 6685 1539 6686
f 6686 1538 6684
f 6684 6685 6686
f 6689 1540 6697
f 6697 1542 6696
f 6696 1516 6689
f 6689 6697 6696
f 6697 1540 6693
f 6693 1541 6698
f 6698 1542 6697
f 6697 6693 6698
f 6702 1543 6700
f 6700 1487 6605
f 6605 1507 6702
f 6702 6700 6605
f 6700 1543 6701
f 6701 1488 6564
f 6564 1487 6700
f 6700 6701 6564
f 6710 1547 6707
f 6707 1431 6706
f 6706 1546 6710
f 6710 6707 6706
f 6707 1547 6708
f 6708 1432 6454
f 6454 1431 6707
f 6707 6708 6454
f 6718 1549 6717
f 6717 1394 6711
f 6711 1548 6718
f 6718 6717 6711
f 6717 1549 6716
f 6716 1391 6382
f 6382 1394 6717
f 6717 6716 6382
f 6724 1552 6723
f 6723 1550 6720
f 6720 1551 6724
f 6724 6723 6720
f 6723 1552 6728
f 6728 1553 6727
f 6727 1550 6723
f 6723 6728 6727
f 6731 1470 6528
f 6734 1557 6733
f 6733 1555 6732
f 6732 1556 6734
f 6734 6733 6732
f 6733 1557 6737
f 6737 1558 6736
f 6736 1555 6733
f 6733 6737 6736
f 6421 1417 6739
f 6739 1559 6738
f 6738 1414 6421
f 6421 6739 6738
f 6739 1417 6740
f 6740 1560 6742
f 6742 1559 6739
f 6739 6740 6742
f 6747 1561 6748
f 6748 1474 6530
f 6530 1407 6747
f 6747 6748 6530
f 6748 1561 6749
f 6749 1475 6534
f 6534 1474 6748
f 6748 6749 6534
f 6752 1564 6751
f 6751 1562 6750
f 6750 1563 6752
f 6752 6751 6750
f 6751 1564 6755
f 6755 1565 6754
f 6754 1562 6751
f 6751 6755 6754
f 6758 1568 6757
f 6757 1566 6756
f 6756 1567 6758
f 6758 6757 6756
f 6757 1568 6761
f 6761 1569 6760
f 6760 1566 6757
f 6757 6761 6760
f 6764 1572 6763
f 6763 1570 6762
f 6762 1571 6764
f 6764 6763 6762
f 6763 1572 6766
f 6766 1573 6765
f 6765 1570 6763
f 6763 6766 6765
f 6741 1502 6767
f 6767 1574 6769
f 6769 1560 6741
f 6741 6767 6769
f 6767 1502 6771
f 6771 1575 6772
f 6772 1574 6767
f 6767 6771 6772
f 6775 1577 6780
f 6780 1579 6779
f 6779 1576 6775
f 6775 6780 6779
f 6780 1577 6776
f 6776 1578 6781
f 6781 1579 6780
f 6780 6776 6781
f 6784 1582 6783
f 6783 1580 6782
f 6782 1581 6784
f 6784 6783 6782
f 6783 1582 6787
f 6787 1583 6786
f 6786 1580 6783
f 6783 6787 6786
f 6551 1481 6550
f 6550 1465 6520
f 6520 1467 6551
f 6551 6550 6520
f 6550 1481 6552
f 6552 1476 6540
f 6540 1465 6550
f 6550 6552 6540
f 6515 1385 6518
f 6518 1467 6520
f 6520 1465 6515
f 6515 6518 6520
f 6518 1385 6505
f 6505 1462 6519
f 6519 1467 6518
f 6518 6505 6519
f 6510 1462 6506
f 6506 1386 6508
f 6508 1463 6510
f 6510 6506 6508
f 6506 1462 6505
f 6505 1385 6369
f 6369 1386 6506
f 6506 6505 6369
f 6792 1586 6791
f 6791 1584 6788
f 6788 1585 6792
f 6792 6791 6788
f 6791 1586 6795
f 6795 1587 6794
f 6794 1584 6791
f 6791 6795 6794
f 6503 1460 6799
f 6799 1588 6798
f 6798 1388 6503
f 6503 6799 6798
f 6799 1460 6802
f 6802 1589 6803
f 6803 1588 6799
f 6799 6802 6803
f 6809 1590 6806
f 6806 1388 6798
f 6798 1588 6809
f 6809 6806 6798
f 6806 1590 6807
f 6807 1389 6372
f 6372 1388 6806
f 6806 6807 6372
f 6447 1427 6442
f 6442 1401 6445
f 6445 1428 6447
f 6447 6442 6445
f 6442 1427 6443
f 6443 1402 6398
f 6398 1401 6442
f 6442 6443 6398
f 6402 1406 6432
f 6432 1424 6431
f 6431 1403 6402
f 6402 6432 6431
f 6432 1406 6434
f 6434 1425 6438
f 6438 1424 6432
f 6432 6434 6438
f 6810 1591 6819
f 6819 1593 6818
f 6818 1381 6810
f 6810 6819 6818
f 6819 1591 6816
f 6816 1592 6820
f 6820 1593 6819
f 6819 6816 6820
f 6482 1449 6825
f 6825 1595 6826
f 6826 1450 6482
f 6482 6825 6826
f 6825 1449 6822
f 6822 1594 6828
f 6828 1595 6825
f 6825 6822 6828
f 6835 1598 6834
f 6834 1596 6832
f 6832 1597 6835
f 6835 6834 6832
f 6834 1598 6839
f 6839 1599 6838
f 6838 1596 6834
f 6834 6839 6838
f 6850 1601 6849
f 6849 1599 6844
f 6844 1600 6850
f 6850 6849 6844
f 6849 1601 6848
f 6848 1596 6838
f 6838 1599 6849
f 6849 6848 6838
f 6850 1600 6841
f 6841 1418 6846
f 6846 1601 6850
f 6850 6841 6846
f 6841 1600 6842
f 6842 1419 6423
f 6423 1418 6841
f 6841 6842 6423
f 6267 1339 6268
f 6268 1270 6140
f 6140 1269 6267
f 6267 6268 6140
f 6268 1339 6269
f 6269 1338 6264
f 6264 1270 6268
f 6268 6269 6264
f 6856 1603 6860
f 6860 1605 6859
f 6859 1602 6856
f 6856 6860 6859
f 6860 1603 6857
f 6857 1604 6861
f 6861 1605 6860
f 6860 6857 6861
f 6873 1608 6872
f 6872 1606 6869
f 6869 1607 6873
f 6873 6872 6869
f 6872 1608 6877
f 6877 1609 6876
f 6876 1606 6872
f 6872 6877 6876
f 6635 1361 6320
f 6320 1358 6633
f 6633 1519 6635
f 6635 6320 6633
f 6320 1361 6321
f 6321 1360 6319
f 6319 1358 6320
f 6320 6321 6319
f 6880 1254 6885
f 6885 1611 6887
f 6887 1610 6880
f 6880 6885 6887
f 6885 1254 6117
f 6117 1253 6884
f 6884 1611 6885
f 6885 6117 6884
f 6884 1253 6888
f 6888 1612 6891
f 6891 1611 6884
f 6884 6888 6891
f 6888 1253 6330
f 6330 1365 6889
f 6889 1612 6888
f 6888 6330 6889
f 6892 1613 6893
f 6893 1365 6333
f 6333 1364 6892
f 6892 6893 6333
f 6893 1613 6894
f 6894 1612 6889
f 6889 1365 6893
f 6893 6894 6889
f 6522 1408 6531
f 6531 1474 6532
f 6532 1469 6522
f 6522 6531 6532
f 6531 1408 6405
f 6405 1407 6530
f 6530 1474 6531
f 6531 6405 6530
f 6904 1616 6903
f 6903 1614 6901
f 6901 1615 6904
f 6904 6903 6901
f 6903 1616 6909
f 6909 1617 6908
f 6908 1614 6903
f 6903 6909 6908
f 6895 371 6900
f 6900 1615 6901
f 6901 1614 6895
f 6895 6900 6901
f 6900 371 3207
f 3207 370 6899
f 6899 1615 6900
f 6900 3207 6899
f 6880 1610 6881
f 6881 1272 6141
f 6141 1254 6880
f 6880 6881 6141
f 6881 1610 6882
f 6882 1273 6145
f 6145 1272 6881
f 6881 6882 6145
f 6113 1250 6537
f 6538 1251 6113
f 6113 6537 6538
f 6537 1250 6910
f 6910 1250 6911
f 6911 1250 6336
f 6336 1367 6912
f 6911 6336 6912
f 6915 1453 6916
f 6916 1620 6918
f 6918 1619 6915
f 6915 6916 6918
f 6916 1453 6491
f 6491 1454 6917
f 6917 1620 6916
f 6916 6491 6917
f 6920 1621 6919
f 6919 1619 6918
f 6918 1620 6920
f 6920 6919 6918
f 6919 1621 6922
f 6922 1622 6921
f 6921 1619 6919
f 6919 6922 6921
f 6928 1624 6932
f 6932 1625 6931
f 6931 1623 6928
f 6928 6932 6931
f 6932 1624 6926
f 6926 1564 6930
f 6930 1625 6932
f 6932 6926 6930
f 6934 1626 6933
f 6933 1295 6226
f 6226 1322 6934
f 6934 6933 6226
f 6933 1626 6937
f 6937 1627 6935
f 6935 1295 6933
f 6933 6937 6935
f 6946 1629 6942
f 6942 382 6938
f 6938 1628 6946
f 6946 6942 6938
f 6942 1629 6943
f 6943 383 3236
f 3236 382 6942
f 6942 6943 3236
f 6698 1541 6690
f 6690 386 6694
f 6694 1542 6698
f 6698 6690 6694
f 6690 1541 6691
f 6691 387 3247
f 3247 386 6690
f 6690 6691 3247
f 6957 1632 6956
f 6956 1630 6952
f 6952 1631 6957
f 6957 6956 6952
f 6956 1632 6961
f 6961 1633 6960
f 6960 1630 6956
f 6956 6961 6960
f 6963 1505 6968
f 6968 1635 6969
f 6969 1634 6963
f 6963 6968 6969
f 6968 1505 6599
f 6599 1486 6967
f 6967 1635 6968
f 6968 6599 6967
f 6970 1637 6973
f 6973 1639 6972
f 6972 1636 6970
f 6970 6973 6972
f 6973 1637 6971
f 6971 1638 6974
f 6974 1639 6973
f 6973 6971 6974
f 6975 1640 6976
f 6976 1509 6613
f 6613 1508 6975
f 6975 6976 6613
f 6976 1640 6982
f 6982 1641 6981
f 6981 1509 6976
f 6976 6982 6981
f 6983 1337 6986
f 6986 1643 6988
f 6988 1642 6983
f 6983 6986 6988
f 6986 1337 6683
f 6683 1538 6987
f 6987 1643 6986
f 6986 6683 6987
f 6623 1516 6993
f 6993 1644 6992
f 6992 1357 6623
f 6623 6993 6992
f 6993 1516 6696
f 6696 1542 6994
f 6994 1644 6993
f 6993 6696 6994
f 6781 1578 6997
f 6997 1645 6998
f 6998 1579 6781
f 6781 6997 6998
f 6997 1578 6999
f 6999 1646 7000
f 7000 1645 6997
f 6997 6999 7000
f 7005 1648 7004
f 7004 1646 7001
f 7001 1647 7005
f 7005 7004 7001
f 7004 1648 7003
f 7003 1645 7000
f 7000 1646 7004
f 7004 7003 7000
f 6221 1317 6624
f 6624 1517 6625
f 6625 1318 6221
f 6221 6624 6625
f 6624 1317 6231
f 6231 1324 6626
f 6626 1517 6624
f 6624 6231 6626
f 7008 1651 7007
f 7007 1649 7006
f 7006 1650 7008
f 7008 7007 7006
f 7007 1651 7010
f 7010 1652 7009
f 7009 1649 7007
f 7007 7010 7009
f 7016 1655 7015
f 7015 1653 7014
f 7014 1654 7016
f 7016 7015 7014
f 7015 1655 7018
f 7018 1656 7017
f 7017 1653 7015
f 7015 7018 7017
f 7026 1659 7025
f 7025 1657 7024
f 7024 1658 7026
f 7026 7025 7024
f 7025 1659 7029
f 7029 1660 7028
f 7028 1657 7025
f 7025 7029 7028
f 7039 1663 7038
f 7038 1661 7033
f 7033 1662 7039
f 7039 7038 7033
f 7038 1663 7037
f 7037 1660 7030
f 7030 1661 7038
f 7038 7037 7030
f 6736 1558 7032
f 7032 1662 7031
f 7031 1555 6736
f 6736 7032 7031
f 7032 1558 7036
f 7036 1663 7039
f 7039 1662 7032
f 7032 7036 7039
f 7045 1666 7044
f 7044 1664 7041
f 7041 1665 7045
f 7045 7044 7041
f 7044 1666 7050
f 7050 1667 7049
f 7049 1664 7044
f 7044 7050 7049
f 7058 1670 7057
f 7057 1668 7054
f 7054 1669 7058
f 7058 7057 7054
f 7057 1670 7061
f 7061 1671 7060
f 7060 1668 7057
f 7057 7061 7060
f 7068 1674 7067
f 7067 1672 7064
f 7064 1673 7068
f 7068 7067 7064
f 7067 1674 7072
f 7072 1675 7071
f 7071 1672 7067
f 7067 7072 7071
f 7071 1675 7069
f 7069 1292 7062
f 7062 1672 7071
f 7071 7069 7062
f 7069 1675 7070
f 7070 1293 6173
f 6173 1292 7069
f 7069 7070 6173
f 6974 1638 7074
f 7074 1677 7075
f 7075 1639 6974
f 6974 7074 7075
f 7074 1638 7073
f 7073 1676 7076
f 7076 1677 7074
f 7074 7073 7076
f 7083 1680 7082
f 7082 1678 7081
f 7081 1679 7083
f 7083 7082 7081
f 7082 1680 7086
f 7086 1681 7085
f 7085 1678 7082
f 7082 7086 7085
f 7094 1684 7093
f 7093 1682 7090
f 7090 1683 7094
f 7094 7093 7090
f 7093 1684 7098
f 7098 1685 7097
f 7097 1682 7093
f 7093 7098 7097
f 7109 1688 7108
f 7108 1686 7105
f 7105 1687 7109
f 7109 7108 7105
f 7108 1688 7111
f 7111 1689 7110
f 7110 1686 7108
f 7108 7111 7110
f 7121 1691 7118
f 7118 1456 7112
f 7112 1690 7121
f 7121 7118 7112
f 7118 1691 7119
f 7119 1457 6496
f 6496 1456 7118
f 7118 7119 6496
f 6970 1636 7122
f 7122 1692 7123
f 7123 1637 6970
f 6970 7122 7123
f 7122 1636 7124
f 7124 1693 7125
f 7125 1692 7122
f 7122 7124 7125
f 7126 1369 6985
f 6985 1642 7127
f 7127 1694 7126
f 7126 6985 7127
f 6985 1369 6343
f 6343 1368 6984
f 6984 1642 6985
f 6985 6343 6984
f 7133 1696 7130
f 7130 1404 7129
f 7129 1695 7133
f 7133 7130 7129
f 7130 1696 7131
f 7131 1405 6401
f 6401 1404 7130
f 7130 7131 6401
f 6255 1333 7134
f 7134 1697 7135
f 7135 1334 6255
f 6255 7134 7135
f 7134 1333 7138
f 7138 1698 7139
f 7139 1697 7134
f 7134 7138 7139
f 7145 1700 7143
f 7143 1308 7140
f 7140 1699 7145
f 7145 7143 7140
f 7143 1700 7144
f 7144 1309 6196
f 6196 1308 7143
f 7143 7144 6196
f 6677 1536 6678
f 6678 1276 6148
f 6148 1275 6677
f 6677 6678 6148
f 6678 1536 6680
f 6680 1535 6673
f 6673 1276 6678
f 6678 6680 6673
f 6150 1276 7151
f 7151 1702 7152
f 7152 1277 6150
f 6150 7151 7152
f 7151 1276 7146
f 7146 1701 7154
f 7154 1702 7151
f 7151 7146 7154
f 6236 1282 6230
f 6230 1323 6237
f 6237 1326 6236
f 6236 6230 6237
f 6230 1282 7156
f 7156 1703 7157
f 7157 1323 6230
f 6230 7156 7157
f 6673 1535 7148
f 7148 1701 7146
f 7146 1276 6673
f 6673 7148 7146
f 7148 1535 6674
f 6674 1530 7147
f 7147 1701 7148
f 7148 6674 7147
f 6124 1258 6325
f 6325 1363 6324
f 6324 1256 6124
f 6124 6325 6324
f 6325 1258 6317
f 6317 1360 6326
f 6326 1363 6325
f 6325 6317 6326
f 6120 1256 6331
f 6331 1365 6330
f 6330 1253 6120
f 6120 6331 6330
f 6331 1256 6324
f 6324 1363 6332
f 6332 1365 6331
f 6331 6324 6332
f 6337 1366 6913
f 6913 1618 6914
f 6914 1367 6337
f 6337 6913 6914
f 6913 1366 7159
f 7159 1704 7162
f 7162 1618 6913
f 6913 7159 7162
f 6297 1334 6666
f 6666 1533 6667
f 6667 1353 6297
f 6297 6666 6667
f 6666 1334 7135
f 7135 1697 7137
f 7137 1533 6666
f 6666 7135 7137
f 6202 1312 6797
f 6797 1588 6796
f 6796 1284 6202
f 6202 6797 6796
f 6797 1312 6805
f 6805 1590 6809
f 6809 1588 6797
f 6797 6805 6809
f 6803 1589 6800
f 6800 1284 6796
f 6796 1588 6803
f 6803 6800 6796
f 6800 1589 6801
f 6801 1285 6160
f 6160 1284 6800
f 6800 6801 6160
f 7163 1705 7166
f 7166 1693 7124
f 7124 1636 7163
f 7163 7166 7124
f 7166 1705 7169
f 7169 1706 7168
f 7168 1693 7166
f 7166 7169 7168
f 7172 1708 7183
f 7183 1710 7182
f 7182 1707 7172
f 7172 7183 7182
f 7183 1708 7177
f 7177 1709 7184
f 7184 1710 7183
f 7183 7177 7184
f 7190 1713 7189
f 7189 1711 7187
f 7187 1712 7190
f 7190 7189 7187
f 7189 1713 7192
f 7192 1714 7191
f 7191 1711 7189
f 7189 7192 7191
f 7195 1717 7194
f 7194 1715 7193
f 7193 1716 7195
f 7195 7194 7193
f 7194 1717 7197
f 7197 1718 7196
f 7196 1715 7194
f 7194 7197 7196
f 7201 1720 7207
f 7207 1722 7206
f 7206 1719 7201
f 7201 7207 7206
f 7207 1720 7204
f 7204 1721 7208
f 7208 1722 7207
f 7207 7204 7208
f 7210 1723 7209
f 7209 1343 6346
f 6346 1370 7210
f 7210 7209 6346
f 7209 1723 7215
f 7215 1724 7212
f 7212 1343 7209
f 7209 7215 7212
f 7208 1721 7202
f 7202 1676 7205
f 7205 1722 7208
f 7208 7202 7205
f 7202 1721 7203
f 7203 1677 7076
f 7076 1676 7202
f 7202 7203 7076
f 6228 1322 6227
f 6227 1298 6222
f 6222 1319 6228
f 6228 6227 6222
f 6227 1322 6226
f 6226 1295 6179
f 6179 1298 6227
f 6227 6226 6179
f 7217 1726 7218
f 7218 1330 6246
f 6246 1329 7217
f 7217 7218 6246
f 7218 1726 7221
f 7221 1727 7220
f 7220 1330 7218
f 7218 7221 7220
f 7228 1730 7227
f 7227 1728 7225
f 7225 1729 7228
f 7228 7227 7225
f 7227 1730 7231
f 7231 1731 7230
f 7230 1728 7227
f 7227 7231 7230
f 7237 1734 7236
f 7236 1732 7234
f 7234 1733 7237
f 7237 7236 7234
f 7236 1734 7240
f 7240 1735 7239
f 7239 1732 7236
f 7236 7240 7239
f 7241 1736 7242
f 7242 1386 6368
f 6368 1296 7241
f 7241 7242 6368
f 7242 1736 7251
f 7251 1737 7246
f 7246 1386 7242
f 7242 7251 7246
f 7255 1740 7254
f 7254 1738 7253
f 7253 1739 7255
f 7255 7254 7253
f 7254 1740 7258
f 7258 1741 7257
f 7257 1738 7254
f 7254 7258 7257
f 6828 1594 6821
f 6821 1442 6823
f 6823 1595 6828
f 6828 6821 6823
f 6821 1594 7262
f 7262 1742 7260
f 7260 1442 6821
f 6821 7262 7260
f 7263 1743 7264
f 7264 1379 6357
f 6357 1378 7263
f 7263 7264 6357
f 7264 1743 7266
f 7266 1744 7265
f 7265 1379 7264
f 7264 7266 7265
f 7267 1745 7268
f 7268 1721 7204
f 7204 1720 7267
f 7267 7268 7204
f 7268 1745 7272
f 7272 1746 7271
f 7271 1721 7268
f 7268 7272 7271
f 6499 1458 7021
f 7021 1657 7020
f 7020 1455 6499
f 6499 7021 7020
f 7021 1458 6497
f 6497 1445 7019
f 7019 1657 7021
f 7021 6497 7019
f 7089 1683 7088
f 7088 1636 6972
f 6972 1639 7089
f 7089 7088 6972
f 7088 1683 7165
f 7165 1705 7163
f 7163 1636 7088
f 7088 7165 7163
f 7168 1706 7276
f 7276 1747 7275
f 7275 1693 7168
f 7168 7276 7275
f 7276 1706 7167
f 7167 1689 7274
f 7274 1747 7276
f 7276 7167 7274
f 7285 1750 7284
f 7284 1748 7282
f 7282 1749 7285
f 7285 7284 7282
f 7284 1750 7283
f 7283 1299 7277
f 7277 1748 7284
f 7284 7283 7277
f 7012 1654 7013
f 7013 1622 6922
f 6922 1621 7012
f 7012 7013 6922
f 7013 1654 7014
f 7014 1653 7011
f 7011 1622 7013
f 7013 7014 7011
f 7271 1746 7269
f 7269 1677 7203
f 7203 1721 7271
f 7271 7269 7203
f 7269 1746 7270
f 7270 1684 7092
f 7092 1677 7269
f 7269 7270 7092
f 6947 1506 6951
f 6951 1631 6952
f 6952 1630 6947
f 6947 6951 6952
f 6951 1506 6602
f 6602 1505 6950
f 6950 1631 6951
f 6951 6602 6950
f 6749 1561 6743
f 6743 1251 6533
f 6533 1475 6749
f 6749 6743 6533
f 6743 1561 6744
f 6744 1252 6116
f 6116 1251 6743
f 6743 6744 6116
f 7289 1376 6923
f 6923 1623 7290
f 7290 1751 7289
f 7289 6923 7290
f 6923 1376 6924
f 6924 1624 6928
f 6928 1623 6923
f 6923 6924 6928
f 6686 1539 7292
f 7292 1752 7291
f 7291 1538 6686
f 6686 7292 7291
f 7292 1539 7295
f 7295 1753 7298
f 7298 1752 7292
f 7292 7295 7298
f 7125 1693 7302
f 7302 1754 7301
f 7301 1692 7125
f 7125 7302 7301
f 7302 1693 7275
f 7275 1747 7303
f 7303 1754 7302
f 7302 7275 7303
f 7052 1655 7304
f 7304 1755 7305
f 7305 1669 7052
f 7052 7304 7305
f 7304 1655 7308
f 7308 1756 7309
f 7309 1755 7304
f 7304 7308 7309
f 7310 1436 7273
f 7273 1747 7315
f 7315 1757 7310
f 7310 7273 7315
f 7273 1436 7300
f 7300 1754 7303
f 7303 1747 7273
f 7273 7300 7303
f 7085 1681 7318
f 7318 1758 7317
f 7317 1678 7085
f 7085 7318 7317
f 7318 1681 7322
f 7322 1759 7323
f 7323 1758 7318
f 7318 7322 7323
f 7326 1762 7325
f 7325 1760 7324
f 7324 1761 7326
f 7326 7325 7324
f 7325 1762 7328
f 7328 1763 7327
f 7327 1760 7325
f 7325 7328 7327
f 7327 1763 7330
f 7330 1764 7329
f 7329 1760 7327
f 7327 7330 7329
f 7330 1763 7331
f 7331 1765 7332
f 7332 1764 7330
f 7330 7331 7332
f 7335 1768 7334
f 7334 1766 7333
f 7333 1767 7335
f 7335 7334 7333
f 7334 1768 7337
f 7337 1769 7336
f 7336 1766 7334
f 7334 7337 7336
f 7340 1772 7339
f 7339 1770 7338
f 7338 1771 7340
f 7340 7339 7338
f 7339 1772 7343
f 7343 1773 7342
f 7342 1770 7339
f 7339 7343 7342
f 7346 1776 7345
f 7345 1774 7344
f 7344 1775 7346
f 7346 7345 7344
f 7345 1776 7348
f 7348 1777 7347
f 7347 1774 7345
f 7345 7348 7347
f 7351 1780 7350
f 7350 1778 7349
f 7349 1779 7351
f 7351 7350 7349
f 7350 1780 7353
f 7353 1781 7352
f 7352 1778 7350
f 7350 7353 7352
f 7357 1784 7356
f 7356 1782 7354
f 7354 1783 7357
f 7357 7356 7354
f 7356 1784 7361
f 7361 1785 7360
f 7360 1782 7356
f 7356 7361 7360
f 7364 1788 7363
f 7363 1786 7362
f 7362 1787 7364
f 7364 7363 7362
f 7363 1788 7366
f 7366 1789 7365
f 7365 1786 7363
f 7363 7366 7365
f 7367 1790 7368
f 7368 1783 7354
f 7354 1782 7367
f 7367 7368 7354
f 7368 1790 7370
f 7370 1791 7369
f 7369 1783 7368
f 7368 7370 7369
f 7378 1794 7377
f 7377 1792 7375
f 7375 1793 7378
f 7378 7377 7375
f 7377 1794 7382
f 7382 1795 7381
f 7381 1792 7377
f 7377 7382 7381
f 7386 1798 7385
f 7385 1796 7383
f 7383 1797 7386
f 7386 7385 7383
f 7385 1798 7390
f 7390 1799 7389
f 7389 1796 7385
f 7385 7390 7389
f 7393 1768 7391
f 7391 1800 7395
f 7395 1801 7393
f 7393 7391 7395
f 7391 1768 7397
f 7397 1802 7401
f 7401 1800 7391
f 7391 7397 7401
f 7407 1805 7406
f 7406 1803 7403
f 7403 1804 7407
f 7407 7406 7403
f 7406 1805 7409
f 7409 1806 7408
f 7408 1803 7406
f 7406 7409 7408
f 7417 1809 7416
f 7416 1807 7412
f 7412 1808 7417
f 7417 7416 7412
f 7416 1809 7421
f 7421 1810 7420
f 7420 1807 7416
f 7416 7421 7420
f 7376 1794 7411
f 7411 1808 7410
f 7410 1787 7376
f 7376 7411 7410
f 7411 1794 7415
f 7415 1809 7417
f 7417 1808 7411
f 7411 7415 7417
f 7360 1785 7423
f 7423 1811 7422
f 7422 1782 7360
f 7360 7423 7422
f 7423 1785 7426
f 7426 1812 7427
f 7427 1811 7423
f 7423 7426 7427
f 7437 1815 7436
f 7436 1813 7433
f 7433 1814 7437
f 7437 7436 7433
f 7436 1815 7439
f 7439 1816 7438
f 7438 1813 7436
f 7436 7439 7438
f 7442 1819 7441
f 7441 1817 7440
f 7440 1818 7442
f 7442 7441 7440
f 7441 1819 7445
f 7445 1820 7444
f 7444 1817 7441
f 7441 7445 7444
f 7446 1821 7447
f 7447 1779 7349
f 7349 1778 7446
f 7446 7447 7349
f 7447 1821 7452
f 7452 1822 7450
f 7450 1779 7447
f 7447 7452 7450
f 7458 1825 7457
f 7457 1823 7456
f 7456 1824 7458
f 7458 7457 7456
f 7457 1825 7461
f 7461 1826 7460
f 7460 1823 7457
f 7457 7461 7460
f 7465 1829 7464
f 7464 1827 7462
f 7462 1828 7465
f 7465 7464 7462
f 7464 1829 7467
f 7467 1830 7466
f 7466 1827 7464
f 7464 7467 7466
f 7465 1828 7470
f 7470 1831 7471
f 7471 1829 7465
f 7465 7470 7471
f 7470 1828 7472
f 7472 1832 7473
f 7473 1831 7470
f 7470 7472 7473
f 7476 1835 7475
f 7475 1833 7474
f 7474 1834 7476
f 7476 7475 7474
f 7475 1835 7478
f 7478 1836 7477
f 7477 1833 7475
f 7475 7478 7477
f 7482 1839 7481
f 7481 1837 7479
f 7479 1838 7482
f 7482 7481 7479
f 7481 1839 7486
f 7486 1840 7485
f 7485 1837 7481
f 7481 7486 7485
f 7491 1843 7490
f 7490 1841 7487
f 7487 1842 7491
f 7491 7490 7487
f 7490 1843 7495
f 7495 1844 7494
f 7494 1841 7490
f 7490 7495 7494
f 7498 1847 7497
f 7497 1845 7496
f 7496 1846 7498
f 7498 7497 7496
f 7497 1847 7500
f 7500 1848 7499
f 7499 1845 7497
f 7497 7500 7499
f 7501 1850 7504
f 7504 1852 7503
f 7503 1849 7501
f 7501 7504 7503
f 7504 1850 7502
f 7502 1851 7505
f 7505 1852 7504
f 7504 7502 7505
f 7508 1855 7507
f 7507 1853 7506
f 7506 1854 7508
f 7508 7507 7506
f 7507 1855 7510
f 7510 1856 7509
f 7509 1853 7507
f 7507 7510 7509
f 7513 1838 7512
f 7512 1857 7516
f 7516 1858 7513
f 7513 7512 7516
f 7512 1838 7479
f 7479 1837 7511
f 7511 1857 7512
f 7512 7479 7511
f 7523 1861 7522
f 7522 1859 7520
f 7520 1860 7523
f 7523 7522 7520
f 7522 1861 7527
f 7527 1862 7526
f 7526 1859 7522
f 7522 7527 7526
f 7531 1865 7530
f 7530 1863 7528
f 7528 1864 7531
f 7531 7530 7528
f 7530 1865 7533
f 7533 1866 7532
f 7532 1863 7530
f 7530 7533 7532
f 7542 1869 7541
f 7541 1867 7538
f 7538 1868 7542
f 7542 7541 7538
f 7541 1869 7548
f 7548 1870 7547
f 7547 1867 7541
f 7541 7548 7547
f 7553 1873 7552
f 7552 1871 7551
f 7551 1872 7553
f 7553 7552 7551
f 7552 1873 7555
f 7555 1874 7554
f 7554 1871 7552
f 7552 7555 7554
f 7556 1875 7557
f 7557 1842 7487
f 7487 1841 7556
f 7556 7557 7487
f 7557 1875 7559
f 7559 1876 7558
f 7558 1842 7557
f 7557 7559 7558
f 7568 1879 7567
f 7567 1877 7563
f 7563 1878 7568
f 7568 7567 7563
f 7567 1879 7566
f 7566 1866 7560
f 7560 1877 7567
f 7567 7566 7560
f 7539 1869 7540
f 7540 1832 7472
f 7472 1828 7539
f 7539 7540 7472
f 7540 1869 7572
f 7572 1880 7569
f 7569 1832 7540
f 7540 7572 7569
f 7579 1883 7578
f 7578 1881 7575
f 7575 1882 7579
f 7579 7578 7575
f 7578 1883 7584
f 7584 1884 7583
f 7583 1881 7578
f 7578 7584 7583
f 7592 1846 7588
f 7588 1885 7593
f 7593 1886 7592
f 7592 7588 7593
f 7588 1846 7496
f 7496 1845 7587
f 7587 1885 7588
f 7588 7496 7587
f 7595 1887 7596
f 7596 1851 7502
f 7502 1850 7595
f 7595 7596 7502
f 7596 1887 7600
f 7600 1888 7599
f 7599 1851 7596
f 7596 7600 7599
f 7608 1891 7607
f 7607 1889 7606
f 7606 1890 7608
f 7608 7607 7606
f 7607 1891 7612
f 7612 1892 7611
f 7611 1889 7607
f 7607 7612 7611
f 7620 1894 7618
f 7618 1853 7615
f 7615 1893 7620
f 7620 7618 7615
f 7618 1894 7619
f 7619 1854 7506
f 7506 1853 7618
f 7618 7619 7506
f 7621 1854 7624
f 7624 1896 7626
f 7626 1895 7621
f 7621 7624 7626
f 7624 1854 7619
f 7619 1894 7625
f 7625 1896 7624
f 7624 7619 7625
f 7580 1884 7581
f 7581 1556 6732
f 6732 1555 7580
f 7580 7581 6732
f 7581 1884 7584
f 7584 1883 7576
f 7576 1556 7581
f 7581 7584 7576
f 7594 1673 7598
f 7598 1888 7600
f 7600 1887 7594
f 7594 7598 7600
f 7598 1673 7064
f 7064 1672 7597
f 7597 1888 7598
f 7598 7064 7597
f 7604 1890 7605
f 7605 1292 6171
f 6171 1291 7604
f 7604 7605 6171
f 7605 1890 7606
f 7606 1889 7601
f 7601 1292 7605
f 7605 7606 7601
f 6921 1622 7614
f 7614 1893 7613
f 7613 1619 6921
f 6921 7614 7613
f 7614 1622 7616
f 7616 1894 7620
f 7620 1893 7614
f 7614 7616 7620
f 7011 1653 7617
f 7617 1894 7616
f 7616 1622 7011
f 7011 7617 7616
f 7617 1653 7622
f 7622 1896 7625
f 7625 1894 7617
f 7617 7622 7625
f 7590 1886 7591
f 7591 1662 7033
f 7033 1661 7590
f 7590 7591 7033
f 7591 1886 7593
f 7593 1885 7586
f 7586 1662 7591
f 7591 7593 7586
f 7634 1898 7633
f 7633 1859 7628
f 7628 1897 7634
f 7634 7633 7628
f 7633 1898 7632
f 7632 1849 7517
f 7517 1859 7633
f 7633 7632 7517
f 7642 1901 7641
f 7641 1899 7640
f 7640 1900 7642
f 7642 7641 7640
f 7641 1901 7646
f 7646 1902 7645
f 7645 1899 7641
f 7641 7646 7645
f 7653 1904 7649
f 7649 1797 7647
f 7647 1903 7653
f 7653 7649 7647
f 7649 1904 7650
f 7650 1798 7386
f 7386 1797 7649
f 7649 7650 7386
f 7663 1906 7659
f 7659 1764 7654
f 7654 1905 7663
f 7663 7659 7654
f 7659 1906 7662
f 7662 1812 7425
f 7425 1764 7659
f 7659 7662 7425
f 7342 1773 7666
f 7666 1907 7665
f 7665 1770 7342
f 7342 7666 7665
f 7666 1773 7341
f 7341 1765 7664
f 7664 1907 7666
f 7666 7341 7664
f 7466 1830 7668
f 7668 1908 7667
f 7667 1827 7466
f 7466 7668 7667
f 7668 1830 7673
f 7673 1909 7675
f 7675 1908 7668
f 7668 7673 7675
f 7678 1911 7679
f 7679 1910 7676
f 7676 1834 7678
f 7678 7679 7676
f 7679 1911 7681
f 7681 1912 7680
f 7680 1910 7679
f 7679 7681 7680
f 7687 1914 7692
f 7692 1916 7691
f 7691 1913 7687
f 7687 7692 7691
f 7692 1914 7688
f 7688 1915 7693
f 7693 1916 7692
f 7692 7688 7693
f 7702 1919 7701
f 7701 1917 7699
f 7699 1918 7702
f 7702 7701 7699
f 7701 1919 7704
f 7704 1920 7703
f 7703 1917 7701
f 7701 7704 7703
f 7705 1853 7708
f 7708 1922 7713
f 7713 1921 7705
f 7705 7708 7713
f 7708 1853 7509
f 7509 1856 7709
f 7709 1922 7708
f 7708 7509 7709
f 7717 1924 7726
f 7726 1926 7725
f 7725 1923 7717
f 7717 7726 7725
f 7726 1924 7720
f 7720 1925 7727
f 7727 1926 7726
f 7726 7720 7727
f 7547 1870 7545
f 7545 1864 7535
f 7535 1867 7547
f 7547 7545 7535
f 7545 1870 7546
f 7546 1865 7531
f 7531 1864 7545
f 7545 7546 7531
f 7715 1911 7719
f 7719 1925 7720
f 7720 1924 7715
f 7715 7719 7720
f 7719 1911 7731
f 7731 1927 7732
f 7732 1925 7719
f 7719 7731 7732
f 7740 1929 7738
f 7738 1923 7735
f 7735 1928 7740
f 7740 7738 7735
f 7738 1929 7739
f 7739 1924 7717
f 7717 1923 7738
f 7738 7739 7717
f 7746 1893 7707
f 7707 1921 7747
f 7747 1930 7746
f 7746 7707 7747
f 7707 1893 7615
f 7615 1853 7705
f 7705 1921 7707
f 7707 7615 7705
f 7734 1928 7733
f 7733 1668 7060
f 7060 1671 7734
f 7734 7733 7060
f 7733 1928 7735
f 7735 1923 7714
f 7714 1668 7733
f 7733 7735 7714
f 7759 1933 7758
f 7758 1931 7754
f 7754 1932 7759
f 7759 7758 7754
f 7758 1933 7765
f 7765 1934 7764
f 7764 1931 7758
f 7758 7765 7764
f 6915 1619 7743
f 7743 1930 7742
f 7742 1453 6915
f 6915 7743 7742
f 7743 1619 7613
f 7613 1893 7746
f 7746 1930 7743
f 7743 7613 7746
f 7725 1926 7722
f 7722 1668 7714
f 7714 1923 7725
f 7725 7722 7714
f 7722 1926 7721
f 7721 1656 7051
f 7051 1668 7722
f 7722 7721 7051
f 7755 1665 7761
f 7761 1934 7765
f 7765 1933 7755
f 7755 7761 7765
f 7761 1665 7041
f 7041 1664 7760
f 7760 1934 7761
f 7761 7041 7760
f 7638 1819 7768
f 7768 1935 7769
f 7769 1900 7638
f 7638 7768 7769
f 7768 1819 7774
f 7774 1936 7775
f 7775 1935 7768
f 7768 7774 7775
f 7351 1779 7776
f 7776 1937 7777
f 7777 1780 7351
f 7351 7776 7777
f 7776 1779 7780
f 7780 1938 7785
f 7785 1937 7776
f 7776 7780 7785
f 7526 1862 7629
f 7629 1897 7628
f 7628 1859 7526
f 7526 7629 7628
f 7629 1862 7787
f 7787 1939 7789
f 7789 1897 7629
f 7629 7787 7789
f 7336 1769 7792
f 7792 1940 7791
f 7791 1766 7336
f 7336 7792 7791
f 7792 1769 7795
f 7795 1941 7798
f 7798 1940 7792
f 7792 7795 7798
f 7645 1902 7644
f 7644 1813 7635
f 7635 1899 7645
f 7645 7644 7635
f 7644 1902 7643
f 7643 1806 7428
f 7428 1813 7644
f 7644 7643 7428
f 7420 1810 7800
f 7800 1942 7799
f 7799 1807 7420
f 7420 7800 7799
f 7800 1810 7806
f 7806 1943 7809
f 7809 1942 7800
f 7800 7806 7809
f 7444 1820 7812
f 7812 1944 7811
f 7811 1817 7444
f 7444 7812 7811
f 7812 1820 7443
f 7443 1816 7810
f 7810 1944 7812
f 7812 7443 7810
f 7815 1875 7813
f 7813 1945 7817
f 7817 1946 7815
f 7815 7813 7817
f 7813 1875 7820
f 7820 1947 7821
f 7821 1945 7813
f 7813 7820 7821
f 7595 1850 7823
f 7823 1948 7825
f 7825 1887 7595
f 7595 7823 7825
f 7823 1850 7828
f 7828 1949 7831
f 7831 1948 7823
f 7823 7828 7831
f 7516 1857 7832
f 7832 1950 7833
f 7833 1858 7516
f 7516 7832 7833
f 7832 1857 7549
f 7549 1871 7834
f 7834 1950 7832
f 7832 7549 7834
f 7558 1876 7779
f 7779 1937 7778
f 7778 1842 7558
f 7558 7779 7778
f 7779 1876 7788
f 7788 1939 7790
f 7790 1937 7779
f 7779 7788 7790
f 7842 1951 7841
f 7841 1887 7825
f 7825 1948 7842
f 7842 7841 7825
f 7841 1951 7840
f 7840 1673 7594
f 7594 1887 7841
f 7841 7840 7594
f 7569 1880 7845
f 7845 1952 7843
f 7843 1832 7569
f 7569 7845 7843
f 7845 1880 7570
f 7570 1836 7844
f 7844 1952 7845
f 7845 7570 7844
f 7858 1954 7853
f 7853 1833 7848
f 7848 1953 7858
f 7858 7853 7848
f 7853 1954 7857
f 7857 1927 7728
f 7728 1833 7853
f 7853 7857 7728
f 7859 1762 7402
f 7402 1804 7861
f 7861 1955 7859
f 7859 7402 7861
f 7402 1762 7405
f 7405 1805 7407
f 7407 1804 7402
f 7402 7405 7407
f 7355 1784 7430
f 7430 1814 7429
f 7429 1761 7355
f 7355 7430 7429
f 7430 1784 7435
f 7435 1815 7437
f 7437 1814 7430
f 7430 7435 7437
f 7770 1904 7651
f 7651 1900 7769
f 7769 1935 7770
f 7770 7651 7769
f 7651 1904 7652
f 7652 1901 7642
f 7642 1900 7651
f 7651 7652 7642
f 7371 1772 7374
f 7374 1793 7375
f 7375 1792 7371
f 7371 7374 7375
f 7374 1772 7399
f 7399 1802 7400
f 7400 1793 7374
f 7374 7399 7400
f 7842 1948 7822
f 7822 1661 7839
f 7839 1951 7842
f 7842 7822 7839
f 7822 1948 7824
f 7824 1886 7590
f 7590 1661 7822
f 7822 7824 7590
f 7586 1885 7585
f 7585 1555 7031
f 7031 1662 7586
f 7586 7585 7031
f 7585 1885 7589
f 7589 1884 7580
f 7580 1555 7585
f 7585 7589 7580
f 7866 1906 7660
f 7660 1786 7862
f 7862 1956 7866
f 7866 7660 7862
f 7660 1906 7661
f 7661 1795 7379
f 7379 1786 7660
f 7660 7661 7379
f 7724 1896 7623
f 7623 1656 7721
f 7721 1926 7724
f 7724 7623 7721
f 7623 1896 7622
f 7622 1653 7017
f 7017 1656 7623
f 7623 7622 7017
f 7875 1878 7870
f 7870 1957 7876
f 7876 1958 7875
f 7875 7870 7876
f 7870 1878 7563
f 7563 1877 7869
f 7869 1957 7870
f 7870 7563 7869
f 7675 1909 7674
f 7674 1877 7671
f 7671 1908 7675
f 7675 7674 7671
f 7674 1909 7871
f 7871 1957 7869
f 7869 1877 7674
f 7674 7871 7869
f 7885 1960 7884
f 7884 1945 7879
f 7879 1959 7885
f 7885 7884 7879
f 7884 1960 7891
f 7891 1961 7889
f 7889 1945 7884
f 7884 7891 7889
f 7893 1962 7894
f 7894 1892 7612
f 7612 1891 7893
f 7893 7894 7612
f 7894 1962 7901
f 7901 1963 7900
f 7900 1892 7894
f 7894 7901 7900
f 7706 1921 7895
f 7895 1962 7893
f 7893 1891 7706
f 7706 7895 7893
f 7895 1921 7713
f 7713 1922 7896
f 7896 1962 7895
f 7895 7713 7896
f 7587 1845 7582
f 7582 1884 7589
f 7589 1885 7587
f 7587 7582 7589
f 7582 1845 7573
f 7573 1881 7583
f 7583 1884 7582
f 7582 7573 7583
f 7889 1961 7890
f 7890 1946 7817
f 7817 1945 7889
f 7889 7890 7817
f 7890 1961 7886
f 7886 1848 7814
f 7814 1946 7890
f 7890 7886 7814
f 7744 1930 7745
f 7745 1891 7608
f 7608 1890 7744
f 7744 7745 7608
f 7745 1930 7747
f 7747 1921 7706
f 7706 1891 7745
f 7745 7747 7706
f 7742 1930 7741
f 7741 1291 6488
f 6488 1453 7742
f 7742 7741 6488
f 7741 1930 7744
f 7744 1890 7604
f 7604 1291 7741
f 7741 7744 7604
f 7775 1936 7771
f 7771 1775 7766
f 7766 1935 7775
f 7775 7771 7766
f 7771 1936 7772
f 7772 1776 7346
f 7346 1775 7771
f 7771 7772 7346
f 7389 1799 7903
f 7903 1964 7902
f 7902 1796 7389
f 7389 7903 7902
f 7903 1799 7797
f 7797 1941 7904
f 7904 1964 7903
f 7903 7797 7904
f 7601 1889 7602
f 7602 1672 7062
f 7062 1292 7601
f 7601 7602 7062
f 7602 1889 7603
f 7603 1888 7597
f 7597 1672 7602
f 7602 7603 7597
f 7352 1781 7873
f 7873 1958 7872
f 7872 1778 7352
f 7352 7873 7872
f 7873 1781 7561
f 7561 1878 7875
f 7875 1958 7873
f 7873 7561 7875
f 7494 1844 7515
f 7515 1858 7514
f 7514 1841 7494
f 7494 7515 7514
f 7515 1844 7493
f 7493 1838 7513
f 7513 1858 7515
f 7515 7493 7513
f 7505 1851 7897
f 7897 1963 7898
f 7898 1852 7505
f 7505 7897 7898
f 7897 1851 7609
f 7609 1892 7900
f 7900 1963 7897
f 7897 7609 7900
f 7909 1879 7564
f 7564 1860 7906
f 7906 1965 7909
f 7909 7564 7906
f 7564 1879 7565
f 7565 1861 7523
f 7523 1860 7564
f 7564 7565 7523
f 7536 1855 7850
f 7850 1953 7851
f 7851 1868 7536
f 7536 7850 7851
f 7850 1855 7855
f 7855 1954 7858
f 7858 1953 7850
f 7850 7855 7858
f 7599 1888 7610
f 7610 1892 7609
f 7609 1851 7599
f 7599 7610 7609
f 7610 1888 7603
f 7603 1889 7611
f 7611 1892 7610
f 7610 7603 7611
f 7724 1926 7723
f 7723 1895 7626
f 7626 1896 7724
f 7724 7723 7626
f 7723 1926 7727
f 7727 1925 7718
f 7718 1895 7723
f 7723 7727 7718
f 7915 1966 7913
f 7913 1832 7843
f 7843 1952 7915
f 7915 7913 7843
f 7913 1966 7912
f 7912 1831 7473
f 7473 1832 7913
f 7913 7912 7473
f 7915 1952 7846
f 7846 1915 7914
f 7914 1966 7915
f 7915 7846 7914
f 7846 1952 7847
f 7847 1916 7693
f 7693 1915 7846
f 7846 7847 7693
f 7916 727 6715
f 6715 1549 7919
f 7919 1967 7916
f 7916 6715 7919
f 6715 727 4215
f 4215 726 6714
f 6714 1549 6715
f 6715 4215 6714
f 7923 1968 7921
f 7921 1283 6648
f 6648 1524 7923
f 7923 7921 6648
f 7921 1968 7922
f 7922 1311 6199
f 6199 1283 7921
f 7921 7922 6199
f 6663 1532 7930
f 7930 1969 7929
f 7929 1354 6663
f 6663 7930 7929
f 7930 1532 7934
f 7934 1970 7935
f 7935 1969 7930
f 7930 7934 7935
f 7943 1972 7940
f 7940 1695 7937
f 7937 1971 7943
f 7943 7940 7937
f 7940 1972 7941
f 7941 1696 7133
f 7133 1695 7940
f 7940 7941 7133
f 7953 1974 7949
f 7949 1347 7944
f 7944 1973 7953
f 7953 7949 7944
f 7949 1974 7950
f 7950 1348 6286
f 6286 1347 7949
f 7949 7950 6286
f 7022 1444 7101
f 7101 1687 7102
f 7102 1658 7022
f 7022 7101 7102
f 7101 1444 7107
f 7107 1688 7109
f 7109 1687 7101
f 7101 7107 7109
f 7103 1674 7065
f 7065 1658 7102
f 7102 1687 7103
f 7103 7065 7102
f 7065 1674 7066
f 7066 1659 7026
f 7026 1658 7065
f 7065 7066 7026
f 7954 1975 7955
f 7955 1699 7142
f 7142 1537 7954
f 7954 7955 7142
f 7955 1975 7956
f 7956 1700 7145
f 7145 1699 7955
f 7955 7956 7145
f 6835 1597 7296
f 7296 1753 7297
f 7297 1598 6835
f 6835 7296 7297
f 7296 1597 7293
f 7293 1752 7298
f 7298 1753 7296
f 7296 7293 7298
f 7830 1898 7630
f 7630 1846 7826
f 7826 1949 7830
f 7830 7630 7826
f 7630 1898 7631
f 7631 1847 7498
f 7498 1846 7630
f 7630 7631 7498
f 7491 1842 7783
f 7783 1938 7784
f 7784 1843 7491
f 7491 7783 7784
f 7783 1842 7778
f 7778 1937 7785
f 7785 1938 7783
f 7783 7778 7785
f 7809 1943 7807
f 7807 1823 7802
f 7802 1942 7809
f 7809 7807 7802
f 7807 1943 7805
f 7805 1777 7453
f 7453 1823 7807
f 7807 7805 7453
f 7592 1886 7829
f 7829 1949 7826
f 7826 1846 7592
f 7592 7829 7826
f 7829 1886 7824
f 7824 1948 7831
f 7831 1949 7829
f 7829 7824 7831
f 7923 1524 6671
f 6671 1534 7924
f 7924 1968 7923
f 7923 6671 7924
f 6671 1524 6661
f 6661 1531 6672
f 6672 1534 6671
f 6671 6661 6672
f 6950 1505 7960
f 7960 1976 7961
f 7961 1631 6950
f 6950 7960 7961
f 7960 1505 6963
f 6963 1634 7962
f 7962 1976 7960
f 7960 6963 7962
f 6561 738 6965
f 6965 1635 6967
f 6967 1486 6561
f 6561 6965 6967
f 6965 738 4259
f 4259 737 6964
f 6964 1635 6965
f 6965 4259 6964
f 7969 1979 7968
f 7968 1977 7965
f 7965 1978 7969
f 7969 7968 7965
f 7968 1979 7971
f 7971 1980 7970
f 7970 1977 7968
f 7968 7971 7970
f 7974 1979 7966
f 7966 743 7972
f 7972 1981 7974
f 7974 7966 7972
f 7966 1979 7967
f 7967 744 4268
f 4268 743 7966
f 7966 7967 4268
f 7977 1983 7981
f 7981 1985 7980
f 7980 1982 7977
f 7977 7981 7980
f 7981 1983 7979
f 7979 1984 7982
f 7982 1985 7981
f 7981 7979 7982
f 7984 1984 7983
f 7983 1986 7985
f 7985 1987 7984
f 7984 7983 7985
f 7983 1984 7987
f 7987 1988 7988
f 7988 1986 7983
f 7983 7987 7988
f 7988 1988 7993
f 7993 1990 7992
f 7992 1986 7988
f 7988 7993 7992
f 7993 1988 7991
f 7991 1989 7994
f 7994 1990 7993
f 7993 7991 7994
f 7994 1989 7998
f 7998 1992 7999
f 7999 1990 7994
f 7994 7998 7999
f 7998 1989 7997
f 7997 1991 8000
f 8000 1992 7998
f 7998 7997 8000
f 8001 1993 8002
f 8002 1521 6639
f 6639 1493 8001
f 8001 8002 6639
f 8002 1993 8003
f 8003 1991 7996
f 7996 1521 8002
f 8002 8003 7996
f 8004 1994 8005
f 8005 1493 6573
f 6573 1492 8004
f 8004 8005 6573
f 8005 1994 8006
f 8006 1993 8001
f 8001 1493 8005
f 8005 8006 8001
f 8009 1996 8010
f 8010 1995 8008
f 8008 1725 8009
f 8009 8010 8008
f 8010 1996 8014
f 8014 1997 8013
f 8013 1995 8010
f 8010 8014 8013
f 8016 1998 8015
f 8015 1544 6705
f 6705 1545 8016
f 8016 8015 6705
f 8015 1998 8020
f 8020 1999 8017
f 8017 1544 8015
f 8015 8020 8017
f 8023 2000 8024
f 8024 1491 6572
f 6572 1490 8023
f 8023 8024 6572
f 8024 2000 8028
f 8028 2001 8025
f 8025 1491 8024
f 8024 8028 8025
f 4326 766 6570
f 6570 1490 6571
f 6571 767 4326
f 4326 6570 6571
f 6570 766 8021
f 8021 2000 8023
f 8023 1490 6570
f 6570 8021 8023
f 6119 1254 8029
f 8029 2002 8030
f 8030 1255 6119
f 6119 8029 8030
f 8029 1254 7287
f 7287 1751 8033
f 8033 2002 8029
f 8029 7287 8033
f 8037 2004 8036
f 8036 1409 8035
f 8035 2003 8037
f 8037 8036 8035
f 8036 2004 8042
f 8042 2005 8040
f 8040 1409 8036
f 8036 8042 8040
f 8051 2008 8050
f 8050 2006 8048
f 8048 2007 8051
f 8051 8050 8048
f 8050 2008 8057
f 8057 2009 8056
f 8056 2006 8050
f 8050 8057 8056
f 8062 2011 8060
f 8060 1412 8058
f 8058 2010 8062
f 8062 8060 8058
f 8060 2011 8061
f 8061 1413 6413
f 6413 1412 8060
f 8060 8061 6413
f 8065 2012 8063
f 8063 2003 8059
f 8059 2010 8065
f 8065 8063 8059
f 8063 2012 8064
f 8064 2004 8037
f 8037 2003 8063
f 8063 8064 8037
f 8066 2013 8067
f 8067 1412 6411
f 6411 1411 8066
f 8066 8067 6411
f 8067 2013 8072
f 8072 2014 8069
f 8069 1412 8067
f 8067 8072 8069
f 8078 2017 8077
f 8077 2015 8076
f 8076 2016 8078
f 8078 8077 8076
f 8077 2017 8081
f 8081 2018 8080
f 8080 2015 8077
f 8077 8081 8080
f 8089 2021 8088
f 8088 2019 8087
f 8087 2020 8089
f 8089 8088 8087
f 8088 2021 8092
f 8092 2022 8091
f 8091 2019 8088
f 8088 8092 8091
f 8096 2025 8095
f 8095 2023 8094
f 8094 2024 8096
f 8096 8095 8094
f 8095 2025 8100
f 8100 2026 8099
f 8099 2023 8095
f 8095 8100 8099
f 8091 2022 8090
f 8090 1566 8083
f 8083 2019 8091
f 8091 8090 8083
f 8090 2022 8103
f 8103 2027 8101
f 8101 1566 8090
f 8090 8103 8101
f 6769 1574 6768
f 6768 1559 6742
f 6742 1560 6769
f 6769 6768 6742
f 6768 1574 8105
f 8105 2028 8104
f 8104 1559 6768
f 6768 8105 8104
f 8107 1712 8110
f 8110 2030 8111
f 8111 2029 8107
f 8107 8110 8111
f 8110 1712 7187
f 7187 1711 8109
f 8109 2030 8110
f 8110 7187 8109
f 8115 2032 8114
f 8114 1743 8113
f 8113 2031 8115
f 8115 8114 8113
f 8114 2032 8118
f 8118 2033 8116
f 8116 1743 8114
f 8114 8118 8116
f 8119 1378 8122
f 8122 2035 8123
f 8123 2034 8119
f 8119 8122 8123
f 8122 1378 6356
f 6356 1377 8121
f 8121 2035 8122
f 8122 6356 8121
f 8131 2037 8130
f 8130 1750 8127
f 8127 2036 8131
f 8131 8130 8127
f 8130 2037 8135
f 8135 2038 8134
f 8134 1750 8130
f 8130 8135 8134
f 8142 2041 8141
f 8141 2039 8138
f 8138 2040 8142
f 8142 8141 8138
f 8141 2041 8144
f 8144 2042 8143
f 8143 2039 8141
f 8141 8144 8143
f 6754 1565 8074
f 8074 2015 8073
f 8073 1562 6754
f 6754 8074 8073
f 8074 1565 8147
f 8147 2043 8148
f 8148 2015 8074
f 8074 8147 8148
f 8099 2026 8097
f 8097 1301 8093
f 8093 2023 8099
f 8099 8097 8093
f 8097 2026 8098
f 8098 1302 6185
f 6185 1301 8097
f 8097 8098 6185
f 8155 2046 8154
f 8154 2044 8153
f 8153 2045 8155
f 8155 8154 8153
f 8154 2046 8157
f 8157 2047 8156
f 8156 2044 8154
f 8154 8157 8156
f 8161 2049 8164
f 8164 2051 8163
f 8163 2048 8161
f 8161 8164 8163
f 8164 2049 8162
f 8162 2050 8165
f 8165 2051 8164
f 8164 8162 8165
f 8169 2040 8167
f 8167 2052 8170
f 8170 2053 8169
f 8169 8167 8170
f 8167 2040 8138
f 8138 2039 8166
f 8166 2052 8167
f 8167 8138 8166
f 7278 1748 7279
f 7279 1676 7073
f 7073 1638 7278
f 7278 7279 7073
f 7279 1748 8175
f 8175 2054 8173
f 8173 1676 7279
f 7279 8175 8173
f 7277 1299 8171
f 8171 2054 8175
f 8175 1748 7277
f 7277 8171 8175
f 8171 1299 6183
f 6183 1302 8172
f 8172 2054 8171
f 8171 6183 8172
f 8179 2057 8178
f 8178 2055 8176
f 8176 2056 8179
f 8179 8178 8176
f 8178 2057 8184
f 8184 2058 8183
f 8183 2055 8178
f 8178 8184 8183
f 8187 2059 8188
f 8188 1742 7262
f 7262 1594 8187
f 8187 8188 7262
f 8188 2059 8194
f 8194 2060 8192
f 8192 1742 8188
f 8188 8194 8192
f 8186 2059 8185
f 8185 1345 6284
f 6284 1348 8186
f 8186 8185 6284
f 8185 2059 8199
f 8199 2061 8195
f 8195 1345 8185
f 8185 8199 8195
f 6833 1347 6837
f 6837 1599 6839
f 6839 1598 6833
f 6833 6837 6839
f 6837 1347 6283
f 6283 1346 6836
f 6836 1599 6837
f 6837 6283 6836
f 6811 1591 6812
f 6812 1420 6424
f 6424 1419 6811
f 6811 6812 6424
f 6812 1591 8203
f 8203 2062 8202
f 8202 1420 6812
f 6812 8203 8202
f 6810 1381 8200
f 8200 2062 8203
f 8203 1591 6810
f 6810 8200 8203
f 8200 1381 6363
f 6363 1384 8201
f 8201 2062 8200
f 8200 6363 8201
f 7173 1709 7174
f 7174 1383 6362
f 6362 1382 7173
f 7173 7174 6362
f 7174 1709 7177
f 7177 1708 7171
f 7171 1383 7174
f 7174 7177 7171
f 7316 1758 7319
f 7319 1753 7295
f 7295 1539 7316
f 7316 7319 7295
f 7319 1758 7947
f 7947 1973 7946
f 7946 1753 7319
f 7319 7947 7946
f 6843 1600 6840
f 6840 1346 6814
f 6814 1592 6843
f 6843 6840 6814
f 6840 1600 6844
f 6844 1599 6836
f 6836 1346 6840
f 6840 6844 6836
f 6282 1345 6813
f 6813 1592 6814
f 6814 1346 6282
f 6282 6813 6814
f 6813 1345 6817
f 6817 1593 6820
f 6820 1592 6813
f 6813 6817 6820
f 8196 2061 8198
f 8198 1594 6822
f 6822 1449 8196
f 8196 8198 6822
f 8198 2061 8199
f 8199 2059 8187
f 8187 1594 8198
f 8198 8199 8187
f 8207 2063 8206
f 8206 1449 6485
f 6485 1452 8207
f 8207 8206 6485
f 8206 2063 8209
f 8209 2061 8196
f 8196 1449 8206
f 8206 8209 8196
f 6843 1592 6815
f 6815 1419 6842
f 6842 1600 6843
f 6843 6815 6842
f 6815 1592 6816
f 6816 1591 6811
f 6811 1419 6815
f 6815 6816 6811
f 8217 1692 8213
f 8213 2064 8220
f 8220 2065 8217
f 8217 8213 8220
f 8213 1692 7301
f 7301 1754 8214
f 8214 2064 8213
f 8213 7301 8214
f 8211 2064 8212
f 8212 1681 7086
f 7086 1680 8211
f 8211 8212 7086
f 8212 2064 8210
f 8210 1435 7084
f 7084 1681 8212
f 8212 8210 7084
f 7077 1340 7080
f 7080 1679 7081
f 7081 1678 7077
f 7077 7080 7081
f 7080 1340 6272
f 6272 1339 7079
f 7079 1679 7080
f 7080 6272 7079
f 8224 2067 8222
f 8222 2056 8221
f 8221 2066 8224
f 8224 8222 8221
f 8222 2067 8223
f 8223 2057 8179
f 8179 2056 8222
f 8222 8223 8179
f 8134 2038 8132
f 8132 1299 7283
f 7283 1750 8134
f 8134 8132 7283
f 8132 2038 8133
f 8133 1300 6181
f 6181 1299 8132
f 8132 8133 6181
f 7280 1749 7281
f 7281 1638 6971
f 6971 1637 7280
f 7280 7281 6971
f 7281 1749 7282
f 7282 1748 7278
f 7278 1638 7281
f 7281 7282 7278
f 8214 1754 7299
f 7299 1435 8210
f 8210 2064 8214
f 8214 7299 8210
f 7299 1754 7300
f 7300 1436 6461
f 6461 1435 7299
f 7299 7300 6461
f 7316 1539 7078
f 7078 1678 7317
f 7317 1758 7316
f 7316 7078 7317
f 7078 1539 6685
f 6685 1340 7077
f 7077 1678 7078
f 7078 6685 7077
f 6833 1598 7945
f 7945 1973 7944
f 7944 1347 6833
f 6833 7945 7944
f 7945 1598 7297
f 7297 1753 7946
f 7946 1973 7945
f 7945 7297 7946
f 8231 1719 8226
f 8226 2068 8234
f 8234 2069 8231
f 8231 8226 8234
f 8226 1719 7206
f 7206 1722 8227
f 8227 2068 8226
f 8226 7206 8227
f 8232 2069 8233
f 8233 2026 8100
f 8100 2025 8232
f 8232 8233 8100
f 8233 2069 8234
f 8234 2068 8228
f 8228 2026 8233
f 8233 8234 8228
f 7280 1637 8215
f 8215 2065 8218
f 8218 1749 7280
f 7280 8215 8218
f 8215 1637 7123
f 7123 1692 8217
f 8217 2065 8215
f 8215 7123 8217
f 8241 2071 8239
f 8239 1438 8235
f 8235 2070 8241
f 8241 8239 8235
f 8239 2071 8244
f 8244 2072 8242
f 8242 1438 8239
f 8239 8244 8242
f 8143 2042 8238
f 8238 2070 8237
f 8237 2039 8143
f 8143 8238 8237
f 8238 2042 8240
f 8240 2071 8241
f 8241 2070 8238
f 8238 8240 8241
f 8254 2074 8249
f 8249 1380 8246
f 8246 2073 8254
f 8254 8249 8246
f 8249 2074 8251
f 8251 2041 8140
f 8140 1380 8249
f 8249 8251 8140
f 8227 1722 8174
f 8174 2054 8229
f 8229 2068 8227
f 8227 8174 8229
f 8174 1722 7205
f 7205 1676 8173
f 8173 2054 8174
f 8174 7205 8173
f 8228 2068 8225
f 8225 1302 8098
f 8098 2026 8228
f 8228 8225 8098
f 8225 2068 8229
f 8229 2054 8172
f 8172 1302 8225
f 8225 8229 8172
f 8183 2058 8257
f 8257 2075 8256
f 8256 2055 8183
f 8183 8257 8256
f 8257 2058 8182
f 8182 2018 8255
f 8255 2075 8257
f 8257 8182 8255
f 8258 2076 8259
f 8259 1718 7197
f 7197 1717 8258
f 8258 8259 7197
f 8259 2076 8266
f 8266 2077 8264
f 8264 1718 8259
f 8259 8266 8264
f 8156 2047 8262
f 8262 2076 8261
f 8261 2044 8156
f 8156 8262 8261
f 8262 2047 8265
f 8265 2077 8266
f 8266 2076 8262
f 8262 8265 8266
f 8274 2080 8273
f 8273 2078 8271
f 8271 2079 8274
f 8274 8273 8271
f 8273 2080 8278
f 8278 2081 8277
f 8277 2078 8273
f 8273 8278 8277
f 8284 2083 8282
f 8282 1650 8279
f 8279 2082 8284
f 8284 8282 8279
f 8282 2083 8283
f 8283 1651 7008
f 7008 1650 8282
f 8282 8283 7008
f 8291 2085 8290
f 8290 2081 8287
f 8287 2084 8291
f 8291 8290 8287
f 8290 2085 8289
f 8289 2078 8277
f 8277 2081 8290
f 8290 8289 8277
f 8295 2070 8236
f 8236 1441 8292
f 8292 2086 8295
f 8295 8236 8292
f 8236 2070 8235
f 8235 1438 6467
f 6467 1441 8236
f 8236 8235 6467
f 8166 2039 8293
f 8293 2086 8294
f 8294 2052 8166
f 8166 8293 8294
f 8293 2039 8237
f 8237 2070 8295
f 8295 2086 8293
f 8293 8237 8295
f 8136 2040 8137
f 8137 2035 8121
f 8121 1377 8136
f 8136 8137 8121
f 8137 2040 8169
f 8169 2053 8168
f 8168 2035 8137
f 8137 8169 8168
f 8308 2089 8307
f 8307 2087 8303
f 8303 2088 8308
f 8308 8307 8303
f 8307 2089 8306
f 8306 1625 8297
f 8297 2087 8307
f 8307 8306 8297
f 8317 2091 8314
f 8314 2066 8311
f 8311 2090 8317
f 8317 8314 8311
f 8314 2091 8315
f 8315 2067 8224
f 8224 2066 8314
f 8314 8315 8224
f 8322 2092 8318
f 8318 1269 8310
f 8310 2090 8322
f 8322 8318 8310
f 8318 2092 8319
f 8319 1339 6267
f 6267 1269 8318
f 8318 8319 6267
f 8320 2037 8128
f 8128 1339 8319
f 8319 2092 8320
f 8320 8128 8319
f 8128 2037 8129
f 8129 1679 7079
f 7079 1339 8128
f 8128 8129 7079
f 8131 2036 8124
f 8124 1679 8129
f 8129 2037 8131
f 8131 8124 8129
f 8124 2036 8125
f 8125 1680 7083
f 7083 1679 8124
f 8124 8125 7083
f 8031 1608 6870
f 6870 1255 8030
f 8030 2002 8031
f 8031 6870 8030
f 6870 1608 6871
f 6871 1257 6122
f 6122 1255 6870
f 6870 6871 6122
f 8324 2093 8323
f 8323 1604 6875
f 6875 1609 8324
f 8324 8323 6875
f 8323 2093 8328
f 8328 2089 8304
f 8304 1604 8323
f 8323 8328 8304
f 8316 2091 8313
f 8313 1605 8301
f 8301 2088 8316
f 8316 8313 8301
f 8313 2091 8312
f 8312 1268 6858
f 6858 1605 8313
f 8313 8312 6858
f 8219 2036 8126
f 8126 1749 8218
f 8218 2065 8219
f 8219 8126 8218
f 8126 2036 8127
f 8127 1750 7285
f 7285 1749 8126
f 8126 8127 7285
f 8211 1680 8216
f 8216 2065 8220
f 8220 2064 8211
f 8211 8216 8220
f 8216 1680 8125
f 8125 2036 8219
f 8219 2065 8216
f 8216 8125 8219
f 7320 1434 7951
f 7951 1974 7952
f 7952 1759 7320
f 7320 7951 7952
f 7951 1434 8190
f 8190 2060 8193
f 8193 1974 7951
f 7951 8190 8193
f 8186 1348 8189
f 8189 2060 8194
f 8194 2059 8186
f 8186 8189 8194
f 8189 1348 7950
f 7950 1974 8193
f 8193 2060 8189
f 8189 7950 8193
f 8195 2061 8197
f 8197 1593 6817
f 6817 1345 8195
f 8195 8197 6817
f 8197 2061 8209
f 8209 2063 8208
f 8208 1593 8197
f 8197 8209 8208
f 8208 2063 8204
f 8204 1381 6818
f 6818 1593 8208
f 8208 8204 6818
f 8204 2063 8205
f 8205 1382 6361
f 6361 1381 8204
f 8204 8205 6361
f 8207 1452 6484
f 6484 1382 8205
f 8205 2063 8207
f 8207 6484 8205
f 6484 1452 7176
f 7176 1709 7173
f 7173 1382 6484
f 6484 7176 7173
f 6487 1451 7175
f 7175 1709 7176
f 7176 1452 6487
f 6487 7175 7176
f 7175 1451 7178
f 7178 1710 7184
f 7184 1709 7175
f 7175 7178 7184
f 7117 1691 7181
f 7181 1710 7178
f 7178 1451 7117
f 7117 7181 7178
f 7181 1691 7120
f 7120 1582 7180
f 7180 1710 7181
f 7181 7120 7180
f 7113 1557 6785
f 6785 1583 7116
f 7116 1690 7113
f 7113 6785 7116
f 6785 1557 7047
f 7047 1667 7048
f 7048 1583 6785
f 6785 7047 7048
f 7576 1883 7577
f 7577 1664 7040
f 7040 1556 7576
f 7576 7577 7040
f 7577 1883 7763
f 7763 1934 7760
f 7760 1664 7577
f 7577 7763 7760
f 7579 1882 7762
f 7762 1934 7763
f 7763 1883 7579
f 7579 7762 7763
f 7762 1882 7748
f 7748 1931 7764
f 7764 1934 7762
f 7762 7748 7764
f 7881 1960 7883
f 7883 1931 7748
f 7748 1882 7881
f 7881 7883 7748
f 7883 1960 7882
f 7882 1920 7749
f 7749 1931 7883
f 7883 7882 7749
f 8333 2094 8330
f 8330 1917 7877
f 7877 1959 8333
f 8333 8330 7877
f 8330 2094 8329
f 8329 1874 7694
f 7694 1917 8330
f 8330 8329 7694
f 8342 2097 8341
f 8341 2095 8338
f 8338 2096 8342
f 8342 8341 8338
f 8341 2097 8340
f 8340 2072 8335
f 8335 2095 8341
f 8341 8340 8335
f 7042 1666 8344
f 8344 2098 8343
f 8343 1580 7042
f 7042 8344 8343
f 8344 1666 7056
f 7056 1670 8345
f 8345 2098 8344
f 8344 7056 8345
f 7755 1933 7756
f 7756 1671 7059
f 7059 1665 7755
f 7755 7756 7059
f 7756 1933 7757
f 7757 1928 7734
f 7734 1671 7756
f 7756 7757 7734
f 7759 1932 7752
f 7752 1928 7757
f 7757 1933 7759
f 7759 7752 7757
f 7752 1932 7753
f 7753 1929 7740
f 7740 1928 7752
f 7752 7753 7740
f 7750 1919 7737
f 7737 1929 7753
f 7753 1932 7750
f 7750 7737 7753
f 7737 1919 7700
f 7700 1912 7736
f 7736 1929 7737
f 7737 7700 7736
f 7695 1873 7677
f 7677 1910 7697
f 7697 1918 7695
f 7695 7677 7697
f 7677 1873 8350
f 8350 2099 8351
f 8351 1910 7677
f 7677 8350 8351
f 7687 1913 7682
f 7682 1837 7685
f 7685 1914 7687
f 7687 7682 7685
f 7682 1913 7683
f 7683 1857 7511
f 7511 1837 7682
f 7682 7683 7511
f 8351 2099 8347
f 8347 1834 7676
f 7676 1910 8351
f 8351 8347 7676
f 8347 2099 8348
f 8348 1835 7476
f 7476 1834 8347
f 8347 8348 7476
f 7684 1913 8354
f 8354 2100 8353
f 8353 1872 7684
f 7684 8354 8353
f 8354 1913 7691
f 7691 1916 8355
f 8355 2100 8354
f 8354 7691 8355
f 7549 1857 7550
f 7550 1872 7551
f 7551 1871 7549
f 7549 7550 7551
f 7550 1857 7683
f 7683 1913 7684
f 7684 1872 7550
f 7550 7683 7684
f 7833 1950 7836
f 7836 1947 7819
f 7819 1858 7833
f 7833 7836 7819
f 7836 1950 8332
f 8332 2094 8331
f 8331 1947 7836
f 7836 8332 8331
f 8361 2101 8357
f 8357 1817 7811
f 7811 1944 8361
f 8361 8357 7811
f 8357 2101 8358
f 8358 1840 7483
f 7483 1817 8357
f 8357 8358 7483
f 8372 2103 8369
f 8369 1944 8366
f 8366 2102 8372
f 8372 8369 8366
f 8369 2103 8371
f 8371 2101 8361
f 8361 1944 8369
f 8369 8371 8361
f 7369 1791 8363
f 8363 2102 8362
f 8362 1783 7369
f 7369 8363 8362
f 8363 1791 8367
f 8367 2103 8372
f 8372 2102 8363
f 8363 8367 8372
f 7468 1790 7463
f 7463 1829 7471
f 7471 1831 7468
f 7468 7463 7471
f 7463 1790 8374
f 8374 2104 8376
f 8376 1829 7463
f 7463 8374 8376
f 8382 2105 8379
f 8379 1811 7864
f 7864 1956 8382
f 8382 8379 7864
f 8379 2105 8383
f 8383 2104 8375
f 8375 1811 8379
f 8379 8383 8375
f 7365 1789 7863
f 7863 1956 7862
f 7862 1786 7365
f 7365 7863 7862
f 7863 1789 8378
f 8378 2105 8382
f 8382 1956 7863
f 7863 8378 8382
f 8387 2106 8385
f 8385 1787 7410
f 7410 1808 8387
f 8387 8385 7410
f 8385 2106 8386
f 8386 1788 7364
f 7364 1787 8385
f 8385 8386 7364
f 7448 1821 7449
f 7449 1808 7412
f 7412 1807 7448
f 7448 7449 7412
f 7449 1821 8388
f 8388 2106 8387
f 8387 1808 7449
f 7449 8388 8387
f 7460 1826 7803
f 7803 1942 7802
f 7802 1823 7460
f 7460 7803 7802
f 7803 1826 7459
f 7459 1822 7801
f 7801 1942 7803
f 7803 7459 7801
f 7488 1825 7492
f 7492 1844 7495
f 7495 1843 7488
f 7488 7492 7495
f 7492 1825 8391
f 8391 2107 8394
f 8394 1844 7492
f 7492 8391 8394
f 8394 2107 8392
f 8392 1838 7493
f 7493 1844 8394
f 8394 8392 7493
f 8392 2107 8393
f 8393 1839 7482
f 7482 1838 8392
f 8392 8393 7482
f 8397 2110 8396
f 8396 2108 8395
f 8395 2109 8397
f 8397 8396 8395
f 8396 2110 8399
f 8399 2111 8398
f 8398 2108 8396
f 8396 8399 8398
f 8404 2114 8403
f 8403 2112 8401
f 8401 2113 8404
f 8404 8403 8401
f 8403 2114 8402
f 8402 2111 8400
f 8400 2112 8403
f 8403 8402 8400
f 8405 2115 8406
f 8406 2114 8404
f 8404 2113 8405
f 8405 8406 8404
f 8406 2115 8408
f 8408 2116 8407
f 8407 2114 8406
f 8406 8408 8407
f 8413 2119 8412
f 8412 2117 8411
f 8411 2118 8413
f 8413 8412 8411
f 8412 2119 8416
f 8416 2120 8415
f 8415 2117 8412
f 8412 8416 8415
f 8420 2122 8423
f 8423 2124 8422
f 8422 2121 8420
f 8420 8423 8422
f 8423 2122 8421
f 8421 2123 8424
f 8424 2124 8423
f 8423 8421 8424
f 8427 2127 8426
f 8426 2125 8425
f 8425 2126 8427
f 8427 8426 8425
f 8426 2127 8429
f 8429 2128 8428
f 8428 2125 8426
f 8426 8429 8428
f 8435 2131 8434
f 8434 2129 8431
f 8431 2130 8435
f 8435 8434 8431
f 8434 2131 8437
f 8437 2132 8436
f 8436 2129 8434
f 8434 8437 8436
f 8442 2135 8441
f 8441 2133 8439
f 8439 2134 8442
f 8442 8441 8439
f 8441 2135 8440
f 8440 2132 8438
f 8438 2133 8441
f 8441 8440 8438
f 8450 2137 8447
f 8447 1907 8445
f 8445 2136 8450
f 8450 8447 8445
f 8447 2137 8454
f 8454 2138 8452
f 8452 1907 8447
f 8447 8454 8452
f 8459 2140 8467
f 8467 2142 8466
f 8466 2139 8459
f 8459 8467 8466
f 8467 2140 8463
f 8463 2141 8468
f 8468 2142 8467
f 8467 8463 8468
f 8473 2144 8475
f 8475 2143 8470
f 8470 1801 8473
f 8473 8475 8470
f 8475 2144 8480
f 8480 2145 8479
f 8479 2143 8475
f 8475 8480 8479
f 8474 2144 8485
f 8485 2146 8483
f 8483 2121 8474
f 8474 8485 8483
f 8485 2144 8490
f 8490 2147 8491
f 8491 2146 8485
f 8485 8490 8491
f 8424 2123 8492
f 8492 2148 8493
f 8493 2124 8424
f 8424 8492 8493
f 8492 2123 8494
f 8494 2149 8496
f 8496 2148 8492
f 8492 8494 8496
f 8503 2152 8502
f 8502 2150 8499
f 8499 2151 8503
f 8503 8502 8499
f 8502 2152 8507
f 8507 2153 8506
f 8506 2150 8502
f 8502 8507 8506
f 8479 2145 8476
f 8476 1964 8472
f 8472 2143 8479
f 8479 8476 8472
f 8476 2145 8511
f 8511 2154 8509
f 8509 1964 8476
f 8476 8511 8509
f 8481 2119 8417
f 8417 2121 8483
f 8483 2146 8481
f 8481 8417 8483
f 8417 2119 8419
f 8419 2122 8420
f 8420 2121 8417
f 8417 8419 8420
f 8465 2116 8455
f 8455 2139 8466
f 8466 2142 8465
f 8465 8455 8466
f 8455 2116 8414
f 8414 2120 8456
f 8456 2139 8455
f 8455 8414 8456
f 8513 2155 8514
f 8514 1804 7403
f 7403 1803 8513
f 8513 8514 7403
f 8514 2155 8520
f 8520 2156 8516
f 8516 1804 8514
f 8514 8520 8516
f 8515 2155 8525
f 8525 2157 8524
f 8524 2151 8515
f 8515 8525 8524
f 8525 2155 8528
f 8528 2158 8529
f 8529 2157 8525
f 8525 8528 8529
f 8532 2110 8530
f 8530 2159 8535
f 8535 2160 8532
f 8532 8530 8535
f 8530 2110 8505
f 8505 2153 8531
f 8531 2159 8530
f 8530 8505 8531
f 8523 2135 8498
f 8498 2151 8524
f 8524 2157 8523
f 8523 8498 8524
f 8498 2135 8501
f 8501 2152 8503
f 8503 2151 8498
f 8498 8501 8503
f 8448 2137 8449
f 8449 2109 8395
f 8395 2108 8448
f 8448 8449 8395
f 8449 2137 8539
f 8539 2161 8537
f 8537 2109 8449
f 8449 8539 8537
f 8537 2161 8540
f 8540 2150 8497
f 8497 2109 8537
f 8537 8540 8497
f 8540 2161 8541
f 8541 2156 8518
f 8518 2150 8540
f 8540 8541 8518
f 8457 2140 8458
f 8458 1800 7392
f 7392 1771 8457
f 8457 8458 7392
f 8458 2140 8489
f 8489 2147 8486
f 8486 1800 8458
f 8458 8489 8486
f 8552 2164 8551
f 8551 2162 8548
f 8548 2163 8552
f 8552 8551 8548
f 8551 2164 8558
f 8558 2165 8557
f 8557 2162 8551
f 8551 8558 8557
f 8562 2167 8566
f 8566 2166 8561
f 8561 1903 8562
f 8562 8566 8561
f 8566 2167 8571
f 8571 2168 8570
f 8570 2166 8566
f 8566 8571 8570
f 8549 2164 8550
f 8550 1903 7647
f 7647 1797 8549
f 8549 8550 7647
f 8550 2164 8565
f 8565 2167 8562
f 8562 1903 8550
f 8550 8565 8562
f 8573 2131 8432
f 8432 2126 8572
f 8572 2169 8573
f 8573 8432 8572
f 8432 2131 8433
f 8433 2127 8427
f 8427 2126 8432
f 8432 8433 8427
f 8452 2138 8451
f 8451 1770 7665
f 7665 1907 8452
f 8452 8451 7665
f 8451 2138 8462
f 8462 2141 8460
f 8460 1770 8451
f 8451 8462 8460
f 8570 2168 8581
f 8581 2170 8580
f 8580 2166 8570
f 8570 8581 8580
f 8581 2168 8569
f 8569 2158 8579
f 8579 2170 8581
f 8581 8569 8579
f 8601 2177 8596
f 8613 2175 8592
f 8617 2179 8619
f 8620 2184 8623
f 8624 2186 8625
f 8625 2160 8535
f 8535 2159 8624
f 8624 8625 8535
f 8625 2186 8627
f 8627 2185 8622
f 8622 2160 8625
f 8625 8627 8622
f 8401 2112 8602
f 8602 2179 8603
f 8603 2113 8401
f 8401 8602 8603
f 8602 2112 8618
f 8618 2184 8619
f 8619 2179 8602
f 8602 8618 8619
f 8409 2115 8597
f 8597 2178 8598
f 8598 2117 8409
f 8409 8597 8598
f 8597 2115 8594
f 8594 2177 8601
f 8601 2178 8597
f 8597 8594 8601
f 8582 2118 8599
f 8599 2178 8600
f 8600 2172 8582
f 8582 8599 8600
f 8599 2118 8411
f 8411 2117 8598
f 8598 2178 8599
f 8599 8411 8598
f 8582 2172 8632
f 8632 2187 8628
f 8628 2118 8582
f 8582 8632 8628
f 8632 2172 8583
f 8583 2171 8631
f 8631 2187 8632
f 8632 8583 8631
f 8636 2188 8635
f 8635 2171 8584
f 8584 2173 8636
f 8636 8635 8584
f 8635 2188 8637
f 8637 2187 8631
f 8631 2171 8635
f 8635 8637 8631
f 8590 2169 8606
f 8606 2180 8607
f 8607 2176 8590
f 8590 8606 8607
f 8606 2169 8572
f 8572 2126 8605
f 8605 2180 8606
f 8606 8572 8605
f 8587 2133 8589
f 8589 2176 8591
f 8591 2175 8587
f 8587 8589 8591
f 8589 2133 8575
f 8575 2169 8590
f 8590 2176 8589
f 8589 8575 8590
f 8643 2189 8642
f 8642 2182 8615
f 8615 2183 8643
f 8643 8642 8615
f 8642 2189 8638
f 8638 2134 8612
f 8612 2182 8642
f 8642 8638 8612
f 8624 2159 8614
f 8614 2183 8626
f 8626 2186 8624
f 8624 8614 8626
f 8614 2159 8641
f 8641 2189 8643
f 8643 2183 8614
f 8614 8641 8643
f 8622 2185 8621
f 8621 2112 8534
f 8534 2160 8622
f 8622 8621 8534
f 8621 2185 8623
f 8623 2184 8618
f 8618 2112 8621
f 8621 8623 8618
f 8604 2177 8593
f 8593 2113 8603
f 8603 2179 8604
f 8604 8593 8603
f 8593 2177 8594
f 8594 2115 8405
f 8405 2113 8593
f 8593 8594 8405
f 8595 2172 8600
f 8626 2183 8616
f 8644 2185 8627
f 8627 2186 8645
f 8645 8644 8627
f 8496 2149 8544
f 8544 2162 8543
f 8543 2148 8496
f 8496 8544 8543
f 8544 2149 8495
f 8495 2128 8542
f 8542 2162 8544
f 8544 8495 8542
f 8636 2173 8649
f 8649 2190 8651
f 8651 2188 8636
f 8636 8649 8651
f 8649 2173 8586
f 8586 2174 8650
f 8650 2190 8649
f 8649 8586 8650
f 8605 2126 8609
f 8609 2181 8611
f 8611 2180 8605
f 8605 8609 8611
f 8609 2126 8425
f 8425 2125 8608
f 8608 2181 8609
f 8609 8425 8608
f 8612 2134 8588
f 8588 2175 8613
f 8613 2182 8612
f 8612 8588 8613
f 8588 2134 8439
f 8439 2133 8587
f 8587 2175 8588
f 8588 8439 8587
f 8509 2154 8508
f 8508 1796 7902
f 7902 1964 8509
f 8509 8508 7902
f 8508 2154 8556
f 8556 2165 8553
f 8553 1796 8508
f 8508 8556 8553
f 8608 2125 8585
f 8585 2174 8610
f 8610 2181 8608
f 8608 8585 8610
f 8585 2125 8646
f 8646 2190 8650
f 8650 2174 8585
f 8585 8646 8650
f 6323 1361 8654
f 8654 2191 8655
f 8655 1362 6323
f 6323 8654 8655
f 8654 1361 8658
f 8658 2192 8660
f 8660 2191 8654
f 8654 8658 8660
f 8661 2193 8662
f 8662 1294 6175
f 6175 1293 8661
f 8661 8662 6175
f 8662 2193 8671
f 8671 2194 8666
f 8666 1294 8662
f 8662 8671 8666
f 8666 2194 8667
f 8667 1454 6490
f 6490 1294 8666
f 8666 8667 6490
f 8667 2194 8668
f 8668 1682 7087
f 7087 1454 8667
f 8667 8668 7087
f 7113 1690 7114
f 7114 1558 6737
f 6737 1557 7113
f 7113 7114 6737
f 7114 1690 7112
f 7112 1456 6735
f 6735 1558 7114
f 7114 7112 6735
f 6917 1454 7095
f 7095 1685 7096
f 7096 1620 6917
f 6917 7095 7096
f 7095 1454 7087
f 7087 1682 7097
f 7097 1685 7095
f 7095 7087 7097
f 6920 1620 8672
f 8672 2195 8673
f 8673 1621 6920
f 6920 8672 8673
f 8672 1620 7096
f 7096 1685 8676
f 8676 2195 8672
f 8672 7096 8676
f 7016 1654 7307
f 7307 1756 7308
f 7308 1655 7016
f 7016 7307 7308
f 7307 1654 8678
f 8678 2196 8681
f 8681 1756 7307
f 7307 8678 8681
f 7837 1951 7838
f 7838 1660 7029
f 7029 1659 7837
f 7837 7838 7029
f 7838 1951 7839
f 7839 1661 7030
f 7030 1660 7838
f 7838 7839 7030
f 7034 1455 7027
f 7027 1660 7037
f 7037 1663 7034
f 7034 7027 7037
f 7027 1455 7020
f 7020 1657 7028
f 7028 1660 7027
f 7027 7020 7028
f 6735 1456 7035
f 7035 1663 7036
f 7036 1558 6735
f 6735 7035 7036
f 7035 1456 6492
f 6492 1455 7034
f 7034 1663 7035
f 7035 6492 7034
f 7050 1666 7043
f 7043 1583 7048
f 7048 1667 7050
f 7050 7043 7048
f 7043 1666 7042
f 7042 1580 6786
f 6786 1583 7043
f 7043 7042 6786
f 8345 1670 7306
f 7306 1755 8346
f 8346 2098 8345
f 8345 7306 8346
f 7306 1670 7058
f 7058 1669 7305
f 7305 1755 7306
f 7306 7058 7305
f 7103 1687 7104
f 7104 1675 7072
f 7072 1674 7103
f 7103 7104 7072
f 7104 1687 7105
f 7105 1686 7100
f 7100 1675 7104
f 7104 7105 7100
f 7100 1686 7099
f 7099 1293 7070
f 7070 1675 7100
f 7100 7099 7070
f 7099 1686 8663
f 8663 2193 8661
f 8661 1293 7099
f 7099 8663 8661
f 8678 1654 8674
f 8674 2195 8682
f 8682 2196 8678
f 8678 8674 8682
f 8674 1654 7012
f 7012 1621 8673
f 8673 2195 8674
f 8674 7012 8673
f 7052 1669 7053
f 7053 1656 7018
f 7018 1655 7052
f 7052 7053 7018
f 7053 1669 7054
f 7054 1668 7051
f 7051 1656 7053
f 7053 7054 7051
f 7068 1673 7063
f 7063 1659 7066
f 7066 1674 7068
f 7068 7063 7066
f 7063 1673 7840
f 7840 1951 7837
f 7837 1659 7063
f 7063 7840 7837
f 6734 1556 7046
f 7046 1667 7047
f 7047 1557 6734
f 6734 7046 7047
f 7046 1556 7040
f 7040 1664 7049
f 7049 1667 7046
f 7046 7040 7049
f 7061 1670 7055
f 7055 1665 7059
f 7059 1671 7061
f 7061 7055 7059
f 7055 1670 7056
f 7056 1666 7045
f 7045 1665 7055
f 7055 7056 7045
f 7022 1658 7023
f 7023 1445 6474
f 6474 1444 7022
f 7022 7023 6474
f 7023 1658 7024
f 7024 1657 7019
f 7019 1445 7023
f 7023 7024 7019
f 6493 1450 6498
f 6498 1458 6500
f 6500 1457 6493
f 6493 6498 6500
f 6498 1450 6826
f 6826 1595 6827
f 6827 1458 6498
f 6498 6826 6827
f 6784 1581 7179
f 7179 1710 7180
f 7180 1582 6784
f 6784 7179 7180
f 7179 1581 7170
f 7170 1707 7182
f 7182 1710 7179
f 7179 7170 7182
f 7092 1684 7091
f 7091 1639 7075
f 7075 1677 7092
f 7092 7091 7075
f 7091 1684 7094
f 7094 1683 7089
f 7089 1639 7091
f 7091 7094 7089
f 7313 1757 7314
f 7314 1689 7111
f 7111 1688 7313
f 7313 7314 7111
f 7314 1757 7315
f 7315 1747 7274
f 7274 1689 7314
f 7314 7315 7274
f 7117 1451 6494
f 6494 1457 7119
f 7119 1691 7117
f 7117 6494 7119
f 6494 1451 6483
f 6483 1450 6493
f 6493 1457 6494
f 6494 6483 6493
f 8669 2194 8670
f 8670 1706 7169
f 7169 1705 8669
f 8669 8670 7169
f 8670 2194 8671
f 8671 2193 8665
f 8665 1706 8670
f 8670 8671 8665
f 8677 1746 8680
f 8680 2196 8682
f 8682 2195 8677
f 8677 8680 8682
f 8680 1746 7272
f 7272 1745 8679
f 8679 2196 8680
f 8680 7272 8679
f 6827 1595 6824
f 6824 1445 6497
f 6497 1458 6827
f 6827 6824 6497
f 6824 1595 6823
f 6823 1442 6473
f 6473 1445 6824
f 6824 6823 6473
f 7090 1682 7164
f 7164 1705 7165
f 7165 1683 7090
f 7090 7164 7165
f 7164 1682 8668
f 8668 2194 8669
f 8669 1705 7164
f 7164 8668 8669
f 8665 2193 8664
f 8664 1689 7167
f 7167 1706 8665
f 8665 8664 7167
f 8664 2193 8663
f 8663 1686 7110
f 7110 1689 8664
f 8664 8663 7110
f 7098 1684 8675
f 8675 2195 8676
f 8676 1685 7098
f 7098 8675 8676
f 8675 1684 7270
f 7270 1746 8677
f 8677 2195 8675
f 8675 7270 8677
f 7313 1688 7106
f 7106 1443 7312
f 7312 1757 7313
f 7313 7106 7312
f 7106 1688 7107
f 7107 1444 6472
f 6472 1443 7106
f 7106 7107 6472
f 7121 1690 7115
f 7115 1582 7120
f 7120 1691 7121
f 7121 7115 7120
f 7115 1690 7116
f 7116 1583 6787
f 6787 1582 7115
f 7115 7116 6787
f 8683 2197 8684
f 8684 1513 6618
f 6618 1512 8683
f 8683 8684 6618
f 8684 2197 8685
f 8685 1633 6958
f 6958 1513 8684
f 8684 8685 6958
f 6792 1585 8689
f 8689 2198 8690
f 8690 1586 6792
f 6792 8689 8690
f 8689 1585 8692
f 8692 2199 8695
f 8695 2198 8689
f 8689 8692 8695
f 8699 1546 8697
f 8697 2200 8704
f 8704 2201 8699
f 8699 8697 8704
f 8697 1546 6706
f 6706 1431 8696
f 8696 2200 8697
f 8697 6706 8696
f 6789 1528 6793
f 6793 1587 6795
f 6795 1586 6789
f 6789 6793 6795
f 6793 1528 7248
f 7248 1737 7249
f 7249 1587 6793
f 6793 7248 7249
f 8713 2203 8712
f 8712 1735 8709
f 8709 2202 8713
f 8713 8712 8709
f 8712 2203 8711
f 8711 1732 7239
f 7239 1735 8712
f 8712 8711 7239
f 6946 1628 6941
f 6941 1513 6945
f 6945 1629 6946
f 6946 6941 6945
f 6941 1628 6940
f 6940 1510 6617
f 6617 1513 6941
f 6941 6940 6617
f 8720 2205 8719
f 8719 1731 8716
f 8716 2204 8720
f 8720 8719 8716
f 8719 2205 8718
f 8718 1728 7230
f 7230 1731 8719
f 8719 8718 7230
f 8725 2206 8726
f 8726 1731 7231
f 7231 1730 8725
f 8725 8726 7231
f 8726 2206 8724
f 8724 1727 7229
f 7229 1731 8726
f 8726 8724 7229
f 7244 1736 7245
f 7245 1735 7240
f 7240 1734 7244
f 7244 7245 7240
f 7245 1736 7243
f 7243 1627 7238
f 7238 1735 7245
f 7245 7243 7238
f 7237 1733 7233
f 7233 1587 7235
f 7235 1734 7237
f 7237 7233 7235
f 7233 1733 7232
f 7232 1584 6794
f 6794 1587 7233
f 7233 7232 6794
f 8738 2209 8737
f 8737 2207 8733
f 8733 2208 8738
f 8738 8737 8733
f 8737 2209 8744
f 8744 2210 8743
f 8743 2207 8737
f 8737 8744 8743
f 8754 2212 8753
f 8753 2200 8749
f 8749 2211 8754
f 8754 8753 8749
f 8753 2212 8752
f 8752 1573 8698
f 8698 2200 8753
f 8753 8752 8698
f 8762 1733 8758
f 8758 2213 8763
f 8763 2214 8762
f 8762 8758 8763
f 8758 1733 7234
f 7234 1732 8757
f 8757 2213 8758
f 8758 7234 8757
f 8771 2199 8767
f 8767 2215 8772
f 8772 2216 8771
f 8771 8767 8772
f 8767 2199 8692
f 8692 1585 8765
f 8765 2215 8767
f 8767 8692 8765
f 8775 2217 8776
f 8776 1741 7258
f 7258 1740 8775
f 8775 8776 7258
f 8776 2217 8783
f 8783 2218 8782
f 8782 1741 8776
f 8776 8783 8782
f 8788 2220 8793
f 8793 2219 8785
f 8785 1515 8788
f 8788 8793 8785
f 8793 2220 8792
f 8792 1703 8786
f 8786 2219 8793
f 8793 8792 8786
f 8757 1732 8795
f 8795 2221 8797
f 8797 2213 8757
f 8757 8795 8797
f 8795 1732 8711
f 8711 2203 8796
f 8796 2221 8795
f 8795 8711 8796
f 6619 1510 8800
f 8800 2222 8801
f 8801 1514 6619
f 6619 8800 8801
f 8800 1510 6940
f 6940 1628 8803
f 8803 2222 8800
f 8800 6940 8803
f 8808 2223 8805
f 8805 1432 6708
f 6708 1547 8808
f 8808 8805 6708
f 8805 2223 8813
f 8813 2224 8811
f 8811 1432 8805
f 8805 8813 8811
f 8765 1585 8816
f 8816 2225 8819
f 8819 2215 8765
f 8765 8816 8819
f 8816 1585 6788
f 6788 1584 8815
f 8815 2225 8816
f 8816 6788 8815
f 8815 1584 8761
f 8761 2214 8818
f 8818 2225 8815
f 8815 8761 8818
f 8761 1584 7232
f 7232 1733 8762
f 8762 2214 8761
f 8761 7232 8762
f 8828 2228 8827
f 8827 2226 8824
f 8824 2227 8828
f 8828 8827 8824
f 8827 2228 8832
f 8832 2229 8831
f 8831 2226 8827
f 8827 8832 8831
f 8833 2230 8836
f 8836 2227 8821
f 8821 1260 8833
f 8833 8836 8821
f 8836 2230 8837
f 8837 2228 8828
f 8828 2227 8836
f 8836 8837 8828
f 8838 2231 8839
f 8839 1260 6126
f 6126 1259 8838
f 8838 8839 6126
f 8839 2231 8841
f 8841 2230 8833
f 8833 1260 8839
f 8839 8841 8833
f 8843 2232 8842
f 8842 1259 6163
f 6163 1288 8843
f 8843 8842 6163
f 8842 2232 8844
f 8844 2231 8838
f 8838 1259 8842
f 8842 8844 8838
f 8848 1314 8846
f 8846 2233 8849
f 8849 2234 8848
f 8848 8846 8849
f 8846 1314 6209
f 6209 1313 8845
f 8845 2233 8846
f 8846 6209 8845
f 8853 1304 8851
f 8851 2235 8856
f 8856 2236 8853
f 8853 8851 8856
f 8851 1304 6186
f 6186 1303 8850
f 8850 2235 8851
f 8851 6186 8850
f 6342 1369 8852
f 8852 2235 8850
f 8850 1303 6342
f 6342 8852 8850
f 8852 1369 8857
f 8857 2237 8859
f 8859 2235 8852
f 8852 8857 8859
f 7126 1694 8858
f 8858 2237 8857
f 8857 1369 7126
f 7126 8858 8857
f 8858 1694 8860
f 8860 2238 8861
f 8861 2237 8858
f 8858 8860 8861
f 8863 2239 8865
f 8865 2238 8860
f 8860 1694 8863
f 8863 8865 8860
f 8865 2239 8869
f 8869 2240 8868
f 8868 2238 8865
f 8865 8869 8868
f 8862 1643 7936
f 7936 1971 8864
f 8864 2239 8862
f 8862 7936 8864
f 7936 1643 7939
f 7939 1972 7943
f 7943 1971 7936
f 7936 7939 7943
f 7954 1537 8872
f 8872 2241 8873
f 8873 1975 7954
f 7954 8872 8873
f 8872 1537 6682
f 6682 1536 8871
f 8871 2241 8872
f 8872 6682 8871
f 6677 1275 8870
f 8870 2241 8871
f 8871 1536 6677
f 6677 8870 8871
f 8870 1275 8876
f 8876 2242 8881
f 8881 2241 8870
f 8870 8876 8881
f 6151 1278 8877
f 8877 2242 8876
f 8876 1275 6151
f 6151 8877 8876
f 8877 1278 8882
f 8882 2243 8885
f 8885 2242 8877
f 8877 8882 8885
f 6995 1645 6996
f 6996 1526 6652
f 6652 1350 6995
f 6995 6996 6652
f 6996 1645 7003
f 7003 1648 7002
f 7002 1526 6996
f 6996 7003 7002
f 6777 1579 6778
f 6778 1350 6287
f 6287 1349 6777
f 6777 6778 6287
f 6778 1579 6998
f 6998 1645 6995
f 6995 1350 6778
f 6778 6998 6995
f 6774 1576 6773
f 6773 1349 6307
f 6307 1356 6774
f 6774 6773 6307
f 6773 1576 6779
f 6779 1579 6777
f 6777 1349 6773
f 6773 6779 6777
f 8894 2245 8892
f 8892 1356 8888
f 8888 2244 8894
f 8894 8892 8888
f 8892 2245 8893
f 8893 1576 6774
f 6774 1356 8892
f 8892 8893 6774
f 8899 2246 8897
f 8897 1362 8655
f 8655 2191 8899
f 8899 8897 8655
f 8897 2246 8898
f 8898 1364 6328
f 6328 1362 8897
f 8897 8898 6328
f 6992 1644 6991
f 6991 1356 6311
f 6311 1357 6992
f 6992 6991 6311
f 6991 1644 8889
f 8889 2244 8888
f 8888 1356 6991
f 6991 8889 8888
f 7867 1957 7868
f 7868 1789 7366
f 7366 1788 7867
f 7867 7868 7366
f 7868 1957 7871
f 7871 1909 7672
f 7672 1789 7868
f 7868 7871 7672
f 7468 1831 7469
f 7469 1791 7370
f 7370 1790 7468
f 7468 7469 7370
f 7469 1831 7912
f 7912 1966 7911
f 7911 1791 7469
f 7469 7912 7911
f 7448 1807 7451
f 7451 1822 7452
f 7452 1821 7448
f 7448 7451 7452
f 7451 1807 7799
f 7799 1942 7801
f 7801 1822 7451
f 7451 7799 7801
f 7488 1843 7489
f 7489 1826 7461
f 7461 1825 7488
f 7488 7489 7461
f 7489 1843 7784
f 7784 1938 7782
f 7782 1826 7489
f 7489 7784 7782
f 7480 1818 7484
f 7484 1840 7486
f 7486 1839 7480
f 7480 7484 7486
f 7484 1818 7440
f 7440 1817 7483
f 7483 1840 7484
f 7484 7440 7483
f 8359 1914 7686
f 7686 1840 8358
f 8358 2101 8359
f 8359 7686 8358
f 7686 1914 7685
f 7685 1837 7485
f 7485 1840 7686
f 7686 7685 7485
f 8368 1915 8360
f 8360 2101 8371
f 8371 2103 8368
f 8368 8360 8371
f 8360 1915 7688
f 7688 1914 8359
f 8359 2101 8360
f 8360 7688 8359
f 7911 1966 8370
f 8370 2103 8367
f 8367 1791 7911
f 7911 8370 8367
f 8370 1966 7914
f 7914 1915 8368
f 8368 2103 8370
f 8370 7914 8368
f 7367 1782 8373
f 8373 2104 8374
f 8374 1790 7367
f 7367 8373 8374
f 8373 1782 7422
f 7422 1811 8375
f 8375 2104 8373
f 8373 7422 8375
f 8380 1830 8377
f 8377 2104 8383
f 8383 2105 8380
f 8380 8377 8383
f 8377 1830 7467
f 7467 1829 8376
f 8376 2104 8377
f 8377 7467 8376
f 7672 1909 8381
f 8381 2105 8378
f 8378 1789 7672
f 7672 8381 8378
f 8381 1909 7673
f 7673 1830 8380
f 8380 2105 8381
f 8381 7673 8380
f 8389 1958 7874
f 7874 1788 8386
f 8386 2106 8389
f 8389 7874 8386
f 7874 1958 7876
f 7876 1957 7867
f 7867 1788 7874
f 7874 7876 7867
f 7446 1778 8384
f 8384 2106 8388
f 8388 1821 7446
f 7446 8384 8388
f 8384 1778 7872
f 7872 1958 8389
f 8389 2106 8384
f 8384 7872 8389
f 7782 1938 7781
f 7781 1822 7459
f 7459 1826 7782
f 7782 7781 7459
f 7781 1938 7780
f 7780 1779 7450
f 7450 1822 7781
f 7781 7780 7450
f 7458 1824 8390
f 8390 2107 8391
f 8391 1825 7458
f 7458 8390 8391
f 8390 1824 8902
f 8902 2247 8905
f 8905 2107 8390
f 8390 8902 8905
f 8905 2247 8903
f 8903 1839 8393
f 8393 2107 8905
f 8905 8903 8393
f 8903 2247 8901
f 8901 1818 7480
f 7480 1839 8903
f 8903 8901 7480
f 7454 1824 7455
f 7455 1777 7348
f 7348 1776 7454
f 7454 7455 7348
f 7455 1824 7456
f 7456 1823 7453
f 7453 1777 7455
f 7455 7456 7453
f 7355 1761 7359
f 7359 1785 7361
f 7361 1784 7355
f 7355 7359 7361
f 7359 1761 7324
f 7324 1760 7358
f 7358 1785 7359
f 7359 7324 7358
f 7376 1787 7380
f 7380 1795 7382
f 7382 1794 7376
f 7376 7380 7382
f 7380 1787 7362
f 7362 1786 7379
f 7379 1795 7380
f 7380 7362 7379
f 7413 1767 7419
f 7419 1810 7421
f 7421 1809 7413
f 7413 7419 7421
f 7419 1767 7333
f 7333 1766 7418
f 7418 1810 7419
f 7419 7333 7418
f 7378 1793 7414
f 7414 1809 7415
f 7415 1794 7378
f 7378 7414 7415
f 7414 1793 7373
f 7373 1767 7413
f 7413 1809 7414
f 7414 7373 7413
f 7358 1760 7424
f 7424 1812 7426
f 7426 1785 7358
f 7358 7424 7426
f 7424 1760 7329
f 7329 1764 7425
f 7425 1812 7424
f 7424 7329 7425
f 8364 2102 8365
f 8365 1816 7439
f 7439 1815 8364
f 8364 8365 7439
f 8365 2102 8366
f 8366 1944 7810
f 7810 1816 8365
f 8365 8366 7810
f 7638 1900 7639
f 7639 1820 7445
f 7445 1819 7638
f 7638 7639 7445
f 7639 1900 7640
f 7640 1899 7637
f 7637 1820 7639
f 7639 7640 7637
f 7866 1956 7865
f 7865 1812 7662
f 7662 1906 7866
f 7866 7865 7662
f 7865 1956 7864
f 7864 1811 7427
f 7427 1812 7865
f 7865 7864 7427
f 7442 1818 7773
f 7773 1936 7774
f 7774 1819 7442
f 7442 7773 7774
f 7773 1818 8901
f 8901 2247 8904
f 8904 1936 7773
f 7773 8901 8904
f 7418 1766 7804
f 7804 1943 7806
f 7806 1810 7418
f 7418 7804 7806
f 7804 1766 7791
f 7791 1940 7808
f 7808 1943 7804
f 7804 7791 7808
f 7637 1899 7636
f 7636 1816 7443
f 7443 1820 7637
f 7637 7636 7443
f 7636 1899 7635
f 7635 1813 7438
f 7438 1816 7636
f 7636 7635 7438
f 7357 1783 7434
f 7434 1815 7435
f 7435 1784 7357
f 7357 7434 7435
f 7434 1783 8362
f 8362 2102 8364
f 8364 1815 7434
f 7434 8362 8364
f 7663 1905 7658
f 7658 1795 7661
f 7661 1906 7663
f 7663 7658 7661
f 7658 1905 7657
f 7657 1792 7381
f 7381 1795 7658
f 7658 7657 7381
f 8904 2247 8900
f 8900 1776 7772
f 7772 1936 8904
f 8904 8900 7772
f 8900 2247 8902
f 8902 1824 7454
f 7454 1776 8900
f 8900 8902 7454
f 7808 1940 7794
f 7794 1777 7805
f 7805 1943 7808
f 7808 7794 7805
f 7794 1940 7793
f 7793 1774 7347
f 7347 1777 7794
f 7794 7793 7347
f 7859 1955 7860
f 7860 1763 7328
f 7328 1762 7859
f 7859 7860 7328
f 7860 1955 8446
f 8446 2136 8443
f 8443 1763 7860
f 7860 8446 8443
f 8443 2136 8444
f 8444 1765 7331
f 7331 1763 8443
f 8443 8444 7331
f 8444 2136 8445
f 8445 1907 7664
f 7664 1765 8444
f 8444 8445 7664
f 7393 1801 7394
f 7394 1769 7337
f 7337 1768 7393
f 7393 7394 7337
f 7394 1801 8470
f 8470 2143 8469
f 8469 1769 7394
f 7394 8470 8469
f 7371 1792 7372
f 7372 1773 7343
f 7343 1772 7371
f 7371 7372 7343
f 7372 1792 7657
f 7657 1905 7656
f 7656 1773 7372
f 7372 7657 7656
f 7384 1775 7388
f 7388 1799 7390
f 7390 1798 7384
f 7384 7388 7390
f 7388 1775 7344
f 7344 1774 7387
f 7387 1799 7388
f 7388 7344 7387
f 7335 1767 7396
f 7396 1802 7397
f 7397 1768 7335
f 7335 7396 7397
f 7396 1767 7373
f 7373 1793 7400
f 7400 1802 7396
f 7396 7373 7400
f 7431 1814 7432
f 7432 1806 7409
f 7409 1805 7431
f 7431 7432 7409
f 7432 1814 7433
f 7433 1813 7428
f 7428 1806 7432
f 7432 7433 7428
f 8559 2166 8560
f 8560 1902 7646
f 7646 1901 8559
f 8559 8560 7646
f 8560 2166 8580
f 8580 2170 8578
f 8578 1902 8560
f 8560 8580 8578
f 7770 1935 7767
f 7767 1798 7650
f 7650 1904 7770
f 7770 7767 7650
f 7767 1935 7766
f 7766 1775 7384
f 7384 1798 7767
f 7767 7766 7384
f 7656 1905 7655
f 7655 1765 7341
f 7341 1773 7656
f 7656 7655 7341
f 7655 1905 7654
f 7654 1764 7332
f 7332 1765 7655
f 7655 7654 7332
f 8469 2143 8471
f 8471 1941 7795
f 7795 1769 8469
f 8469 8471 7795
f 8471 2143 8472
f 8472 1964 7904
f 7904 1941 8471
f 8471 8472 7904
f 8578 2170 8577
f 8577 1806 7643
f 7643 1902 8578
f 8578 8577 7643
f 8577 2170 8576
f 8576 1803 7408
f 7408 1806 8577
f 8577 8576 7408
f 7326 1761 7404
f 7404 1805 7405
f 7405 1762 7326
f 7326 7404 7405
f 7404 1761 7429
f 7429 1814 7431
f 7431 1805 7404
f 7404 7429 7431
f 7653 1903 7648
f 7648 1901 7652
f 7652 1904 7653
f 7653 7648 7652
f 7648 1903 8561
f 8561 2166 8559
f 8559 1901 7648
f 7648 8561 8559
f 7340 1771 7398
f 7398 1802 7399
f 7399 1772 7340
f 7340 7398 7399
f 7398 1771 7392
f 7392 1800 7401
f 7401 1802 7398
f 7398 7392 7401
f 7387 1774 7796
f 7796 1941 7797
f 7797 1799 7387
f 7387 7796 7797
f 7796 1774 7793
f 7793 1940 7798
f 7798 1941 7796
f 7796 7793 7798
f 8448 2108 8453
f 8453 2138 8454
f 8454 2137 8448
f 8448 8453 8454
f 8453 2108 8906
f 8906 2248 8909
f 8909 2138 8453
f 8453 8906 8909
f 8460 2141 8461
f 8461 1771 7338
f 7338 1770 8460
f 8460 8461 7338
f 8461 2141 8463
f 8463 2140 8457
f 8457 1771 8461
f 8461 8463 8457
f 8478 2145 8477
f 8477 2121 8422
f 8422 2124 8478
f 8478 8477 8422
f 8477 2145 8480
f 8480 2144 8474
f 8474 2121 8477
f 8477 8480 8474
f 8473 1801 8487
f 8487 2147 8490
f 8490 2144 8473
f 8473 8487 8490
f 8487 1801 7395
f 7395 1800 8486
f 8486 2147 8487
f 8487 7395 8486
f 8478 2124 8510
f 8510 2154 8511
f 8511 2145 8478
f 8478 8510 8511
f 8510 2124 8493
f 8493 2148 8512
f 8512 2154 8510
f 8510 8493 8512
f 8515 2151 8519
f 8519 2156 8520
f 8520 2155 8515
f 8515 8519 8520
f 8519 2151 8499
f 8499 2150 8518
f 8518 2156 8519
f 8519 8499 8518
f 8513 1803 8526
f 8526 2158 8528
f 8528 2155 8513
f 8513 8526 8528
f 8526 1803 8576
f 8576 2170 8579
f 8579 2158 8526
f 8526 8576 8579
f 8450 2136 8538
f 8538 2161 8539
f 8539 2137 8450
f 8450 8538 8539
f 8538 2136 8446
f 8446 1955 8536
f 8536 2161 8538
f 8538 8446 8536
f 8536 1955 8517
f 8517 2156 8541
f 8541 2161 8536
f 8536 8517 8541
f 8517 1955 7861
f 7861 1804 8516
f 8516 2156 8517
f 8517 7861 8516
f 8459 2139 8488
f 8488 2147 8489
f 8489 2140 8459
f 8459 8488 8489
f 8488 2139 8484
f 8484 2146 8491
f 8491 2147 8488
f 8488 8484 8491
f 8549 1797 8554
f 8554 2165 8558
f 8558 2164 8549
f 8549 8554 8558
f 8554 1797 7383
f 7383 1796 8553
f 8553 2165 8554
f 8554 7383 8553
f 8563 2130 8568
f 8568 2168 8571
f 8571 2167 8563
f 8563 8568 8571
f 8568 2130 8431
f 8431 2129 8567
f 8567 2168 8568
f 8568 8431 8567
f 8552 2163 8564
f 8564 2167 8565
f 8565 2164 8552
f 8552 8564 8565
f 8564 2163 8547
f 8547 2130 8563
f 8563 2167 8564
f 8564 8547 8563
f 8909 2248 8910
f 8910 2141 8462
f 8462 2138 8909
f 8909 8910 8462
f 8910 2248 8911
f 8911 2142 8468
f 8468 2141 8910
f 8910 8911 8468
f 8567 2129 8527
f 8527 2158 8569
f 8569 2168 8567
f 8567 8527 8569
f 8527 2129 8521
f 8521 2157 8529
f 8529 2158 8527
f 8527 8521 8529
f 8512 2148 8555
f 8555 2165 8556
f 8556 2154 8512
f 8512 8555 8556
f 8555 2148 8543
f 8543 2162 8557
f 8557 2165 8555
f 8555 8543 8557
f 8532 2160 8533
f 8533 2111 8399
f 8399 2110 8532
f 8532 8533 8399
f 8533 2160 8534
f 8534 2112 8400
f 8400 2111 8533
f 8533 8534 8400
f 8908 2248 8907
f 8907 2111 8402
f 8402 2114 8908
f 8908 8907 8402
f 8907 2248 8906
f 8906 2108 8398
f 8398 2111 8907
f 8907 8906 8398
f 8908 2114 8464
f 8464 2142 8911
f 8911 2248 8908
f 8908 8464 8911
f 8464 2114 8407
f 8407 2116 8465
f 8465 2142 8464
f 8464 8407 8465
f 8481 2146 8482
f 8482 2120 8416
f 8416 2119 8481
f 8481 8482 8416
f 8482 2146 8484
f 8484 2139 8456
f 8456 2120 8482
f 8482 8484 8456
f 8633 2123 8630
f 8630 2187 8637
f 8637 2188 8633
f 8633 8630 8637
f 8630 2123 8421
f 8421 2122 8629
f 8629 2187 8630
f 8630 8421 8629
f 8545 2163 8546
f 8546 2128 8429
f 8429 2127 8545
f 8545 8546 8429
f 8546 2163 8548
f 8548 2162 8542
f 8542 2128 8546
f 8546 8548 8542
f 8573 2169 8574
f 8574 2132 8437
f 8437 2131 8573
f 8573 8574 8437
f 8574 2169 8575
f 8575 2133 8438
f 8438 2132 8574
f 8574 8575 8438
f 8523 2157 8522
f 8522 2132 8440
f 8440 2135 8523
f 8523 8522 8440
f 8522 2157 8521
f 8521 2129 8436
f 8436 2132 8522
f 8522 8521 8436
f 8633 2188 8634
f 8634 2149 8494
f 8494 2123 8633
f 8633 8634 8494
f 8634 2188 8651
f 8651 2190 8648
f 8648 2149 8634
f 8634 8651 8648
f 8639 2189 8640
f 8640 2153 8507
f 8507 2152 8639
f 8639 8640 8507
f 8640 2189 8641
f 8641 2159 8531
f 8531 2153 8640
f 8640 8641 8531
f 8413 2118 8418
f 8418 2122 8419
f 8419 2119 8413
f 8413 8418 8419
f 8418 2118 8628
f 8628 2187 8629
f 8629 2122 8418
f 8418 8628 8629
f 8414 2116 8410
f 8410 2117 8415
f 8415 2120 8414
f 8414 8410 8415
f 8410 2116 8408
f 8408 2115 8409
f 8409 2117 8410
f 8410 8408 8409
f 8397 2109 8504
f 8504 2153 8505
f 8505 2110 8397
f 8397 8504 8505
f 8504 2109 8497
f 8497 2150 8506
f 8506 2153 8504
f 8504 8497 8506
f 8442 2134 8500
f 8500 2152 8501
f 8501 2135 8442
f 8442 8500 8501
f 8500 2134 8638
f 8638 2189 8639
f 8639 2152 8500
f 8500 8638 8639
f 8435 2130 8430
f 8430 2127 8433
f 8433 2131 8435
f 8435 8430 8433
f 8430 2130 8547
f 8547 2163 8545
f 8545 2127 8430
f 8430 8547 8545
f 8648 2190 8647
f 8647 2128 8495
f 8495 2149 8648
f 8648 8647 8495
f 8647 2190 8646
f 8646 2125 8428
f 8428 2128 8647
f 8647 8646 8428
f 6745 1561 6746
f 6746 1274 6147
f 6147 1273 6745
f 6745 6746 6147
f 6746 1561 6747
f 6747 1407 6404
f 6404 1274 6746
f 6746 6747 6404
f 8040 2005 8039
f 8039 1274 6406
f 6406 1409 8040
f 8040 8039 6406
f 8039 2005 8038
f 8038 1271 6146
f 6146 1274 8039
f 8039 8038 6146
f 8921 2250 8918
f 8918 1615 8916
f 8916 2249 8921
f 8921 8918 8916
f 8918 2250 8919
f 8919 1616 6904
f 6904 1615 8918
f 8918 8919 6904
f 6879 1610 6878
f 6878 1249 6114
f 6114 1252 6879
f 6879 6878 6114
f 6878 1610 6887
f 6887 1611 6883
f 6883 1249 6878
f 6878 6887 6883
f 6890 1366 6886
f 6886 1611 6891
f 6891 1612 6890
f 6890 6886 6891
f 6886 1366 6334
f 6334 1249 6883
f 6883 1611 6886
f 6886 6334 6883
f 7161 1704 7160
f 7160 1612 6894
f 6894 1613 7161
f 7161 7160 6894
f 7160 1704 7159
f 7159 1366 6890
f 6890 1612 7160
f 7160 7159 6890
f 6879 1252 6143
f 6143 1273 6882
f 6882 1610 6879
f 6879 6143 6882
f 6143 1252 6744
f 6744 1561 6745
f 6745 1273 6143
f 6143 6744 6745
f 8913 1018 6722
f 6722 1552 8915
f 8915 2249 8913
f 8913 6722 8915
f 6722 1018 5211
f 5211 1017 6721
f 6721 1552 6722
f 6722 5211 6721
f 8923 2251 8922
f 8922 2004 8064
f 8064 2012 8923
f 8923 8922 8064
f 8922 2251 8927
f 8927 2252 8925
f 8925 2004 8922
f 8922 8927 8925
f 8072 2013 8929
f 8929 2253 8930
f 8930 2014 8072
f 8072 8929 8930
f 8929 2013 8933
f 8933 2254 8935
f 8935 2253 8929
f 8929 8933 8935
f 8759 2214 8760
f 8760 1286 6162
f 6162 1285 8759
f 8759 8760 6162
f 8760 2214 8763
f 8763 2213 8755
f 8755 1286 8760
f 8760 8763 8755
f 8768 2216 8769
f 8769 1460 6504
f 6504 1459 8768
f 8768 8769 6504
f 8769 2216 8772
f 8772 2215 8764
f 8764 1460 8769
f 8769 8772 8764
f 8774 1500 8779
f 8779 2218 8783
f 8783 2217 8774
f 8774 8779 8783
f 8779 1500 6588
f 6588 1499 8778
f 8778 2218 8779
f 8779 6588 8778
f 8755 2213 8756
f 8756 1525 6650
f 6650 1286 8755
f 8755 8756 6650
f 8756 2213 8797
f 8797 2221 8794
f 8794 1525 8756
f 8756 8797 8794
f 8802 1541 6692
f 6692 1514 8801
f 8801 2222 8802
f 8802 6692 8801
f 6692 1541 6693
f 6693 1540 6687
f 6687 1514 6692
f 6692 6693 6687
f 8764 2215 8766
f 8766 1589 6802
f 6802 1460 8764
f 8764 8766 6802
f 8766 2215 8819
f 8819 2225 8817
f 8817 1589 8766
f 8766 8819 8817
f 8817 2225 8814
f 8814 1285 6801
f 6801 1589 8817
f 8817 8814 6801
f 8814 2225 8818
f 8818 2214 8759
f 8759 1285 8814
f 8814 8818 8759
f 8939 1970 7932
f 7932 1525 8937
f 8937 2255 8939
f 8939 7932 8937
f 7932 1970 7931
f 7931 1524 6651
f 6651 1525 7932
f 7932 7931 6651
f 7157 1703 7158
f 7158 1518 6629
f 6629 1323 7157
f 7157 7158 6629
f 7158 1703 8792
f 8792 2220 8790
f 8790 1518 7158
f 7158 8792 8790
f 8813 2223 8804
f 8804 1417 8810
f 8810 2224 8813
f 8813 8804 8810
f 8804 2223 8809
f 8809 1560 6740
f 6740 1417 8804
f 8804 8809 6740
f 8946 2256 8945
f 8945 1553 7920
f 7920 1967 8946
f 8946 8945 7920
f 8945 2256 8944
f 8944 1550 6727
f 6727 1553 8945
f 8945 8944 6727
f 6386 1396 8947
f 8947 2257 8948
f 8948 1397 6386
f 6386 8947 8948
f 8947 1396 8952
f 8952 2258 8956
f 8956 2257 8947
f 8947 8952 8956
f 8051 2007 8957
f 8957 2259 8958
f 8958 2008 8051
f 8051 8957 8958
f 8957 2007 8966
f 8966 2260 8968
f 8968 2259 8957
f 8957 8966 8968
f 8046 1568 8965
f 8965 2260 8966
f 8966 2007 8046
f 8046 8965 8966
f 8965 1568 8971
f 8971 2261 8974
f 8974 2260 8965
f 8965 8971 8974
f 8975 2262 8976
f 8976 2016 8075
f 8075 1567 8975
f 8975 8976 8075
f 8976 2262 8977
f 8977 2017 8078
f 8078 2016 8976
f 8976 8977 8078
f 8987 2264 8996
f 8996 2266 8995
f 8995 2263 8987
f 8987 8996 8995
f 8996 2264 8991
f 8991 2265 8997
f 8997 2266 8996
f 8996 8991 8997
f 8153 2044 8150
f 8150 2024 8152
f 8152 2045 8153
f 8153 8150 8152
f 8150 2044 8151
f 8151 2025 8096
f 8096 2024 8150
f 8150 8151 8096
f 8261 2076 8260
f 8260 2025 8151
f 8151 2044 8261
f 8261 8260 8151
f 8260 2076 8263
f 8263 2069 8232
f 8232 2025 8260
f 8260 8263 8232
f 8258 1717 8230
f 8230 2069 8263
f 8263 2076 8258
f 8258 8230 8263
f 8230 1717 7199
f 7199 1719 8231
f 8231 2069 8230
f 8230 7199 8231
f 7195 1716 7198
f 7198 1719 7199
f 7199 1717 7195
f 7195 7198 7199
f 7198 1716 7200
f 7200 1720 7201
f 7201 1719 7198
f 7198 7200 7201
f 8998 2267 8999
f 8999 1720 7200
f 7200 1716 8998
f 8998 8999 7200
f 8999 2267 9000
f 9000 1745 7267
f 7267 1720 8999
f 8999 9000 7267
f 9006 2269 9005
f 9005 2196 9002
f 9002 2268 9006
f 9006 9005 9002
f 9005 2269 9004
f 9004 1756 8681
f 8681 2196 9005
f 9005 9004 8681
f 9010 2270 9008
f 9008 1756 9004
f 9004 2269 9010
f 9010 9008 9004
f 9008 2270 9007
f 9007 1755 7309
f 7309 1756 9008
f 9008 9007 7309
f 9007 2270 9009
f 9009 2098 8346
f 8346 1755 9007
f 9007 9009 8346
f 9009 2270 9013
f 9013 2271 9012
f 9012 2098 9009
f 9009 9013 9012
f 9014 1580 9011
f 9011 2271 9016
f 9016 2272 9014
f 9014 9011 9016
f 9011 1580 8343
f 8343 2098 9012
f 9012 2271 9011
f 9011 8343 9012
f 9017 2273 9018
f 9018 1707 7170
f 7170 1581 9017
f 9017 9018 7170
f 9018 2273 9019
f 9019 2096 8336
f 8336 1707 9018
f 9018 9019 8336
f 8334 1708 8337
f 8337 2096 8338
f 8338 2095 8334
f 8334 8337 8338
f 8337 1708 7172
f 7172 1707 8336
f 8336 2096 8337
f 8337 7172 8336
f 9025 2274 9022
f 9022 1708 8334
f 8334 2095 9025
f 9025 9022 8334
f 9022 2274 9021
f 9021 1383 7171
f 7171 1708 9022
f 9022 9021 7171
f 9031 2275 9026
f 9026 1383 9021
f 9021 2274 9031
f 9031 9026 9021
f 9026 2275 9027
f 9027 1384 6365
f 6365 1383 9026
f 9026 9027 6365
f 9030 2074 8250
f 8250 1384 9027
f 9027 2275 9030
f 9030 8250 9027
f 8250 2074 8253
f 8253 2062 8201
f 8201 1384 8250
f 8250 8253 8201
f 8254 2073 8248
f 8248 2062 8253
f 8253 2074 8254
f 8254 8248 8253
f 8248 2073 8247
f 8247 1420 8202
f 8202 2062 8248
f 8248 8247 8202
f 9036 2276 9033
f 9033 1420 8247
f 8247 2073 9036
f 9036 9033 8247
f 9033 2276 9034
f 9034 1421 6427
f 6427 1420 9033
f 9033 9034 6427
f 9040 2277 9037
f 9037 1421 9034
f 9034 2276 9040
f 9040 9037 9034
f 9037 2277 9038
f 9038 1422 6429
f 6429 1421 9037
f 9037 9038 6429
f 9048 2279 9045
f 9045 1429 9041
f 9041 2278 9048
f 9048 9045 9041
f 9045 2279 9044
f 9044 1426 6448
f 6448 1429 9045
f 9045 9044 6448
f 9050 2280 9049
f 9049 1387 6373
f 6373 1390 9050
f 9050 9049 6373
f 9049 2280 9051
f 9051 1501 6589
f 6589 1387 9049
f 9049 9051 6589
f 6591 1500 6586
f 6586 1387 6589
f 6589 1501 6591
f 6591 6586 6589
f 6586 1500 6587
f 6587 1459 6501
f 6501 1387 6586
f 6586 6587 6501
f 8774 2217 8773
f 8773 1459 6587
f 6587 1500 8774
f 8774 8773 6587
f 8773 2217 8777
f 8777 2216 8768
f 8768 1459 8773
f 8773 8777 8768
f 8775 1740 8770
f 8770 2216 8777
f 8777 2217 8775
f 8775 8770 8777
f 8770 1740 8694
f 8694 2199 8771
f 8771 2216 8770
f 8770 8694 8771
f 7255 1739 8693
f 8693 2199 8694
f 8694 1740 7255
f 7255 8693 8694
f 8693 1739 8691
f 8691 2198 8695
f 8695 2199 8693
f 8693 8691 8695
f 8735 2209 8736
f 8736 2198 8691
f 8691 1739 8735
f 8735 8736 8691
f 8736 2209 8734
f 8734 1529 8688
f 8688 2198 8736
f 8736 8734 8688
f 8730 1497 6581
f 6581 1464 8729
f 8729 2208 8730
f 8730 6581 8729
f 6581 1497 6580
f 6580 1461 6511
f 6511 1464 6581
f 6581 6580 6511
f 6582 1494 6574
f 6574 1461 6580
f 6580 1497 6582
f 6582 6574 6580
f 6574 1494 6575
f 6575 1466 6516
f 6516 1461 6574
f 6574 6575 6516
f 9056 2282 9062
f 9062 2284 9061
f 9061 2281 9056
f 9056 9062 9061
f 9062 2282 9059
f 9059 2283 9063
f 9063 2284 9062
f 9062 9059 9063
f 9064 2285 9065
f 9065 1978 7965
f 7965 1977 9064
f 9064 9065 7965
f 9065 2285 9069
f 9069 2286 9068
f 9068 1978 9065
f 9065 9069 9068
f 9070 2287 9071
f 9071 1477 6543
f 6543 1476 9070
f 9070 9071 6543
f 9071 2287 9078
f 9078 2288 9074
f 9074 1477 9071
f 9071 9078 9074
f 9079 2289 9080
f 9080 1481 6553
f 6553 1480 9079
f 9079 9080 6553
f 9080 2289 9086
f 9086 2290 9083
f 9083 1481 9080
f 9080 9086 9083
f 9087 1482 9075
f 9075 2288 9091
f 9091 2291 9087
f 9087 9075 9091
f 9075 1482 6555
f 6555 1477 9074
f 9074 2288 9075
f 9075 6555 9074
f 9092 2292 9093
f 9093 1485 6560
f 6560 1484 9092
f 9092 9093 6560
f 9093 2292 9096
f 9096 2293 9094
f 9094 1485 9093
f 9093 9096 9094
f 9097 2294 9098
f 9098 1489 6568
f 6568 1488 9097
f 9097 9098 6568
f 9098 2294 9102
f 9102 2295 9101
f 9101 1489 9098
f 9098 9102 9101
f 9058 2283 9057
f 9057 1480 6577
f 6577 1495 9058
f 9058 9057 6577
f 9057 2283 9081
f 9081 2289 9079
f 9079 1480 9057
f 9057 9081 9079
f 9087 2291 9088
f 9088 1523 6646
f 6646 1482 9087
f 9087 9088 6646
f 9088 2291 9106
f 9106 2296 9103
f 9103 1523 9088
f 9088 9106 9103
f 9108 2297 9107
f 9107 1488 6701
f 6701 1543 9108
f 9108 9107 6701
f 9107 2297 9110
f 9110 2294 9097
f 9097 1488 9107
f 9107 9110 9097
f 9083 2290 9082
f 9082 1476 6552
f 6552 1481 9083
f 9083 9082 6552
f 9082 2290 9085
f 9085 2287 9070
f 9070 1476 9082
f 9082 9085 9070
f 9111 2298 9112
f 9112 1724 7215
f 7215 1723 9111
f 9111 9112 7215
f 9112 2298 9117
f 9117 2299 9115
f 9115 1724 9112
f 9112 9117 9115
f 9125 2301 9122
f 9122 1496 9118
f 9118 2300 9125
f 9125 9122 9118
f 9122 2301 9130
f 9130 2302 9128
f 9128 1496 9122
f 9122 9130 9128
f 9003 2268 9001
f 9001 1745 9000
f 9000 2267 9003
f 9003 9001 9000
f 9001 2268 9002
f 9002 2196 8679
f 8679 1745 9001
f 9001 9002 8679
f 9014 2272 9015
f 9015 1581 6782
f 6782 1580 9014
f 9014 9015 6782
f 9015 2272 9020
f 9020 2273 9017
f 9017 1581 9015
f 9015 9020 9017
f 9131 1414 9133
f 9133 2304 9135
f 9135 2303 9131
f 9131 9133 9135
f 9133 1414 6738
f 6738 1559 9134
f 9134 2304 9133
f 9133 6738 9134
f 9134 1559 9136
f 9136 2305 9138
f 9138 2304 9134
f 9134 9136 9138
f 9136 1559 8104
f 8104 2028 9137
f 9137 2305 9136
f 9136 8104 9137
f 9146 2308 9145
f 9145 2306 9142
f 9142 2307 9146
f 9146 9145 9142
f 9145 2308 9148
f 9148 2309 9147
f 9147 2306 9145
f 9145 9148 9147
f 9155 2312 9154
f 9154 2310 9151
f 9151 2311 9155
f 9155 9154 9151
f 9154 2312 9157
f 9157 2313 9156
f 9156 2310 9154
f 9154 9157 9156
f 9158 2034 9161
f 9161 2315 9164
f 9164 2314 9158
f 9158 9161 9164
f 9161 2034 8123
f 8123 2035 9162
f 9162 2315 9161
f 9161 8123 9162
f 8168 2053 9163
f 9163 2315 9162
f 9162 2035 8168
f 8168 9163 9162
f 9163 2053 9165
f 9165 2316 9166
f 9166 2315 9163
f 9163 9165 9166
f 9167 2317 9168
f 9168 2053 8170
f 8170 2052 9167
f 9167 9168 8170
f 9168 2317 9169
f 9169 2316 9165
f 9165 2053 9168
f 9168 9169 9165
f 9171 2318 9172
f 9172 2082 8281
f 8281 2051 9171
f 9171 9172 8281
f 9172 2318 9173
f 9173 2083 8284
f 8284 2082 9172
f 9172 9173 8284
f 8165 2050 9170
f 9170 2318 9171
f 9171 2051 8165
f 8165 9170 9171
f 9170 2050 9174
f 9174 2319 9176
f 9176 2318 9170
f 9170 9174 9176
f 8085 1373 9177
f 9177 2320 9178
f 9178 2020 8085
f 8085 9177 9178
f 9177 1373 9182
f 9182 2321 9184
f 9184 2320 9177
f 9177 9182 9184
f 6381 1392 9185
f 9185 2322 9186
f 9186 1393 6381
f 6381 9185 9186
f 9185 1392 9189
f 9189 2323 9190
f 9190 2322 9185
f 9185 9189 9190
f 9193 2324 9194
f 9194 2239 8864
f 8864 1971 9193
f 9193 9194 8864
f 9194 2324 9195
f 9195 2240 8869
f 8869 2239 9194
f 9194 9195 8869
f 9198 2325 9199
f 9199 1971 7937
f 7937 1695 9198
f 9198 9199 7937
f 9199 2325 9200
f 9200 2324 9193
f 9193 1971 9199
f 9199 9200 9193
f 9203 2326 9204
f 9204 1695 7129
f 7129 1404 9203
f 9203 9204 7129
f 9204 2326 9205
f 9205 2325 9198
f 9198 1695 9204
f 9204 9205 9198
f 9207 2327 9208
f 9208 1404 6399
f 6399 1403 9207
f 9207 9208 6399
f 9208 2327 9210
f 9210 2326 9203
f 9203 1404 9208
f 9208 9210 9203
f 9212 2328 9211
f 9211 1403 6431
f 6431 1424 9212
f 9212 9211 6431
f 9211 2328 9215
f 9215 2327 9207
f 9207 1403 9211
f 9211 9215 9207
f 9216 2329 9217
f 9217 1424 6433
f 6433 1423 9216
f 9216 9217 6433
f 9217 2329 9220
f 9220 2328 9212
f 9212 1424 9217
f 9217 9220 9212
f 9216 1423 9224
f 9224 2331 9227
f 9227 2329 9216
f 9216 9224 9227
f 9224 1423 9222
f 9222 2330 9228
f 9228 2331 9224
f 9224 9222 9228
f 9228 2330 9234
f 9234 2333 9235
f 9235 2331 9228
f 9228 9234 9235
f 9234 2330 9232
f 9232 2332 9236
f 9236 2333 9234
f 9234 9232 9236
f 9239 2033 9245
f 9245 2335 9247
f 9247 2334 9239
f 9239 9245 9247
f 9245 2033 8118
f 8118 2032 9244
f 9244 2335 9245
f 9245 8118 9244
f 9244 2032 9248
f 9248 2336 9252
f 9252 2335 9244
f 9244 9248 9252
f 9248 2032 9150
f 9150 2311 9251
f 9251 2336 9248
f 9248 9150 9251
f 9184 2321 9183
f 9183 2310 9179
f 9179 2320 9184
f 9184 9183 9179
f 9183 2321 9256
f 9256 2337 9254
f 9254 2310 9183
f 9183 9256 9254
f 9266 2339 9265
f 9265 2309 9260
f 9260 2338 9266
f 9266 9265 9260
f 9265 2339 9264
f 9264 2306 9147
f 9147 2309 9265
f 9265 9264 9147
f 9267 1400 9274
f 9274 2341 9276
f 9276 2340 9267
f 9267 9274 9276
f 9274 1400 6393
f 6393 1399 9273
f 9273 2341 9274
f 9274 6393 9273
f 8962 2258 8953
f 8953 2008 8958
f 8958 2259 8962
f 8962 8953 8958
f 8953 2258 8952
f 8952 1396 8049
f 8049 2008 8953
f 8953 8952 8049
f 8962 2259 8961
f 8961 2253 8954
f 8954 2258 8962
f 8962 8961 8954
f 8961 2259 8959
f 8959 2251 8931
f 8931 2253 8961
f 8961 8959 8931
f 8065 2010 8070
f 8070 2014 8071
f 8071 2012 8065
f 8065 8070 8071
f 8070 2010 8058
f 8058 1412 8069
f 8069 2014 8070
f 8070 8058 8069
f 7926 1968 7925
f 7925 1537 7142
f 7142 1699 7926
f 7926 7925 7142
f 7925 1968 7924
f 7924 1534 6681
f 6681 1537 7925
f 7925 7924 6681
f 6201 1311 7141
f 7141 1699 7140
f 7140 1308 6201
f 6201 7141 7140
f 7141 1311 7922
f 7922 1968 7926
f 7926 1699 7141
f 7141 7922 7926
f 6203 1312 6204
f 6204 1308 6194
f 6194 1307 6203
f 6203 6204 6194
f 6204 1312 6205
f 6205 1311 6201
f 6201 1308 6204
f 6204 6205 6201
f 6808 1590 6804
f 6804 1307 6395
f 6395 1402 6808
f 6808 6804 6395
f 6804 1590 6805
f 6805 1312 6203
f 6203 1307 6804
f 6804 6805 6203
f 6440 1389 6397
f 6397 1402 6443
f 6443 1427 6440
f 6440 6397 6443
f 6397 1389 6807
f 6807 1590 6808
f 6808 1402 6397
f 6397 6807 6808
f 6439 1390 6441
f 6441 1427 6444
f 6444 1426 6439
f 6439 6441 6444
f 6441 1390 6374
f 6374 1389 6440
f 6440 1427 6441
f 6441 6374 6440
f 9044 2279 9043
f 9043 1390 6439
f 6439 1426 9044
f 9044 9043 6439
f 9043 2279 9054
f 9054 2280 9050
f 9050 1390 9043
f 9043 9054 9050
f 9046 1713 9053
f 9053 2280 9054
f 9054 2279 9046
f 9046 9053 9054
f 9053 1713 7188
f 7188 1575 9052
f 9052 2280 9053
f 9053 7188 9052
f 8107 2029 8106
f 8106 1574 7185
f 7185 1712 8107
f 8107 8106 7185
f 8106 2029 8108
f 8108 2028 8105
f 8105 1574 8106
f 8106 8108 8105
f 9140 2307 9139
f 9139 2028 8108
f 8108 2029 9140
f 9140 9139 8108
f 9139 2307 9141
f 9141 2305 9137
f 9137 2028 9139
f 9139 9141 9137
f 9279 2342 9278
f 9278 2306 9264
f 9264 2339 9279
f 9279 9278 9264
f 9278 2342 9285
f 9285 2343 9283
f 9283 2306 9278
f 9278 9285 9283
f 9275 1504 9269
f 9269 2340 9276
f 9276 2341 9275
f 9275 9269 9276
f 9269 1504 6598
f 6598 1503 9268
f 9268 2340 9269
f 9269 6598 9268
f 8053 2009 8054
f 8054 1396 6384
f 6384 1395 8053
f 8053 8054 6384
f 8054 2009 8057
f 8057 2008 8049
f 8049 1396 8054
f 8054 8057 8049
f 6712 1548 6713
f 6713 1504 6597
f 6597 1398 6712
f 6712 6713 6597
f 6713 1548 6711
f 6711 1394 6596
f 6596 1504 6713
f 6713 6711 6596
f 8949 1550 6719
f 6719 1397 8948
f 8948 2257 8949
f 8949 6719 8948
f 6719 1550 8944
f 8944 2256 8941
f 8941 1397 6719
f 6719 8944 8941
f 8932 1551 8950
f 8950 2257 8951
f 8951 2254 8932
f 8932 8950 8951
f 8950 1551 6720
f 6720 1550 8949
f 8949 2257 8950
f 8950 6720 8949
f 6902 1616 8068
f 8068 2013 8066
f 8066 1411 6902
f 6902 8068 8066
f 8068 1616 8919
f 8919 2250 8920
f 8920 2013 8068
f 8068 8919 8920
f 6905 1617 6906
f 6906 1411 6409
f 6409 1410 6905
f 6905 6906 6409
f 6906 1617 6909
f 6909 1616 6902
f 6902 1411 6906
f 6906 6909 6902
f 8062 2010 9290
f 9290 2344 9291
f 9291 2011 8062
f 8062 9290 9291
f 9290 2010 8059
f 8059 2003 9289
f 9289 2344 9290
f 9290 8059 9289
f 8061 2011 9298
f 9298 2345 9293
f 9293 1413 8061
f 8061 9298 9293
f 9298 2011 9291
f 9291 2344 9299
f 9299 2345 9298
f 9298 9291 9299
f 6905 1410 9292
f 9292 2345 9297
f 9297 1617 6905
f 6905 9292 9297
f 9292 1410 6412
f 6412 1413 9293
f 9293 2345 9292
f 9292 6412 9293
f 9309 2348 9308
f 9308 2346 9304
f 9304 2347 9309
f 9309 9308 9304
f 9308 2348 9313
f 9313 2349 9312
f 9312 2346 9308
f 9308 9313 9312
f 9314 2350 9315
f 9315 2272 9016
f 9016 2271 9314
f 9314 9315 9016
f 9315 2350 9316
f 9316 2349 9310
f 9310 2272 9315
f 9315 9316 9310
f 9320 2352 9326
f 9326 2353 9325
f 9325 2351 9320
f 9320 9326 9325
f 9326 2352 9319
f 9319 2350 9324
f 9324 2353 9326
f 9326 9319 9324
f 9332 2351 9329
f 9329 2354 9333
f 9333 2355 9332
f 9332 9329 9333
f 9329 2351 9325
f 9325 2353 9330
f 9330 2354 9329
f 9329 9325 9330
f 9006 2268 9327
f 9327 2354 9328
f 9328 2269 9006
f 9006 9327 9328
f 9327 2268 9335
f 9335 2356 9336
f 9336 2354 9327
f 9327 9335 9336
f 9345 2358 9346
f 9346 2357 9341
f 9341 2356 9345
f 9345 9346 9341
f 9346 2358 9350
f 9350 2359 9349
f 9349 2357 9346
f 9346 9350 9349
f 9342 2358 9343
f 9343 1716 7193
f 7193 1715 9342
f 9342 9343 7193
f 9343 2358 9344
f 9344 2267 8998
f 8998 1716 9343
f 9343 9344 8998
f 9307 2348 9305
f 9305 2096 9019
f 9019 2273 9307
f 9307 9305 9019
f 9305 2348 9306
f 9306 2097 8342
f 8342 2096 9305
f 9305 9306 8342
f 8281 2082 8280
f 8280 2048 8163
f 8163 2051 8281
f 8281 8280 8163
f 8280 2082 9354
f 9354 2360 9352
f 9352 2048 8280
f 8280 9354 9352
f 9355 2361 9358
f 9358 2082 8279
f 8279 1650 9355
f 9355 9358 8279
f 9358 2361 9359
f 9359 2360 9354
f 9354 2082 9358
f 9358 9359 9354
f 9360 2362 9361
f 9361 1650 7006
f 7006 1649 9360
f 9360 9361 7006
f 9361 2362 9365
f 9365 2361 9355
f 9355 1650 9361
f 9361 9365 9355
f 9367 2363 9366
f 9366 2052 8294
f 8294 2086 9367
f 9367 9366 8294
f 9366 2363 9368
f 9368 2317 9167
f 9167 2052 9366
f 9366 9368 9167
f 9369 2364 9370
f 9370 2086 8292
f 8292 1441 9369
f 9369 9370 8292
f 9370 2364 9371
f 9371 2363 9367
f 9367 2086 9370
f 9370 9371 9367
f 9372 2365 9373
f 9373 1441 6468
f 6468 1440 9372
f 9372 9373 6468
f 9373 2365 9377
f 9377 2364 9369
f 9369 1441 9373
f 9373 9377 9369
f 9360 1649 9347
f 9347 2359 9364
f 9364 2362 9360
f 9360 9347 9364
f 9347 1649 9338
f 9338 2357 9349
f 9349 2359 9347
f 9347 9338 9349
f 9301 2347 9302
f 9302 1440 6466
f 6466 1439 9301
f 9301 9302 6466
f 9302 2347 9304
f 9304 2346 9300
f 9300 1440 9302
f 9302 9304 9300
f 9382 2365 9375
f 9375 2351 9379
f 9379 2366 9382
f 9382 9375 9379
f 9375 2365 9376
f 9376 2352 9320
f 9320 2351 9375
f 9375 9376 9320
f 9332 2355 9380
f 9380 2366 9379
f 9379 2351 9332
f 9332 9380 9379
f 9380 2355 9331
f 9331 1652 9378
f 9378 2366 9380
f 9380 9331 9378
f 9383 2367 9384
f 9384 1652 7010
f 7010 1651 9383
f 9383 9384 7010
f 9384 2367 9387
f 9387 2366 9378
f 9378 1652 9384
f 9384 9387 9378
f 9389 2368 9388
f 9388 1651 8283
f 8283 2083 9389
f 9389 9388 8283
f 9388 2368 9392
f 9392 2367 9383
f 9383 1651 9388
f 9388 9392 9383
f 9393 2303 9396
f 9396 2370 9400
f 9400 2369 9393
f 9393 9396 9400
f 9396 2303 9135
f 9135 2304 9397
f 9397 2370 9396
f 9396 9135 9397
f 9397 2304 9281
f 9281 2343 9399
f 9399 2370 9397
f 9397 9281 9399
f 9281 2304 9138
f 9138 2305 9282
f 9282 2343 9281
f 9281 9138 9282
f 9144 2308 9143
f 9143 2029 8111
f 8111 2030 9144
f 9144 9143 8111
f 9143 2308 9146
f 9146 2307 9140
f 9140 2029 9143
f 9143 9146 9140
f 9159 2312 9153
f 9153 2034 9158
f 9158 2314 9159
f 9159 9153 9158
f 9153 2312 9152
f 9152 2031 8120
f 8120 2034 9153
f 9153 9152 8120
f 9164 2315 9403
f 9403 2371 9402
f 9402 2314 9164
f 9164 9403 9402
f 9403 2315 9404
f 9404 2372 9405
f 9405 2371 9403
f 9403 9404 9405
f 9404 2315 9406
f 9406 2373 9409
f 9409 2372 9404
f 9404 9406 9409
f 9406 2315 9166
f 9166 2316 9407
f 9407 2373 9406
f 9406 9166 9407
f 9412 2374 9411
f 9411 2316 9169
f 9169 2317 9412
f 9412 9411 9169
f 9411 2374 9416
f 9416 2373 9407
f 9407 2316 9411
f 9411 9416 9407
f 9413 2374 9410
f 9410 2083 9173
f 9173 2318 9413
f 9413 9410 9173
f 9410 2374 9415
f 9415 2368 9389
f 9389 2083 9410
f 9410 9415 9389
f 9176 2319 9414
f 9414 2374 9413
f 9413 2318 9176
f 9176 9414 9413
f 9414 2319 9408
f 9408 2373 9416
f 9416 2374 9414
f 9414 9408 9416
f 9419 2375 9421
f 9421 2373 9408
f 9408 2319 9419
f 9419 9421 9408
f 9421 2375 9420
f 9420 2372 9409
f 9409 2373 9421
f 9421 9420 9409
f 9426 2376 9425
f 9425 2372 9420
f 9420 2375 9426
f 9426 9425 9420
f 9425 2376 9424
f 9424 2371 9405
f 9405 2372 9425
f 9425 9424 9405
f 9432 2377 9431
f 9431 2371 9424
f 9424 2376 9432
f 9432 9431 9424
f 9431 2377 9429
f 9429 2313 9401
f 9401 2371 9431
f 9431 9429 9401
f 9436 2378 9437
f 9437 2343 9285
f 9285 2342 9436
f 9436 9437 9285
f 9437 2378 9438
f 9438 2370 9399
f 9399 2343 9437
f 9437 9438 9399
f 9435 2322 9398
f 9398 2370 9438
f 9438 2378 9435
f 9435 9398 9438
f 9398 2322 9394
f 9394 2369 9400
f 9400 2370 9398
f 9398 9394 9400
f 9190 2323 9395
f 9395 2369 9394
f 9394 2322 9190
f 9190 9395 9394
f 9395 2323 9442
f 9442 2379 9443
f 9443 2369 9395
f 9395 9442 9443
f 9249 2336 9250
f 9250 2309 9148
f 9148 2308 9249
f 9249 9250 9148
f 9250 2336 9257
f 9257 2337 9253
f 9253 2309 9250
f 9250 9257 9253
f 9141 2307 9284
f 9284 2343 9282
f 9282 2305 9141
f 9141 9284 9282
f 9284 2307 9142
f 9142 2306 9283
f 9283 2343 9284
f 9284 9142 9283
f 9391 2368 9390
f 9390 2317 9368
f 9368 2363 9391
f 9391 9390 9368
f 9390 2368 9415
f 9415 2374 9412
f 9412 2317 9390
f 9390 9415 9412
f 9386 2367 9385
f 9385 2363 9371
f 9371 2364 9386
f 9386 9385 9371
f 9385 2367 9392
f 9392 2368 9391
f 9391 2363 9385
f 9385 9392 9391
f 9382 2366 9381
f 9381 2364 9377
f 9377 2365 9382
f 9382 9381 9377
f 9381 2366 9387
f 9387 2367 9386
f 9386 2364 9381
f 9381 9387 9386
f 9340 2357 9339
f 9339 1652 9331
f 9331 2355 9340
f 9340 9339 9331
f 9339 2357 9338
f 9338 1649 7009
f 7009 1652 9339
f 9339 9338 7009
f 9376 2365 9374
f 9374 2346 9317
f 9317 2352 9376
f 9376 9374 9317
f 9374 2365 9372
f 9372 1440 9300
f 9300 2346 9374
f 9374 9372 9300
f 9445 2038 8321
f 8321 2092 9448
f 9448 2380 9445
f 9445 8321 9448
f 8321 2038 8135
f 8135 2037 8320
f 8320 2092 8321
f 8321 8135 8320
f 9449 1300 9444
f 9444 2380 9453
f 9453 2381 9449
f 9449 9444 9453
f 9444 1300 8133
f 8133 2038 9445
f 9445 2380 9444
f 9444 8133 9445
f 9454 1301 9450
f 9450 2381 9458
f 9458 2382 9454
f 9454 9450 9458
f 9450 1301 6182
f 6182 1300 9449
f 9449 2381 9450
f 9450 6182 9449
f 9459 2023 9455
f 9455 2382 9464
f 9464 2383 9459
f 9459 9455 9464
f 9455 2023 8093
f 8093 1301 9454
f 9454 2382 9455
f 9455 8093 9454
f 8988 2024 9460
f 9460 2383 9463
f 9463 2265 8988
f 8988 9460 9463
f 9460 2024 8094
f 8094 2023 9459
f 9459 2383 9460
f 9460 8094 9459
f 8988 2265 8989
f 8989 2045 8152
f 8152 2024 8988
f 8988 8989 8152
f 8989 2265 8991
f 8991 2264 8984
f 8984 2045 8989
f 8989 8991 8984
f 8269 2046 8985
f 8985 2264 8986
f 8986 2079 8269
f 8269 8985 8986
f 8985 2046 8155
f 8155 2045 8984
f 8984 2264 8985
f 8985 8155 8984
f 8288 2050 8268
f 8268 2078 8289
f 8289 2085 8288
f 8288 8268 8289
f 8268 2050 8162
f 8162 2049 8267
f 8267 2078 8268
f 8268 8162 8267
f 9446 2380 9447
f 9447 2090 8311
f 8311 2066 9446
f 9446 9447 8311
f 9447 2380 9448
f 9448 2092 8322
f 8322 2090 9447
f 9447 9448 8322
f 9451 2381 9452
f 9452 2066 8221
f 8221 2056 9451
f 9451 9452 8221
f 9452 2381 9453
f 9453 2380 9446
f 9446 2066 9452
f 9452 9453 9446
f 9456 2382 9457
f 9457 2056 8176
f 8176 2055 9456
f 9456 9457 8176
f 9457 2382 9458
f 9458 2381 9451
f 9451 2056 9457
f 9457 9458 9451
f 9462 2383 9461
f 9461 2055 8256
f 8256 2075 9462
f 9462 9461 8256
f 9461 2383 9464
f 9464 2382 9456
f 9456 2055 9461
f 9461 9464 9456
f 8997 2265 8990
f 8990 2075 8994
f 8994 2266 8997
f 8997 8990 8994
f 8990 2265 9463
f 9463 2383 9462
f 9462 2075 8990
f 8990 9463 9462
f 8974 2261 8969
f 8969 1446 8963
f 8963 2260 8974
f 8974 8969 8963
f 8969 2261 8973
f 8973 2043 8145
f 8145 1446 8969
f 8969 8973 8145
f 8925 2252 8926
f 8926 2005 8042
f 8042 2004 8925
f 8925 8926 8042
f 8926 2252 8924
f 8924 1448 8041
f 8041 2005 8926
f 8926 8924 8041
f 9289 2003 8034
f 8034 1408 9286
f 9286 2344 9289
f 9289 8034 9286
f 8034 2003 8035
f 8035 1409 6408
f 6408 1408 8034
f 8034 8035 6408
f 9287 2344 9288
f 9288 1469 6523
f 6523 1468 9287
f 9287 9288 6523
f 9288 2344 9286
f 9286 1408 6522
f 6522 1469 9288
f 9288 9286 6522
f 9287 1468 9294
f 9294 2345 9299
f 9299 2344 9287
f 9287 9294 9299
f 9294 1468 6524
f 6524 1471 9296
f 9296 2345 9294
f 9294 6524 9296
f 6525 1470 9295
f 9295 2345 9296
f 9296 1471 6525
f 6525 9295 9296
f 9295 1470 6907
f 6907 1617 9297
f 9297 2345 9295
f 9295 6907 9297
f 6898 1614 6897
f 6897 1470 6731
f 6731 1554 6898
f 6898 6897 6731
f 6897 1614 6908
f 6908 1617 6907
f 6907 1470 6897
f 6897 6908 6907
f 6730 1152 6896
f 6896 1614 6898
f 6898 1554 6730
f 6730 6896 6898
f 6896 1152 5748
f 5748 371 6895
f 6895 1614 6896
f 6896 5748 6895
f 9465 2384 9466
f 9466 1848 7500
f 7500 1847 9465
f 9465 9466 7500
f 9466 2384 9470
f 9470 1946 7814
f 7814 1848 9466
f 9466 9470 7814
f 7519 1860 7518
f 7518 1849 7503
f 7503 1852 7519
f 7519 7518 7503
f 7518 1860 7520
f 7520 1859 7517
f 7517 1849 7518
f 7518 7520 7517
f 7536 1868 7537
f 7537 1856 7510
f 7510 1855 7536
f 7536 7537 7510
f 7537 1868 7538
f 7538 1867 7534
f 7534 1856 7537
f 7537 7538 7534
f 7830 1949 7827
f 7827 1849 7632
f 7632 1898 7830
f 7830 7827 7632
f 7827 1949 7828
f 7828 1850 7501
f 7501 1849 7827
f 7827 7828 7501
f 7715 1924 7716
f 7716 1912 7681
f 7681 1911 7715
f 7715 7716 7681
f 7716 1924 7739
f 7739 1929 7736
f 7736 1912 7716
f 7716 7739 7736
f 7750 1932 7751
f 7751 1920 7704
f 7704 1919 7750
f 7750 7751 7704
f 7751 1932 7754
f 7754 1931 7749
f 7749 1920 7751
f 7751 7754 7749
f 7534 1867 7712
f 7712 1922 7709
f 7709 1856 7534
f 7534 7712 7709
f 7712 1867 7535
f 7535 1864 7711
f 7711 1922 7712
f 7712 7535 7711
f 7678 1834 7729
f 7729 1927 7731
f 7731 1911 7678
f 7678 7729 7731
f 7729 1834 7474
f 7474 1833 7728
f 7728 1927 7729
f 7729 7474 7728
f 7856 1895 7730
f 7730 1927 7857
f 7857 1954 7856
f 7856 7730 7857
f 7730 1895 7718
f 7718 1925 7732
f 7732 1927 7730
f 7730 7718 7732
f 7881 1882 7888
f 7888 1961 7891
f 7891 1960 7881
f 7881 7888 7891
f 7888 1882 7575
f 7575 1881 7887
f 7887 1961 7888
f 7888 7575 7887
f 7892 1863 7899
f 7899 1963 7901
f 7901 1962 7892
f 7892 7899 7901
f 7899 1863 7907
f 7907 1965 7910
f 7910 1963 7899
f 7899 7907 7910
f 7896 1922 7710
f 7710 1863 7892
f 7892 1962 7896
f 7896 7710 7892
f 7710 1922 7711
f 7711 1864 7528
f 7528 1863 7710
f 7710 7711 7528
f 7887 1881 7574
f 7574 1848 7886
f 7886 1961 7887
f 7887 7574 7886
f 7574 1881 7573
f 7573 1845 7499
f 7499 1848 7574
f 7574 7573 7499
f 7519 1852 7905
f 7905 1965 7906
f 7906 1860 7519
f 7519 7905 7906
f 7905 1852 7898
f 7898 1963 7910
f 7910 1965 7905
f 7905 7898 7910
f 7508 1854 7854
f 7854 1954 7855
f 7855 1855 7508
f 7508 7854 7855
f 7854 1854 7621
f 7621 1895 7856
f 7856 1954 7854
f 7854 7621 7856
f 7634 1897 7627
f 7627 1847 7631
f 7631 1898 7634
f 7634 7627 7631
f 7627 1897 9468
f 9468 2384 9465
f 9465 1847 7627
f 7627 9468 9465
f 7885 1959 7878
f 7878 1920 7882
f 7882 1960 7885
f 7885 7878 7882
f 7878 1959 7877
f 7877 1917 7703
f 7703 1920 7878
f 7878 7877 7703
f 7702 1918 7698
f 7698 1912 7700
f 7700 1919 7702
f 7702 7698 7700
f 7698 1918 7697
f 7697 1910 7680
f 7680 1912 7698
f 7698 7697 7680
f 7689 1916 7690
f 7690 1836 7478
f 7478 1835 7689
f 7689 7690 7478
f 7690 1916 7847
f 7847 1952 7844
f 7844 1836 7690
f 7690 7847 7844
f 7521 1781 7525
f 7525 1862 7527
f 7527 1861 7521
f 7521 7525 7527
f 7525 1781 7353
f 7353 1780 7524
f 7524 1862 7525
f 7525 7353 7524
f 7669 1908 7670
f 7670 1866 7533
f 7533 1865 7669
f 7669 7670 7533
f 7670 1908 7671
f 7671 1877 7560
f 7560 1866 7670
f 7670 7671 7560
f 7539 1828 7544
f 7544 1870 7548
f 7548 1869 7539
f 7539 7544 7548
f 7544 1828 7462
f 7462 1827 7543
f 7543 1870 7544
f 7544 7462 7543
f 7695 1918 7696
f 7696 1874 7555
f 7555 1873 7695
f 7695 7696 7555
f 7696 1918 7699
f 7699 1917 7694
f 7694 1874 7696
f 7696 7699 7694
f 7815 1946 7816
f 7816 1876 7559
f 7559 1875 7815
f 7815 7816 7559
f 7816 1946 9470
f 9470 2384 9467
f 9467 1876 7816
f 7816 9470 9467
f 7909 1965 7908
f 7908 1866 7566
f 7566 1879 7909
f 7909 7908 7566
f 7908 1965 7907
f 7907 1863 7532
f 7532 1866 7908
f 7908 7907 7532
f 7542 1868 7571
f 7571 1880 7572
f 7572 1869 7542
f 7542 7571 7572
f 7571 1868 7851
f 7851 1953 7852
f 7852 1880 7571
f 7571 7851 7852
f 7543 1827 7529
f 7529 1865 7546
f 7546 1870 7543
f 7543 7529 7546
f 7529 1827 7667
f 7667 1908 7669
f 7669 1865 7529
f 7529 7667 7669
f 7524 1780 7786
f 7786 1939 7787
f 7787 1862 7524
f 7524 7786 7787
f 7786 1780 7777
f 7777 1937 7790
f 7790 1939 7786
f 7786 7777 7790
f 7556 1841 7818
f 7818 1947 7820
f 7820 1875 7556
f 7556 7818 7820
f 7818 1841 7514
f 7514 1858 7819
f 7819 1947 7818
f 7818 7514 7819
f 9467 2384 9469
f 9469 1939 7788
f 7788 1876 9467
f 9467 9469 7788
f 9469 2384 9468
f 9468 1897 7789
f 7789 1939 9469
f 9469 9468 7789
f 7852 1953 7849
f 7849 1836 7570
f 7570 1880 7852
f 7852 7849 7570
f 7849 1953 7848
f 7848 1833 7477
f 7477 1836 7849
f 7849 7848 7477
f 7568 1878 7562
f 7562 1861 7565
f 7565 1879 7568
f 7568 7562 7565
f 7562 1878 7561
f 7561 1781 7521
f 7521 1861 7562
f 7562 7561 7521
f 8332 1950 7835
f 7835 1874 8329
f 8329 2094 8332
f 8332 7835 8329
f 7835 1950 7834
f 7834 1871 7554
f 7554 1874 7835
f 7835 7834 7554
f 8356 2099 8349
f 8349 1872 8353
f 8353 2100 8356
f 8356 8349 8353
f 8349 2099 8350
f 8350 1873 7553
f 7553 1872 8349
f 8349 8350 7553
f 8356 2100 8352
f 8352 1835 8348
f 8348 2099 8356
f 8356 8352 8348
f 8352 2100 8355
f 8355 1916 7689
f 7689 1835 8352
f 8352 8355 7689
f 8333 1959 7880
f 7880 1947 8331
f 8331 2094 8333
f 8333 7880 8331
f 7880 1959 7879
f 7879 1945 7821
f 7821 1947 7880
f 7880 7879 7821
f 9419 2319 9175
f 9175 2085 9418
f 9418 2375 9419
f 9419 9175 9418
f 9175 2319 9174
f 9174 2050 8288
f 8288 2085 9175
f 9175 9174 8288
f 9426 2375 9417
f 9417 2084 9423
f 9423 2376 9426
f 9426 9417 9423
f 9417 2375 9418
f 9418 2085 8291
f 8291 2084 9417
f 9417 9418 8291
f 9430 2377 9427
f 9427 2020 9178
f 9178 2320 9430
f 9430 9427 9178
f 9427 2377 9428
f 9428 2021 8089
f 8089 2020 9427
f 9427 9428 8089
f 6392 1400 9259
f 9259 2338 9258
f 9258 1372 6392
f 6392 9259 9258
f 9259 1400 9263
f 9263 2339 9266
f 9266 2338 9259
f 9259 9263 9266
f 9279 2339 9270
f 9270 2340 9280
f 9280 2342 9279
f 9279 9270 9280
f 9270 2339 9263
f 9263 1400 9267
f 9267 2340 9270
f 9270 9263 9267
f 9436 2342 9277
f 9277 1503 9434
f 9434 2378 9436
f 9436 9277 9434
f 9277 2342 9280
f 9280 2340 9268
f 9268 1503 9277
f 9277 9280 9268
f 9435 2378 9433
f 9433 1393 9186
f 9186 2322 9435
f 9435 9433 9186
f 9433 2378 9434
f 9434 1503 6594
f 6594 1393 9433
f 9433 9434 6594
f 6420 1415 6414
f 6414 1154 6417
f 6417 1416 6420
f 6420 6414 6417
f 6414 1415 6415
f 6415 1155 5758
f 5758 1154 6414
f 6414 6415 5758
f 6457 1433 6455
f 6455 1156 6450
f 6450 1430 6457
f 6457 6455 6450
f 6455 1433 6456
f 6456 1157 5762
f 5762 1156 6455
f 6455 6456 5762
f 9480 2386 9478
f 9478 1570 9473
f 9473 2385 9480
f 9480 9478 9473
f 9478 2386 9485
f 9485 2387 9481
f 9481 1570 9478
f 9478 9485 9481
f 9479 2286 9484
f 9484 2387 9485
f 9485 2386 9479
f 9479 9484 9485
f 9484 2286 9069
f 9069 2285 9483
f 9483 2387 9484
f 9484 9069 9483
f 9068 2286 9066
f 9066 1161 7964
f 7964 1978 9068
f 9068 9066 7964
f 9066 2286 9067
f 9067 1162 5779
f 5779 1161 9066
f 9066 9067 5779
f 8747 2211 8748
f 8748 1431 6452
f 6452 1430 8747
f 8747 8748 6452
f 8748 2211 8749
f 8749 2200 8696
f 8696 1431 8748
f 8748 8749 8696
f 9475 2212 8750
f 8750 1163 9471
f 9471 2385 9475
f 9475 8750 9471
f 8750 2212 8751
f 8751 1164 5784
f 5784 1163 8750
f 8750 8751 5784
f 9490 1433 8812
f 8812 2224 9491
f 9491 2388 9490
f 9490 8812 9491
f 8812 1433 6458
f 6458 1432 8811
f 8811 2224 8812
f 8812 6458 8811
f 9488 2388 9489
f 9489 1417 6422
f 6422 1416 9488
f 9488 9489 6422
f 9489 2388 9491
f 9491 2224 8810
f 8810 1417 9489
f 9489 9491 8810
f 9494 1415 9132
f 9132 2303 9495
f 9495 2389 9494
f 9494 9132 9495
f 9132 1415 6416
f 6416 1414 9131
f 9131 2303 9132
f 9132 6416 9131
f 9497 2389 9496
f 9496 2369 9443
f 9443 2379 9497
f 9497 9496 9443
f 9496 2389 9495
f 9495 2303 9393
f 9393 2369 9496
f 9496 9495 9393
f 9187 1168 9440
f 9440 2379 9442
f 9442 2323 9187
f 9187 9440 9442
f 9440 1168 5798
f 5798 1167 9439
f 9439 2379 9440
f 9440 5798 9439
f 6377 1169 9188
f 9188 2323 9189
f 9189 1392 6377
f 6377 9188 9189
f 9188 1169 5801
f 5801 1168 9187
f 9187 2323 9188
f 9188 5801 9187
f 9505 2392 9504
f 9504 2390 9500
f 9500 2391 9505
f 9505 9504 9500
f 9504 2392 9508
f 9508 2393 9507
f 9507 2390 9504
f 9504 9508 9507
f 9515 2396 9514
f 9514 2394 9511
f 9511 2395 9515
f 9515 9514 9511
f 9514 2396 9519
f 9519 2397 9518
f 9518 2394 9514
f 9514 9519 9518
f 9529 2399 9524
f 9524 1278 9521
f 9521 2398 9529
f 9529 9524 9521
f 9524 2399 9527
f 9527 2243 8882
f 8882 1278 9524
f 9524 9527 8882
f 9533 2400 9532
f 9532 2390 9509
f 9509 2395 9533
f 9533 9532 9509
f 9532 2400 9538
f 9538 2401 9536
f 9536 2390 9532
f 9532 9538 9536
f 7002 1648 9543
f 9543 2402 9541
f 9541 1526 7002
f 7002 9543 9541
f 9543 1648 9499
f 9499 2391 9544
f 9544 2402 9543
f 9543 9499 9544
f 9550 2398 9520
f 9520 1277 9546
f 9546 2403 9550
f 9550 9520 9546
f 9520 2398 9521
f 9521 1278 6152
f 6152 1277 9520
f 9520 9521 6152
f 9547 2403 9548
f 9548 1702 7153
f 7153 1698 9547
f 9547 9548 7153
f 9548 2403 9546
f 9546 1277 7152
f 7152 1702 9548
f 9548 9546 7152
f 9531 2400 9530
f 9530 1333 6261
f 6261 1336 9531
f 9531 9530 6261
f 9530 2400 9555
f 9555 2404 9551
f 9551 1333 9530
f 9530 9555 9551
f 9534 1263 9539
f 9539 2402 9545
f 9545 2401 9534
f 9534 9539 9545
f 9539 1263 6133
f 6133 1266 9540
f 9540 2402 9539
f 9539 6133 9540
f 6469 1437 7311
f 7311 1757 7312
f 7312 1443 6469
f 6469 7311 7312
f 7311 1437 6463
f 6463 1436 7310
f 7310 1757 7311
f 7311 6463 7310
f 6462 1437 8191
f 8191 2060 8190
f 8190 1434 6462
f 6462 8191 8190
f 8191 1437 7259
f 7259 1742 8192
f 8192 2060 8191
f 8191 7259 8192
f 6469 1443 7261
f 7261 1742 7259
f 7259 1437 6469
f 6469 7261 7259
f 7261 1443 6470
f 6470 1442 7260
f 7260 1742 7261
f 7261 6470 7260
f 9564 2406 9563
f 9563 1704 9560
f 9560 2405 9564
f 9564 9563 9560
f 9563 2406 9562
f 9562 1618 7162
f 7162 1704 9563
f 9563 9562 7162
f 9569 2407 9567
f 9567 1576 8893
f 8893 2245 9569
f 9569 9567 8893
f 9567 2407 9568
f 9568 1577 6775
f 6775 1576 9567
f 9567 9568 6775
f 9578 2409 9577
f 9577 2226 9572
f 9572 2408 9578
f 9578 9577 9572
f 9577 2409 9576
f 9576 1520 8820
f 8820 2226 9577
f 9577 9576 8820
f 9583 2192 8659
f 8659 1519 9581
f 9581 2410 9583
f 9583 8659 9581
f 8659 2192 8658
f 8658 1361 6635
f 6635 1519 8659
f 8659 8658 6635
f 9590 2405 9559
f 9559 1613 9588
f 9588 2411 9590
f 9590 9559 9588
f 9559 2405 9560
f 9560 1704 7161
f 7161 1613 9559
f 9559 9560 7161
f 8660 2192 8656
f 8656 1192 8652
f 8652 2191 8660
f 8660 8656 8652
f 8656 2192 8657
f 8657 1193 5886
f 5886 1192 8656
f 8656 8657 5886
f 9595 2412 9593
f 9593 1577 9568
f 9568 2407 9595
f 9595 9593 9568
f 9593 2412 9594
f 9594 2229 8829
f 8829 1577 9593
f 9593 9594 8829
f 8894 2244 8886
f 8886 1195 8890
f 8890 2245 8894
f 8894 8886 8890
f 8886 2244 8887
f 8887 1196 5895
f 5895 1195 8886
f 8886 8887 5895
f 8899 2191 8653
f 8653 1197 8895
f 8895 2246 8899
f 8899 8653 8895
f 8653 2191 8652
f 8652 1192 5898
f 5898 1197 8653
f 8653 8652 5898
f 8889 1644 6989
f 6989 1196 8887
f 8887 2244 8889
f 8889 6989 8887
f 6989 1644 6990
f 6990 1198 5902
f 5902 1196 6989
f 6989 6990 5902
f 9589 2411 9587
f 9587 1364 8898
f 8898 2246 9589
f 9589 9587 8898
f 9587 2411 9588
f 9588 1613 6892
f 6892 1364 9587
f 9587 9588 6892
f 6994 1542 6695
f 6695 1198 6990
f 6990 1644 6994
f 6994 6695 6990
f 6695 1542 6694
f 6694 386 5900
f 5900 1198 6695
f 6695 6694 5900
f 7977 1982 9597
f 9598 1983 7977
f 7977 9597 9598
f 9597 1982 9599
f 9605 2414 9606
f 9606 2413 9601
f 9601 1981 9605
f 9605 9606 9601
f 9606 2414 9609
f 9609 2415 9608
f 9608 2413 9606
f 9606 9609 9608
f 9613 2282 9055
f 9055 1985 9611
f 9611 2416 9613
f 9613 9055 9611
f 9055 2282 9620
f 9620 2417 9618
f 9618 1985 9055
f 9055 9620 9618
f 9599 1982 9622
f 9630 2421 9631
f 9631 2418 9623
f 9623 2417 9630
f 9630 9631 9623
f 9631 2421 9632
f 9632 2420 9627
f 9627 2418 9631
f 9631 9632 9627
f 9625 1478 9621
f 9625 2419 9626
f 9626 2415 9607
f 9607 1478 9625
f 9625 9626 9607
f 9626 2419 9635
f 9635 2422 9634
f 9634 2415 9626
f 9626 9635 9634
f 9648 2424 9647
f 9647 2413 9640
f 9640 2423 9648
f 9648 9647 9640
f 9647 2424 9643
f 9643 1980 9600
f 9600 2413 9647
f 9647 9643 9600
f 9125 2300 9120
f 9120 1977 9123
f 9123 2301 9125
f 9125 9120 9123
f 9120 2300 9121
f 9121 2285 9064
f 9064 1977 9120
f 9120 9121 9064
f 9653 2425 9652
f 9652 2285 9121
f 9121 2300 9653
f 9653 9652 9121
f 9652 2425 9654
f 9654 2387 9483
f 9483 2285 9652
f 9652 9654 9483
f 9650 2425 9651
f 9651 2207 8728
f 8728 1571 9650
f 9650 9651 8728
f 9651 2425 9649
f 9649 1498 8727
f 8727 2207 9651
f 9651 9649 8727
f 9481 2387 9482
f 9482 1571 6762
f 6762 1570 9481
f 9481 9482 6762
f 9482 2387 9654
f 9654 2425 9650
f 9650 1571 9482
f 9482 9654 9650
f 7974 1981 7975
f 7975 1980 7971
f 7971 1979 7974
f 7974 7975 7971
f 7975 1981 9601
f 9601 2413 9600
f 9600 1980 7975
f 7975 9601 9600
f 9129 2302 9646
f 9646 2424 9644
f 9644 2284 9129
f 9129 9646 9644
f 9646 2302 9130
f 9130 2301 9645
f 9645 2424 9646
f 9646 9130 9645
f 9072 1986 9076
f 9076 2288 9078
f 9078 2287 9072
f 9072 9076 9078
f 9076 1986 7992
f 7992 1990 9077
f 9077 2288 9076
f 9076 7992 9077
f 9615 2416 9616
f 9616 2290 9086
f 9086 2289 9615
f 9615 9616 9086
f 9616 2416 9612
f 9612 1987 9084
f 9084 2290 9616
f 9616 9612 9084
f 9090 2291 9089
f 9089 1990 7999
f 7999 1992 9090
f 9090 9089 7999
f 9089 2291 9091
f 9091 2288 9077
f 9077 1990 9089
f 9089 9091 9077
f 9657 2426 9658
f 9658 2293 9096
f 9096 2292 9657
f 9657 9658 9096
f 9658 2426 9663
f 9663 2427 9661
f 9661 2293 9658
f 9658 9663 9661
f 9666 2428 9667
f 9667 2295 9102
f 9102 2294 9666
f 9666 9667 9102
f 9667 2428 9673
f 9673 2429 9672
f 9672 2295 9667
f 9667 9673 9672
f 9081 2283 9614
f 9614 2416 9615
f 9615 2289 9081
f 9081 9614 9615
f 9614 2283 9059
f 9059 2282 9613
f 9613 2416 9614
f 9614 9059 9613
f 9090 1992 9105
f 9105 2296 9106
f 9106 2291 9090
f 9090 9105 9106
f 9105 1992 9675
f 9675 2430 9677
f 9677 2296 9105
f 9105 9675 9677
f 9682 2431 9681
f 9681 2294 9110
f 9110 2297 9682
f 9682 9681 9110
f 9681 2431 9684
f 9684 2428 9666
f 9666 2294 9681
f 9681 9684 9666
f 9084 1987 9073
f 9073 2287 9085
f 9085 2290 9084
f 9084 9073 9085
f 9073 1987 7985
f 7985 1986 9072
f 9072 2287 9073
f 9073 7985 9072
f 9687 2432 9688
f 9688 2299 9117
f 9117 2298 9687
f 9687 9688 9117
f 9688 2432 9695
f 9695 2433 9693
f 9693 2299 9688
f 9688 9695 9693
f 9645 2301 9124
f 9124 1980 9643
f 9643 2424 9645
f 9645 9124 9643
f 9124 2301 9123
f 9123 1977 7970
f 7970 1980 9124
f 9124 9123 7970
f 6789 1586 6790
f 6790 1529 6660
f 6660 1528 6789
f 6789 6790 6660
f 6790 1586 8690
f 8690 2198 8688
f 8688 1529 6790
f 6790 8690 8688
f 8700 2201 8701
f 8701 1573 6766
f 6766 1572 8700
f 8700 8701 6766
f 8701 2201 8704
f 8704 2200 8698
f 8698 1573 8701
f 8701 8704 8698
f 8705 2202 8706
f 8706 1627 6937
f 6937 1626 8705
f 8705 8706 6937
f 8706 2202 8709
f 8709 1735 7238
f 7238 1627 8706
f 8706 8709 7238
f 6955 1629 6959
f 6959 1633 6961
f 6961 1632 6955
f 6955 6959 6961
f 6959 1629 6945
f 6945 1513 6958
f 6958 1633 6959
f 6959 6945 6958
f 8714 2204 8715
f 8715 1727 7221
f 7221 1726 8714
f 8714 8715 7221
f 8715 2204 8716
f 8716 1731 7229
f 7229 1727 8715
f 8715 8716 7229
f 7244 1734 7250
f 7250 1737 7251
f 7251 1736 7244
f 7244 7250 7251
f 7250 1734 7235
f 7235 1587 7249
f 7249 1737 7250
f 7250 7235 7249
f 8686 1640 6978
f 6978 1633 8685
f 8685 2197 8686
f 8686 6978 8685
f 6978 1640 6977
f 6977 1630 6960
f 6960 1633 6978
f 6978 6977 6960
f 6657 1463 7247
f 7247 1737 7248
f 7248 1528 6657
f 6657 7247 7248
f 7247 1463 6508
f 6508 1386 7246
f 7246 1737 7247
f 7247 6508 7246
f 8721 1321 7219
f 7219 1727 8724
f 8724 2206 8721
f 8721 7219 8724
f 7219 1321 6244
f 6244 1330 7220
f 7220 1727 7219
f 7219 6244 7220
f 7241 1296 6936
f 6936 1627 7243
f 7243 1736 7241
f 7241 6936 7243
f 6936 1296 6176
f 6176 1295 6935
f 6935 1627 6936
f 6936 6176 6935
f 8741 1738 7252
f 7252 1572 8740
f 8740 2210 8741
f 8741 7252 8740
f 7252 1738 8702
f 8702 2201 8700
f 8700 1572 7252
f 7252 8702 8700
f 9475 2385 9474
f 9474 1573 8752
f 8752 2212 9475
f 9475 9474 8752
f 9474 2385 9473
f 9473 1570 6765
f 6765 1573 9474
f 9474 9473 6765
f 8738 2208 8732
f 8732 1529 8734
f 8734 2209 8738
f 8738 8732 8734
f 8732 2208 8729
f 8729 1464 6659
f 6659 1529 8732
f 8732 8729 6659
f 9602 1221 6546
f 6546 1479 9604
f 9604 2414 9602
f 9602 6546 9604
f 6546 1221 6003
f 6003 1220 6545
f 6545 1479 6546
f 6546 6003 6545
f 7982 1984 9610
f 9610 2416 9611
f 9611 1985 7982
f 7982 9610 9611
f 9610 1984 7984
f 7984 1987 9612
f 9612 2416 9610
f 9610 7984 9612
f 7987 1984 7978
f 7978 1473 7986
f 7986 1988 7987
f 7987 7978 7986
f 7978 1984 7979
f 7979 1983 7976
f 7976 1473 7978
f 7978 7979 7976
f 7989 1989 7990
f 7990 1473 6529
f 6529 1472 7989
f 7989 7990 6529
f 7990 1989 7991
f 7991 1988 7986
f 7986 1473 7990
f 7990 7991 7986
f 7996 1991 7995
f 7995 1472 6638
f 6638 1521 7996
f 7996 7995 6638
f 7995 1991 7997
f 7997 1989 7989
f 7989 1472 7995
f 7995 7997 7989
f 9676 2430 9674
f 9674 1991 8003
f 8003 1993 9676
f 9676 9674 8003
f 9674 2430 9675
f 9675 1992 8000
f 8000 1991 9674
f 9674 9675 8000
f 9686 2432 9685
f 9685 1993 8006
f 8006 1994 9686
f 9686 9685 8006
f 9685 2432 9689
f 9689 2430 9676
f 9676 1993 9685
f 9685 9689 9676
f 9655 2426 9656
f 9656 1997 8014
f 8014 1996 9655
f 9655 9656 8014
f 9656 2426 9694
f 9694 2433 9691
f 9691 1997 9656
f 9656 9694 9691
f 9679 2431 9680
f 9680 1999 8020
f 8020 1998 9679
f 9679 9680 8020
f 9680 2431 9683
f 9683 2427 9660
f 9660 1999 9680
f 9680 9683 9660
f 9670 2429 9671
f 9671 2001 8028
f 8028 2000 9670
f 9670 9671 8028
f 9671 2429 9673
f 9673 2428 9665
f 9665 2001 9671
f 9671 9673 9665
f 6005 1222 8022
f 8022 2000 8021
f 8021 766 6005
f 6005 8022 8021
f 8022 1222 9668
f 9668 2429 9670
f 9670 2000 8022
f 8022 9668 9670
f 9609 2414 9603
f 9603 1478 9607
f 9607 2415 9609
f 9609 9603 9607
f 9603 2414 9604
f 9604 1479 6547
f 6547 1478 9603
f 9603 9604 6547
f 9618 2417 9617
f 9617 1982 7980
f 7980 1985 9618
f 9618 9617 7980
f 9617 2417 9623
f 9623 2418 9622
f 9622 1982 9617
f 9617 9623 9622
f 9637 2421 9641
f 9641 2423 9642
f 9642 2422 9637
f 9637 9641 9642
f 9641 2421 9629
f 9629 2281 9638
f 9638 2423 9641
f 9641 9629 9638
f 9634 2422 9633
f 9633 2413 9608
f 9608 2415 9634
f 9634 9633 9608
f 9633 2422 9642
f 9642 2423 9640
f 9640 2413 9633
f 9633 9642 9640
f 6011 1223 9557
f 9557 2405 9558
f 9558 1224 6011
f 6011 9557 9558
f 9557 1223 9561
f 9561 2406 9564
f 9564 2405 9557
f 9557 9561 9564
f 6015 1224 9585
f 9585 2411 9586
f 9586 1225 6015
f 6015 9585 9586
f 9585 1224 9558
f 9558 2405 9590
f 9590 2411 9585
f 9585 9558 9590
f 6014 1225 8896
f 8896 2246 8895
f 8895 1197 6014
f 6014 8896 8895
f 8896 1225 9586
f 9586 2411 9589
f 9589 2246 8896
f 8896 9586 9589
f 6019 1164 8745
f 8745 2211 8746
f 8746 1226 6019
f 6019 8745 8746
f 8745 1164 8751
f 8751 2212 8754
f 8754 2211 8745
f 8745 8751 8754
f 7323 1759 7948
f 7948 1973 7947
f 7947 1758 7323
f 7323 7948 7947
f 7948 1759 7952
f 7952 1974 7953
f 7953 1973 7948
f 7948 7952 7953
f 7320 1759 7321
f 7321 1435 6459
f 6459 1434 7320
f 7320 7321 6459
f 7321 1759 7322
f 7322 1681 7084
f 7084 1435 7321
f 7321 7322 7084
f 6020 1152 6729
f 6729 1152 6730
f 8913 2249 8912
f 8912 370 5209
f 5209 1018 8913
f 8913 8912 5209
f 8912 2249 8916
f 8916 1615 6899
f 6899 370 8912
f 8912 8916 6899
f 6726 1227 7917
f 7917 1967 7920
f 7920 1553 6726
f 6726 7917 7920
f 7917 1227 6023
f 6023 727 7916
f 7916 1967 7917
f 7917 6023 7916
f 6242 1328 6979
f 6979 1641 6980
f 6980 1329 6242
f 6242 6979 6980
f 6979 1328 6610
f 6610 1509 6981
f 6981 1641 6979
f 6979 6610 6981
f 6280 1344 6611
f 6611 1509 6610
f 6610 1328 6280
f 6280 6611 6610
f 6611 1344 6556
f 6556 1483 6612
f 6612 1509 6611
f 6611 6556 6612
f 6557 1344 7213
f 7213 1724 7214
f 7214 1484 6557
f 6557 7213 7214
f 7213 1344 6281
f 6281 1343 7212
f 7212 1724 7213
f 7213 6281 7212
f 7286 1725 8008
f 7217 1329 9696
f 9696 2434 9699
f 9699 1726 7217
f 7217 9696 9699
f 9696 1329 6980
f 6980 1641 9698
f 9698 2434 9696
f 9696 6980 9698
f 8009 1725 8018
f 8018 1999 8019
f 8019 1996 8009
f 8009 8018 8019
f 8018 1725 7216
f 7216 1544 8017
f 8017 1999 8018
f 8018 7216 8017
f 8720 2204 9703
f 9703 2435 9704
f 9704 2205 8720
f 8720 9703 9704
f 9703 2204 9709
f 9709 2436 9711
f 9711 2435 9703
f 9703 9709 9711
f 9092 1484 9114
f 9114 2299 9116
f 9116 2292 9092
f 9092 9114 9116
f 9114 1484 7214
f 7214 1724 9115
f 9115 2299 9114
f 9114 7214 9115
f 9657 2292 9692
f 9692 2433 9694
f 9694 2426 9657
f 9657 9692 9694
f 9692 2292 9116
f 9116 2299 9693
f 9693 2433 9692
f 9692 9116 9693
f 8714 1726 9708
f 9708 2436 9709
f 9709 2204 8714
f 8714 9708 9709
f 9708 1726 9699
f 9699 2434 9710
f 9710 2436 9708
f 9708 9699 9710
f 9655 1996 9659
f 9659 2427 9663
f 9663 2426 9655
f 9655 9659 9663
f 9659 1996 8019
f 8019 1999 9660
f 9660 2427 9659
f 9659 8019 9660
f 6225 1320 6243
f 6243 1330 6244
f 6244 1321 6225
f 6225 6243 6244
f 6243 1320 6239
f 6239 1327 6245
f 6245 1330 6243
f 6243 6239 6245
f 6344 1320 6641
f 6641 1522 6643
f 6643 1370 6344
f 6344 6641 6643
f 6641 1320 6223
f 6223 1319 6640
f 6640 1522 6641
f 6641 6223 6640
f 7210 1370 6645
f 6645 1523 7211
f 7211 1723 7210
f 7210 6645 7211
f 6645 1370 6643
f 6643 1522 6647
f 6647 1523 6645
f 6645 6643 6647
f 7228 1729 8707
f 8707 2202 8708
f 8708 1730 7228
f 7228 8707 8708
f 8707 1729 8710
f 8710 2203 8713
f 8713 2202 8707
f 8707 8710 8713
f 8004 1492 8011
f 8011 1997 8012
f 8012 1994 8004
f 8004 8011 8012
f 8011 1492 8007
f 8007 1995 8013
f 8013 1997 8011
f 8011 8007 8013
f 8725 1730 7226
f 7226 1626 8723
f 8723 2206 8725
f 8725 7226 8723
f 7226 1730 8708
f 8708 2202 8705
f 8705 1626 7226
f 7226 8708 8705
f 9111 1723 9104
f 9104 2296 9113
f 9113 2298 9111
f 9111 9104 9113
f 9104 1723 7211
f 7211 1523 9103
f 9103 2296 9104
f 9104 7211 9103
f 9687 2298 9678
f 9678 2430 9689
f 9689 2432 9687
f 9687 9678 9689
f 9678 2298 9113
f 9113 2296 9677
f 9677 2430 9678
f 9678 9113 9677
f 8721 2206 8722
f 8722 1322 6229
f 6229 1321 8721
f 8721 8722 6229
f 8722 2206 8723
f 8723 1626 6934
f 6934 1322 8722
f 8722 8723 6934
f 9686 1994 9690
f 9690 2433 9695
f 9695 2432 9686
f 9686 9690 9695
f 9690 1994 8012
f 8012 1997 9691
f 9691 2433 9690
f 9690 8012 9691
f 6153 1279 9712
f 9712 2437 9713
f 9713 1280 6153
f 6153 9712 9713
f 9712 1279 8936
f 8936 2255 9717
f 9717 2437 9712
f 9712 8936 9717
f 8717 2205 8787
f 8787 2219 8784
f 8784 1281 8717
f 8717 8787 8784
f 8787 2205 9704
f 9704 2435 9705
f 9705 2219 8787
f 8787 9704 9705
f 7222 1728 7223
f 7223 1281 6154
f 6154 1280 7222
f 7222 7223 6154
f 7223 1728 8718
f 8718 2205 8717
f 8717 1281 7223
f 7223 8718 8717
f 7222 1280 7224
f 7224 1729 7225
f 7225 1728 7222
f 7222 7224 7225
f 7224 1280 9713
f 9713 2437 9714
f 9714 1729 7224
f 7224 9713 9714
f 9714 2437 9715
f 9715 2203 8710
f 8710 1729 9714
f 9714 9715 8710
f 9715 2437 9716
f 9716 2221 8796
f 8796 2203 9715
f 9715 9716 8796
f 6360 1379 8245
f 8245 2073 8246
f 8246 1380 6360
f 6360 8245 8246
f 8245 1379 9032
f 9032 2276 9036
f 9036 2073 8245
f 8245 9032 9036
f 6387 1398 9272
f 9272 2341 9271
f 9271 1395 6387
f 6387 9272 9271
f 9272 1398 6597
f 6597 1504 9275
f 9275 2341 9272
f 9272 6597 9275
f 6584 1498 9119
f 9119 2300 9118
f 9118 1496 6584
f 6584 9119 9118
f 9119 1498 9649
f 9649 2425 9653
f 9653 2300 9119
f 9119 9649 9653
f 6592 1502 8807
f 8807 2223 8806
f 8806 1499 6592
f 6592 8807 8806
f 8807 1502 6741
f 6741 1560 8809
f 8809 2223 8807
f 8807 6741 8809
f 6718 1548 7918
f 7918 1967 7919
f 7919 1549 6718
f 6718 7918 7919
f 7918 1548 8943
f 8943 2256 8946
f 8946 1967 7918
f 7918 8943 8946
f 6760 1569 8084
f 8084 2019 8083
f 8083 1566 6760
f 6760 8084 8083
f 8084 1569 6759
f 6759 1374 8082
f 8082 2019 8084
f 8084 6759 8082
f 6593 1501 6770
f 6770 1575 6771
f 6771 1502 6593
f 6593 6770 6771
f 6770 1501 9051
f 9051 2280 9052
f 9052 1575 6770
f 6770 9051 9052
f 9046 2279 9047
f 9047 1714 7192
f 7192 1713 9046
f 9046 9047 7192
f 9047 2279 9048
f 9048 2278 9042
f 9042 1714 9047
f 9047 9048 9042
f 7196 1718 9363
f 9363 2362 9362
f 9362 1715 7196
f 7196 9363 9362
f 9363 1718 9356
f 9356 2361 9365
f 9365 2362 9363
f 9363 9356 9365
f 7257 1741 8703
f 8703 2201 8702
f 8702 1738 7257
f 7257 8703 8702
f 8703 1741 7256
f 7256 1546 8699
f 8699 2201 8703
f 8703 7256 8699
f 7265 1744 9035
f 9035 2276 9032
f 9032 1379 7265
f 7265 9035 9032
f 9035 1744 9039
f 9039 2277 9040
f 9040 2276 9035
f 9035 9039 9040
f 6376 1391 6375
f 6375 726 6049
f 6049 1232 6376
f 6376 6375 6049
f 6375 1391 6716
f 6716 1549 6714
f 6714 726 6375
f 6375 6716 6714
f 8056 2009 8052
f 8052 1371 8043
f 8043 2006 8056
f 8056 8052 8043
f 8052 2009 8055
f 8055 1399 6389
f 6389 1371 8052
f 8052 8055 6389
f 8101 2027 8102
f 8102 1567 6756
f 6756 1566 8101
f 8101 8102 6756
f 8102 2027 8978
f 8978 2262 8975
f 8975 1567 8102
f 8102 8978 8975
f 8251 2074 8252
f 8252 2042 8144
f 8144 2041 8251
f 8251 8252 8144
f 8252 2074 9030
f 9030 2275 9028
f 9028 2042 8252
f 8252 9030 9028
f 8157 2046 8158
f 8158 2048 8159
f 8159 2047 8157
f 8157 8158 8159
f 8158 2046 8160
f 8160 2049 8161
f 8161 2048 8158
f 8158 8160 8161
f 9023 2274 9024
f 9024 2072 8244
f 8244 2071 9023
f 9023 9024 8244
f 9024 2274 9025
f 9025 2095 8335
f 8335 2072 9024
f 9024 9025 8335
f 9028 2275 9029
f 9029 2071 8240
f 8240 2042 9028
f 9028 9029 8240
f 9029 2275 9031
f 9031 2274 9023
f 9023 2071 9029
f 9029 9031 9023
f 8140 2041 8139
f 8139 1377 6358
f 6358 1380 8140
f 8140 8139 6358
f 8139 2041 8142
f 8142 2040 8136
f 8136 1377 8139
f 8139 8142 8136
f 8264 2077 9357
f 9357 2361 9356
f 9356 1718 8264
f 8264 9357 9356
f 9357 2077 9353
f 9353 2360 9359
f 9359 2361 9357
f 9357 9353 9359
f 8265 2047 9351
f 9351 2360 9353
f 9353 2077 8265
f 8265 9351 9353
f 9351 2047 8159
f 8159 2048 9352
f 9352 2360 9351
f 9351 8159 9352
f 8274 2079 8981
f 8981 2263 8982
f 8982 2080 8274
f 8274 8981 8982
f 8981 2079 8986
f 8986 2264 8987
f 8987 2263 8981
f 8981 8986 8987
f 8339 1439 8243
f 8243 2072 8340
f 8340 2097 8339
f 8339 8243 8340
f 8243 1439 6464
f 6464 1438 8242
f 8242 2072 8243
f 8243 6464 8242
f 8743 2210 8739
f 8739 1571 8728
f 8728 2207 8743
f 8743 8739 8728
f 8739 2210 8740
f 8740 1572 6764
f 6764 1571 8739
f 8739 8740 6764
f 8782 2218 8780
f 8780 1546 7256
f 7256 1741 8782
f 8782 8780 7256
f 8780 2218 8781
f 8781 1547 6710
f 6710 1546 8780
f 8780 8781 6710
f 8778 1499 6709
f 6709 1547 8781
f 8781 2218 8778
f 8778 6709 8781
f 6709 1499 8806
f 8806 2223 8808
f 8808 1547 6709
f 6709 8806 8808
f 9061 2284 9639
f 9639 2423 9638
f 9638 2281 9061
f 9061 9639 9638
f 9639 2284 9644
f 9644 2424 9648
f 9648 2423 9639
f 9639 9644 9648
f 9128 2302 9126
f 9126 1494 6579
f 6579 1496 9128
f 9128 9126 6579
f 9126 2302 9127
f 9127 1495 6578
f 6578 1494 9126
f 9126 9127 6578
f 9241 2334 9238
f 9238 1714 9233
f 9233 2333 9241
f 9241 9238 9233
f 9238 2334 9237
f 9237 1711 7191
f 7191 1714 9238
f 9238 9237 7191
f 7190 1712 7186
f 7186 1575 7188
f 7188 1713 7190
f 7190 7186 7188
f 7186 1712 7185
f 7185 1574 6772
f 6772 1575 7186
f 7186 7185 6772
f 8053 1395 6391
f 6391 1399 8055
f 8055 2009 8053
f 8053 6391 8055
f 6391 1395 9271
f 9271 2341 9273
f 9273 1399 6391
f 6391 9271 9273
f 6712 1398 8942
f 8942 2256 8943
f 8943 1548 6712
f 6712 8942 8943
f 8942 1398 6388
f 6388 1397 8941
f 8941 2256 8942
f 8942 6388 8941
f 9307 2273 9311
f 9311 2349 9313
f 9313 2348 9307
f 9307 9311 9313
f 9311 2273 9020
f 9020 2272 9310
f 9310 2349 9311
f 9311 9020 9310
f 9319 2352 9318
f 9318 2349 9316
f 9316 2350 9319
f 9319 9318 9316
f 9318 2352 9317
f 9317 2346 9312
f 9312 2349 9318
f 9318 9317 9312
f 9314 2271 9323
f 9323 2353 9324
f 9324 2350 9314
f 9314 9323 9324
f 9323 2271 9013
f 9013 2270 9322
f 9322 2353 9323
f 9323 9013 9322
f 9330 2353 9321
f 9321 2269 9328
f 9328 2354 9330
f 9330 9321 9328
f 9321 2353 9322
f 9322 2270 9010
f 9010 2269 9321
f 9321 9322 9010
f 9336 2356 9337
f 9337 2355 9333
f 9333 2354 9336
f 9336 9337 9333
f 9337 2356 9341
f 9341 2357 9340
f 9340 2355 9337
f 9337 9341 9340
f 9345 2356 9334
f 9334 2267 9344
f 9344 2358 9345
f 9345 9334 9344
f 9334 2356 9335
f 9335 2268 9003
f 9003 2267 9334
f 9334 9335 9003
f 9342 1715 9348
f 9348 2359 9350
f 9350 2358 9342
f 9342 9348 9350
f 9348 1715 9362
f 9362 2362 9364
f 9364 2359 9348
f 9348 9362 9364
f 9309 2347 9303
f 9303 2097 9306
f 9306 2348 9309
f 9309 9303 9306
f 9303 2347 9301
f 9301 1439 8339
f 8339 2097 9303
f 9303 9301 8339
f 8269 2079 8270
f 8270 2049 8160
f 8160 2046 8269
f 8269 8270 8160
f 8270 2079 8271
f 8271 2078 8267
f 8267 2049 8270
f 8270 8271 8267
f 9624 2418 9627
f 9637 2422 9636
f 9636 2420 9632
f 9632 2421 9637
f 9637 9636 9632
f 9636 2422 9635
f 9635 2419 9628
f 9628 2420 9636
f 9636 9635 9628
f 8727 1498 8731
f 8731 2208 8733
f 8733 2207 8727
f 8727 8731 8733
f 8731 1498 6585
f 6585 1497 8730
f 8730 2208 8731
f 8731 6585 8730
f 9129 2284 9060
f 9060 1495 9127
f 9127 2302 9129
f 9129 9060 9127
f 9060 2284 9063
f 9063 2283 9058
f 9058 1495 9060
f 9060 9063 9058
f 8741 2210 8742
f 8742 1739 7253
f 7253 1738 8741
f 8741 8742 7253
f 8742 2210 8744
f 8744 2209 8735
f 8735 1739 8742
f 8742 8744 8735
f 9630 2417 9619
f 9619 2281 9629
f 9629 2421 9630
f 9630 9619 9629
f 9619 2417 9620
f 9620 2282 9056
f 9056 2281 9619
f 9619 9620 9056
f 6653 1266 6289
f 6289 1351 6655
f 6655 1527 6653
f 6653 6289 6655
f 6289 1266 6135
f 6135 1265 6288
f 6288 1351 6289
f 6289 6135 6288
f 6866 1289 6250
f 6250 1331 6868
f 6868 1607 6866
f 6866 6250 6868
f 6250 1289 6166
f 6166 1262 6249
f 6249 1331 6250
f 6250 6166 6249
f 6288 1265 6292
f 6292 1352 6295
f 6295 1351 6288
f 6288 6292 6295
f 6292 1265 6220
f 6220 1318 6293
f 6293 1352 6292
f 6292 6220 6293
f 6476 1447 6477
f 6477 1376 6355
f 6355 1375 6476
f 6476 6477 6355
f 6477 1447 6925
f 6925 1624 6924
f 6924 1376 6477
f 6477 6925 6924
f 6352 1271 6479
f 6479 1448 6480
f 6480 1375 6352
f 6352 6479 6480
f 6479 1271 8038
f 8038 2005 8041
f 8041 1448 6479
f 6479 8038 8041
f 6609 1507 6606
f 6606 1506 6608
f 6608 1508 6609
f 6609 6606 6608
f 6606 1507 6605
f 6605 1487 6601
f 6601 1506 6606
f 6606 6605 6601
f 6616 1511 9706
f 9706 2436 9707
f 9707 1512 6616
f 6616 9706 9707
f 9706 1511 9701
f 9701 2435 9711
f 9711 2436 9706
f 9706 9701 9711
f 6621 1515 9702
f 9702 2435 9701
f 9701 1511 6621
f 6621 9702 9701
f 9702 1515 8785
f 8785 2219 9705
f 9705 2435 9702
f 9702 8785 9705
f 6626 1324 6630
f 6630 1518 6632
f 6632 1517 6626
f 6626 6630 6632
f 6630 1324 6232
f 6232 1323 6629
f 6629 1518 6630
f 6630 6232 6629
f 6702 1507 6604
f 6604 1485 6699
f 6699 1543 6702
f 6702 6604 6699
f 6604 1507 6603
f 6603 1483 6559
f 6559 1485 6604
f 6604 6603 6559
f 6703 1491 6704
f 6724 1551 8914
f 8914 2249 8915
f 8915 1552 6724
f 6724 8914 8915
f 8914 1551 8917
f 8917 2250 8921
f 8921 2249 8914
f 8914 8917 8921
f 6873 1607 6865
f 6865 1257 6871
f 6871 1608 6873
f 6873 6865 6871
f 6865 1607 6868
f 6868 1331 6247
f 6247 1257 6865
f 6865 6868 6247
f 6975 1508 6948
f 6948 1630 6977
f 6977 1640 6975
f 6975 6948 6977
f 6948 1508 6608
f 6608 1506 6947
f 6947 1630 6948
f 6948 6608 6947
f 6293 1318 6309
f 6309 1357 6310
f 6310 1352 6293
f 6293 6309 6310
f 6309 1318 6625
f 6625 1517 6627
f 6627 1357 6309
f 6309 6625 6627
f 7289 1751 7288
f 7288 1272 6354
f 6354 1376 7289
f 7289 7288 6354
f 7288 1751 7287
f 7287 1254 6141
f 6141 1272 7288
f 7288 7287 6141
f 8016 1545 8026
f 8026 2001 8027
f 8027 1998 8016
f 8016 8026 8027
f 8026 1545 6704
f 6704 1491 8025
f 8025 2001 8026
f 8026 6704 8025
f 8033 1751 8326
f 8326 2093 8327
f 8327 2002 8033
f 8033 8326 8327
f 8326 1751 7290
f 7290 1623 8325
f 8325 2093 8326
f 8326 7290 8325
f 8031 2002 8032
f 8032 1609 6877
f 6877 1608 8031
f 8031 8032 6877
f 8032 2002 8327
f 8327 2093 8324
f 8324 1609 8032
f 8032 8327 8324
f 8683 1512 9697
f 9697 2434 9700
f 9700 2197 8683
f 8683 9697 9700
f 9697 1512 9707
f 9707 2436 9710
f 9710 2434 9697
f 9697 9707 9710
f 8788 1515 6688
f 6688 1540 8791
f 8791 2220 8788
f 8788 6688 8791
f 6688 1515 6622
f 6622 1514 6687
f 6687 1540 6688
f 6688 6622 6687
f 9503 2232 9506
f 9506 2393 9508
f 9508 2392 9503
f 9503 9506 9508
f 9506 2232 9720
f 9720 2438 9722
f 9722 2393 9506
f 9506 9720 9722
f 6721 1017 6725
f 6725 1553 6728
f 6728 1552 6721
f 6721 6725 6728
f 6725 1017 6024
f 6024 1227 6726
f 6726 1553 6725
f 6725 6024 6726
f 8959 2259 8960
f 8960 2252 8927
f 8927 2251 8959
f 8959 8960 8927
f 8960 2259 8968
f 8968 2260 8967
f 8967 2252 8960
f 8960 8968 8967
f 8935 2254 8955
f 8955 2258 8954
f 8954 2253 8935
f 8935 8955 8954
f 8955 2254 8951
f 8951 2257 8956
f 8956 2258 8955
f 8955 8951 8956
f 8790 2220 8789
f 8789 1516 6631
f 6631 1518 8790
f 8790 8789 6631
f 8789 2220 8791
f 8791 1540 6689
f 6689 1516 8789
f 8789 8791 6689
f 9108 1543 9095
f 9095 2293 9109
f 9109 2297 9108
f 9108 9095 9109
f 9095 1543 6699
f 6699 1485 9094
f 9094 2293 9095
f 9095 6699 9094
f 8930 2253 8928
f 8928 2012 8071
f 8071 2014 8930
f 8930 8928 8071
f 8928 2253 8931
f 8931 2251 8923
f 8923 2012 8928
f 8928 8931 8923
f 8932 2254 8934
f 8934 2250 8917
f 8917 1551 8932
f 8932 8934 8917
f 8934 2254 8933
f 8933 2013 8920
f 8920 2250 8934
f 8934 8933 8920
f 8967 2260 8964
f 8964 1448 8924
f 8924 2252 8967
f 8967 8964 8924
f 8964 2260 8963
f 8963 1446 6481
f 6481 1448 8964
f 8964 8963 6481
f 9505 2391 9498
f 9498 1647 9501
f 9501 2392 9505
f 9505 9498 9501
f 9498 2391 9499
f 9499 1648 7005
f 7005 1647 9498
f 9498 9499 7005
f 9544 2391 9537
f 9537 2401 9545
f 9545 2402 9544
f 9544 9537 9545
f 9537 2391 9500
f 9500 2390 9536
f 9536 2401 9537
f 9537 9500 9536
f 6653 1527 9542
f 9542 2402 9540
f 9540 1266 6653
f 6653 9542 9540
f 9542 1527 6656
f 6656 1526 9541
f 9541 2402 9542
f 9542 6656 9541
f 9682 2297 9662
f 9662 2427 9683
f 9683 2431 9682
f 9682 9662 9683
f 9662 2297 9109
f 9109 2293 9661
f 9661 2427 9662
f 9662 9109 9661
f 8686 2197 8687
f 8687 1641 6982
f 6982 1640 8686
f 8686 8687 6982
f 8687 2197 9700
f 9700 2434 9698
f 9698 1641 8687
f 8687 9700 9698
f 9679 1998 9664
f 9664 2428 9684
f 9684 2431 9679
f 9679 9664 9684
f 9664 1998 8027
f 8027 2001 9665
f 9665 2428 9664
f 9664 8027 9665
f 6252 1332 6253
f 6253 1262 6130
f 6130 1261 6252
f 6252 6253 6130
f 6253 1332 6254
f 6254 1331 6249
f 6249 1262 6253
f 6253 6254 6249
f 6866 1607 6867
f 6867 1290 6170
f 6170 1289 6866
f 6866 6867 6170
f 6867 1607 6869
f 6869 1606 6862
f 6862 1290 6867
f 6867 6869 6862
f 6193 1305 6188
f 6188 1270 6190
f 6190 1306 6193
f 6193 6188 6190
f 6188 1305 6187
f 6187 1267 6139
f 6139 1270 6188
f 6188 6187 6139
f 6854 1603 6855
f 6855 1316 6217
f 6217 1315 6854
f 6854 6855 6217
f 6855 1603 6856
f 6856 1602 6853
f 6853 1316 6855
f 6855 6856 6853
f 6298 1354 6299
f 6299 1326 6238
f 6238 1325 6298
f 6298 6299 6238
f 6299 1354 7929
f 7929 1969 7928
f 7928 1326 6299
f 6299 7929 7928
f 6263 1335 6256
f 6256 1263 6260
f 6260 1336 6263
f 6263 6256 6260
f 6256 1335 6257
f 6257 1264 6131
f 6131 1263 6256
f 6256 6257 6131
f 6234 1324 6302
f 6302 1355 6303
f 6303 1325 6234
f 6234 6302 6303
f 6302 1324 6231
f 6231 1317 6301
f 6301 1355 6302
f 6302 6231 6301
f 6128 1260 6314
f 6314 1359 6315
f 6315 1261 6128
f 6128 6314 6315
f 6314 1260 8821
f 8821 2227 8822
f 8822 1359 6314
f 6314 8821 8822
f 6301 1317 6258
f 6258 1335 6305
f 6305 1355 6301
f 6301 6258 6305
f 6258 1317 6218
f 6218 1264 6257
f 6257 1335 6258
f 6258 6218 6257
f 6339 1306 6265
f 6265 1338 6341
f 6341 1368 6339
f 6339 6265 6341
f 6265 1306 6190
f 6190 1270 6264
f 6264 1338 6265
f 6265 6190 6264
f 8085 2020 8086
f 8086 1374 6351
f 6351 1373 8085
f 8085 8086 6351
f 8086 2020 8087
f 8087 2019 8082
f 8082 1374 8086
f 8086 8087 8082
f 6829 1596 6830
f 6830 1406 6403
f 6403 1405 6829
f 6829 6830 6403
f 6830 1596 6848
f 6848 1601 6845
f 6845 1406 6830
f 6830 6848 6845
f 6429 1422 6428
f 6428 1418 6425
f 6425 1421 6429
f 6429 6428 6425
f 6428 1422 6436
f 6436 1425 6435
f 6435 1418 6428
f 6428 6436 6435
f 8822 2227 8823
f 8823 1520 6636
f 6636 1359 8822
f 8822 8823 6636
f 8823 2227 8824
f 8824 2226 8820
f 8820 1520 8823
f 8823 8824 8820
f 6663 1354 6668
f 6668 1533 6670
f 6670 1532 6663
f 6663 6668 6670
f 6668 1354 6300
f 6300 1353 6667
f 6667 1533 6668
f 6668 6300 6667
f 6926 1624 6927
f 6927 1565 6755
f 6755 1564 6926
f 6926 6927 6755
f 6927 1624 6925
f 6925 1447 6753
f 6753 1565 6927
f 6927 6925 6753
f 8046 2007 8047
f 8047 1569 6761
f 6761 1568 8046
f 8046 8047 6761
f 8047 2007 8048
f 8048 2006 8045
f 8045 1569 8047
f 8047 8048 8045
f 6845 1601 6847
f 6847 1425 6434
f 6434 1406 6845
f 6845 6847 6434
f 6847 1601 6846
f 6846 1418 6435
f 6435 1425 6847
f 6847 6846 6435
f 6752 1563 6929
f 6929 1625 6930
f 6930 1564 6752
f 6752 6929 6930
f 6929 1563 8296
f 8296 2087 8297
f 8297 1625 6929
f 6929 8296 8297
f 6988 1643 7128
f 7128 1694 7127
f 7127 1642 6988
f 6988 7128 7127
f 7128 1643 8862
f 8862 2239 8863
f 8863 1694 7128
f 7128 8862 8863
f 6984 1368 6340
f 6340 1337 6983
f 6983 1642 6984
f 6984 6340 6983
f 6340 1368 6341
f 6341 1338 6266
f 6266 1337 6340
f 6340 6341 6266
f 7132 1597 6831
f 6831 1405 7131
f 7131 1696 7132
f 7132 6831 7131
f 6831 1597 6832
f 6832 1596 6829
f 6829 1405 6831
f 6831 6832 6829
f 7139 1698 7150
f 7150 1701 7149
f 7149 1697 7139
f 7139 7150 7149
f 7150 1698 7153
f 7153 1702 7154
f 7154 1701 7150
f 7150 7153 7154
f 6236 1326 6235
f 6235 1279 6155
f 6155 1282 6236
f 6236 6235 6155
f 6235 1326 7928
f 7928 1969 7927
f 7927 1279 6235
f 6235 7928 7927
f 7137 1697 7136
f 7136 1530 6669
f 6669 1533 7137
f 7137 7136 6669
f 7136 1697 7149
f 7149 1701 7147
f 7147 1530 7136
f 7136 7149 7147
f 9229 1744 8117
f 8117 2033 9230
f 9230 2332 9229
f 9229 8117 9230
f 8117 1744 7266
f 7266 1743 8116
f 8116 2033 8117
f 8117 7266 8116
f 6665 1531 7933
f 7933 1970 7934
f 7934 1532 6665
f 6665 7933 7934
f 7933 1531 6661
f 6661 1524 7931
f 7931 1970 7933
f 7933 6661 7931
f 7942 1752 7294
f 7294 1696 7941
f 7941 1972 7942
f 7942 7294 7941
f 7294 1752 7293
f 7293 1597 7132
f 7132 1696 7294
f 7294 7293 7132
f 8992 2266 8993
f 8993 2018 8081
f 8081 2017 8992
f 8992 8993 8081
f 8993 2266 8994
f 8994 2075 8255
f 8255 2018 8993
f 8993 8994 8255
f 8285 2084 8286
f 8286 2022 8092
f 8092 2021 8285
f 8285 8286 8092
f 8286 2084 8287
f 8287 2081 8275
f 8275 2022 8286
f 8286 8287 8275
f 8275 2081 8276
f 8276 2027 8103
f 8103 2022 8275
f 8275 8276 8103
f 8276 2081 8278
f 8278 2080 8272
f 8272 2027 8276
f 8276 8278 8272
f 8120 2031 8112
f 8112 1378 8119
f 8119 2034 8120
f 8120 8112 8119
f 8112 2031 8113
f 8113 1743 7263
f 7263 1378 8112
f 8112 8113 7263
f 6753 1447 8146
f 8146 2043 8147
f 8147 1565 6753
f 6753 8146 8147
f 8146 1447 6478
f 6478 1446 8145
f 8145 2043 8146
f 8146 6478 8145
f 8177 1563 8181
f 8181 2058 8184
f 8184 2057 8177
f 8177 8181 8184
f 8181 1563 6750
f 6750 1562 8180
f 8180 2058 8181
f 8181 6750 8180
f 8299 2087 8298
f 8298 2057 8223
f 8223 2067 8299
f 8299 8298 8223
f 8298 2087 8296
f 8296 1563 8177
f 8177 2057 8298
f 8298 8296 8177
f 8180 1562 8079
f 8079 2018 8182
f 8182 2058 8180
f 8180 8079 8182
f 8079 1562 8073
f 8073 2015 8080
f 8080 2018 8079
f 8079 8073 8080
f 8306 2089 8305
f 8305 1623 6931
f 6931 1625 8306
f 8306 8305 6931
f 8305 2089 8328
f 8328 2093 8325
f 8325 1623 8305
f 8305 8328 8325
f 8316 2088 8302
f 8302 2067 8315
f 8315 2091 8316
f 8316 8302 8315
f 8302 2088 8303
f 8303 2087 8299
f 8299 2067 8302
f 8302 8303 8299
f 6861 1604 8300
f 8300 2088 8301
f 8301 1605 6861
f 6861 8300 8301
f 8300 1604 8304
f 8304 2089 8308
f 8308 2088 8300
f 8300 8304 8308
f 8317 2090 8309
f 8309 1268 8312
f 8312 2091 8317
f 8317 8309 8312
f 8309 2090 8310
f 8310 1269 6138
f 6138 1268 8309
f 8309 8310 6138
f 8825 1578 8830
f 8830 2229 8832
f 8832 2228 8825
f 8825 8830 8832
f 8830 1578 6776
f 6776 1577 8829
f 8829 2229 8830
f 8830 6776 8829
f 8834 1646 8826
f 8826 2228 8837
f 8837 2230 8834
f 8834 8826 8837
f 8826 1646 6999
f 6999 1578 8825
f 8825 2228 8826
f 8826 6999 8825
f 8840 1647 8835
f 8835 2230 8841
f 8841 2231 8840
f 8840 8835 8841
f 8835 1647 7001
f 7001 1646 8834
f 8834 2230 8835
f 8835 7001 8834
f 9503 2392 9502
f 9502 2231 8844
f 8844 2232 9503
f 9503 9502 8844
f 9502 2392 9501
f 9501 1647 8840
f 8840 2231 9502
f 9502 9501 8840
f 9512 2234 9517
f 9517 2397 9519
f 9519 2396 9512
f 9512 9517 9519
f 9517 2234 8849
f 8849 2233 9516
f 9516 2397 9517
f 9517 8849 9516
f 9526 2236 8884
f 8884 2243 9527
f 9527 2399 9526
f 9526 8884 9527
f 8884 2236 8856
f 8856 2235 8883
f 8883 2243 8884
f 8884 8856 8883
f 8883 2235 8878
f 8878 2242 8885
f 8885 2243 8883
f 8883 8878 8885
f 8878 2235 8859
f 8859 2237 8879
f 8879 2242 8878
f 8878 8859 8879
f 8861 2238 8880
f 8880 2242 8879
f 8879 2237 8861
f 8861 8880 8879
f 8880 2238 8874
f 8874 2241 8881
f 8881 2242 8880
f 8880 8874 8881
f 8868 2240 8875
f 8875 2241 8874
f 8874 2238 8868
f 8868 8875 8874
f 8875 2240 8867
f 8867 1975 8873
f 8873 2241 8875
f 8875 8867 8873
f 6987 1538 7938
f 7938 1972 7939
f 7939 1643 6987
f 6987 7938 7939
f 7938 1538 7291
f 7291 1752 7942
f 7942 1972 7938
f 7938 7291 7942
f 8939 2255 8938
f 8938 1969 7935
f 7935 1970 8939
f 8939 8938 7935
f 8938 2255 8936
f 8936 1279 7927
f 7927 1969 8938
f 8938 8936 7927
f 6758 1567 8970
f 8970 2261 8971
f 8971 1568 6758
f 6758 8970 8971
f 8970 1567 8075
f 8075 2016 8972
f 8972 2261 8970
f 8970 8075 8972
f 8983 2263 8980
f 8980 2017 8977
f 8977 2262 8983
f 8983 8980 8977
f 8980 2263 8995
f 8995 2266 8992
f 8992 2017 8980
f 8980 8995 8992
f 6430 1422 9221
f 9221 2330 9222
f 9222 1423 6430
f 6430 9221 9222
f 9221 1422 9038
f 9038 2277 9223
f 9223 2330 9221
f 9221 9038 9223
f 9159 2314 9160
f 9160 2313 9157
f 9157 2312 9159
f 9159 9160 9157
f 9160 2314 9402
f 9402 2371 9401
f 9401 2313 9160
f 9160 9402 9401
f 6349 1372 9181
f 9181 2321 9182
f 9182 1373 6349
f 6349 9181 9182
f 9181 1372 9258
f 9258 2338 9261
f 9261 2321 9181
f 9181 9258 9261
f 9192 1700 8866
f 8866 2240 9195
f 9195 2324 9192
f 9192 8866 9195
f 8866 1700 7956
f 7956 1975 8867
f 8867 2240 8866
f 8866 7956 8867
f 9196 1309 9191
f 9191 2324 9200
f 9200 2325 9196
f 9196 9191 9200
f 9191 1309 7144
f 7144 1700 9192
f 9192 2324 9191
f 9191 7144 9192
f 9201 1310 9197
f 9197 2325 9205
f 9205 2326 9201
f 9201 9197 9205
f 9197 1310 6198
f 6198 1309 9196
f 9196 2325 9197
f 9197 6198 9196
f 9206 1401 9202
f 9202 2326 9210
f 9210 2327 9206
f 9206 9202 9210
f 9202 1401 6394
f 6394 1310 9201
f 9201 2326 9202
f 9202 6394 9201
f 9213 1428 9209
f 9209 2327 9215
f 9215 2328 9213
f 9213 9209 9215
f 9209 1428 6445
f 6445 1401 9206
f 9206 2327 9209
f 9209 6445 9206
f 9218 1429 9214
f 9214 2328 9220
f 9220 2329 9218
f 9218 9214 9220
f 9214 1429 6449
f 6449 1428 9213
f 9213 2328 9214
f 9214 6449 9213
f 9218 2329 9219
f 9219 2278 9041
f 9041 1429 9218
f 9218 9219 9041
f 9219 2329 9227
f 9227 2331 9226
f 9226 2278 9219
f 9219 9227 9226
f 9226 2331 9225
f 9225 1714 9042
f 9042 2278 9226
f 9226 9225 9042
f 9225 2331 9235
f 9235 2333 9233
f 9233 1714 9225
f 9225 9235 9233
f 9247 2335 9242
f 9242 1711 9237
f 9237 2334 9247
f 9247 9242 9237
f 9242 2335 9243
f 9243 2030 8109
f 8109 1711 9242
f 9242 9243 8109
f 9243 2335 9246
f 9246 2308 9144
f 9144 2030 9243
f 9243 9246 9144
f 9246 2335 9252
f 9252 2336 9249
f 9249 2308 9246
f 9246 9252 9249
f 9261 2338 9262
f 9262 2337 9256
f 9256 2321 9261
f 9261 9262 9256
f 9262 2338 9260
f 9260 2309 9253
f 9253 2337 9262
f 9262 9260 9253
f 8115 2031 9149
f 9149 2311 9150
f 9150 2032 8115
f 8115 9149 9150
f 9149 2031 9152
f 9152 2312 9155
f 9155 2311 9149
f 9149 9152 9155
f 9430 2320 9180
f 9180 2313 9429
f 9429 2377 9430
f 9430 9180 9429
f 9180 2320 9179
f 9179 2310 9156
f 9156 2313 9180
f 9180 9179 9156
f 9251 2311 9255
f 9255 2337 9257
f 9257 2336 9251
f 9251 9255 9257
f 9255 2311 9151
f 9151 2310 9254
f 9254 2337 9255
f 9255 9151 9254
f 8972 2016 8149
f 8149 2043 8973
f 8973 2261 8972
f 8972 8149 8973
f 8149 2016 8076
f 8076 2015 8148
f 8148 2043 8149
f 8149 8076 8148
f 9432 2376 9422
f 9422 2021 9428
f 9428 2377 9432
f 9432 9422 9428
f 9422 2376 9423
f 9423 2084 8285
f 8285 2021 9422
f 9422 9423 8285
f 9533 2395 9554
f 9554 2404 9555
f 9555 2400 9533
f 9533 9554 9555
f 9554 2395 9511
f 9511 2394 9553
f 9553 2404 9554
f 9554 9511 9553
f 9550 2403 9549
f 9549 2394 9522
f 9522 2398 9550
f 9550 9549 9522
f 9549 2403 9556
f 9556 2404 9553
f 9553 2394 9549
f 9549 9556 9553
f 9547 1698 9552
f 9552 2404 9556
f 9556 2403 9547
f 9547 9552 9556
f 9552 1698 7138
f 7138 1333 9551
f 9551 2404 9552
f 9552 7138 9551
f 9531 1336 9535
f 9535 2401 9538
f 9538 2400 9531
f 9531 9535 9538
f 9535 1336 6260
f 6260 1263 9534
f 9534 2401 9535
f 9535 6260 9534
f 9584 2410 9582
f 9582 1520 9576
f 9576 2409 9584
f 9584 9582 9576
f 9582 2410 9581
f 9581 1519 6637
f 6637 1520 9582
f 9582 9581 6637
f 9596 2408 9573
f 9573 2229 9594
f 9594 2412 9596
f 9596 9573 9594
f 9573 2408 9572
f 9572 2226 8831
f 8831 2229 9573
f 9573 9572 8831
f 6063 1234 9574
f 9574 2409 9575
f 9575 1235 6063
f 6063 9574 9575
f 9574 1234 9580
f 9580 2410 9584
f 9584 2409 9574
f 9574 9580 9584
f 6069 1236 9591
f 9591 2412 9592
f 9592 1237 6069
f 6069 9591 9592
f 9591 1236 9571
f 9571 2408 9596
f 9596 2412 9591
f 9591 9571 9596
f 8045 2006 8044
f 8044 1374 6759
f 6759 1569 8045
f 8045 8044 6759
f 8044 2006 8043
f 8043 1371 6350
f 6350 1374 8044
f 8044 8043 6350
f 9223 2277 9231
f 9231 2332 9232
f 9232 2330 9223
f 9223 9231 9232
f 9231 2277 9039
f 9039 1744 9229
f 9229 2332 9231
f 9231 9039 9229
f 8272 2080 8979
f 8979 2262 8978
f 8978 2027 8272
f 8272 8979 8978
f 8979 2080 8982
f 8982 2263 8983
f 8983 2262 8979
f 8979 8982 8983
f 9239 2334 9240
f 9240 2332 9230
f 9230 2033 9239
f 9239 9240 9230
f 9240 2334 9241
f 9241 2333 9236
f 9236 2332 9240
f 9240 9241 9236
f 6168 1288 6164
f 6164 1262 6166
f 6166 1289 6168
f 6168 6164 6166
f 6164 1288 6163
f 6163 1259 6129
f 6129 1262 6164
f 6164 6163 6129
f 8843 1288 9719
f 9719 2438 9720
f 9720 2232 8843
f 8843 9719 9720
f 9719 1288 6165
f 6165 1287 9718
f 9718 2438 9719
f 9719 6165 9718
f 6851 1602 6852
f 6852 1268 6136
f 6136 1267 6851
f 6851 6852 6136
f 6852 1602 6859
f 6859 1605 6858
f 6858 1268 6852
f 6852 6859 6858
f 6215 1316 6213
f 6213 1267 6187
f 6187 1305 6215
f 6215 6213 6187
f 6213 1316 6853
f 6853 1602 6851
f 6851 1267 6213
f 6213 6853 6851
f 6216 1316 6214
f 6214 1304 6206
f 6206 1313 6216
f 6216 6214 6206
f 6214 1316 6215
f 6215 1305 6189
f 6189 1304 6214
f 6214 6215 6189
f 8853 2236 8854
f 8854 1313 6206
f 6206 1304 8853
f 8853 8854 6206
f 8854 2236 8855
f 8855 2233 8845
f 8845 1313 8854
f 8854 8855 8845
f 9526 2399 9525
f 9525 2233 8855
f 8855 2236 9526
f 9526 9525 8855
f 9525 2399 9528
f 9528 2397 9516
f 9516 2233 9525
f 9525 9528 9516
f 9529 2398 9523
f 9523 2397 9528
f 9528 2399 9529
f 9529 9523 9528
f 9523 2398 9522
f 9522 2394 9518
f 9518 2397 9523
f 9523 9522 9518
f 6857 1603 6874
f 6874 1609 6875
f 6875 1604 6857
f 6857 6874 6875
f 6874 1603 6864
f 6864 1606 6876
f 6876 1609 6874
f 6874 6864 6876
f 6854 1315 6863
f 6863 1606 6864
f 6864 1603 6854
f 6854 6863 6864
f 6863 1315 6210
f 6210 1290 6862
f 6862 1606 6863
f 6863 6210 6862
f 6212 1314 6208
f 6208 1290 6210
f 6210 1315 6212
f 6212 6208 6210
f 6208 1314 6207
f 6207 1287 6169
f 6169 1290 6208
f 6208 6207 6169
f 8848 2234 8847
f 8847 1287 6207
f 6207 1314 8848
f 8848 8847 6207
f 8847 2234 9721
f 9721 2438 9718
f 9718 1287 8847
f 8847 9721 9718
f 9512 2396 9723
f 9723 2438 9721
f 9721 2234 9512
f 9512 9723 9721
f 9723 2396 9513
f 9513 2393 9722
f 9722 2438 9723
f 9723 9513 9722
f 9515 2395 9510
f 9510 2393 9513
f 9513 2396 9515
f 9515 9510 9513
f 9510 2395 9509
f 9509 2390 9507
f 9507 2393 9510
f 9510 9509 9507
f 9717 2255 8940
f 8940 2221 9716
f 9716 2437 9717
f 9717 8940 9716
f 8940 2255 8937
f 8937 1525 8794
f 8794 2221 8940
f 8940 8937 8794
f 6157 1281 7155
f 7155 1703 7156
f 7156 1282 6157
f 6157 7155 7156
f 7155 1281 8784
f 8784 2219 8786
f 8786 1703 7155
f 7155 8784 8786
f 7958 1976 7957
f 7957 1238 6075
f 6075 1239 7958
f 7958 7957 6075
f 7957 1976 7962
f 7962 1634 6962
f 6962 1238 7957
f 7957 7962 6962
f 6079 1240 9472
f 9472 2385 9471
f 9471 1163 6079
f 6079 9472 9471
f 9472 1240 9477
f 9477 2386 9480
f 9480 2385 9472
f 9472 9477 9480
f 6078 1162 9476
f 9476 2386 9477
f 9477 1240 6078
f 6078 9476 9477
f 9476 1162 9067
f 9067 2286 9479
f 9479 2386 9476
f 9476 9067 9479
f 6081 738 6565
f 6565 1489 6566
f 6566 1241 6081
f 6081 6565 6566
f 6565 738 6561
f 6561 1486 6567
f 6567 1489 6565
f 6565 6561 6567
f 6086 1242 7959
f 7959 1976 7958
f 7958 1239 6086
f 6086 7959 7958
f 7959 1242 6949
f 6949 1631 7961
f 7961 1976 7959
f 7959 6949 7961
f 6066 1235 9570
f 9570 2408 9571
f 9571 1236 6066
f 6066 9570 9571
f 9570 1235 9575
f 9575 2409 9578
f 9578 2408 9570
f 9570 9575 9578
f 6060 1193 9579
f 9579 2410 9580
f 9580 1234 6060
f 6060 9579 9580
f 9579 1193 8657
f 8657 2192 9583
f 9583 2410 9579
f 9579 8657 9583
f 8747 1430 6451
f 6451 1226 8746
f 8746 2211 8747
f 8747 6451 8746
f 6451 1430 6450
f 6450 1156 6018
f 6018 1226 6451
f 6451 6450 6018
f 6073 1238 6966
f 6966 1635 6964
f 6964 737 6073
f 6073 6966 6964
f 6966 1238 6962
f 6962 1634 6969
f 6969 1635 6966
f 6966 6962 6969
f 6089 1157 9486
f 9486 2388 9487
f 9487 1243 6089
f 6089 9486 9487
f 9486 1157 6456
f 6456 1433 9490
f 9490 2388 9486
f 9486 6456 9490
f 6094 1237 9565
f 9565 2407 9566
f 9566 1244 6094
f 6094 9565 9566
f 9565 1237 9592
f 9592 2412 9595
f 9595 2407 9565
f 9565 9592 9595
f 6377 1392 6378
f 6378 1232 6050
f 6050 1169 6377
f 6377 6378 6050
f 6378 1392 6379
f 6379 1391 6376
f 6376 1232 6378
f 6378 6379 6376
f 6093 1244 8891
f 8891 2245 8890
f 8890 1195 6093
f 6093 8891 8890
f 8891 1244 9566
f 9566 2407 9569
f 9569 2245 8891
f 8891 9566 9569
f 6000 1221 7973
f 7973 1981 7972
f 7972 743 6000
f 6000 7973 7972
f 7973 1221 9602
f 9602 2414 9605
f 9605 1981 7973
f 7973 9602 9605
f 6088 1243 6418
f 6418 1416 6417
f 6417 1154 6088
f 6088 6418 6417
f 6418 1243 9487
f 9487 2388 9488
f 9488 1416 6418
f 6418 9487 9488
f 6098 1241 9099
f 9099 2295 9100
f 9100 1245 6098
f 6098 9099 9100
f 9099 1241 6566
f 6566 1489 9101
f 9101 2295 9099
f 9099 6566 9101
f 6100 1155 9492
f 9492 2389 9493
f 9493 1246 6100
f 6100 9492 9493
f 9492 1155 6415
f 6415 1415 9494
f 9494 2389 9492
f 9492 6415 9494
f 6102 1246 9441
f 9441 2379 9439
f 9439 1167 6102
f 6102 9441 9439
f 9441 1246 9493
f 9493 2389 9497
f 9497 2379 9441
f 9441 9493 9497
f 5775 744 7963
f 7963 1978 7964
f 7964 1161 5775
f 5775 7963 7964
f 7963 744 7967
f 7967 1979 7969
f 7969 1978 7963
f 7963 7967 7969
f 6097 1245 9669
f 9669 2429 9668
f 9668 1222 6097
f 6097 9669 9668
f 9669 1245 9100
f 9100 2295 9672
f 9672 2429 9669
f 9669 9100 9672
f 6943 1629 6944
f 6944 1247 6103
f 6103 383 6943
f 6943 6944 6103
f 6944 1629 6955
f 6955 1632 6954
f 6954 1247 6944
f 6944 6955 6954
f 6954 1632 6953
f 6953 1242 6106
f 6106 1247 6954
f 6954 6953 6106
f 6953 1632 6957
f 6957 1631 6949
f 6949 1242 6953
f 6953 6957 6949
f 6107 767 6569
f 6569 767 6571
f 6544 1220 6057
f 6545 1220 6544
f 6108 1248 6939
f 6939 1628 6938
f 6938 382 6108
f 6108 6939 6938
f 6939 1248 8799
f 8799 2222 8803
f 8803 1628 6939
f 6939 8799 8803
f 6110 387 8798
f 8798 2222 8799
f 8799 1248 6110
f 6110 8798 8799
f 8798 387 6691
f 6691 1541 8802
f 8802 2222 8798
f 8798 6691 8802
