v 0.178201 -0.225794 0.004504
v 0.180357 -0.227913 0.034951
v 0.183934 -0.251871 0.027208
v 0.179410 -0.249982 -0.005774
v 0.175790 -0.205426 0.007277
v 0.176938 -0.210436 0.036097
v 0.179326 -0.234725 0.055982
v 0.183018 -0.257495 0.055516
v 0.126738 -0.358649 -0.087928
v 0.130526 -0.393005 -0.074162
v 0.095250 -0.388439 -0.087748
v 0.100823 -0.356701 -0.099269
v 0.028607 -0.347838 -0.104814
v 0.068446 -0.356293 -0.104633
v 0.055565 -0.385786 -0.090163
v 0.017886 -0.380150 -0.087684
v 0.041866 -0.214919 -0.117482
v 0.041745 -0.197117 -0.110827
v 0.068146 -0.194546 -0.106977
v 0.069682 -0.214839 -0.114268
v 0.183880 -0.441596 0.060200
v 0.179900 -0.489455 0.048846
v 0.178051 -0.490848 0.013304
v 0.184981 -0.434034 0.019394
v 0.141812 -0.492048 -0.054990
v 0.107870 -0.498309 -0.071337
v 0.119563 -0.439280 -0.070836
v 0.151663 -0.437365 -0.051368
v 0.023596 -0.267754 0.166365
v 0.033303 -0.241381 0.166525
v 0.014839 -0.243669 0.169632
v 0.010234 -0.267041 0.169456
v 0.173450 -0.239892 0.078679
v 0.168651 -0.220720 0.078160
v 0.154586 -0.223836 0.097390
v 0.157498 -0.243388 0.100251
v 0.046427 -0.423932 -0.072748
v 0.011041 -0.414826 -0.064685
v 0.169054 -0.441526 0.100327
v 0.166974 -0.501872 0.087863
v 0.139396 -0.521470 0.117877
v 0.143324 -0.463714 0.125596
v 0.113461 -0.476228 0.139174
v 0.107612 -0.532320 0.130508
v 0.000785 -0.392328 0.140867
v 0.006137 -0.416724 0.129367
v 0.025638 -0.383181 0.148089
v 0.019207 -0.352412 0.159978
v 0.034295 -0.301411 -0.122144
v 0.066922 -0.305971 -0.121649
v 0.065907 -0.330581 -0.115912
v 0.033707 -0.322033 -0.115671
v 0.071232 -0.485303 -0.072221
v 0.078852 -0.543869 -0.070585
v 0.049374 -0.539561 -0.060182
v 0.035042 -0.477470 -0.056345
v 0.130160 -0.548386 -0.058010
v 0.165799 -0.489336 -0.024718
v 0.153246 -0.546679 -0.033307
v 0.170320 -0.549491 0.043517
v 0.166639 -0.547797 0.003875
v 0.131239 -0.580967 0.106947
v 0.101085 -0.591144 0.118807
v 0.020596 -0.552205 0.102850
v 0.018388 -0.590396 0.087172
v 0.040022 -0.590170 0.110497
v 0.046810 -0.550647 0.123779
v 0.067861 -0.278394 0.152748
v 0.077053 -0.319775 0.149044
v 0.106683 -0.296357 0.137642
v 0.107101 -0.260464 0.135437
v 0.177206 -0.266542 0.079887
v 0.009871 -0.506157 -0.026054
v 0.022569 -0.547804 -0.036735
v 0.007244 -0.561849 -0.006939
v -0.000640 -0.526880 0.007869
v 0.174743 -0.215711 0.058411
v 0.175291 -0.432775 -0.020037
v 0.123562 -0.637046 0.101152
v 0.097004 -0.646122 0.112639
v 0.095324 -0.691472 0.102720
v 0.122580 -0.683753 0.095278
v 0.006801 -0.622334 0.039407
v 0.009317 -0.662300 0.023358
v 0.021015 -0.665042 0.051031
v 0.019901 -0.630198 0.069230
v 0.017494 -0.695447 0.008971
v 0.024454 -0.720750 -0.004279
v 0.029813 -0.725493 0.019730
v 0.029108 -0.701707 0.039279
v 0.157281 -0.566760 0.081669
v 0.157297 -0.661099 0.038381
v 0.160715 -0.610349 0.042511
v 0.148606 -0.623823 0.075678
v 0.143929 -0.674024 0.070597
v 0.105079 -0.554073 -0.068689
v 0.005469 -0.549733 0.074186
v 0.004429 -0.583806 0.056764
v 0.020267 -0.647723 -0.029736
v 0.014570 -0.605049 -0.018823
v 0.031774 -0.597062 -0.041628
v 0.038382 -0.642687 -0.048320
v 0.132237 -0.643427 -0.049035
v 0.131083 -0.595852 -0.050521
v 0.151190 -0.597125 -0.026529
v 0.149438 -0.645394 -0.026353
v 0.160928 -0.601408 0.008462
v 0.161211 -0.651801 0.005941
v 0.156737 -0.729613 0.031171
v 0.157154 -0.700187 0.033316
v 0.145691 -0.711101 0.063452
v 0.142903 -0.738280 0.053000
v 0.159852 -0.721709 0.000338
v 0.161181 -0.692704 0.002200
v 0.159115 -0.719103 -0.030455
v 0.154670 -0.689392 -0.030033
v 0.144856 -0.720105 -0.058427
v 0.138255 -0.686733 -0.054120
v 0.125603 -0.719533 -0.072688
v 0.118085 -0.686139 -0.067181
v 0.095684 -0.684804 -0.071308
v 0.106398 -0.718480 -0.077732
v 0.083494 -0.716594 -0.074536
v 0.071545 -0.681949 -0.065826
v 0.041309 -0.715191 -0.047368
v 0.031885 -0.685887 -0.036420
v 0.049767 -0.682597 -0.054289
v 0.061042 -0.712872 -0.063032
v 0.155256 -0.747418 0.028726
v 0.159503 -0.742124 0.000693
v 0.159957 -0.738592 -0.028783
v 0.150718 -0.736803 -0.056311
v 0.049977 -0.732920 -0.057804
v 0.068634 -0.735982 -0.072604
v 0.031950 -0.742518 0.006776
v 0.027237 -0.740035 -0.014025
v 0.138740 -0.760221 0.044697
v 0.120365 -0.763443 0.056626
v -0.002747 -0.479908 0.017188
v -0.002878 -0.484256 -0.005459
v -0.005987 -0.504966 0.029149
v -0.005817 -0.491025 0.050101
v 0.043948 -0.677033 0.077896
v 0.041267 -0.631831 0.098436
v 0.047183 -0.736461 0.042744
v 0.052428 -0.714967 0.060864
v 0.044095 -0.751027 0.028210
v 0.085615 -0.441758 0.146834
v 0.086160 -0.397511 0.149406
v 0.057354 -0.420453 0.146054
v 0.055651 -0.460113 0.141667
v -0.007247 -0.447861 0.099999
v -0.006080 -0.453702 0.090007
v -0.002124 -0.440561 0.109743
v -0.004805 -0.426831 0.119083
v 0.131537 -0.743638 -0.076639
v 0.091320 -0.741879 -0.083160
v 0.112511 -0.743337 -0.083998
v 0.096566 -0.765070 0.059120
v 0.071679 -0.763065 0.048200
v 0.071179 -0.725392 0.075402
v 0.069949 -0.742977 0.058696
v 0.095591 -0.745471 0.069232
v 0.095269 -0.723237 0.084999
v 0.080999 -0.237200 0.148894
v 0.055183 -0.240661 0.159884
v 0.040941 -0.269905 0.162001
v 0.000912 -0.357374 0.158437
v -0.008071 -0.379572 0.146162
v -0.008991 -0.412484 0.127013
v -0.008448 -0.439501 0.108093
v -0.004280 -0.465974 0.072552
v -0.004439 -0.467882 0.057826
v -0.006721 -0.464747 0.081641
v 0.023801 -0.513173 0.116035
v 0.027840 -0.476312 0.126395
v 0.007471 -0.488043 0.103826
v 0.005952 -0.517828 0.090118
v 0.189732 -0.380796 0.027465
v 0.184268 -0.389776 0.067987
v 0.082165 -0.434489 -0.076870
v 0.069525 -0.236663 -0.120582
v 0.040563 -0.235775 -0.122976
v 0.159983 -0.386812 -0.052509
v 0.183617 -0.370092 -0.017697
v 0.051858 -0.503408 0.135051
v 0.051510 -0.349219 0.154819
v 0.042993 -0.319435 0.159139
v -0.004898 -0.464874 0.081359
v -0.005399 -0.460800 0.087041
v 0.190739 -0.333806 0.038025
v 0.181607 -0.339884 0.076589
v 0.021793 -0.289149 0.165703
v 0.010267 -0.288704 0.168252
v -0.004111 -0.477191 0.069318
v -0.004024 -0.472039 0.071627
v -0.002101 -0.541406 0.042509
v -0.002563 -0.516057 0.061945
v 0.005620 -0.450123 -0.035469
v -0.003922 -0.462573 -0.009102
v -0.004268 -0.457874 -0.014460
v -0.004421 -0.446385 -0.035349
v 0.070477 -0.601356 0.118531
v 0.077886 -0.543369 0.132272
v 0.068357 -0.656978 0.107086
v 0.068332 -0.698227 0.091123
v 0.186811 -0.284970 0.015548
v 0.180421 -0.278560 -0.015883
v 0.109639 -0.231505 0.133124
v 0.009327 -0.438845 0.121175
v 0.029938 -0.413093 0.139830
v 0.001805 -0.574033 0.024271
v 0.186498 -0.289857 0.048895
v 0.009755 -0.654643 -0.006192
v 0.005686 -0.614168 0.008627
v 0.060715 -0.641887 -0.059466
v 0.055078 -0.594004 -0.058642
v 0.081002 -0.596643 -0.065347
v 0.085591 -0.643803 -0.066082
v 0.107620 -0.597102 -0.064094
v 0.111767 -0.643455 -0.063053
v 0.121661 -0.744175 0.066380
v -0.002770 -0.493134 0.078484
v -0.005358 -0.418198 -0.060533
v 0.163956 -0.349920 0.109301
v 0.168079 -0.390982 0.104818
v 0.083565 -0.357600 0.150496
v 0.110794 -0.336855 0.141237
v 0.032584 -0.298445 0.162514
v -0.001440 -0.455437 0.101370
v 0.083082 -0.490256 0.141617
v 0.114993 -0.425627 0.142719
v 0.143498 -0.411692 0.130113
v 0.134659 -0.249823 0.118405
v 0.136128 -0.283039 0.122352
v 0.159543 -0.272522 0.103333
v -0.004931 -0.470994 0.017237
v -0.003095 -0.466318 0.003480
v 0.056142 -0.384125 0.150957
v 0.028051 -0.721185 -0.026805
v 0.020037 -0.689901 -0.015160
v 0.031449 -0.745043 -0.037109
v -0.004734 -0.476883 0.060280
v -0.002790 -0.476464 0.041047
v -0.004873 -0.386929 -0.082479
v -0.003522 -0.355215 -0.100126
v 0.154115 -0.204158 -0.052303
v 0.153996 -0.196627 -0.046622
v 0.165882 -0.197323 -0.022562
v 0.167849 -0.208175 -0.024531
v 0.171312 -0.193212 0.005654
v 0.173750 -0.197963 0.032207
v 0.170636 -0.199173 0.055245
v 0.164649 -0.207206 0.074826
v 0.152793 -0.208553 0.093911
v 0.134429 -0.226037 0.116022
v 0.134324 -0.211203 0.113654
v 0.111089 -0.210977 0.131704
v 0.088582 -0.210606 0.147410
v 0.065689 -0.212741 0.160591
v 0.041815 -0.215479 0.168851
v 0.019903 -0.217967 0.173348
v 0.000804 -0.224184 0.173305
v -0.000283 -0.249098 0.170259
v 0.096415 -0.181912 0.145385
v 0.114707 -0.188186 0.127473
v 0.036312 -0.180240 0.180894
v 0.058322 -0.176780 0.173991
v 0.077703 -0.176192 0.162070
v 0.131499 -0.192723 0.111985
v 0.170894 -0.337043 -0.049214
v 0.152501 -0.353013 -0.071196
v 0.145218 -0.328021 -0.083055
v 0.160190 -0.317099 -0.067830
v 0.169318 -0.271498 -0.044140
v 0.169556 -0.246496 -0.034947
v 0.169476 -0.224488 -0.028482
v 0.125200 -0.333571 -0.097358
v 0.097646 -0.309317 -0.114582
v 0.098933 -0.334346 -0.109316
v 0.155882 -0.221865 -0.055473
v 0.156313 -0.244380 -0.061561
v 0.151022 -0.305898 -0.078861
v 0.155010 -0.290049 -0.074666
v 0.167763 -0.297584 -0.055150
v 0.122835 -0.310538 -0.102623
v 0.140557 -0.310896 -0.089985
v 0.069286 -0.177009 -0.097816
v 0.043471 -0.178576 -0.101930
v 0.134802 -0.184857 -0.066160
v -0.001061 -0.322762 -0.113108
v 0.140707 -0.291335 -0.090648
v 0.096541 -0.285496 -0.117155
v 0.121233 -0.287230 -0.104607
v 0.094258 -0.214429 -0.107075
v 0.117645 -0.216320 -0.094887
v 0.114132 -0.238716 -0.102706
v 0.092647 -0.235111 -0.113718
v 0.138614 -0.219268 -0.077546
v 0.138027 -0.200559 -0.072125
v 0.092989 -0.194387 -0.099704
v 0.117482 -0.197531 -0.087935
v 0.118943 -0.182223 -0.079625
v 0.137504 -0.243104 -0.085198
v 0.093246 -0.260309 -0.117223
v 0.064220 -0.260402 -0.125068
v 0.035467 -0.256810 -0.126047
v 0.005754 -0.261685 -0.125781
v 0.007481 -0.237840 -0.123851
v 0.091240 -0.179583 -0.092597
v 0.121340 -0.717794 0.082325
v -0.007145 -0.475325 0.039769
v -0.005986 -0.477427 0.068762
v 0.177986 -0.297868 0.081718
v 0.188409 -0.323149 0.001881
v 0.178922 -0.309562 -0.029764
v 0.008880 -0.462173 0.113868
v 0.030262 -0.443363 0.133571
v 0.162816 -0.310749 0.106124
v 0.113833 -0.378726 0.143203
v -0.001837 -0.473372 0.091789
v 0.156411 -0.267495 -0.068403
v 0.139834 -0.268508 -0.088652
v 0.119016 -0.263524 -0.104021
v 0.067307 -0.283353 -0.124119
v 0.034608 -0.279429 -0.125827
v 0.004750 -0.280340 -0.124940
v 0.019096 -0.319945 0.164883
v 0.007166 -0.308651 0.166467
v 0.016118 -0.303860 0.166173
v -0.002061 -0.294560 0.167932
v -0.003311 -0.315215 0.166302
v 0.006175 -0.331430 0.165075
v -0.004459 -0.338175 0.164054
v -0.006103 -0.357302 0.157667
v 0.093234 -0.194711 0.145763
v 0.113124 -0.198939 0.129064
v 0.025144 -0.196153 0.177813
v 0.051483 -0.194552 0.171289
v 0.161534 -0.198301 0.074402
v 0.073622 -0.192186 0.160630
v 0.134832 -0.200757 0.110564
v 0.151991 -0.194944 0.089255
v 0.009692 -0.198854 -0.112848
v 0.014079 -0.181437 -0.104789
v 0.002117 -0.201578 0.178557
v -0.002973 -0.480662 0.051591
v -0.001979 -0.476536 0.029458
v 0.138332 -0.321653 0.127507
v 0.141436 -0.364624 0.130685
v 0.003069 -0.297113 -0.121122
v 0.008817 -0.216188 -0.118593
v 0.003373 -0.182190 0.182528
v -0.001385 -0.273164 0.169073
v -0.187187 -0.232667 -0.012291
v -0.189142 -0.255613 -0.018537
v -0.195537 -0.257151 0.013571
v -0.192009 -0.233363 0.017971
v -0.188799 -0.220278 0.016819
v -0.183552 -0.218639 -0.011026
v -0.196332 -0.261855 0.043233
v -0.192460 -0.237803 0.042467
v -0.135645 -0.369044 -0.088059
v -0.108486 -0.365103 -0.098507
v -0.104306 -0.398161 -0.086059
v -0.142692 -0.405203 -0.073579
v -0.035909 -0.349945 -0.104316
v -0.029698 -0.381769 -0.088680
v -0.066631 -0.391076 -0.089699
v -0.075986 -0.362111 -0.103074
v -0.026033 -0.214826 -0.118952
v -0.058372 -0.216890 -0.119879
v -0.056394 -0.200523 -0.113608
v -0.026050 -0.198457 -0.113683
v -0.198529 -0.447222 0.054722
v -0.201436 -0.441040 0.014516
v -0.194808 -0.497538 0.009405
v -0.195557 -0.495759 0.044767
v -0.159044 -0.501917 -0.054205
v -0.167346 -0.446980 -0.052291
v -0.131751 -0.450931 -0.071011
v -0.119713 -0.507631 -0.069333
v -0.028198 -0.273439 0.165541
v -0.013467 -0.270231 0.168978
v -0.016327 -0.248056 0.168943
v -0.034691 -0.249280 0.164985
v -0.185320 -0.242918 0.068142
v -0.168026 -0.248879 0.091707
v -0.165164 -0.225162 0.088955
v -0.180064 -0.221923 0.067096
v -0.024174 -0.415677 -0.067606
v -0.059268 -0.428342 -0.073770
v -0.183038 -0.506936 0.081461
v -0.184852 -0.447294 0.092594
v -0.155903 -0.524363 0.110128
v -0.122173 -0.533535 0.123119
v -0.127591 -0.479405 0.131656
v -0.159350 -0.468432 0.117490
v -0.015807 -0.393705 0.137783
v -0.030442 -0.355886 0.156312
v -0.037579 -0.385384 0.143280
v -0.018865 -0.416361 0.126311
v -0.032115 -0.302422 -0.121042
v -0.037021 -0.324036 -0.114734
v -0.070557 -0.334740 -0.116207
v -0.067565 -0.309273 -0.123080
v -0.081994 -0.493026 -0.071409
v -0.046185 -0.479951 -0.059238
v -0.060015 -0.543839 -0.061682
v -0.090397 -0.551302 -0.067130
v -0.148564 -0.556268 -0.053557
v -0.173412 -0.552857 -0.030628
v -0.183254 -0.497977 -0.026496
v -0.185408 -0.553538 0.000674
v -0.187794 -0.554366 0.039057
v -0.148667 -0.582369 0.100066
v -0.113895 -0.591057 0.111822
v -0.030150 -0.546420 0.093091
v -0.056396 -0.546567 0.114836
v -0.048909 -0.586077 0.100304
v -0.026577 -0.586857 0.076442
v -0.076469 -0.285471 0.148985
v -0.114993 -0.269107 0.130927
v -0.119168 -0.304429 0.132617
v -0.088516 -0.325402 0.144592
v -0.190145 -0.271577 0.068298
v -0.018341 -0.506089 -0.030405
v -0.006464 -0.525534 0.002522
v -0.014740 -0.561728 -0.012879
v -0.031485 -0.548854 -0.041247
v -0.187000 -0.220451 0.043150
v -0.190895 -0.441293 -0.023608
v -0.142567 -0.640035 0.094957
v -0.137582 -0.687467 0.091704
v -0.105448 -0.694507 0.098275
v -0.109105 -0.648350 0.106346
v -0.014842 -0.622900 0.029869
v -0.026698 -0.629874 0.058372
v -0.027481 -0.663957 0.040354
v -0.016847 -0.660782 0.013950
v -0.023966 -0.694969 -0.000604
v -0.034637 -0.701641 0.029699
v -0.036399 -0.726703 0.009117
v -0.031199 -0.720251 -0.012869
v -0.174823 -0.570662 0.074866
v -0.178921 -0.662344 0.035173
v -0.166431 -0.676179 0.066733
v -0.170916 -0.627353 0.070457
v -0.182437 -0.613584 0.038360
v -0.119296 -0.562624 -0.063643
v -0.013051 -0.582168 0.045423
v -0.013951 -0.544841 0.063922
v -0.026745 -0.648526 -0.033048
v -0.048262 -0.643956 -0.049523
v -0.040715 -0.597831 -0.045393
v -0.020082 -0.604440 -0.022532
v -0.150658 -0.643492 -0.043728
v -0.170105 -0.646143 -0.024163
v -0.172704 -0.599402 -0.023279
v -0.151158 -0.599715 -0.044517
v -0.181795 -0.604005 0.006414
v -0.180189 -0.652101 0.003400
v -0.173241 -0.726694 0.027760
v -0.157046 -0.734834 0.055040
v -0.162378 -0.710528 0.062575
v -0.177189 -0.699390 0.031798
v -0.176803 -0.719303 -0.004507
v -0.179266 -0.690645 -0.000933
v -0.168733 -0.687221 -0.030660
v -0.171809 -0.716734 -0.034467
v -0.154667 -0.719052 -0.057795
v -0.152281 -0.683822 -0.050319
v -0.131468 -0.683722 -0.062007
v -0.134460 -0.718254 -0.068785
v -0.108033 -0.682730 -0.066400
v -0.083736 -0.680211 -0.063311
v -0.090837 -0.713551 -0.072097
v -0.112607 -0.717422 -0.073687
v -0.044953 -0.713043 -0.054015
v -0.067151 -0.708258 -0.065992
v -0.059248 -0.681320 -0.055625
v -0.037865 -0.686358 -0.042060
v -0.175448 -0.742257 -0.004038
v -0.170158 -0.749012 0.025464
v -0.161701 -0.738541 -0.057238
v -0.173673 -0.739313 -0.032698
v -0.053384 -0.727943 -0.064303
v -0.073550 -0.729951 -0.076291
v -0.038603 -0.742056 -0.001152
v -0.035243 -0.740356 -0.020405
v -0.133795 -0.764643 0.056489
v -0.154181 -0.754136 0.045997
v -0.003271 -0.476712 0.012687
v -0.001903 -0.489443 0.045349
v -0.002341 -0.502869 0.022963
v -0.006245 -0.482449 -0.010698
v -0.052337 -0.678288 0.066399
v -0.049483 -0.630613 0.087390
v -0.054499 -0.739045 0.034324
v -0.058631 -0.717147 0.055810
v -0.050796 -0.752107 0.020371
v -0.096813 -0.442702 0.138502
v -0.064751 -0.457747 0.132377
v -0.067374 -0.420642 0.137402
v -0.097254 -0.401220 0.141934
v -0.006557 -0.448691 0.099325
v -0.012096 -0.426356 0.119069
v -0.010566 -0.441184 0.108957
v -0.004525 -0.457607 0.090143
v -0.138686 -0.743574 -0.076759
v -0.115539 -0.742260 -0.081910
v -0.094308 -0.739699 -0.084290
v -0.076054 -0.765898 0.043246
v -0.111898 -0.766658 0.058670
v -0.081169 -0.727200 0.073813
v -0.104598 -0.724351 0.084988
v -0.108408 -0.748520 0.067515
v -0.081030 -0.746176 0.055594
v -0.083895 -0.247230 0.146068
v -0.046045 -0.277323 0.160418
v -0.056348 -0.249991 0.157886
v -0.013463 -0.359772 0.156362
v -0.003736 -0.471891 0.072057
v -0.002858 -0.465291 0.079472
v -0.003512 -0.472947 0.056561
v -0.033980 -0.508096 0.107348
v -0.014368 -0.512411 0.083066
v -0.016734 -0.483987 0.098934
v -0.037070 -0.473002 0.118251
v -0.198343 -0.395306 0.060060
v -0.204896 -0.386402 0.020350
v -0.093309 -0.443052 -0.075429
v -0.025987 -0.234947 -0.123994
v -0.059356 -0.236764 -0.125012
v -0.196870 -0.377650 -0.023361
v -0.174080 -0.396718 -0.053941
v -0.061219 -0.500197 0.125147
v -0.061840 -0.353025 0.150209
v -0.052590 -0.324200 0.155781
v -0.005121 -0.467189 0.081111
v -0.204626 -0.338980 0.028779
v -0.196120 -0.346444 0.066150
v -0.027845 -0.294071 0.165432
v -0.014305 -0.291889 0.167650
v -0.003485 -0.475531 0.071318
v -0.004637 -0.512304 0.054585
v -0.006785 -0.538826 0.034174
v -0.016223 -0.449857 -0.040520
v -0.004342 -0.459828 -0.012127
v -0.079365 -0.599795 0.110135
v -0.088866 -0.541325 0.124279
v -0.078239 -0.657937 0.098358
v -0.078002 -0.700354 0.085773
v -0.190599 -0.284773 -0.026233
v -0.199106 -0.290882 0.004193
v -0.114733 -0.238468 0.128945
v -0.041065 -0.412542 0.133215
v -0.020655 -0.436976 0.116283
v -0.010325 -0.573772 0.016621
v -0.200603 -0.295112 0.037442
v -0.012890 -0.614113 0.002616
v -0.016239 -0.654151 -0.011024
v -0.074552 -0.642173 -0.057351
v -0.100230 -0.644060 -0.061055
v -0.095451 -0.600425 -0.061220
v -0.068170 -0.596867 -0.057878
v -0.126963 -0.643452 -0.056754
v -0.123580 -0.601562 -0.058238
v -0.133434 -0.742103 0.068632
v -0.005610 -0.490840 0.074556
v -0.183052 -0.397764 0.095877
v -0.178633 -0.357438 0.099915
v -0.125357 -0.343621 0.135675
v -0.095010 -0.362471 0.143545
v -0.040621 -0.303438 0.162052
v -0.011297 -0.454844 0.098729
v -0.093906 -0.489433 0.133412
v -0.128898 -0.429591 0.135738
v -0.159226 -0.417854 0.122192
v -0.144878 -0.258318 0.111259
v -0.173633 -0.280520 0.093320
v -0.148384 -0.291419 0.116439
v -0.004026 -0.471910 0.016179
v -0.066942 -0.386159 0.143101
v -0.025894 -0.689692 -0.022697
v -0.033205 -0.720865 -0.034667
v -0.037477 -0.745286 -0.043482
v -0.003544 -0.480572 0.059872
v -0.003135 -0.479134 0.041096
v -0.152859 -0.210751 -0.069672
v -0.172127 -0.216587 -0.042033
v -0.170261 -0.208876 -0.041056
v -0.153253 -0.203991 -0.065506
v -0.181172 -0.203669 -0.008791
v -0.185929 -0.210803 0.017283
v -0.183340 -0.208232 0.041960
v -0.175604 -0.206424 0.063591
v -0.161662 -0.206653 0.085313
v -0.143033 -0.230702 0.109437
v -0.116356 -0.213978 0.127615
v -0.141231 -0.210461 0.106510
v -0.062844 -0.222965 0.159827
v -0.089325 -0.219213 0.146514
v -0.018047 -0.223299 0.172390
v -0.038927 -0.224471 0.168243
v -0.122074 -0.180714 0.123348
v -0.101120 -0.179234 0.146460
v -0.050528 -0.181277 0.177297
v -0.022379 -0.182215 0.181239
v -0.077402 -0.179337 0.165707
v -0.141021 -0.185526 0.100862
v -0.181447 -0.345842 -0.052292
v -0.162247 -0.362673 -0.070886
v -0.168841 -0.325353 -0.070685
v -0.154295 -0.337361 -0.084558
v -0.176741 -0.250901 -0.047352
v -0.177502 -0.277935 -0.053282
v -0.174955 -0.229328 -0.044301
v -0.132843 -0.341647 -0.098950
v -0.104554 -0.341308 -0.111144
v -0.100706 -0.314411 -0.118703
v -0.158151 -0.226907 -0.070872
v -0.160361 -0.248445 -0.073424
v -0.159600 -0.313061 -0.081694
v -0.176035 -0.304306 -0.060991
v -0.161514 -0.296665 -0.079088
v -0.128654 -0.316531 -0.106717
v -0.148277 -0.317586 -0.092532
v -0.029250 -0.183826 -0.107143
v -0.056669 -0.184542 -0.106763
v -0.130703 -0.193379 -0.083773
v -0.146518 -0.296517 -0.094776
v -0.124220 -0.291473 -0.111101
v -0.095442 -0.288337 -0.122468
v -0.086471 -0.218305 -0.115974
v -0.085452 -0.236582 -0.121357
v -0.111107 -0.240826 -0.112965
v -0.113305 -0.219961 -0.106631
v -0.134515 -0.208535 -0.087806
v -0.137829 -0.224062 -0.091243
v -0.084003 -0.200296 -0.110208
v -0.111477 -0.203780 -0.101846
v -0.111879 -0.190493 -0.095302
v -0.138847 -0.245959 -0.095571
v -0.055085 -0.259294 -0.128203
v -0.088310 -0.261040 -0.124289
v -0.023285 -0.255735 -0.126677
v -0.080964 -0.185551 -0.103827
v -0.133244 -0.718120 0.083604
v -0.001497 -0.477059 0.065001
v -0.002108 -0.473851 0.036198
v -0.193261 -0.303564 0.069988
v -0.200768 -0.329279 -0.006751
v -0.190534 -0.316706 -0.037020
v -0.039915 -0.441303 0.125608
v -0.019240 -0.459533 0.108974
v -0.178017 -0.318723 0.096150
v -0.127959 -0.385131 0.137676
v -0.008003 -0.471563 0.089461
v -0.161286 -0.273027 -0.076409
v -0.143890 -0.273346 -0.095207
v -0.119190 -0.266559 -0.112612
v -0.062854 -0.284233 -0.127536
v -0.026169 -0.279387 -0.125954
v -0.027638 -0.324508 0.163572
v -0.022033 -0.307431 0.166230
v -0.013177 -0.310761 0.166554
v -0.014963 -0.333791 0.164404
v -0.118608 -0.195172 0.126234
v -0.094991 -0.196989 0.147678
v -0.043594 -0.202946 0.173410
v -0.018777 -0.202751 0.177344
v -0.172493 -0.195810 0.061200
v -0.070131 -0.199928 0.164185
v -0.158499 -0.189168 0.081734
v -0.140688 -0.195477 0.103613
v -0.152643 -0.330947 0.120375
v -0.156395 -0.372568 0.123088
v 0.181089 -0.227733 0.022206
v 0.182110 -0.238684 0.014245
v 0.182349 -0.237559 0.030332
v 0.179521 -0.237869 -0.001254
v 0.183000 -0.251441 0.009973
v 0.176712 -0.214333 0.005936
v 0.179502 -0.217642 0.020637
v 0.178667 -0.219112 0.034892
v 0.177816 -0.208975 0.021818
v 0.180687 -0.231792 0.044882
v 0.182586 -0.243090 0.042323
v 0.184705 -0.256629 0.043275
v 0.181854 -0.246432 0.054880
v 0.127343 -0.374229 -0.082059
v 0.111810 -0.373904 -0.088608
v 0.114158 -0.392737 -0.081179
v 0.113043 -0.358900 -0.093832
v 0.097356 -0.368611 -0.095063
v 0.079634 -0.371255 -0.097240
v 0.086208 -0.358014 -0.102760
v 0.050112 -0.353107 -0.105501
v 0.074709 -0.388642 -0.090028
v 0.041296 -0.366141 -0.097895
v 0.060703 -0.369723 -0.098508
v 0.022034 -0.364215 -0.096300
v 0.035927 -0.382349 -0.089341
v 0.042074 -0.205815 -0.114445
v 0.055271 -0.195955 -0.109641
v 0.056394 -0.214887 -0.117047
v 0.056070 -0.205339 -0.113919
v 0.069170 -0.204567 -0.111191
v 0.182693 -0.468533 0.055433
v 0.179233 -0.491590 0.032746
v 0.185201 -0.437567 0.039508
v 0.182502 -0.464561 0.035842
v 0.181862 -0.462413 0.016368
v 0.126136 -0.494673 -0.064574
v 0.124273 -0.414909 -0.071936
v 0.106271 -0.413255 -0.078048
v 0.131067 -0.465544 -0.063414
v 0.114519 -0.466267 -0.071824
v 0.140588 -0.414329 -0.063526
v 0.147161 -0.464272 -0.052730
v 0.136705 -0.438833 -0.062191
v 0.028951 -0.254822 0.166030
v 0.020265 -0.255807 0.167832
v 0.023706 -0.242550 0.168232
v 0.016230 -0.268005 0.167995
v 0.012828 -0.256314 0.168985
v 0.176567 -0.237569 0.067353
v 0.179094 -0.249188 0.067006
v 0.174119 -0.227458 0.067659
v 0.171116 -0.229331 0.078316
v 0.164108 -0.231100 0.088411
v 0.162561 -0.222320 0.087949
v 0.165949 -0.241582 0.089292
v 0.156251 -0.232243 0.098767
v 0.050326 -0.404088 -0.081750
v 0.031462 -0.399811 -0.079716
v 0.013909 -0.397069 -0.076840
v 0.028339 -0.418795 -0.068130
v 0.176808 -0.444082 0.080435
v 0.175988 -0.471838 0.075091
v 0.175693 -0.497796 0.065568
v 0.168848 -0.469298 0.096325
v 0.153186 -0.513952 0.104891
v 0.156076 -0.455457 0.112793
v 0.155224 -0.483593 0.109933
v 0.141638 -0.492228 0.122730
v 0.126865 -0.498046 0.131264
v 0.128518 -0.470377 0.134260
v 0.124222 -0.527670 0.126936
v 0.111165 -0.503657 0.135550
v 0.003929 -0.405560 0.134662
v 0.012475 -0.387481 0.144684
v 0.014984 -0.400914 0.139260
v 0.010078 -0.372352 0.151617
v 0.022611 -0.368606 0.152983
v 0.050262 -0.303991 -0.123047
v 0.046726 -0.339352 -0.111877
v 0.064938 -0.343298 -0.111670
v 0.066425 -0.318081 -0.119285
v 0.029525 -0.332604 -0.111486
v 0.032659 -0.312286 -0.119205
v 0.049422 -0.315388 -0.120183
v 0.048151 -0.327275 -0.116296
v 0.088516 -0.490418 -0.073815
v 0.060172 -0.453839 -0.070687
v 0.092350 -0.520883 -0.072765
v 0.076799 -0.515426 -0.071956
v 0.060393 -0.511399 -0.067994
v 0.064237 -0.540685 -0.066978
v 0.042584 -0.447772 -0.064386
v 0.026054 -0.439642 -0.056476
v 0.053651 -0.480250 -0.067192
v 0.043793 -0.510683 -0.060062
v 0.136836 -0.520937 -0.056504
v 0.122350 -0.524257 -0.065454
v 0.172084 -0.489829 -0.005345
v 0.154335 -0.490395 -0.040723
v 0.159566 -0.462199 -0.038506
v 0.149438 -0.519444 -0.043743
v 0.142896 -0.546724 -0.048068
v 0.160670 -0.518738 -0.027685
v 0.176505 -0.514919 0.049356
v 0.175069 -0.520139 0.029705
v 0.169767 -0.528844 0.067241
v 0.172908 -0.519874 0.010825
v 0.167497 -0.518596 -0.008092
v 0.162364 -0.546919 -0.015926
v 0.169502 -0.548890 0.021867
v 0.135564 -0.551488 0.112943
v 0.120133 -0.557441 0.121865
v 0.104062 -0.561955 0.124386
v 0.116075 -0.586825 0.115485
v 0.019008 -0.571377 0.095201
v 0.030970 -0.572400 0.107259
v 0.030074 -0.592235 0.099943
v 0.033301 -0.551864 0.113225
v 0.043783 -0.573557 0.118033
v 0.072875 -0.300981 0.149870
v 0.088699 -0.286974 0.144221
v 0.091488 -0.306778 0.144048
v 0.089120 -0.267928 0.144383
v 0.105752 -0.277738 0.136391
v 0.180546 -0.262418 0.065930
v 0.175878 -0.251837 0.079304
v 0.167378 -0.254163 0.090209
v 0.019738 -0.492868 -0.042955
v 0.034687 -0.542356 -0.050136
v 0.028278 -0.515548 -0.048720
v 0.016492 -0.525047 -0.032781
v 0.008038 -0.534573 -0.017103
v 0.013149 -0.555193 -0.022044
v 0.002512 -0.517403 -0.009346
v 0.003418 -0.542882 -0.000187
v 0.178262 -0.221837 0.046940
v 0.175932 -0.213214 0.047605
v 0.176841 -0.224761 0.057551
v 0.171960 -0.218477 0.068079
v 0.177317 -0.460879 -0.003041
v 0.181727 -0.431834 -0.000508
v 0.163967 -0.435201 -0.037043
v 0.170057 -0.460995 -0.021485
v 0.126367 -0.609193 0.103067
v 0.112594 -0.615611 0.111704
v 0.098438 -0.619551 0.114932
v 0.109982 -0.641941 0.109284
v 0.095615 -0.670463 0.109060
v 0.122753 -0.662495 0.099055
v 0.109267 -0.666681 0.106234
v 0.109444 -0.688107 0.100942
v 0.007993 -0.642214 0.031392
v 0.013697 -0.645675 0.045766
v 0.015384 -0.664625 0.038174
v 0.018562 -0.610462 0.078155
v 0.012435 -0.626272 0.053997
v 0.021499 -0.649523 0.059931
v 0.013075 -0.680020 0.015801
v 0.021510 -0.708765 0.002903
v 0.023507 -0.711596 0.014962
v 0.025910 -0.722166 0.007972
v 0.018401 -0.683182 0.030630
v 0.024960 -0.682586 0.046877
v 0.021224 -0.698841 0.022494
v 0.028477 -0.715692 0.028809
v 0.161759 -0.536562 0.085429
v 0.150185 -0.544687 0.100621
v 0.165518 -0.559174 0.064727
v 0.146211 -0.574474 0.096790
v 0.165212 -0.582857 0.044381
v 0.161486 -0.589325 0.062398
v 0.158917 -0.636277 0.040432
v 0.141589 -0.602730 0.093362
v 0.137594 -0.631223 0.091481
v 0.152074 -0.595730 0.078806
v 0.154027 -0.643251 0.057311
v 0.158111 -0.617167 0.060045
v 0.136082 -0.657262 0.089248
v 0.135885 -0.679195 0.086333
v 0.150760 -0.667351 0.054321
v 0.145564 -0.650486 0.073405
v 0.107008 -0.531449 -0.069694
v 0.093492 -0.547947 -0.071164
v 0.116736 -0.550171 -0.066239
v 0.012349 -0.551521 0.088366
v 0.011727 -0.569507 0.080238
v 0.011013 -0.587421 0.071934
v 0.005589 -0.602504 0.048076
v 0.011238 -0.606554 0.063056
v 0.004527 -0.566117 0.065804
v 0.017915 -0.577184 -0.027227
v 0.011351 -0.582874 -0.013281
v 0.017489 -0.626836 -0.024629
v 0.039418 -0.568797 -0.051056
v 0.027844 -0.572448 -0.039306
v 0.025707 -0.623624 -0.035294
v 0.021538 -0.600578 -0.031456
v 0.028884 -0.645085 -0.039076
v 0.035004 -0.620593 -0.045098
v 0.131985 -0.572433 -0.053272
v 0.143302 -0.572144 -0.042460
v 0.131021 -0.620205 -0.048269
v 0.153625 -0.572722 -0.028168
v 0.160709 -0.573455 -0.010001
v 0.140204 -0.620565 -0.038124
v 0.141846 -0.596238 -0.039772
v 0.140407 -0.644146 -0.039229
v 0.149825 -0.621189 -0.025282
v 0.165542 -0.578059 0.026335
v 0.163942 -0.575510 0.008757
v 0.162082 -0.604995 0.025790
v 0.158293 -0.598880 -0.009413
v 0.157570 -0.623336 -0.009548
v 0.162322 -0.655725 0.022917
v 0.161715 -0.631169 0.024301
v 0.159342 -0.648204 -0.010971
v 0.160712 -0.627082 0.007519
v 0.156127 -0.682742 0.035405
v 0.151313 -0.687841 0.051004
v 0.156709 -0.716191 0.032156
v 0.135707 -0.698052 0.080952
v 0.144229 -0.693582 0.066769
v 0.153317 -0.721342 0.046586
v 0.151760 -0.706046 0.048676
v 0.151734 -0.733651 0.043161
v 0.145524 -0.725825 0.059681
v 0.158724 -0.725290 0.015972
v 0.158606 -0.711033 0.016719
v 0.160125 -0.677898 0.020343
v 0.160721 -0.674628 0.003974
v 0.160069 -0.695999 0.017583
v 0.159978 -0.708159 0.001458
v 0.160127 -0.719843 -0.014846
v 0.160418 -0.706373 -0.014231
v 0.151289 -0.668847 -0.028345
v 0.159452 -0.671057 -0.013084
v 0.159724 -0.690694 -0.014162
v 0.156518 -0.705626 -0.030168
v 0.153564 -0.719363 -0.045323
v 0.150962 -0.705512 -0.045042
v 0.134985 -0.666445 -0.051211
v 0.142571 -0.667226 -0.041533
v 0.146613 -0.688039 -0.043516
v 0.141552 -0.704940 -0.056731
v 0.135480 -0.719995 -0.066828
v 0.131751 -0.704523 -0.064116
v 0.125996 -0.666160 -0.059202
v 0.129015 -0.686185 -0.061610
v 0.122443 -0.703234 -0.069372
v 0.107186 -0.685863 -0.070168
v 0.116257 -0.718817 -0.076755
v 0.111937 -0.703171 -0.073296
v 0.100993 -0.702841 -0.074507
v 0.089279 -0.701900 -0.073363
v 0.095018 -0.718025 -0.077943
v 0.083184 -0.683276 -0.069336
v 0.077927 -0.699836 -0.070081
v 0.025046 -0.667801 -0.033116
v 0.033938 -0.665545 -0.042617
v 0.036639 -0.702505 -0.041562
v 0.043740 -0.664039 -0.050535
v 0.060928 -0.681855 -0.060446
v 0.045927 -0.699932 -0.050463
v 0.040263 -0.684053 -0.045525
v 0.072428 -0.714601 -0.069878
v 0.066492 -0.698539 -0.065365
v 0.050971 -0.712642 -0.055978
v 0.055819 -0.698575 -0.058372
v 0.156210 -0.738534 0.030405
v 0.149140 -0.742939 0.039787
v 0.158116 -0.735848 0.015731
v 0.159524 -0.732941 -0.000158
v 0.157371 -0.744340 0.016342
v 0.160135 -0.730865 -0.015144
v 0.159104 -0.729385 -0.029570
v 0.161031 -0.740542 -0.015170
v 0.156012 -0.728370 -0.044916
v 0.147506 -0.730897 -0.059315
v 0.157516 -0.735756 -0.042729
v 0.045941 -0.725173 -0.052937
v 0.055790 -0.724075 -0.060408
v 0.076933 -0.729245 -0.075336
v 0.065874 -0.725321 -0.068224
v 0.058989 -0.734088 -0.065387
v 0.027852 -0.731799 0.001370
v 0.031199 -0.733959 0.012276
v 0.026196 -0.731243 -0.010042
v 0.028875 -0.740496 -0.003202
v 0.141399 -0.749018 0.047631
v 0.147882 -0.751702 0.037176
v 0.131132 -0.761756 0.052310
v 0.157054 -0.753841 0.015376
v 0.159471 -0.751772 0.002202
v 0.161724 -0.750663 -0.012272
v 0.161300 -0.747913 -0.027124
v 0.160140 -0.745633 -0.040983
v 0.154427 -0.743689 -0.052071
v 0.148299 -0.743325 -0.062361
v 0.052582 -0.744037 -0.062307
v 0.061054 -0.743528 -0.068876
v 0.070029 -0.743412 -0.074976
v 0.033704 -0.753375 0.002552
v 0.031012 -0.751105 -0.007623
v 0.028906 -0.748768 -0.017436
v 0.002986 -0.492114 -0.016284
v -0.001899 -0.504406 0.000276
v -0.003887 -0.481448 0.005765
v -0.004540 -0.514201 0.017797
v -0.003759 -0.490946 0.022717
v -0.004303 -0.495747 0.011283
v -0.003700 -0.486678 0.034131
v -0.005441 -0.497129 0.040150
v 0.030961 -0.672227 0.061920
v 0.030944 -0.654439 0.075050
v 0.036657 -0.691702 0.057351
v 0.029807 -0.612391 0.092847
v 0.041715 -0.609412 0.105672
v 0.029451 -0.633946 0.084345
v 0.040879 -0.654642 0.090883
v 0.036733 -0.731094 0.031718
v 0.037609 -0.720859 0.041078
v 0.041527 -0.709692 0.051573
v 0.047535 -0.698886 0.068594
v 0.048828 -0.725533 0.049655
v 0.037008 -0.739047 0.023529
v 0.036627 -0.745962 0.016932
v 0.046873 -0.746405 0.035213
v 0.038154 -0.755922 0.012921
v 0.042933 -0.758483 0.023074
v 0.099622 -0.457573 0.145978
v 0.085803 -0.418895 0.148241
v 0.071390 -0.429489 0.147118
v 0.071691 -0.408220 0.148924
v 0.070809 -0.450784 0.144903
v 0.056654 -0.439894 0.144067
v -0.006625 -0.450753 0.095510
v 0.000722 -0.430381 0.119652
v -0.005144 -0.443597 0.104485
v -0.003467 -0.447773 0.099220
v -0.002905 -0.412155 0.129098
v -0.000978 -0.421030 0.124249
v -0.006216 -0.438195 0.109419
v -0.003813 -0.433955 0.114497
v 0.153902 -0.755733 0.027788
v 0.146109 -0.757628 0.036584
v 0.137935 -0.733171 -0.069453
v 0.129043 -0.733297 -0.075254
v 0.139990 -0.743332 -0.070824
v 0.100082 -0.731260 -0.081215
v 0.088854 -0.731137 -0.079278
v 0.080495 -0.742310 -0.080128
v 0.120167 -0.732375 -0.079135
v 0.110392 -0.732105 -0.080549
v 0.122947 -0.743241 -0.081502
v 0.102303 -0.742436 -0.084272
v 0.051091 -0.760154 0.032752
v 0.108930 -0.764346 0.058354
v 0.059177 -0.751116 0.046316
v 0.060029 -0.761209 0.040980
v 0.084286 -0.764360 0.054004
v 0.061335 -0.720356 0.069539
v 0.058848 -0.740387 0.051727
v 0.059860 -0.729676 0.058154
v 0.083598 -0.755011 0.059025
v 0.071080 -0.753420 0.052885
v 0.068818 -0.733720 0.067246
v 0.108641 -0.755098 0.062421
v 0.095885 -0.756247 0.063552
v 0.081580 -0.734986 0.074050
v 0.081330 -0.746017 0.065848
v 0.095186 -0.708963 0.094014
v 0.081485 -0.724336 0.082244
v 0.095450 -0.735805 0.078072
v 0.076004 -0.255536 0.150177
v 0.092500 -0.250038 0.142502
v 0.043560 -0.240645 0.163649
v 0.061614 -0.257264 0.156007
v 0.067322 -0.239844 0.155288
v 0.031855 -0.268102 0.164288
v 0.038430 -0.254926 0.163568
v 0.052188 -0.272831 0.158401
v 0.049357 -0.255855 0.160234
v 0.001312 -0.372761 0.150811
v 0.008052 -0.357143 0.159120
v -0.004101 -0.386035 0.142726
v -0.003650 -0.369852 0.151962
v -0.005471 -0.403702 0.133649
v -0.006607 -0.419400 0.123112
v -0.008416 -0.395665 0.136594
v -0.007680 -0.444210 0.104305
v -0.007409 -0.433075 0.113825
v -0.008892 -0.427028 0.117759
v -0.005806 -0.458051 0.080572
v -0.005562 -0.466556 0.065265
v -0.006678 -0.459339 0.086199
v -0.005599 -0.462531 0.076421
v -0.005067 -0.466617 0.070674
v 0.022078 -0.532362 0.109337
v 0.035650 -0.530417 0.120015
v 0.041094 -0.468697 0.134924
v 0.026216 -0.494118 0.121760
v 0.014622 -0.499566 0.109954
v 0.016411 -0.482882 0.115721
v 0.013154 -0.533947 0.095862
v 0.006088 -0.533489 0.082400
v 0.013637 -0.516436 0.103510
v 0.006726 -0.502765 0.097419
v 0.187480 -0.411025 0.043516
v 0.188318 -0.406554 0.022723
v 0.184633 -0.415213 0.064097
v 0.176938 -0.417897 0.083707
v 0.188583 -0.385896 0.047962
v 0.087682 -0.411127 -0.081702
v 0.068750 -0.408092 -0.082632
v 0.095908 -0.464515 -0.074022
v 0.100987 -0.437855 -0.075042
v 0.064206 -0.429378 -0.075350
v 0.077591 -0.459714 -0.075210
v 0.056320 -0.225143 -0.120366
v 0.069726 -0.225222 -0.117968
v 0.041304 -0.224922 -0.120626
v 0.055315 -0.236453 -0.122949
v 0.146242 -0.391434 -0.064667
v 0.155458 -0.412019 -0.052363
v 0.168492 -0.407666 -0.037708
v 0.185335 -0.402516 0.001121
v 0.179047 -0.403105 -0.019269
v 0.188889 -0.375715 0.006104
v 0.173172 -0.379322 -0.036945
v 0.049585 -0.526908 0.129963
v 0.054022 -0.480996 0.138540
v 0.037333 -0.508968 0.126145
v 0.039917 -0.488407 0.130668
v 0.038208 -0.366029 0.153195
v 0.034708 -0.350606 0.157239
v 0.063916 -0.334309 0.153094
v 0.031502 -0.335216 0.160764
v 0.054595 -0.301700 0.156347
v 0.059748 -0.317665 0.154209
v 0.047222 -0.333953 0.157175
v -0.006760 -0.457263 0.089437
v -0.006148 -0.458819 0.085407
v -0.004839 -0.465311 0.077858
v -0.006779 -0.454115 0.093375
v -0.007519 -0.450410 0.097245
v -0.005169 -0.463631 0.083696
v 0.190618 -0.356805 0.032791
v 0.188560 -0.361396 0.052099
v 0.183768 -0.365188 0.071219
v 0.187292 -0.337890 0.056125
v 0.023091 -0.279618 0.165792
v 0.030250 -0.281145 0.164151
v 0.016447 -0.279015 0.167565
v 0.010658 -0.277097 0.168853
v 0.016428 -0.289454 0.167064
v -0.004069 -0.470520 0.075880
v -0.004519 -0.469761 0.077919
v -0.004103 -0.470461 0.072136
v -0.003847 -0.469737 0.075165
v -0.003830 -0.474662 0.070872
v -0.002225 -0.534990 0.025639
v 0.000830 -0.546376 0.058895
v 0.001191 -0.562134 0.049922
v -0.003797 -0.522464 0.035416
v 0.001254 -0.531912 0.067701
v -0.005273 -0.511454 0.046304
v -0.005787 -0.502040 0.056408
v 0.000919 -0.518188 0.076305
v -0.002467 -0.527759 0.052461
v 0.009081 -0.432757 -0.051035
v 0.019839 -0.459312 -0.045854
v 0.009850 -0.476347 -0.031933
v 0.002012 -0.469780 -0.019486
v -0.003504 -0.471157 0.003010
v -0.002085 -0.468934 -0.007540
v -0.001160 -0.457112 -0.021469
v -0.004372 -0.458395 -0.013325
v -0.002773 -0.445186 -0.036394
v -0.004598 -0.453952 -0.023651
v -0.004680 -0.454579 -0.022290
v 0.087310 -0.595679 0.119504
v 0.053232 -0.595773 0.114345
v 0.059642 -0.573310 0.122097
v 0.085031 -0.624528 0.115153
v 0.055666 -0.620153 0.109658
v 0.092301 -0.538194 0.132899
v 0.089370 -0.566909 0.126561
v 0.063031 -0.547664 0.128677
v 0.065376 -0.521689 0.134195
v 0.074828 -0.571241 0.126110
v 0.083645 -0.650572 0.111529
v 0.082061 -0.673642 0.105961
v 0.054551 -0.667492 0.096141
v 0.054911 -0.645037 0.103007
v 0.069621 -0.632648 0.113325
v 0.082104 -0.693522 0.098152
v 0.056904 -0.688105 0.086421
v 0.058392 -0.705448 0.076363
v 0.069709 -0.714497 0.081223
v 0.082047 -0.710674 0.089355
v 0.067904 -0.678742 0.099986
v 0.185456 -0.268164 0.020991
v 0.183442 -0.266148 0.005293
v 0.189718 -0.307928 0.025818
v 0.180275 -0.263643 -0.010154
v 0.184544 -0.281684 -0.000481
v 0.108263 -0.244922 0.134137
v 0.095750 -0.234365 0.141552
v 0.007879 -0.427587 0.125012
v 0.002347 -0.438907 0.114871
v 0.016954 -0.414054 0.135274
v 0.028502 -0.398281 0.144087
v 0.043444 -0.415131 0.143056
v 0.018227 -0.426645 0.131019
v 0.003243 -0.568182 0.008006
v 0.000777 -0.550403 0.016148
v 0.003593 -0.598643 0.031762
v 0.002606 -0.579307 0.040857
v -0.000249 -0.556736 0.032841
v 0.186362 -0.270275 0.036105
v 0.185853 -0.269903 0.051496
v 0.183017 -0.277998 0.064745
v 0.188836 -0.311953 0.042691
v 0.185478 -0.315248 0.060263
v 0.187768 -0.288105 0.031251
v 0.009133 -0.658451 0.008066
v 0.013078 -0.676483 0.001930
v 0.015039 -0.651311 -0.018856
v 0.011553 -0.630636 -0.013095
v 0.006189 -0.588201 0.000366
v 0.004884 -0.618289 0.024028
v 0.006878 -0.638398 0.016041
v 0.008861 -0.609598 -0.006379
v 0.003858 -0.593265 0.016005
v 0.008045 -0.634567 0.000591
v 0.049633 -0.641662 -0.054297
v 0.066223 -0.663594 -0.061204
v 0.054702 -0.663081 -0.056426
v 0.066331 -0.568535 -0.065061
v 0.052893 -0.567202 -0.059319
v 0.042730 -0.594948 -0.051443
v 0.046108 -0.618609 -0.052627
v 0.057817 -0.618717 -0.058584
v 0.080230 -0.571258 -0.067588
v 0.094351 -0.573425 -0.069030
v 0.069653 -0.619650 -0.062762
v 0.067524 -0.594980 -0.063463
v 0.090204 -0.664895 -0.068390
v 0.077619 -0.663724 -0.065119
v 0.072777 -0.643092 -0.063455
v 0.082699 -0.620946 -0.065003
v 0.119922 -0.573292 -0.061571
v 0.107169 -0.574188 -0.065988
v 0.120087 -0.596429 -0.059733
v 0.094465 -0.597416 -0.066947
v 0.096455 -0.620892 -0.065664
v 0.123925 -0.643528 -0.057095
v 0.121053 -0.619702 -0.057599
v 0.114726 -0.666379 -0.065087
v 0.102786 -0.666143 -0.068256
v 0.099006 -0.644061 -0.066761
v 0.109126 -0.620483 -0.062784
v 0.132680 -0.741887 0.061094
v 0.132689 -0.752981 0.055283
v 0.121481 -0.753408 0.060024
v 0.109044 -0.745308 0.069645
v 0.109004 -0.734007 0.077512
v -0.005830 -0.493401 0.065326
v 0.001154 -0.492215 0.091294
v 0.000940 -0.504901 0.084032
v -0.002562 -0.504454 0.070306
v -0.000637 -0.414435 -0.063387
v -0.001484 -0.431109 -0.049631
v -0.005169 -0.433083 -0.048348
v 0.172183 -0.348121 0.095680
v 0.169173 -0.415784 0.103167
v 0.177096 -0.392796 0.087145
v 0.175820 -0.368765 0.089686
v 0.167015 -0.368155 0.106850
v 0.080578 -0.338618 0.149329
v 0.085538 -0.377311 0.150375
v 0.067702 -0.351789 0.152663
v 0.094297 -0.326821 0.144982
v 0.108863 -0.316430 0.139389
v 0.096852 -0.347311 0.146275
v 0.047453 -0.289913 0.158487
v 0.038440 -0.284446 0.161721
v 0.038534 -0.307053 0.160864
v 0.026280 -0.292570 0.164505
v -0.003368 -0.454564 0.095579
v -0.001403 -0.447937 0.104878
v -0.004392 -0.461067 0.091877
v 0.002964 -0.448614 0.111207
v 0.097947 -0.483044 0.143179
v 0.095814 -0.510108 0.138743
v 0.084787 -0.465337 0.144895
v 0.069677 -0.473360 0.142401
v 0.067930 -0.496445 0.139151
v 0.080137 -0.516346 0.137451
v 0.129267 -0.443728 0.135776
v 0.114594 -0.450375 0.141258
v 0.100508 -0.433344 0.147615
v 0.100943 -0.409900 0.148110
v 0.156032 -0.429160 0.115906
v 0.143621 -0.437060 0.127865
v 0.155806 -0.403938 0.117494
v 0.129313 -0.418228 0.137109
v 0.146530 -0.246148 0.109859
v 0.122093 -0.255183 0.126560
v 0.122423 -0.241067 0.125737
v 0.122395 -0.288965 0.129824
v 0.122004 -0.270978 0.128272
v 0.134876 -0.265287 0.120763
v 0.158015 -0.256761 0.101931
v 0.168256 -0.269573 0.091329
v 0.146855 -0.260590 0.111445
v 0.147760 -0.277439 0.112833
v -0.005411 -0.471648 0.015457
v -0.003205 -0.467869 0.004199
v -0.004098 -0.463907 -0.003303
v -0.004228 -0.461242 -0.007058
v -0.004420 -0.468948 0.009356
v 0.040785 -0.382341 0.150322
v 0.071295 -0.389243 0.150454
v 0.057170 -0.401913 0.147939
v 0.054308 -0.366631 0.152776
v 0.042786 -0.398450 0.146323
v 0.070045 -0.370091 0.152043
v 0.024846 -0.720814 -0.015505
v 0.033490 -0.719338 -0.037189
v 0.029708 -0.705070 -0.031402
v 0.026983 -0.732920 -0.022161
v 0.017838 -0.692356 -0.003291
v 0.021795 -0.707007 -0.009245
v 0.019064 -0.670514 -0.022222
v 0.024861 -0.688226 -0.025714
v 0.014222 -0.673321 -0.011222
v 0.024231 -0.706080 -0.021133
v 0.036718 -0.730083 -0.043441
v 0.040901 -0.734692 -0.049443
v 0.028770 -0.746744 -0.028393
v 0.030362 -0.734603 -0.032793
v 0.044417 -0.743954 -0.054416
v 0.037066 -0.744808 -0.045506
v -0.003886 -0.472502 0.066202
v -0.003354 -0.473898 0.058465
v -0.004071 -0.478637 0.063587
v -0.004051 -0.474694 0.067695
v -0.003927 -0.474311 0.049404
v -0.006919 -0.473856 0.029058
v -0.004262 -0.477930 0.051387
v 0.003075 -0.381231 -0.086274
v 0.000901 -0.397391 -0.075510
v -0.005231 -0.402891 -0.072337
v 0.009132 -0.349909 -0.102659
v 0.005924 -0.364873 -0.094943
v -0.003944 -0.370592 -0.092560
v 0.153140 -0.198015 -0.050655
v 0.172410 -0.199668 -0.007859
v 0.161075 -0.198932 -0.035727
v 0.173741 -0.216041 -0.010629
v 0.173399 -0.207782 -0.009193
v 0.162231 -0.206885 -0.039260
v 0.161732 -0.202202 -0.037576
v 0.167126 -0.202256 -0.023257
v 0.167165 -0.191467 -0.012911
v 0.175325 -0.196864 0.007678
v 0.169783 -0.191007 -0.005659
v 0.162538 -0.191353 -0.024128
v 0.172572 -0.195448 0.015813
v 0.177031 -0.201985 0.022555
v 0.175432 -0.203556 0.036492
v 0.174088 -0.196188 0.022981
v 0.172744 -0.200265 0.041149
v 0.174817 -0.206354 0.049265
v 0.172156 -0.208052 0.058072
v 0.171600 -0.200047 0.052033
v 0.166122 -0.213247 0.076568
v 0.169251 -0.210997 0.066901
v 0.167794 -0.204800 0.065362
v 0.161212 -0.214629 0.086269
v 0.153661 -0.215821 0.096035
v 0.159974 -0.207298 0.084125
v 0.145642 -0.224946 0.107449
v 0.146321 -0.233784 0.108858
v 0.122707 -0.228596 0.124474
v 0.134727 -0.236793 0.117260
v 0.145228 -0.217342 0.105628
v 0.145042 -0.210108 0.104398
v 0.134250 -0.218015 0.114428
v 0.110494 -0.219766 0.132352
v 0.122815 -0.218884 0.123905
v 0.122595 -0.211573 0.122638
v 0.085088 -0.222535 0.148318
v 0.097876 -0.220871 0.140734
v 0.099788 -0.210518 0.140136
v 0.072571 -0.224249 0.154540
v 0.060662 -0.225634 0.159792
v 0.077448 -0.211688 0.154304
v 0.037513 -0.227589 0.167386
v 0.048760 -0.226752 0.164154
v 0.053792 -0.213941 0.165406
v 0.026927 -0.229106 0.169620
v 0.017389 -0.230492 0.170842
v 0.030523 -0.216743 0.171959
v 0.008448 -0.231814 0.171382
v 0.010023 -0.219848 0.174410
v 0.006886 -0.244701 0.170502
v 0.005793 -0.257221 0.169622
v -0.000011 -0.236242 0.171192
v 0.146947 -0.189129 -0.052014
v 0.105611 -0.185245 0.136632
v 0.047077 -0.178187 0.177635
v 0.086868 -0.179164 0.154446
v 0.067529 -0.175829 0.168532
v 0.123024 -0.191668 0.120068
v 0.139146 -0.194472 0.104292
v 0.166540 -0.361129 -0.050400
v 0.176914 -0.351321 -0.036998
v 0.139739 -0.356654 -0.079761
v 0.141594 -0.372585 -0.072987
v 0.155805 -0.368587 -0.064096
v 0.162255 -0.346231 -0.060027
v 0.138073 -0.343583 -0.085687
v 0.149231 -0.339749 -0.077811
v 0.165493 -0.326091 -0.059194
v 0.157788 -0.333813 -0.068318
v 0.153739 -0.323749 -0.074938
v 0.175220 -0.274775 -0.030538
v 0.175533 -0.248415 -0.020803
v 0.175517 -0.261028 -0.025202
v 0.170134 -0.258665 -0.039188
v 0.175027 -0.225557 -0.013583
v 0.175670 -0.236526 -0.016993
v 0.162618 -0.214043 -0.040637
v 0.168900 -0.215117 -0.026238
v 0.169818 -0.234918 -0.031687
v 0.126271 -0.345557 -0.093042
v 0.113591 -0.346525 -0.099354
v 0.135917 -0.331471 -0.090571
v 0.082960 -0.308375 -0.119440
v 0.082944 -0.320121 -0.117601
v 0.098889 -0.346263 -0.104519
v 0.082588 -0.345735 -0.109161
v 0.083016 -0.332829 -0.113609
v 0.113127 -0.334171 -0.103738
v 0.097990 -0.321444 -0.112628
v 0.155203 -0.212092 -0.053468
v 0.163859 -0.233724 -0.045666
v 0.163493 -0.222927 -0.042987
v 0.163749 -0.257342 -0.052651
v 0.163617 -0.245539 -0.048973
v 0.156102 -0.232720 -0.058374
v 0.149817 -0.315594 -0.080232
v 0.155347 -0.310382 -0.074299
v 0.158637 -0.302832 -0.069661
v 0.153453 -0.299262 -0.076836
v 0.170172 -0.315823 -0.050691
v 0.164917 -0.308249 -0.061383
v 0.168827 -0.284623 -0.049201
v 0.161795 -0.292957 -0.065698
v 0.124106 -0.321778 -0.100479
v 0.111353 -0.310173 -0.109372
v 0.112239 -0.322012 -0.107341
v 0.142941 -0.318505 -0.086893
v 0.134342 -0.320617 -0.093969
v 0.146362 -0.307514 -0.084557
v 0.133436 -0.309929 -0.095997
v 0.067246 -0.184185 -0.101977
v 0.040238 -0.188252 -0.106885
v 0.053887 -0.186274 -0.105199
v 0.055873 -0.177346 -0.100250
v 0.153869 -0.190052 -0.042201
v 0.158178 -0.190340 -0.035647
v 0.144344 -0.194870 -0.061873
v 0.140356 -0.186647 -0.061151
v 0.011844 -0.335593 -0.108922
v 0.016562 -0.310198 -0.118204
v 0.018525 -0.322013 -0.114092
v -0.002691 -0.340638 -0.106859
v 0.147463 -0.298020 -0.083860
v 0.147962 -0.288845 -0.083180
v 0.132772 -0.299313 -0.097557
v 0.141006 -0.301748 -0.090688
v 0.082903 -0.296497 -0.121497
v 0.097454 -0.297793 -0.116554
v 0.110551 -0.298583 -0.110982
v 0.122099 -0.299310 -0.104355
v 0.131988 -0.288244 -0.098038
v 0.109762 -0.286447 -0.111592
v 0.081795 -0.203947 -0.108544
v 0.082554 -0.214355 -0.111651
v 0.106103 -0.214824 -0.101992
v 0.106131 -0.225809 -0.105217
v 0.116917 -0.227091 -0.098222
v 0.082691 -0.225007 -0.115167
v 0.082741 -0.236772 -0.117882
v 0.094536 -0.225341 -0.110637
v 0.103069 -0.237313 -0.109373
v 0.148238 -0.220447 -0.067423
v 0.148535 -0.231714 -0.070558
v 0.128765 -0.217562 -0.087370
v 0.146483 -0.202280 -0.063179
v 0.147791 -0.210670 -0.064916
v 0.136833 -0.192647 -0.069199
v 0.138694 -0.208976 -0.074523
v 0.080990 -0.193929 -0.104151
v 0.080459 -0.184750 -0.099400
v 0.093776 -0.204046 -0.103861
v 0.106083 -0.204569 -0.099063
v 0.117634 -0.205930 -0.091757
v 0.128878 -0.207566 -0.083788
v 0.128730 -0.198763 -0.080209
v 0.105353 -0.195663 -0.095132
v 0.125961 -0.183148 -0.073717
v 0.128437 -0.191355 -0.076327
v 0.118216 -0.190954 -0.083909
v 0.148076 -0.243312 -0.073545
v 0.128532 -0.228655 -0.090428
v 0.125345 -0.239833 -0.095237
v 0.138801 -0.230317 -0.080547
v 0.082572 -0.249004 -0.120525
v 0.095770 -0.273615 -0.117611
v 0.106503 -0.250005 -0.110280
v 0.094609 -0.246006 -0.115085
v 0.068738 -0.248813 -0.123036
v 0.054474 -0.247868 -0.125394
v 0.078514 -0.260688 -0.122225
v 0.038736 -0.247389 -0.125171
v 0.049406 -0.259188 -0.126348
v 0.021961 -0.258610 -0.125852
v 0.024194 -0.235232 -0.123477
v 0.022732 -0.246964 -0.125358
v 0.006642 -0.249840 -0.125459
v 0.079479 -0.178184 -0.096061
v 0.091967 -0.186264 -0.096078
v 0.105151 -0.189310 -0.091284
v 0.107877 -0.186933 -0.088317
v 0.108868 -0.181893 -0.084293
v 0.099302 -0.181228 -0.089623
v 0.108734 -0.705534 0.093450
v 0.122516 -0.701986 0.089972
v 0.134894 -0.715104 0.075357
v 0.133533 -0.729211 0.068019
v 0.108132 -0.721552 0.086378
v 0.121350 -0.732710 0.075370
v -0.004678 -0.477417 0.029005
v -0.004266 -0.482119 0.045148
v -0.005964 -0.471306 0.049192
v -0.006659 -0.472515 0.027407
v -0.005222 -0.471750 0.038053
v -0.005644 -0.483777 0.059903
v -0.005604 -0.471481 0.062622
v -0.006508 -0.470216 0.075415
v -0.005173 -0.484425 0.073981
v -0.004990 -0.476901 0.054409
v 0.178515 -0.282069 0.080101
v 0.180303 -0.314746 0.077759
v 0.182974 -0.296611 0.067393
v 0.170044 -0.286431 0.092581
v 0.190958 -0.351157 0.012999
v 0.186749 -0.345033 -0.007158
v 0.190791 -0.328993 0.019746
v 0.188018 -0.303575 0.009033
v 0.185351 -0.299115 -0.007130
v 0.182824 -0.336034 -0.024602
v 0.180240 -0.293902 -0.022069
v 0.176325 -0.325025 -0.038708
v 0.174373 -0.288772 -0.036167
v 0.173418 -0.302991 -0.043063
v 0.184841 -0.316941 -0.015061
v 0.017495 -0.467685 0.120263
v 0.008523 -0.475065 0.108996
v 0.009484 -0.450601 0.117636
v 0.002420 -0.457917 0.107508
v 0.043468 -0.431707 0.140405
v 0.042738 -0.449985 0.137643
v 0.029006 -0.459559 0.130280
v 0.018760 -0.439463 0.127556
v 0.030703 -0.427693 0.136732
v 0.018417 -0.453598 0.123990
v 0.172849 -0.325678 0.091864
v 0.164490 -0.331753 0.106811
v 0.149357 -0.296631 0.114960
v 0.161224 -0.291593 0.104635
v 0.171090 -0.305220 0.092055
v 0.100213 -0.387619 0.148557
v 0.099096 -0.366856 0.147613
v 0.112654 -0.357913 0.142721
v 0.114763 -0.401460 0.143499
v 0.128610 -0.394277 0.137730
v -0.005109 -0.468234 0.086478
v 0.001536 -0.480056 0.097381
v -0.002410 -0.482631 0.085423
v -0.002057 -0.463982 0.096821
v -0.005004 -0.476119 0.080813
v 0.001782 -0.468777 0.102797
v 0.163536 -0.269352 -0.057023
v 0.156582 -0.255849 -0.064972
v 0.156035 -0.279106 -0.071622
v 0.162708 -0.281701 -0.060945
v 0.148398 -0.254911 -0.076656
v 0.148276 -0.278132 -0.081363
v 0.140306 -0.280355 -0.090304
v 0.131073 -0.276504 -0.097758
v 0.139121 -0.257044 -0.086854
v 0.148258 -0.266284 -0.079286
v 0.108886 -0.274324 -0.112419
v 0.120162 -0.275264 -0.104955
v 0.117976 -0.251351 -0.103114
v 0.129360 -0.252675 -0.095349
v 0.107411 -0.262509 -0.111361
v 0.130069 -0.264687 -0.096638
v 0.051222 -0.292909 -0.125242
v 0.067223 -0.294810 -0.123420
v 0.082218 -0.284371 -0.121753
v 0.082144 -0.272573 -0.122240
v 0.067348 -0.271872 -0.125002
v 0.035180 -0.291047 -0.124329
v 0.052381 -0.270729 -0.127206
v 0.037100 -0.267136 -0.126583
v 0.021166 -0.270051 -0.126487
v 0.051882 -0.281944 -0.126414
v 0.005173 -0.272567 -0.125760
v 0.016534 -0.280517 -0.125290
v 0.020077 -0.333573 0.163598
v 0.029026 -0.321024 0.162466
v 0.026003 -0.310612 0.163942
v 0.007917 -0.299489 0.167466
v 0.012585 -0.315495 0.165696
v 0.018168 -0.297043 0.166224
v 0.012928 -0.298563 0.166909
v 0.022322 -0.302610 0.165312
v 0.017396 -0.310446 0.165453
v 0.012210 -0.306875 0.166661
v 0.003659 -0.291015 0.168400
v 0.002623 -0.301097 0.167434
v 0.001915 -0.311672 0.166089
v -0.002802 -0.304625 0.167102
v 0.011615 -0.341373 0.163690
v 0.004259 -0.344343 0.162686
v 0.012691 -0.327075 0.165131
v 0.007184 -0.319085 0.165751
v 0.001420 -0.322541 0.165699
v -0.000842 -0.346113 0.162789
v -0.003954 -0.326606 0.165455
v 0.000632 -0.334229 0.164834
v -0.003619 -0.357229 0.158161
v -0.006997 -0.365831 0.153331
v -0.005341 -0.349834 0.161408
v 0.101292 -0.202702 0.138945
v 0.091205 -0.201732 0.146664
v 0.095195 -0.188270 0.145143
v 0.086182 -0.185773 0.153442
v 0.122879 -0.205728 0.121610
v 0.111792 -0.204107 0.130273
v 0.104193 -0.191664 0.136971
v 0.113735 -0.194668 0.128281
v 0.103053 -0.196511 0.137695
v 0.034285 -0.205198 0.173617
v 0.022569 -0.206538 0.175922
v 0.029024 -0.187884 0.179749
v 0.058605 -0.203125 0.166424
v 0.046468 -0.204235 0.170484
v 0.044478 -0.186610 0.176197
v 0.055972 -0.185589 0.172350
v 0.039052 -0.195236 0.175432
v 0.166345 -0.199286 0.064614
v 0.163737 -0.202380 0.073999
v 0.080635 -0.201266 0.154435
v 0.069877 -0.201672 0.160610
v 0.066571 -0.183808 0.167347
v 0.076456 -0.183316 0.161186
v 0.083650 -0.193086 0.153364
v 0.062919 -0.193500 0.166592
v 0.144966 -0.203969 0.102039
v 0.134328 -0.205261 0.111936
v 0.124226 -0.197415 0.119808
v 0.135330 -0.197094 0.110418
v 0.123575 -0.201304 0.120392
v 0.159266 -0.201049 0.081772
v 0.152790 -0.202062 0.090930
v 0.144840 -0.194264 0.097930
v 0.158784 -0.196324 0.080673
v 0.145294 -0.198408 0.099259
v 0.026164 -0.205153 -0.115047
v 0.026974 -0.197111 -0.111516
v 0.027386 -0.189194 -0.107856
v 0.028931 -0.180332 -0.103580
v 0.011465 -0.190731 -0.109698
v 0.011604 -0.208219 0.177543
v 0.001092 -0.212058 0.176521
v 0.013107 -0.197681 0.179403
v -0.003365 -0.480134 0.060036
v -0.003578 -0.479489 0.055578
v -0.004104 -0.480324 0.046263
v -0.004862 -0.473013 0.022093
v -0.004143 -0.471874 0.016400
v -0.004359 -0.477321 0.034221
v -0.003364 -0.480117 0.041602
v 0.123383 -0.308571 0.132138
v 0.152034 -0.336944 0.118124
v 0.124748 -0.328796 0.135075
v 0.136746 -0.302268 0.124503
v 0.150840 -0.316237 0.116867
v 0.153388 -0.357843 0.118969
v 0.154683 -0.380411 0.118629
v 0.126246 -0.349626 0.136295
v 0.143035 -0.387658 0.130949
v 0.127233 -0.371585 0.137615
v 0.139714 -0.342692 0.129485
v 0.018344 -0.300157 -0.121071
v 0.001326 -0.307313 -0.118475
v 0.019495 -0.290061 -0.124156
v 0.004383 -0.287215 -0.123652
v 0.025777 -0.214244 -0.117644
v 0.024805 -0.224202 -0.121011
v 0.008259 -0.226650 -0.121802
v 0.009372 -0.207061 -0.115843
v 0.024957 -0.181707 0.181552
v 0.014202 -0.182159 0.182986
v 0.014004 -0.189432 0.181177
v 0.002466 -0.192313 0.180551
v 0.004765 -0.269711 0.169395
v 0.004177 -0.280321 0.168692
v -0.000983 -0.261460 0.169710
v -0.001714 -0.284183 0.168590
v -0.187993 -0.243214 -0.015997
v -0.191306 -0.244313 -0.000712
v -0.192518 -0.257237 -0.003098
v -0.190609 -0.233965 0.005075
v -0.193265 -0.242467 0.014548
v -0.188445 -0.226098 0.002045
v -0.190080 -0.226561 0.016404
v -0.185495 -0.224596 -0.012739
v -0.186549 -0.220788 0.003044
v -0.196513 -0.261128 0.030521
v -0.194248 -0.247289 0.028066
v -0.192352 -0.236131 0.029424
v -0.194788 -0.249835 0.041609
v -0.121275 -0.368342 -0.093711
v -0.121077 -0.384799 -0.087584
v -0.105301 -0.377679 -0.093633
v -0.137371 -0.386166 -0.081584
v -0.124837 -0.404521 -0.080473
v -0.016353 -0.350896 -0.102682
v -0.017086 -0.336154 -0.108306
v -0.013428 -0.382127 -0.086382
v -0.015074 -0.366150 -0.095345
v -0.032279 -0.366190 -0.097044
v -0.083271 -0.396171 -0.088587
v -0.050944 -0.370455 -0.096976
v -0.048467 -0.385642 -0.089651
v -0.093864 -0.365167 -0.100774
v -0.087531 -0.379252 -0.095519
v -0.057523 -0.356925 -0.104162
v -0.069354 -0.375678 -0.096636
v -0.007900 -0.205413 -0.115766
v -0.008418 -0.213906 -0.118276
v -0.042809 -0.216151 -0.119735
v -0.057697 -0.208986 -0.117227
v -0.007988 -0.197122 -0.113444
v -0.007963 -0.188642 -0.111228
v -0.025817 -0.206085 -0.116614
v -0.042664 -0.207749 -0.117431
v -0.042197 -0.199694 -0.114104
v -0.200700 -0.443369 0.034739
v -0.198059 -0.469133 0.012563
v -0.197722 -0.473567 0.050805
v -0.197953 -0.470462 0.031674
v -0.195205 -0.497786 0.028645
v -0.154498 -0.424982 -0.063166
v -0.163948 -0.474115 -0.053428
v -0.117382 -0.424772 -0.076682
v -0.136630 -0.427029 -0.072600
v -0.146329 -0.476242 -0.063289
v -0.150588 -0.449765 -0.062261
v -0.141879 -0.504358 -0.063977
v -0.126680 -0.476650 -0.070068
v -0.007466 -0.259177 0.169278
v -0.007600 -0.270966 0.169314
v -0.020419 -0.272411 0.167666
v -0.008095 -0.234291 0.171302
v -0.008029 -0.246832 0.170350
v -0.023734 -0.260588 0.167086
v -0.015401 -0.259902 0.168511
v -0.032431 -0.261739 0.165138
v -0.025437 -0.248627 0.167612
v -0.191625 -0.252926 0.054570
v -0.189151 -0.239990 0.055085
v -0.177231 -0.245657 0.079847
v -0.175614 -0.233541 0.078986
v -0.166532 -0.236120 0.090345
v -0.186256 -0.229517 0.055329
v -0.182878 -0.231532 0.067690
v -0.173426 -0.223219 0.077778
v -0.010673 -0.414074 -0.064755
v -0.012387 -0.398371 -0.075789
v -0.027359 -0.398607 -0.078613
v -0.045317 -0.402285 -0.080889
v -0.063188 -0.408968 -0.081907
v -0.041628 -0.421440 -0.070358
v -0.191322 -0.476917 0.068911
v -0.191707 -0.503362 0.060370
v -0.191799 -0.449663 0.073511
v -0.184630 -0.474426 0.088361
v -0.170508 -0.518315 0.098142
v -0.140300 -0.529573 0.119776
v -0.143167 -0.501513 0.124212
v -0.125872 -0.505716 0.127725
v -0.172488 -0.488738 0.101710
v -0.172859 -0.460818 0.105189
v -0.158447 -0.495519 0.113924
v -0.144428 -0.474361 0.127108
v -0.012075 -0.387541 0.141384
v -0.011789 -0.404357 0.131817
v -0.022322 -0.374888 0.148151
v -0.024357 -0.388868 0.140973
v -0.034216 -0.370981 0.149018
v -0.017493 -0.405591 0.131839
v -0.027044 -0.401227 0.135574
v -0.015953 -0.311192 -0.117438
v -0.013814 -0.299731 -0.120699
v -0.021432 -0.323476 -0.113749
v -0.034530 -0.334187 -0.110641
v -0.033580 -0.314018 -0.117530
v -0.052910 -0.341710 -0.110074
v -0.071534 -0.347387 -0.110745
v -0.052481 -0.329401 -0.114996
v -0.049567 -0.305591 -0.121823
v -0.051553 -0.317862 -0.119053
v -0.069488 -0.322375 -0.119925
v -0.098336 -0.499674 -0.072971
v -0.072468 -0.460065 -0.071074
v -0.038086 -0.442050 -0.060261
v -0.054797 -0.452260 -0.066404
v -0.064952 -0.486122 -0.068515
v -0.071276 -0.517971 -0.067904
v -0.054579 -0.514308 -0.061731
v -0.103934 -0.530500 -0.070542
v -0.087164 -0.523646 -0.069648
v -0.075401 -0.546447 -0.065623
v -0.154852 -0.530078 -0.053888
v -0.138586 -0.532961 -0.062904
v -0.168506 -0.527646 -0.041611
v -0.162054 -0.554094 -0.044116
v -0.189668 -0.496981 -0.009054
v -0.172598 -0.499242 -0.040740
v -0.176406 -0.471219 -0.039782
v -0.179140 -0.526267 -0.027665
v -0.190603 -0.526139 0.006249
v -0.181127 -0.552881 -0.015972
v -0.185365 -0.526052 -0.011280
v -0.191568 -0.526585 0.024942
v -0.192687 -0.520995 0.044662
v -0.187154 -0.534002 0.061476
v -0.187862 -0.555060 0.017742
v -0.153117 -0.553154 0.104614
v -0.136858 -0.557947 0.114208
v -0.118515 -0.561571 0.117621
v -0.131852 -0.587341 0.108535
v -0.043265 -0.546593 0.104523
v -0.040692 -0.567443 0.097085
v -0.053023 -0.568654 0.107769
v -0.028157 -0.566373 0.084759
v -0.038510 -0.588245 0.089701
v -0.097163 -0.275976 0.139893
v -0.099120 -0.293838 0.139820
v -0.116161 -0.286391 0.132151
v -0.083500 -0.306257 0.146663
v -0.103706 -0.313103 0.139803
v -0.193719 -0.266962 0.053510
v -0.187465 -0.256414 0.068477
v -0.179470 -0.260512 0.080531
v -0.030006 -0.493869 -0.046619
v -0.011012 -0.516692 -0.014602
v -0.016672 -0.534239 -0.021927
v -0.010753 -0.542122 -0.006151
v -0.037896 -0.517831 -0.052680
v -0.044109 -0.544345 -0.054139
v -0.025604 -0.525494 -0.037560
v -0.020864 -0.554891 -0.027051
v -0.190186 -0.226984 0.030117
v -0.187825 -0.219912 0.030101
v -0.189789 -0.228539 0.043186
v -0.183886 -0.220888 0.055309
v -0.197451 -0.439730 -0.004919
v -0.193848 -0.468484 -0.006550
v -0.179979 -0.444030 -0.038968
v -0.187719 -0.469616 -0.024772
v -0.146080 -0.611797 0.097652
v -0.128605 -0.616413 0.105548
v -0.139810 -0.665243 0.093339
v -0.121776 -0.691426 0.097434
v -0.110353 -0.620532 0.108680
v -0.125560 -0.644683 0.102681
v -0.123299 -0.669838 0.100871
v -0.107231 -0.673471 0.103926
v -0.026162 -0.608068 0.067655
v -0.019721 -0.626252 0.043436
v -0.021157 -0.645434 0.035061
v -0.028156 -0.649827 0.048915
v -0.016274 -0.642195 0.021451
v -0.022374 -0.662925 0.027559
v -0.019435 -0.678655 0.006280
v -0.030890 -0.680752 0.037065
v -0.024068 -0.681783 0.020393
v -0.026820 -0.698583 0.012686
v -0.030010 -0.711784 0.004693
v -0.034805 -0.716950 0.018114
v -0.027792 -0.708204 -0.007470
v -0.032269 -0.722170 -0.002186
v -0.179286 -0.540999 0.078467
v -0.168114 -0.547729 0.093695
v -0.183930 -0.563728 0.058833
v -0.164243 -0.577171 0.090004
v -0.155987 -0.659545 0.082906
v -0.153217 -0.682182 0.081048
v -0.174344 -0.669315 0.050821
v -0.161078 -0.605664 0.086611
v -0.158272 -0.633722 0.084232
v -0.171461 -0.599653 0.072037
v -0.176753 -0.645917 0.053249
v -0.168656 -0.653468 0.068862
v -0.184091 -0.586266 0.039000
v -0.180601 -0.592522 0.056061
v -0.181060 -0.638834 0.037098
v -0.178631 -0.620420 0.055237
v -0.121595 -0.540999 -0.066189
v -0.106167 -0.556357 -0.066905
v -0.133200 -0.559310 -0.061112
v -0.018858 -0.584671 0.060817
v -0.013563 -0.602591 0.037924
v -0.018775 -0.605571 0.052284
v -0.021482 -0.545905 0.078625
v -0.020084 -0.564737 0.069277
v -0.013718 -0.562897 0.054198
v -0.037086 -0.646369 -0.042156
v -0.049796 -0.571029 -0.054262
v -0.036619 -0.573197 -0.043792
v -0.033035 -0.624274 -0.038078
v -0.044230 -0.622330 -0.046900
v -0.018070 -0.582407 -0.018634
v -0.025184 -0.577281 -0.031414
v -0.023208 -0.627038 -0.028120
v -0.029018 -0.600677 -0.034737
v -0.160361 -0.644894 -0.035071
v -0.174218 -0.576318 -0.024858
v -0.180226 -0.577093 -0.010133
v -0.161260 -0.622176 -0.033886
v -0.170501 -0.623384 -0.022638
v -0.151060 -0.577981 -0.048084
v -0.163367 -0.576843 -0.037579
v -0.150253 -0.621158 -0.042508
v -0.162458 -0.599061 -0.034514
v -0.183573 -0.579021 0.005234
v -0.184636 -0.582111 0.021867
v -0.182825 -0.608104 0.022023
v -0.177901 -0.625696 -0.008951
v -0.178334 -0.600962 -0.008509
v -0.180364 -0.656236 0.019508
v -0.182095 -0.632844 0.021534
v -0.178067 -0.649107 -0.011684
v -0.181407 -0.629199 0.005489
v -0.166248 -0.730933 0.041974
v -0.151188 -0.699894 0.078905
v -0.164773 -0.694896 0.064887
v -0.169747 -0.719128 0.045084
v -0.159564 -0.723796 0.058979
v -0.178141 -0.683001 0.033563
v -0.173437 -0.688937 0.049304
v -0.176217 -0.713764 0.029623
v -0.171877 -0.704896 0.047691
v -0.175748 -0.722586 0.011748
v -0.178826 -0.709299 0.013069
v -0.179924 -0.677780 0.017748
v -0.179414 -0.673077 0.001341
v -0.179319 -0.694346 0.015277
v -0.178753 -0.705301 -0.003254
v -0.168631 -0.667525 -0.027203
v -0.176713 -0.669797 -0.014746
v -0.175881 -0.688651 -0.017335
v -0.175645 -0.716910 -0.019554
v -0.176364 -0.703799 -0.018508
v -0.170262 -0.703119 -0.033222
v -0.161840 -0.702718 -0.045495
v -0.163246 -0.717612 -0.047156
v -0.151212 -0.664723 -0.046694
v -0.159949 -0.666189 -0.037469
v -0.160346 -0.685463 -0.041951
v -0.152892 -0.701761 -0.055193
v -0.141453 -0.663726 -0.054146
v -0.142682 -0.683838 -0.056791
v -0.144477 -0.718741 -0.064345
v -0.143846 -0.701282 -0.061221
v -0.132891 -0.701557 -0.065248
v -0.119444 -0.683547 -0.065275
v -0.095850 -0.681322 -0.065393
v -0.099297 -0.699150 -0.069282
v -0.087251 -0.696428 -0.067468
v -0.121908 -0.701415 -0.068860
v -0.123906 -0.718047 -0.072198
v -0.110099 -0.700829 -0.069931
v -0.101668 -0.716099 -0.073806
v -0.075525 -0.695316 -0.064856
v -0.079136 -0.710165 -0.069822
v -0.055555 -0.709105 -0.060778
v -0.054249 -0.664070 -0.050738
v -0.071285 -0.680548 -0.060288
v -0.051483 -0.698361 -0.055280
v -0.063402 -0.695680 -0.060958
v -0.032304 -0.667961 -0.036888
v -0.042184 -0.666213 -0.044853
v -0.041309 -0.701914 -0.047698
v -0.047398 -0.683778 -0.049493
v -0.173536 -0.735197 0.010762
v -0.176055 -0.731374 -0.004567
v -0.171104 -0.738742 0.025733
v -0.163673 -0.741740 0.039324
v -0.172748 -0.745740 0.010568
v -0.166250 -0.728800 -0.047323
v -0.156874 -0.732023 -0.059632
v -0.175144 -0.729008 -0.019940
v -0.172966 -0.727959 -0.034426
v -0.175459 -0.740342 -0.018973
v -0.169710 -0.737852 -0.045466
v -0.049583 -0.721058 -0.059388
v -0.059897 -0.717766 -0.065851
v -0.082727 -0.724447 -0.075758
v -0.071148 -0.719300 -0.071119
v -0.063117 -0.727161 -0.070642
v -0.037799 -0.734487 0.003058
v -0.034600 -0.730795 -0.007763
v -0.033240 -0.730978 -0.017635
v -0.036225 -0.740122 -0.010524
v -0.154861 -0.745091 0.049826
v -0.162700 -0.751775 0.036609
v -0.145044 -0.757144 0.053362
v -0.142839 -0.763545 0.051921
v -0.151858 -0.762497 0.044392
v -0.175040 -0.753114 -0.002513
v -0.172384 -0.755108 0.011489
v -0.176191 -0.750448 -0.017268
v -0.174579 -0.749030 -0.031116
v -0.166512 -0.745815 -0.054738
v -0.171512 -0.747181 -0.043913
v -0.158746 -0.745030 -0.063532
v -0.073744 -0.737733 -0.079886
v -0.055674 -0.739155 -0.068294
v -0.064284 -0.737969 -0.074789
v -0.036502 -0.749217 -0.022488
v -0.040595 -0.753168 -0.003626
v -0.038030 -0.751352 -0.012875
v -0.003468 -0.484802 0.028270
v -0.003457 -0.512379 0.012583
v -0.002388 -0.488896 0.017057
v -0.001523 -0.495734 0.034165
v -0.011301 -0.491398 -0.021874
v -0.006520 -0.502906 -0.005248
v -0.003604 -0.478379 0.001192
v -0.003107 -0.494114 0.005869
v -0.038517 -0.654691 0.063270
v -0.037341 -0.671803 0.051547
v -0.042596 -0.691809 0.049123
v -0.049687 -0.606694 0.095095
v -0.037444 -0.609934 0.081756
v -0.037554 -0.633095 0.072858
v -0.049938 -0.654762 0.078563
v -0.044786 -0.722057 0.030678
v -0.043012 -0.732893 0.021997
v -0.046838 -0.710431 0.044057
v -0.054669 -0.700242 0.061161
v -0.056872 -0.726604 0.042123
v -0.043598 -0.740552 0.013960
v -0.043043 -0.746483 0.008256
v -0.053483 -0.748521 0.026317
v -0.044513 -0.755584 0.005869
v -0.049728 -0.757917 0.015670
v -0.112188 -0.459908 0.138002
v -0.080274 -0.450384 0.136575
v -0.081580 -0.430107 0.139676
v -0.066143 -0.439154 0.135355
v -0.097140 -0.421467 0.140105
v -0.081891 -0.410478 0.140944
v -0.007880 -0.444149 0.103637
v -0.006477 -0.454136 0.092972
v -0.011293 -0.419581 0.123222
v -0.010122 -0.433228 0.113680
v -0.013729 -0.412380 0.127604
v -0.014201 -0.420960 0.122545
v -0.009180 -0.438833 0.110204
v -0.014293 -0.429853 0.117900
v -0.007914 -0.444505 0.105387
v -0.011251 -0.433927 0.114343
v -0.005598 -0.453082 0.094990
v -0.006874 -0.449549 0.100359
v -0.169540 -0.758124 0.025046
v -0.160893 -0.760711 0.035189
v -0.146136 -0.734246 -0.067951
v -0.137032 -0.733191 -0.072473
v -0.148803 -0.744219 -0.071389
v -0.125866 -0.732694 -0.076070
v -0.114698 -0.731748 -0.078372
v -0.127551 -0.742959 -0.080160
v -0.093205 -0.728735 -0.078499
v -0.103587 -0.730793 -0.079018
v -0.084250 -0.738461 -0.083066
v -0.104136 -0.741554 -0.083531
v -0.056872 -0.760512 0.025846
v -0.066225 -0.754542 0.038350
v -0.065801 -0.763201 0.033872
v -0.123504 -0.765502 0.057993
v -0.091496 -0.761914 0.053426
v -0.088181 -0.766321 0.050363
v -0.100233 -0.766382 0.056860
v -0.070091 -0.722716 0.066954
v -0.104340 -0.710768 0.092635
v -0.091424 -0.725674 0.080607
v -0.122845 -0.756514 0.061182
v -0.110629 -0.758449 0.062357
v -0.092739 -0.738117 0.072191
v -0.106265 -0.736456 0.076649
v -0.067132 -0.743215 0.044865
v -0.069213 -0.731476 0.053724
v -0.078510 -0.756458 0.048432
v -0.094685 -0.758473 0.056656
v -0.080040 -0.736248 0.064671
v -0.094294 -0.749203 0.063929
v -0.081384 -0.264209 0.146881
v -0.098269 -0.258903 0.138625
v -0.036604 -0.275228 0.163506
v -0.041407 -0.262805 0.162406
v -0.058535 -0.279680 0.156267
v -0.044848 -0.250121 0.162379
v -0.065948 -0.265534 0.153591
v -0.069344 -0.249594 0.152690
v -0.052603 -0.264150 0.158538
v -0.011003 -0.371138 0.150660
v -0.009192 -0.347450 0.161732
v -0.008652 -0.358058 0.157208
v -0.015689 -0.374924 0.148545
v -0.020065 -0.360405 0.155706
v -0.003871 -0.464641 0.080663
v -0.003803 -0.459618 0.084663
v -0.003764 -0.465318 0.074054
v -0.003851 -0.473946 0.065160
v -0.002225 -0.468127 0.067311
v -0.032235 -0.526937 0.100625
v -0.045896 -0.525862 0.110967
v -0.021639 -0.527951 0.087395
v -0.014508 -0.528113 0.073533
v -0.023149 -0.510813 0.095600
v -0.024245 -0.494656 0.102969
v -0.015504 -0.498058 0.091483
v -0.049946 -0.465579 0.125899
v -0.035724 -0.489932 0.113334
v -0.026061 -0.479145 0.108994
v -0.198863 -0.420421 0.057696
v -0.192082 -0.423434 0.076201
v -0.202267 -0.416788 0.037635
v -0.203900 -0.412814 0.016961
v -0.202351 -0.391076 0.040367
v -0.097659 -0.420651 -0.080099
v -0.080189 -0.414993 -0.081815
v -0.112241 -0.448263 -0.074232
v -0.106624 -0.474119 -0.073837
v -0.076345 -0.436224 -0.075652
v -0.089174 -0.468019 -0.073540
v -0.009098 -0.234691 -0.123335
v -0.008721 -0.223887 -0.121106
v -0.026144 -0.224334 -0.121742
v -0.043064 -0.225192 -0.122581
v -0.058812 -0.226375 -0.122768
v -0.043295 -0.235783 -0.124615
v -0.200482 -0.410255 -0.004064
v -0.194488 -0.411726 -0.023534
v -0.203020 -0.382064 -0.001057
v -0.159162 -0.402154 -0.064590
v -0.170243 -0.421891 -0.052788
v -0.183520 -0.416610 -0.039165
v -0.186826 -0.388374 -0.039896
v -0.058980 -0.522834 0.120671
v -0.062815 -0.478448 0.129508
v -0.047480 -0.504772 0.116779
v -0.049084 -0.484404 0.121700
v -0.045325 -0.353534 0.153259
v -0.049160 -0.368815 0.148770
v -0.075044 -0.338538 0.148588
v -0.041823 -0.339724 0.156867
v -0.064252 -0.306610 0.152753
v -0.070152 -0.322379 0.150524
v -0.057581 -0.338026 0.153011
v -0.005498 -0.464301 0.082881
v -0.004035 -0.471666 0.075416
v -0.005749 -0.457944 0.089558
v -0.004755 -0.461469 0.085172
v -0.004306 -0.469381 0.077809
v -0.202325 -0.366551 0.043439
v -0.204958 -0.361607 0.024683
v -0.198269 -0.371424 0.062564
v -0.201494 -0.343363 0.046426
v -0.028711 -0.285282 0.164901
v -0.036279 -0.287443 0.163362
v -0.007663 -0.292551 0.168172
v -0.007262 -0.282288 0.168586
v -0.021366 -0.283825 0.166259
v -0.014440 -0.279764 0.168071
v -0.021533 -0.293882 0.166260
v -0.003584 -0.476758 0.070393
v -0.003340 -0.475270 0.071896
v -0.003962 -0.473223 0.074757
v -0.009331 -0.527062 0.058810
v -0.001427 -0.500425 0.050379
v -0.002830 -0.508744 0.039335
v -0.008855 -0.513140 0.068636
v -0.006455 -0.533203 0.018609
v -0.011155 -0.559455 0.039045
v -0.009657 -0.542637 0.048998
v -0.004063 -0.519720 0.028598
v -0.005780 -0.524519 0.043991
v -0.006600 -0.443783 -0.039213
v -0.009211 -0.429945 -0.052532
v -0.021398 -0.432930 -0.055898
v -0.030970 -0.460123 -0.050196
v -0.020877 -0.476532 -0.036869
v -0.012195 -0.468003 -0.025484
v -0.003925 -0.457715 -0.014645
v -0.004438 -0.452760 -0.026281
v -0.003552 -0.463591 -0.003529
v -0.003828 -0.468032 0.000118
v -0.006513 -0.466654 -0.012954
v -0.008408 -0.454498 -0.026110
v -0.097938 -0.595011 0.112873
v -0.068948 -0.569812 0.113480
v -0.061758 -0.592282 0.105421
v -0.094962 -0.624492 0.107873
v -0.064403 -0.618650 0.100430
v -0.104946 -0.537487 0.125697
v -0.101679 -0.565755 0.119691
v -0.072643 -0.544218 0.119515
v -0.075457 -0.519230 0.125173
v -0.084976 -0.568420 0.118133
v -0.092212 -0.676065 0.099398
v -0.093476 -0.651736 0.104493
v -0.064249 -0.669231 0.086421
v -0.064187 -0.644700 0.093156
v -0.078945 -0.631964 0.104820
v -0.090750 -0.696622 0.094322
v -0.066273 -0.689864 0.078093
v -0.066522 -0.707146 0.071939
v -0.078626 -0.715668 0.079289
v -0.091263 -0.712439 0.087465
v -0.077964 -0.680817 0.092263
v -0.189797 -0.269381 -0.021755
v -0.194731 -0.272037 -0.006879
v -0.197425 -0.273986 0.008637
v -0.202680 -0.313122 0.015615
v -0.195354 -0.287932 -0.011238
v -0.114470 -0.252858 0.129487
v -0.099492 -0.242956 0.137924
v -0.040040 -0.398490 0.138181
v -0.028670 -0.413402 0.129871
v -0.053823 -0.415255 0.135412
v -0.020405 -0.426685 0.121087
v -0.014921 -0.438121 0.112748
v -0.029713 -0.425387 0.125348
v -0.009229 -0.548995 0.009717
v -0.011651 -0.568131 0.002103
v -0.012255 -0.598132 0.023312
v -0.011576 -0.578410 0.031231
v -0.009018 -0.555196 0.024189
v -0.198617 -0.275696 0.023721
v -0.198830 -0.274357 0.039273
v -0.196107 -0.283141 0.052582
v -0.203201 -0.317064 0.032411
v -0.199774 -0.320973 0.049252
v -0.200835 -0.293739 0.020236
v -0.013841 -0.588577 -0.005273
v -0.013246 -0.618712 0.015952
v -0.014833 -0.638561 0.008107
v -0.015799 -0.609401 -0.009978
v -0.011805 -0.593558 0.009093
v -0.015867 -0.657416 0.000901
v -0.018699 -0.675064 -0.005991
v -0.020784 -0.650877 -0.021665
v -0.017890 -0.630437 -0.015820
v -0.013999 -0.634521 -0.004254
v -0.061570 -0.642398 -0.053797
v -0.079227 -0.662436 -0.059167
v -0.066473 -0.662577 -0.055347
v -0.103890 -0.664126 -0.063449
v -0.091578 -0.663240 -0.062007
v -0.087540 -0.643261 -0.059524
v -0.092902 -0.576616 -0.063759
v -0.107678 -0.580180 -0.063703
v -0.084552 -0.621462 -0.059232
v -0.097935 -0.622716 -0.060372
v -0.064364 -0.571249 -0.059609
v -0.079529 -0.573464 -0.062990
v -0.057497 -0.620639 -0.053219
v -0.053762 -0.596795 -0.053522
v -0.071366 -0.620538 -0.056692
v -0.082670 -0.598303 -0.060254
v -0.139577 -0.643314 -0.050638
v -0.139085 -0.621412 -0.050674
v -0.129580 -0.664148 -0.059657
v -0.116913 -0.664517 -0.063068
v -0.114288 -0.643975 -0.060978
v -0.137415 -0.579743 -0.056104
v -0.122290 -0.580604 -0.060599
v -0.138617 -0.599998 -0.052739
v -0.110754 -0.622971 -0.060143
v -0.109120 -0.602171 -0.061223
v -0.124935 -0.622255 -0.056597
v -0.145723 -0.738125 0.064599
v -0.133908 -0.752501 0.060192
v -0.145631 -0.748344 0.058048
v -0.119646 -0.733962 0.078244
v -0.121071 -0.745620 0.068783
v -0.002066 -0.491655 0.061113
v -0.008811 -0.500127 0.078577
v -0.009438 -0.488519 0.087569
v -0.005039 -0.500945 0.064751
v -0.184488 -0.421790 0.093909
v -0.190897 -0.398516 0.078311
v -0.190346 -0.375455 0.079810
v -0.186868 -0.355280 0.085575
v -0.181744 -0.375264 0.097855
v -0.122573 -0.323683 0.133567
v -0.106984 -0.332343 0.139455
v -0.092579 -0.343458 0.144206
v -0.096929 -0.381426 0.143043
v -0.078287 -0.355541 0.146837
v -0.109907 -0.352276 0.140451
v -0.056100 -0.295929 0.156451
v -0.045757 -0.290436 0.160576
v -0.047519 -0.311828 0.158858
v -0.033200 -0.298362 0.163833
v -0.011091 -0.447591 0.103597
v -0.006917 -0.454966 0.094598
v -0.006801 -0.460715 0.089059
v -0.015570 -0.446934 0.107956
v -0.108710 -0.510794 0.130585
v -0.110883 -0.484644 0.135055
v -0.095658 -0.465312 0.136638
v -0.079036 -0.472093 0.134093
v -0.077641 -0.495130 0.129913
v -0.091988 -0.514758 0.129441
v -0.128303 -0.454024 0.133951
v -0.145102 -0.448585 0.128847
v -0.112831 -0.436310 0.139681
v -0.112907 -0.413973 0.141080
v -0.172206 -0.434983 0.107556
v -0.159765 -0.442514 0.120517
v -0.171486 -0.410613 0.109025
v -0.144900 -0.424281 0.130218
v -0.157429 -0.252969 0.101280
v -0.130457 -0.263423 0.121052
v -0.129620 -0.248193 0.119926
v -0.170452 -0.264663 0.092529
v -0.181969 -0.276272 0.080584
v -0.159363 -0.268816 0.102923
v -0.131852 -0.279546 0.123205
v -0.134296 -0.297668 0.124957
v -0.146258 -0.273689 0.113368
v -0.161826 -0.285468 0.104311
v -0.002512 -0.469775 0.008771
v -0.003932 -0.474611 0.021967
v -0.003631 -0.470226 0.012097
v -0.003729 -0.466656 0.002611
v -0.052050 -0.384276 0.144043
v -0.067753 -0.403347 0.140466
v -0.082211 -0.391711 0.142748
v -0.064692 -0.369372 0.146741
v -0.053300 -0.399598 0.139302
v -0.080636 -0.373780 0.144708
v -0.023653 -0.691431 -0.012724
v -0.028023 -0.706289 -0.018426
v -0.025401 -0.670536 -0.027138
v -0.030555 -0.688400 -0.032477
v -0.020380 -0.672353 -0.017053
v -0.031409 -0.720460 -0.023916
v -0.037241 -0.718274 -0.045273
v -0.034251 -0.705110 -0.038849
v -0.033971 -0.733543 -0.029087
v -0.030343 -0.705944 -0.028544
v -0.040629 -0.728103 -0.050326
v -0.044157 -0.732189 -0.056452
v -0.035781 -0.747620 -0.033633
v -0.035972 -0.734569 -0.039854
v -0.047629 -0.740593 -0.060675
v -0.041929 -0.742707 -0.052255
v -0.003402 -0.479750 0.063211
v -0.003237 -0.480818 0.055221
v -0.003495 -0.477739 0.065884
v -0.003251 -0.478863 0.057066
v -0.003400 -0.477891 0.066897
v -0.003996 -0.480653 0.045727
v -0.004435 -0.478488 0.034987
v -0.003495 -0.478814 0.048691
v -0.004623 -0.476378 0.029478
v -0.004008 -0.480572 0.050938
v -0.001341 -0.183270 -0.106120
v -0.180202 -0.224368 -0.027994
v -0.178682 -0.219029 -0.026607
v -0.162619 -0.213170 -0.056168
v -0.177475 -0.212952 -0.024964
v -0.171073 -0.212559 -0.041084
v -0.151499 -0.205087 -0.068683
v -0.161782 -0.210039 -0.054601
v -0.161982 -0.207512 -0.053451
v -0.172067 -0.203410 -0.033072
v -0.167213 -0.202571 -0.042661
v -0.181973 -0.211812 -0.009608
v -0.178057 -0.203682 -0.019253
v -0.187164 -0.215310 0.017059
v -0.184814 -0.215350 0.003882
v -0.184217 -0.210632 0.004043
v -0.183068 -0.204544 0.004578
v -0.184971 -0.203508 0.017886
v -0.186501 -0.214468 0.029910
v -0.185279 -0.213877 0.042554
v -0.184951 -0.209731 0.029371
v -0.183373 -0.203512 0.027365
v -0.181127 -0.201212 0.040624
v -0.177341 -0.213361 0.065454
v -0.181879 -0.212942 0.054175
v -0.180084 -0.206679 0.052555
v -0.163278 -0.215467 0.087051
v -0.171392 -0.213808 0.076352
v -0.169518 -0.205335 0.074453
v -0.156096 -0.239178 0.100394
v -0.154773 -0.227581 0.099208
v -0.129421 -0.234373 0.118716
v -0.143633 -0.243383 0.110235
v -0.115652 -0.225498 0.128107
v -0.129390 -0.222588 0.118374
v -0.153711 -0.217522 0.097707
v -0.152403 -0.208240 0.095995
v -0.142148 -0.220259 0.108002
v -0.129229 -0.212206 0.117102
v -0.072682 -0.235146 0.152904
v -0.059607 -0.236513 0.158641
v -0.086435 -0.232767 0.145952
v -0.101324 -0.229151 0.137798
v -0.102874 -0.216412 0.137870
v -0.075680 -0.221762 0.153721
v -0.008299 -0.222438 0.173789
v -0.008107 -0.211120 0.176286
v -0.017208 -0.235348 0.170153
v -0.026801 -0.236209 0.168520
v -0.036943 -0.236903 0.165910
v -0.047697 -0.237105 0.162646
v -0.050390 -0.224708 0.164909
v -0.028195 -0.224659 0.170805
v -0.146323 -0.197850 -0.070027
v -0.111856 -0.179831 0.134647
v -0.009471 -0.182463 0.181880
v -0.036108 -0.182166 0.180917
v -0.089281 -0.178693 0.156171
v -0.064110 -0.180327 0.172412
v -0.131770 -0.182839 0.111606
v -0.188764 -0.359484 -0.040256
v -0.179548 -0.370696 -0.052560
v -0.149501 -0.367231 -0.079870
v -0.153189 -0.383746 -0.073061
v -0.167310 -0.378496 -0.064072
v -0.173322 -0.355645 -0.061992
v -0.174652 -0.334708 -0.062137
v -0.167761 -0.343411 -0.070188
v -0.146551 -0.352826 -0.086351
v -0.158080 -0.349335 -0.078693
v -0.162789 -0.332734 -0.077077
v -0.183017 -0.253350 -0.033261
v -0.183860 -0.266705 -0.036169
v -0.184200 -0.281257 -0.039944
v -0.177135 -0.264335 -0.050122
v -0.181572 -0.231904 -0.029262
v -0.182158 -0.241469 -0.030959
v -0.164646 -0.219443 -0.057382
v -0.173896 -0.221716 -0.043253
v -0.176116 -0.239192 -0.045436
v -0.134458 -0.354970 -0.094286
v -0.120662 -0.354688 -0.099201
v -0.144229 -0.339880 -0.091518
v -0.105827 -0.354408 -0.105212
v -0.089064 -0.351013 -0.107927
v -0.087695 -0.338237 -0.113825
v -0.119341 -0.341808 -0.104582
v -0.086564 -0.325374 -0.117644
v -0.084574 -0.312138 -0.120788
v -0.102987 -0.327856 -0.114741
v -0.155739 -0.218063 -0.070202
v -0.167623 -0.238115 -0.059100
v -0.166532 -0.227937 -0.058014
v -0.168756 -0.249911 -0.060729
v -0.169323 -0.262523 -0.062954
v -0.159386 -0.237344 -0.072084
v -0.164004 -0.318342 -0.077256
v -0.158410 -0.323554 -0.082478
v -0.180280 -0.323957 -0.055512
v -0.173272 -0.316089 -0.065382
v -0.177188 -0.291372 -0.056954
v -0.167212 -0.310051 -0.073653
v -0.161170 -0.305897 -0.080575
v -0.168612 -0.299684 -0.070570
v -0.130742 -0.329174 -0.103446
v -0.117291 -0.328479 -0.108888
v -0.115344 -0.315794 -0.112673
v -0.151839 -0.326475 -0.089180
v -0.142025 -0.328243 -0.095872
v -0.154495 -0.314830 -0.086963
v -0.139636 -0.316601 -0.098846
v -0.014705 -0.183368 -0.106468
v -0.040856 -0.192600 -0.110837
v -0.026812 -0.191083 -0.110581
v -0.054815 -0.192544 -0.110075
v -0.042610 -0.184557 -0.106965
v -0.159977 -0.200598 -0.053450
v -0.153217 -0.199262 -0.063335
v -0.140639 -0.201998 -0.079318
v -0.137308 -0.195441 -0.078285
v -0.154768 -0.304462 -0.087034
v -0.154224 -0.294385 -0.086924
v -0.137620 -0.304887 -0.100769
v -0.147881 -0.307652 -0.093644
v -0.112447 -0.302620 -0.115013
v -0.126218 -0.303778 -0.108734
v -0.135909 -0.292928 -0.102440
v -0.082201 -0.298915 -0.123659
v -0.097851 -0.301427 -0.121124
v -0.109976 -0.289956 -0.117021
v -0.072882 -0.217397 -0.118649
v -0.071845 -0.209150 -0.116037
v -0.073329 -0.227186 -0.121955
v -0.073989 -0.237590 -0.123978
v -0.087155 -0.227853 -0.119168
v -0.100447 -0.228888 -0.115082
v -0.097718 -0.239363 -0.118870
v -0.099918 -0.218609 -0.112135
v -0.113663 -0.230093 -0.109268
v -0.143178 -0.209599 -0.079420
v -0.146158 -0.217275 -0.080331
v -0.132525 -0.201524 -0.086270
v -0.148001 -0.226057 -0.081799
v -0.149284 -0.235844 -0.082720
v -0.126061 -0.222083 -0.099786
v -0.135961 -0.215610 -0.089477
v -0.070466 -0.200259 -0.112746
v -0.069329 -0.191965 -0.108676
v -0.085507 -0.209121 -0.113211
v -0.098613 -0.209703 -0.109321
v -0.112118 -0.211324 -0.103939
v -0.123876 -0.206748 -0.094724
v -0.124760 -0.213817 -0.097298
v -0.097727 -0.201215 -0.106615
v -0.119752 -0.192397 -0.090471
v -0.123062 -0.200430 -0.092875
v -0.111878 -0.198323 -0.098921
v -0.150445 -0.246859 -0.083981
v -0.124529 -0.242443 -0.105845
v -0.126418 -0.232026 -0.101588
v -0.138851 -0.234134 -0.093177
v -0.042870 -0.247048 -0.126810
v -0.058948 -0.247865 -0.127376
v -0.074299 -0.248976 -0.126567
v -0.092514 -0.275539 -0.123608
v -0.088552 -0.247036 -0.123219
v -0.102665 -0.251536 -0.118935
v -0.071093 -0.260710 -0.127771
v -0.009832 -0.257993 -0.125668
v -0.009299 -0.246315 -0.125043
v -0.025404 -0.245928 -0.125876
v -0.038445 -0.258004 -0.127388
v -0.068583 -0.184869 -0.105672
v -0.082447 -0.192102 -0.106793
v -0.097430 -0.194941 -0.103720
v -0.100579 -0.192696 -0.101860
v -0.101547 -0.189524 -0.098118
v -0.090225 -0.187839 -0.101868
v -0.135445 -0.704445 0.088445
v -0.119753 -0.707344 0.092754
v -0.146155 -0.727178 0.070763
v -0.148960 -0.714876 0.075656
v -0.118637 -0.721179 0.087032
v -0.132785 -0.730663 0.077309
v -0.001249 -0.483267 0.055706
v -0.002009 -0.470963 0.072860
v -0.003679 -0.472000 0.058711
v -0.003022 -0.483374 0.069929
v -0.002193 -0.475921 0.024161
v -0.003676 -0.481540 0.039702
v -0.004920 -0.473007 0.046495
v -0.001648 -0.474380 0.025920
v -0.002703 -0.477742 0.037916
v -0.003525 -0.475946 0.050312
v -0.192518 -0.288094 0.067958
v -0.195227 -0.320775 0.066579
v -0.197546 -0.301889 0.055577
v -0.184423 -0.293367 0.080893
v -0.204461 -0.356769 0.005231
v -0.199873 -0.351400 -0.014399
v -0.204069 -0.333741 0.010834
v -0.196524 -0.305100 -0.016907
v -0.200046 -0.309376 -0.000693
v -0.195881 -0.343377 -0.031125
v -0.190759 -0.300684 -0.030931
v -0.188122 -0.333020 -0.043827
v -0.184405 -0.295741 -0.044603
v -0.182881 -0.310381 -0.049374
v -0.196473 -0.323583 -0.023259
v -0.051748 -0.447760 0.129484
v -0.053264 -0.431218 0.132335
v -0.038497 -0.456946 0.122619
v -0.040911 -0.427114 0.129645
v -0.029322 -0.437829 0.121631
v -0.017936 -0.471714 0.104496
v -0.027353 -0.464888 0.114026
v -0.020489 -0.447910 0.112635
v -0.013956 -0.456316 0.104066
v -0.028606 -0.450971 0.117908
v -0.187633 -0.332585 0.081188
v -0.179242 -0.339156 0.097317
v -0.176543 -0.298464 0.094673
v -0.164073 -0.304542 0.106472
v -0.186816 -0.311738 0.081392
v -0.112953 -0.393159 0.141359
v -0.126662 -0.363908 0.137270
v -0.111761 -0.372323 0.140902
v -0.128870 -0.406778 0.136977
v -0.143928 -0.400713 0.131301
v -0.005208 -0.467702 0.084300
v -0.010649 -0.477417 0.094964
v -0.006769 -0.480960 0.082617
v -0.009383 -0.462776 0.094569
v -0.004078 -0.474804 0.077741
v -0.012883 -0.466694 0.099811
v -0.169598 -0.275322 -0.065384
v -0.160900 -0.260388 -0.074962
v -0.169312 -0.288029 -0.067908
v -0.161702 -0.285264 -0.077769
v -0.151294 -0.258817 -0.085346
v -0.153611 -0.283338 -0.086559
v -0.145073 -0.285283 -0.095353
v -0.133683 -0.280792 -0.103311
v -0.141870 -0.260670 -0.095498
v -0.152661 -0.271450 -0.085967
v -0.121501 -0.278983 -0.111736
v -0.107233 -0.277440 -0.118193
v -0.116240 -0.253586 -0.112619
v -0.129758 -0.255527 -0.104311
v -0.104799 -0.264536 -0.118990
v -0.131937 -0.268371 -0.104061
v -0.047650 -0.293896 -0.125165
v -0.065310 -0.296408 -0.126138
v -0.079201 -0.286512 -0.125408
v -0.060623 -0.272107 -0.128768
v -0.076851 -0.273612 -0.127199
v -0.010533 -0.269442 -0.126006
v -0.007049 -0.280098 -0.125036
v -0.011868 -0.289734 -0.123322
v -0.029770 -0.291483 -0.124029
v -0.043886 -0.270363 -0.128002
v -0.026421 -0.266386 -0.127081
v -0.045807 -0.282215 -0.126548
v -0.030220 -0.338027 0.161219
v -0.038462 -0.326147 0.160192
v -0.034258 -0.315057 0.162924
v -0.024619 -0.301572 0.165852
v -0.018063 -0.301722 0.167027
v -0.029510 -0.307234 0.164639
v -0.024753 -0.314356 0.165396
v -0.007693 -0.302095 0.167632
v -0.008024 -0.312145 0.166901
v -0.012947 -0.301639 0.167349
v -0.019463 -0.318690 0.165659
v -0.017796 -0.309205 0.166266
v -0.008697 -0.323531 0.165690
v -0.009266 -0.335123 0.164561
v -0.021989 -0.345121 0.161616
v -0.014893 -0.346876 0.161711
v -0.021033 -0.330825 0.164655
v -0.013944 -0.321582 0.165718
v -0.117402 -0.203772 0.127077
v -0.129265 -0.202810 0.116200
v -0.120209 -0.187766 0.124730
v -0.109517 -0.187598 0.136044
v -0.105141 -0.205366 0.137898
v -0.092457 -0.207630 0.147311
v -0.098198 -0.187806 0.147037
v -0.086563 -0.187940 0.156881
v -0.107006 -0.195815 0.137290
v -0.053773 -0.213166 0.167343
v -0.041351 -0.213794 0.170721
v -0.046769 -0.192114 0.175479
v -0.033301 -0.193269 0.178274
v -0.007972 -0.201121 0.178608
v -0.007960 -0.192472 0.180621
v -0.018473 -0.212593 0.174893
v -0.029646 -0.213771 0.173455
v -0.020060 -0.193646 0.179500
v -0.030997 -0.203741 0.175937
v -0.178373 -0.197919 0.048966
v -0.174449 -0.201044 0.061732
v -0.066652 -0.211534 0.162318
v -0.079969 -0.209562 0.155966
v -0.060596 -0.190503 0.171501
v -0.074070 -0.188802 0.164964
v -0.082942 -0.198409 0.156813
v -0.056858 -0.201765 0.169983
v -0.168469 -0.197733 0.072044
v -0.160565 -0.198031 0.082776
v -0.151304 -0.186828 0.091031
v -0.167856 -0.192390 0.070267
v -0.151321 -0.200345 0.094106
v -0.140352 -0.202096 0.105040
v -0.130900 -0.188986 0.113412
v -0.141122 -0.190507 0.102504
v -0.129877 -0.195484 0.114924
v -0.151234 -0.192860 0.092833
v -0.137809 -0.316961 0.126254
v -0.166492 -0.345394 0.109899
v -0.139857 -0.336687 0.128515
v -0.151222 -0.310852 0.118242
v -0.165739 -0.324790 0.108421
v -0.169804 -0.387608 0.110742
v -0.167958 -0.366180 0.110597
v -0.141234 -0.357366 0.130926
v -0.157842 -0.394880 0.122902
v -0.142351 -0.378457 0.131565
v -0.154497 -0.351279 0.122522
f 681 3 680
f 680 1 679
f 679 2 681
f 681 680 679
f 680 3 683
f 683 4 682
f 682 1 680
f 680 683 682
f 679 1 685
f 685 6 686
f 686 2 679
f 679 685 686
f 685 1 684
f 684 5 687
f 687 6 685
f 685 684 687
f 688 7 689
f 689 3 681
f 681 2 688
f 688 689 681
f 689 7 691
f 691 8 690
f 690 3 689
f 689 691 690
f 694 11 693
f 693 9 692
f 692 10 694
f 694 693 692
f 693 11 696
f 696 12 695
f 695 9 693
f 693 696 695
f 702 15 701
f 701 13 699
f 699 14 702
f 702 701 699
f 701 15 704
f 704 16 703
f 703 13 701
f 701 704 703
f 705 18 708
f 708 20 707
f 707 17 705
f 705 708 707
f 708 18 706
f 706 19 709
f 709 20 708
f 708 706 709
f 710 22 713
f 713 24 712
f 712 21 710
f 710 713 712
f 713 22 711
f 711 23 714
f 714 24 713
f 713 711 714
f 719 27 718
f 718 25 715
f 715 26 719
f 719 718 715
f 718 27 722
f 722 28 721
f 721 25 718
f 718 722 721
f 725 31 724
f 724 29 723
f 723 30 725
f 725 724 723
f 724 31 727
f 727 32 726
f 726 29 724
f 724 727 726
f 733 35 732
f 732 33 731
f 731 34 733
f 733 732 731
f 732 35 735
f 735 36 734
f 734 33 732
f 732 735 734
f 736 37 737
f 737 16 704
f 704 15 736
f 736 737 704
f 737 37 739
f 739 38 738
f 738 16 737
f 737 739 738
f 710 21 741
f 741 40 742
f 742 22 710
f 710 741 742
f 741 21 740
f 740 39 743
f 743 40 741
f 741 740 743
f 749 43 748
f 748 41 747
f 747 42 749
f 749 748 747
f 748 43 751
f 751 44 750
f 750 41 748
f 748 751 750
f 754 47 753
f 753 45 752
f 752 46 754
f 754 753 752
f 753 47 756
f 756 48 755
f 755 45 753
f 753 756 755
f 757 50 763
f 763 52 762
f 762 49 757
f 757 763 762
f 763 50 760
f 760 51 764
f 764 52 763
f 763 760 764
f 770 55 769
f 769 53 768
f 768 54 770
f 770 769 768
f 769 55 774
f 774 56 773
f 773 53 769
f 769 774 773
f 775 25 780
f 780 59 781
f 781 57 775
f 775 780 781
f 780 25 778
f 778 58 782
f 782 59 780
f 780 778 782
f 783 60 784
f 784 23 711
f 711 22 783
f 783 784 711
f 784 60 789
f 789 61 786
f 786 23 784
f 784 789 786
f 750 44 791
f 791 62 790
f 790 41 750
f 750 791 790
f 791 44 792
f 792 63 793
f 793 62 791
f 791 792 793
f 796 66 795
f 795 64 794
f 794 65 796
f 796 795 794
f 795 66 798
f 798 67 797
f 797 64 795
f 795 798 797
f 801 70 800
f 800 68 799
f 799 69 801
f 801 800 799
f 800 70 803
f 803 71 802
f 802 68 800
f 800 803 802
f 728 33 729
f 729 8 691
f 691 7 728
f 728 729 691
f 729 33 805
f 805 72 804
f 804 8 729
f 729 805 804
f 812 75 811
f 811 73 810
f 810 74 812
f 812 811 810
f 811 75 814
f 814 76 813
f 813 73 811
f 811 814 813
f 818 34 730
f 730 7 817
f 817 77 818
f 818 730 817
f 730 34 731
f 731 33 728
f 728 7 730
f 730 731 728
f 714 23 819
f 819 78 820
f 820 24 714
f 714 819 820
f 819 23 777
f 777 58 822
f 822 78 819
f 819 777 822
f 786 61 787
f 787 58 777
f 777 23 786
f 786 787 777
f 787 61 788
f 788 59 782
f 782 58 787
f 787 788 782
f 826 80 829
f 829 82 828
f 828 79 826
f 826 829 828
f 829 80 827
f 827 81 830
f 830 82 829
f 829 827 830
f 833 85 832
f 832 83 831
f 831 84 833
f 833 832 831
f 832 85 836
f 836 86 835
f 835 83 832
f 832 836 835
f 840 89 839
f 839 87 838
f 838 88 840
f 840 839 838
f 839 89 844
f 844 90 843
f 843 87 839
f 839 844 843
f 848 91 846
f 846 41 790
f 790 62 848
f 848 846 790
f 846 91 845
f 845 40 744
f 744 41 846
f 846 845 744
f 856 94 855
f 855 92 851
f 851 93 856
f 856 855 851
f 855 94 860
f 860 95 859
f 859 92 855
f 855 860 859
f 861 26 776
f 776 57 863
f 863 96 861
f 861 776 863
f 776 26 715
f 715 25 775
f 775 57 776
f 776 715 775
f 864 97 865
f 865 65 794
f 794 64 864
f 864 865 794
f 865 97 869
f 869 98 866
f 866 65 865
f 865 869 866
f 876 101 875
f 875 99 872
f 872 100 876
f 876 875 872
f 875 101 878
f 878 102 877
f 877 99 875
f 875 878 877
f 885 105 884
f 884 103 881
f 881 104 885
f 885 884 881
f 884 105 887
f 887 106 886
f 886 103 884
f 884 887 886
f 890 93 894
f 894 108 896
f 896 107 890
f 890 894 896
f 894 93 851
f 851 92 893
f 893 108 894
f 894 851 893
f 903 111 902
f 902 109 899
f 899 110 903
f 903 902 899
f 902 111 905
f 905 112 904
f 904 109 902
f 902 905 904
f 910 110 907
f 907 113 911
f 911 114 910
f 910 907 911
f 907 110 899
f 899 109 906
f 906 113 907
f 907 899 906
f 912 115 913
f 913 114 911
f 911 113 912
f 912 913 911
f 913 115 917
f 917 116 916
f 916 114 913
f 913 917 916
f 922 116 919
f 919 117 923
f 923 118 922
f 922 919 923
f 919 116 917
f 917 115 918
f 918 117 919
f 919 917 918
f 924 119 925
f 925 118 923
f 923 117 924
f 924 925 923
f 925 119 928
f 928 120 927
f 927 118 925
f 925 928 927
f 934 123 933
f 933 121 932
f 932 122 934
f 934 933 932
f 933 123 936
f 936 124 935
f 935 121 933
f 933 936 935
f 943 127 942
f 942 125 939
f 939 126 943
f 943 942 939
f 942 127 947
f 947 128 946
f 946 125 942
f 942 947 946
f 952 130 950
f 950 109 948
f 948 129 952
f 952 950 948
f 950 130 951
f 951 113 906
f 906 109 950
f 950 951 906
f 958 132 956
f 956 115 954
f 954 131 958
f 958 956 954
f 956 132 957
f 957 117 918
f 918 115 956
f 956 957 918
f 946 128 960
f 960 133 959
f 959 125 946
f 946 960 959
f 960 128 962
f 962 134 963
f 963 133 960
f 960 962 963
f 840 88 964
f 964 135 965
f 965 89 840
f 840 964 965
f 964 88 966
f 966 136 967
f 967 135 964
f 964 966 967
f 989 141 988
f 988 139 986
f 986 140 989
f 989 988 986
f 988 141 991
f 991 142 990
f 990 139 988
f 988 991 990
f 997 86 993
f 993 143 998
f 998 144 997
f 997 993 998
f 993 86 836
f 836 85 992
f 992 143 993
f 993 836 992
f 1001 90 1000
f 1000 145 1003
f 1003 146 1001
f 1001 1000 1003
f 1000 90 844
f 844 89 999
f 999 145 1000
f 1000 844 999
f 1005 147 1004
f 1004 89 965
f 965 135 1005
f 1005 1004 965
f 1004 147 1006
f 1006 145 999
f 999 89 1004
f 1004 1006 999
f 1012 150 1011
f 1011 148 1010
f 1010 149 1012
f 1012 1011 1010
f 1011 150 1014
f 1014 151 1013
f 1013 148 1011
f 1011 1014 1013
f 1018 154 1017
f 1017 152 1015
f 1015 153 1018
f 1018 1017 1015
f 1017 154 1022
f 1022 155 1021
f 1021 152 1017
f 1017 1022 1021
f 955 130 973
f 974 131 955
f 955 973 974
f 973 130 972
f 977 132 976
f 1027 132 977
f 967 136 982
f 981 135 967
f 967 982 981
f 982 136 983
f 1049 163 1048
f 1048 161 1045
f 1045 162 1049
f 1049 1048 1045
f 1048 163 1052
f 1052 164 1051
f 1051 161 1048
f 1048 1052 1051
f 1057 166 1056
f 1056 68 1053
f 1053 165 1057
f 1057 1056 1053
f 1056 166 1061
f 1061 167 1060
f 1060 68 1056
f 1056 1061 1060
f 1063 168 1062
f 1062 45 755
f 755 48 1063
f 1063 1062 755
f 1062 168 1065
f 1065 169 1064
f 1064 45 1062
f 1062 1065 1064
f 1071 171 1070
f 1070 155 1067
f 1067 170 1071
f 1071 1070 1067
f 1070 171 1069
f 1069 152 1021
f 1021 155 1070
f 1070 1069 1021
f 1076 174 1075
f 1075 172 1073
f 1073 173 1076
f 1076 1075 1073
f 1075 174 1074
f 1074 153 1072
f 1072 172 1075
f 1075 1074 1072
f 1082 177 1081
f 1081 175 1080
f 1080 176 1082
f 1082 1081 1080
f 1081 177 1086
f 1086 178 1085
f 1085 175 1081
f 1081 1086 1085
f 1088 179 1087
f 1087 21 712
f 712 24 1088
f 1088 1087 712
f 1087 179 1091
f 1091 180 1089
f 1089 21 1087
f 1087 1091 1089
f 716 27 717
f 717 11 694
f 694 10 716
f 716 717 694
f 717 27 1095
f 1095 181 1092
f 1092 11 717
f 717 1095 1092
f 1099 182 1098
f 1098 17 707
f 707 20 1099
f 1099 1098 707
f 1098 182 1101
f 1101 183 1100
f 1100 17 1098
f 1098 1101 1100
f 822 58 779
f 779 28 821
f 821 78 822
f 822 779 821
f 779 58 778
f 778 25 721
f 721 28 779
f 779 778 721
f 1103 184 1104
f 1104 78 821
f 821 28 1103
f 1103 1104 821
f 1104 184 1108
f 1108 185 1106
f 1106 78 1104
f 1104 1108 1106
f 1079 176 1112
f 1112 186 1110
f 1110 151 1079
f 1079 1112 1110
f 1112 176 1080
f 1080 175 1111
f 1111 186 1112
f 1112 1080 1111
f 1116 48 1114
f 1114 187 1119
f 1119 188 1116
f 1116 1114 1119
f 1114 48 756
f 756 47 1113
f 1113 187 1114
f 1114 756 1113
f 979 134 980
f 978 133 963
f 963 134 979
f 979 978 963
f 808 74 809
f 809 56 774
f 774 55 808
f 808 809 774
f 809 74 810
f 810 73 807
f 807 56 809
f 809 810 807
f 1120 189 1121
f 1121 153 1015
f 1015 152 1120
f 1120 1121 1015
f 1121 189 1122
f 1122 172 1072
f 1072 153 1121
f 1121 1122 1072
f 1124 190 1123
f 1123 152 1069
f 1069 171 1124
f 1124 1123 1069
f 1123 190 1125
f 1125 189 1120
f 1120 152 1123
f 1123 1125 1120
f 1128 180 1127
f 1127 191 1129
f 1129 192 1128
f 1128 1127 1129
f 1127 180 1091
f 1091 179 1126
f 1126 191 1127
f 1127 1091 1126
f 1130 29 1132
f 1132 194 1134
f 1134 193 1130
f 1130 1132 1134
f 1132 29 726
f 726 32 1133
f 1133 194 1132
f 1132 726 1133
f 1136 195 1135
f 1135 189 1125
f 1125 190 1136
f 1136 1135 1125
f 1135 195 1139
f 1139 196 1138
f 1138 189 1135
f 1135 1139 1138
f 1140 197 1143
f 1143 141 987
f 987 76 1140
f 1140 1143 987
f 1143 197 1148
f 1148 198 1145
f 1145 141 1143
f 1143 1148 1145
f 1085 178 1083
f 1083 64 1077
f 1077 175 1085
f 1085 1083 1077
f 1083 178 1084
f 1084 97 864
f 864 64 1083
f 1083 1084 864
f 807 73 1151
f 1151 199 1150
f 1150 56 807
f 807 1151 1150
f 1151 73 984
f 984 140 1152
f 1152 199 1151
f 1151 984 1152
f 1159 202 1158
f 1158 200 1156
f 1156 201 1159
f 1159 1158 1156
f 1158 202 1157
f 1157 199 1155
f 1155 200 1158
f 1158 1157 1155
f 1167 67 1162
f 1162 203 1169
f 1169 204 1167
f 1167 1162 1169
f 1162 67 798
f 798 66 1161
f 1161 203 1162
f 1162 798 1161
f 998 143 1172
f 1172 205 1173
f 1173 144 998
f 998 1172 1173
f 1172 143 1176
f 1176 206 1180
f 1180 205 1172
f 1172 1176 1180
f 1041 162 1042
f 1042 146 1003
f 1003 145 1041
f 1041 1042 1003
f 1042 162 1045
f 1045 161 1040
f 1040 146 1042
f 1042 1045 1040
f 1038 160 1037
f 1037 145 1006
f 1006 147 1038
f 1038 1037 1006
f 1037 160 1044
f 1044 162 1041
f 1041 145 1037
f 1037 1044 1041
f 1038 147 1035
f 1035 147 1008
f 688 2 815
f 815 77 817
f 817 7 688
f 688 815 817
f 815 2 686
f 686 6 816
f 816 77 815
f 815 686 816
f 1181 207 1182
f 1182 4 683
f 683 3 1181
f 1181 1182 683
f 1182 207 1185
f 1185 208 1184
f 1184 4 1182
f 1182 1185 1184
f 802 71 1054
f 1054 165 1053
f 1053 68 802
f 802 1054 1053
f 1054 71 1186
f 1186 209 1187
f 1187 165 1054
f 1054 1186 1187
f 1111 175 1078
f 1078 67 1109
f 1109 186 1111
f 1111 1078 1109
f 1078 175 1077
f 1077 64 797
f 797 67 1078
f 1078 1077 797
f 1193 211 1190
f 1190 46 1188
f 1188 210 1193
f 1193 1190 1188
f 1190 211 1191
f 1191 47 754
f 754 46 1190
f 1190 1191 754
f 1194 212 1195
f 1195 76 814
f 814 75 1194
f 1194 1195 814
f 1195 212 1198
f 1198 197 1140
f 1140 76 1195
f 1195 1198 1140
f 1200 213 1199
f 1199 3 690
f 690 8 1200
f 1200 1199 690
f 1199 213 1204
f 1204 207 1181
f 1181 3 1199
f 1199 1204 1181
f 1207 214 1208
f 1208 100 872
f 872 99 1207
f 1207 1208 872
f 1208 214 1214
f 1214 215 1212
f 1212 100 1208
f 1208 1214 1212
f 1226 218 1225
f 1225 216 1222
f 1222 217 1226
f 1226 1225 1222
f 1225 218 1230
f 1230 219 1229
f 1229 216 1225
f 1225 1230 1229
f 1234 220 1235
f 1235 219 1230
f 1230 218 1234
f 1234 1235 1230
f 1235 220 1241
f 1241 221 1240
f 1240 219 1235
f 1235 1241 1240
f 891 107 892
f 892 106 887
f 887 105 891
f 891 892 887
f 892 107 896
f 896 108 895
f 895 106 892
f 892 896 895
f 944 128 945
f 945 124 936
f 936 123 944
f 944 945 936
f 945 128 947
f 947 127 941
f 941 124 945
f 945 947 941
f 1245 163 1046
f 1046 138 1244
f 1244 222 1245
f 1245 1046 1244
f 1046 163 1047
f 1047 159 1036
f 1036 138 1046
f 1046 1047 1036
f 904 112 949
f 949 129 948
f 948 109 904
f 904 949 948
f 949 112 968
f 968 137 969
f 969 129 949
f 949 968 969
f 955 131 953
f 953 113 951
f 951 130 955
f 955 953 951
f 953 131 954
f 954 115 912
f 912 113 953
f 953 954 912
f 930 119 1031
f 1031 158 1032
f 1032 122 930
f 930 1031 1032
f 1031 119 1026
f 1026 156 1033
f 1033 158 1031
f 1031 1026 1033
f 1034 157 1028
f 1028 122 1032
f 1032 158 1034
f 1034 1028 1032
f 1028 157 1029
f 1029 123 934
f 934 122 1028
f 1028 1029 934
f 1030 134 961
f 961 123 1029
f 1029 157 1030
f 1030 961 1029
f 961 134 962
f 962 128 944
f 944 123 961
f 961 962 944
f 1248 223 1249
f 1249 178 1086
f 1086 177 1248
f 1248 1249 1086
f 1249 223 1250
f 1250 198 1147
f 1147 178 1249
f 1249 1250 1147
f 1253 224 1252
f 1252 199 1157
f 1157 202 1253
f 1253 1252 1157
f 1252 224 1251
f 1251 38 1149
f 1149 199 1252
f 1252 1251 1149
f 1258 226 1257
f 1257 192 1254
f 1254 225 1258
f 1258 1257 1254
f 1257 226 1256
f 1256 180 1128
f 1128 192 1257
f 1257 1256 1128
f 1264 228 1262
f 1262 69 1259
f 1259 227 1264
f 1264 1262 1259
f 1262 228 1263
f 1263 70 801
f 801 69 1262
f 1262 1263 801
f 1117 188 1118
f 1118 69 799
f 799 68 1117
f 1117 1118 799
f 1118 188 1119
f 1119 187 1115
f 1115 69 1118
f 1118 1119 1115
f 971 129 1023
f 972 130 952
f 952 129 971
f 971 972 952
f 975 131 974
f 976 132 958
f 958 131 975
f 975 976 958
f 980 134 1030
f 1007 135 981
f 1008 147 1005
f 1005 135 1007
f 1007 1008 1005
f 1220 217 1221
f 1221 102 878
f 878 101 1220
f 1220 1221 878
f 1221 217 1222
f 1222 216 1215
f 1215 102 1221
f 1221 1222 1215
f 1266 167 1131
f 1131 193 1268
f 1268 229 1266
f 1266 1131 1268
f 1131 167 1058
f 1058 29 1130
f 1130 193 1131
f 1131 1058 1130
f 1271 230 1269
f 1269 153 1074
f 1074 174 1271
f 1271 1269 1074
f 1269 230 1270
f 1270 154 1018
f 1018 153 1269
f 1269 1270 1018
f 1013 151 1276
f 1276 231 1275
f 1275 148 1013
f 1013 1276 1275
f 1276 151 1110
f 1110 186 1277
f 1277 231 1276
f 1276 1110 1277
f 1273 43 1009
f 1009 148 1275
f 1275 231 1273
f 1273 1009 1275
f 1009 43 1280
f 1280 232 1281
f 1281 148 1009
f 1009 1280 1281
f 745 39 1283
f 1283 233 1284
f 1284 42 745
f 745 1283 1284
f 1283 39 1255
f 1255 226 1285
f 1285 233 1283
f 1283 1255 1285
f 1106 185 1105
f 1105 24 820
f 820 78 1106
f 1106 1105 820
f 1105 185 1107
f 1107 179 1088
f 1088 24 1105
f 1105 1107 1088
f 1092 181 1093
f 1093 15 700
f 700 11 1092
f 1092 1093 700
f 1093 181 1096
f 1096 37 736
f 736 15 1093
f 1093 1096 736
f 1296 236 1295
f 1295 234 1292
f 1292 235 1296
f 1296 1295 1292
f 1295 236 1293
f 1293 36 1287
f 1287 234 1295
f 1295 1293 1287
f 1301 238 1299
f 1299 200 1298
f 1298 237 1301
f 1301 1299 1298
f 1299 238 1300
f 1300 201 1156
f 1156 200 1299
f 1299 1300 1156
f 1306 239 1302
f 1302 47 1191
f 1191 211 1306
f 1306 1302 1191
f 1302 239 1305
f 1305 187 1113
f 1113 47 1302
f 1302 1305 1113
f 1309 240 1310
f 1310 126 939
f 939 125 1309
f 1309 1310 939
f 1310 240 1317
f 1317 241 1315
f 1315 126 1310
f 1310 1317 1315
f 1320 136 1311
f 1311 240 1321
f 1321 242 1320
f 1320 1311 1321
f 1311 136 966
f 966 88 1308
f 1308 240 1311
f 1311 966 1308
f 1319 133 1322
f 1323 242 1319
f 1319 1322 1323
f 1322 133 978
f 813 76 985
f 985 140 984
f 984 73 813
f 813 985 984
f 985 76 987
f 987 141 989
f 989 140 985
f 985 987 989
f 1153 200 1154
f 1154 140 986
f 986 139 1153
f 1153 1154 986
f 1154 200 1155
f 1155 199 1152
f 1152 140 1154
f 1154 1155 1152
f 1324 172 1137
f 1137 196 1327
f 1327 243 1324
f 1324 1137 1327
f 1137 172 1122
f 1122 189 1138
f 1138 196 1137
f 1137 1122 1138
f 1328 173 1325
f 1325 243 1330
f 1330 244 1328
f 1328 1325 1330
f 1325 173 1073
f 1073 172 1324
f 1324 243 1325
f 1325 1073 1324
f 1336 246 1335
f 1335 16 1331
f 1331 245 1336
f 1336 1335 1331
f 1335 246 1334
f 1334 13 703
f 703 16 1335
f 1335 1334 703
f 1097 53 766
f 766 37 1096
f 1096 181 1097
f 1097 766 1096
f 766 53 773
f 773 56 771
f 771 37 766
f 766 773 771
f 1277 186 1168
f 1168 204 1278
f 1278 231 1277
f 1277 1168 1278
f 1168 186 1109
f 1109 67 1167
f 1167 204 1168
f 1168 1109 1167
f 1333 245 1332
f 1332 38 1251
f 1251 224 1333
f 1333 1332 1251
f 1332 245 1331
f 1331 16 738
f 738 38 1332
f 1332 1331 738
f 1337 248 1343
f 1343 250 1342
f 1342 247 1337
f 1337 1343 1342
f 1343 248 1339
f 1339 249 1344
f 1344 250 1343
f 1343 1339 1344
f 1347 249 1345
f 1345 249 1348
f 1352 251 1349
f 1356 252 1353
f 1359 254 1358
f 1358 77 1355
f 1355 253 1359
f 1359 1358 1355
f 1358 254 1357
f 1357 34 818
f 818 77 1358
f 1358 1357 818
f 1362 255 1360
f 1360 34 1357
f 1357 254 1362
f 1362 1360 1357
f 1360 255 1361
f 1361 35 733
f 733 34 1360
f 1360 1361 733
f 1372 258 1371
f 1371 256 1369
f 1369 257 1372
f 1372 1371 1369
f 1371 258 1370
f 1370 209 1365
f 1365 256 1371
f 1371 1370 1365
f 1378 260 1376
f 1376 165 1373
f 1373 259 1378
f 1378 1376 1373
f 1376 260 1377
f 1377 166 1057
f 1057 165 1376
f 1376 1377 1057
f 1384 262 1382
f 1382 30 1379
f 1379 261 1384
f 1384 1382 1379
f 1382 262 1383
f 1383 31 725
f 725 30 1382
f 1382 1383 725
f 1386 263 1385
f 1385 31 1383
f 1383 262 1386
f 1386 1385 1383
f 1385 263 1389
f 1389 264 1387
f 1387 31 1385
f 1385 1389 1387
f 1108 184 1397
f 1397 271 1398
f 1398 185 1108
f 1108 1397 1398
f 1397 184 1401
f 1401 272 1402
f 1402 271 1397
f 1397 1401 1402
f 1407 274 1406
f 1406 272 1404
f 1404 273 1407
f 1407 1406 1404
f 1406 274 1405
f 1405 271 1402
f 1402 272 1406
f 1406 1405 1402
f 1184 208 1410
f 1410 276 1409
f 1409 4 1184
f 1184 1410 1409
f 1410 208 1408
f 1408 275 1411
f 1411 276 1410
f 1410 1408 1411
f 682 4 1413
f 1413 277 1412
f 1412 1 682
f 682 1413 1412
f 1413 4 1409
f 1409 276 1416
f 1416 277 1413
f 1413 1409 1416
f 1419 273 1403
f 1403 9 1417
f 1417 278 1419
f 1419 1403 1417
f 1403 273 1404
f 1404 272 1399
f 1399 9 1403
f 1403 1404 1399
f 1420 279 1421
f 1421 51 760
f 760 50 1420
f 1420 1421 760
f 1421 279 1426
f 1426 280 1424
f 1424 51 1421
f 1421 1426 1424
f 1415 250 1340
f 1340 1 1412
f 1412 277 1415
f 1415 1340 1412
f 1340 250 1341
f 1341 5 684
f 684 1 1340
f 1340 1341 684
f 1415 277 1414
f 1414 247 1342
f 1342 250 1415
f 1415 1414 1342
f 1414 277 1429
f 1429 281 1427
f 1427 247 1414
f 1414 1429 1427
f 1432 281 1428
f 1428 276 1431
f 1431 282 1432
f 1432 1428 1431
f 1428 281 1429
f 1429 277 1416
f 1416 276 1428
f 1428 1429 1416
f 1436 284 1435
f 1435 274 1434
f 1434 283 1436
f 1436 1435 1434
f 1435 284 1440
f 1440 285 1438
f 1438 274 1435
f 1435 1440 1438
f 1442 286 1443
f 1443 280 1426
f 1426 279 1442
f 1442 1443 1426
f 1443 286 1441
f 1441 278 1425
f 1425 280 1443
f 1443 1441 1425
f 1446 283 1433
f 1433 273 1444
f 1444 287 1446
f 1446 1433 1444
f 1433 283 1434
f 1434 274 1407
f 1407 273 1433
f 1433 1434 1407
f 1452 248 1390
f 1390 248 1455
f 699 13 758
f 758 51 759
f 759 14 699
f 699 758 759
f 758 13 761
f 761 52 764
f 764 51 758
f 758 761 764
f 761 13 1456
f 1456 291 1458
f 1458 52 761
f 761 1456 1458
f 1456 13 1334
f 1334 246 1459
f 1459 291 1456
f 1456 1334 1459
f 1436 283 1460
f 1460 292 1461
f 1461 284 1436
f 1436 1460 1461
f 1460 283 1446
f 1446 287 1463
f 1463 292 1460
f 1460 1446 1463
f 1469 294 1466
f 1466 279 1465
f 1465 293 1469
f 1469 1466 1465
f 1466 294 1467
f 1467 286 1442
f 1442 279 1466
f 1466 1467 1442
f 1474 297 1473
f 1473 295 1472
f 1472 296 1474
f 1474 1473 1472
f 1473 297 1478
f 1478 298 1477
f 1477 295 1473
f 1473 1478 1477
f 1485 300 1483
f 1483 281 1479
f 1479 299 1485
f 1485 1483 1479
f 1483 300 1482
f 1482 247 1427
f 1427 281 1483
f 1483 1482 1427
f 1490 296 1489
f 1489 301 1493
f 1493 302 1490
f 1490 1489 1493
f 1489 296 1472
f 1472 295 1488
f 1488 301 1489
f 1489 1472 1488
f 1496 303 1495
f 1495 300 1492
f 1492 302 1496
f 1496 1495 1492
f 1495 303 1494
f 1494 290 1484
f 1484 300 1495
f 1495 1494 1484
f 1432 282 1480
f 1480 299 1479
f 1479 281 1432
f 1432 1480 1479
f 1480 282 1497
f 1497 304 1500
f 1500 299 1480
f 1480 1497 1500
f 702 14 697
f 697 11 700
f 700 15 702
f 702 697 700
f 697 14 698
f 698 12 696
f 696 11 697
f 697 698 696
f 1424 280 1423
f 1423 14 759
f 759 51 1424
f 1424 1423 759
f 1423 280 1422
f 1422 12 698
f 698 14 1423
f 1423 1422 698
f 1504 305 1501
f 1501 182 1476
f 1476 298 1504
f 1504 1501 1476
f 1501 305 1507
f 1507 306 1505
f 1505 182 1501
f 1501 1507 1505
f 1505 306 1506
f 1506 183 1101
f 1101 182 1505
f 1505 1506 1101
f 1506 306 1509
f 1509 307 1508
f 1508 183 1506
f 1506 1509 1508
f 1513 309 1512
f 1512 307 1510
f 1510 308 1513
f 1513 1512 1510
f 1512 309 1511
f 1511 183 1508
f 1508 307 1512
f 1512 1511 1508
f 1099 20 1475
f 1475 298 1476
f 1476 182 1099
f 1099 1475 1476
f 1475 20 1471
f 1471 295 1477
f 1477 298 1475
f 1475 1471 1477
f 709 19 1470
f 1470 295 1471
f 1471 20 709
f 709 1470 1471
f 1470 19 1486
f 1486 301 1488
f 1488 295 1470
f 1470 1486 1488
f 1448 288 1487
f 1487 301 1486
f 1486 19 1448
f 1448 1487 1486
f 1487 288 1514
f 1514 310 1515
f 1515 301 1487
f 1487 1514 1515
f 793 63 824
f 824 79 823
f 823 62 793
f 793 824 823
f 824 63 825
f 825 80 826
f 826 79 824
f 824 825 826
f 1051 164 1179
f 1179 206 1178
f 1178 161 1051
f 1051 1179 1178
f 1179 164 1050
f 1050 81 1175
f 1175 206 1179
f 1179 1050 1175
f 843 90 841
f 841 84 837
f 837 87 843
f 843 841 837
f 841 90 842
f 842 85 833
f 833 84 841
f 841 842 833
f 866 98 868
f 868 86 834
f 834 65 866
f 866 868 834
f 868 98 867
f 867 83 835
f 835 86 868
f 868 867 835
f 847 91 850
f 850 93 849
f 849 60 847
f 847 850 849
f 850 91 854
f 854 94 856
f 856 93 850
f 850 854 856
f 1522 111 900
f 900 82 1521
f 1521 311 1522
f 1522 900 1521
f 900 111 901
f 901 95 858
f 858 82 900
f 900 901 858
f 812 74 870
f 870 100 871
f 871 75 812
f 812 870 871
f 870 74 874
f 874 101 876
f 876 100 870
f 870 874 876
f 943 126 938
f 938 102 940
f 940 127 943
f 943 938 940
f 938 126 937
f 937 99 877
f 877 102 938
f 938 937 877
f 781 59 880
f 880 104 879
f 879 57 781
f 781 880 879
f 880 59 882
f 882 105 885
f 885 104 880
f 880 882 885
f 922 118 921
f 921 106 914
f 914 116 922
f 922 921 914
f 921 118 920
f 920 103 886
f 886 106 921
f 921 920 886
f 789 60 888
f 888 107 889
f 889 61 789
f 789 888 889
f 888 60 849
f 849 93 890
f 890 107 888
f 888 849 890
f 910 114 908
f 908 92 897
f 897 110 910
f 910 908 897
f 908 114 909
f 909 108 893
f 893 92 908
f 908 909 893
f 796 65 995
f 995 144 996
f 996 66 796
f 796 995 996
f 995 65 834
f 834 86 997
f 997 144 995
f 995 834 997
f 842 90 994
f 994 143 992
f 992 85 842
f 842 994 992
f 994 90 1001
f 1001 146 1002
f 1002 143 994
f 994 1001 1002
f 996 144 1164
f 1164 203 1161
f 1161 66 996
f 996 1164 1161
f 1164 144 1173
f 1173 205 1174
f 1174 203 1164
f 1164 1173 1174
f 1178 206 1177
f 1177 146 1040
f 1040 161 1178
f 1178 1177 1040
f 1177 206 1176
f 1176 143 1002
f 1002 146 1177
f 1177 1176 1002
f 1315 241 1314
f 1314 99 937
f 937 126 1315
f 1315 1314 937
f 1314 241 1316
f 1316 214 1207
f 1207 99 1314
f 1314 1316 1207
f 1197 212 1196
f 1196 83 867
f 867 98 1197
f 1197 1196 867
f 1196 212 1213
f 1213 215 1210
f 1210 83 1196
f 1196 1213 1210
f 770 54 1218
f 1218 217 1219
f 1219 55 770
f 770 1218 1219
f 1218 54 1223
f 1223 218 1226
f 1226 217 1218
f 1218 1223 1226
f 935 124 1228
f 1228 219 1227
f 1227 121 935
f 935 1228 1227
f 1228 124 1216
f 1216 216 1229
f 1229 219 1228
f 1228 1216 1229
f 862 96 1224
f 1224 218 1223
f 1223 54 862
f 862 1224 1223
f 1224 96 1232
f 1232 220 1234
f 1234 218 1224
f 1224 1232 1234
f 927 120 926
f 926 103 920
f 920 118 927
f 927 926 920
f 926 120 1238
f 1238 221 1236
f 1236 103 926
f 926 1238 1236
f 788 61 883
f 883 105 882
f 882 59 788
f 788 883 882
f 883 61 889
f 889 107 891
f 891 105 883
f 883 889 891
f 916 116 915
f 915 108 909
f 909 114 916
f 916 915 909
f 915 116 914
f 914 106 895
f 895 108 915
f 915 914 895
f 808 55 873
f 873 101 874
f 874 74 808
f 808 873 874
f 873 55 1219
f 1219 217 1220
f 1220 101 873
f 873 1219 1220
f 941 127 1217
f 1217 216 1216
f 1216 124 941
f 941 1217 1216
f 1217 127 940
f 940 102 1215
f 1215 216 1217
f 1217 940 1215
f 1115 187 1261
f 1261 227 1259
f 1259 69 1115
f 1115 1261 1259
f 1261 187 1305
f 1305 239 1307
f 1307 227 1261
f 1261 1305 1307
f 1535 313 1532
f 1532 173 1528
f 1528 312 1535
f 1535 1532 1528
f 1532 313 1533
f 1533 174 1076
f 1076 173 1532
f 1532 1533 1076
f 804 72 1201
f 1201 213 1200
f 1200 8 804
f 804 1201 1200
f 1201 72 1536
f 1536 314 1538
f 1538 213 1201
f 1201 1536 1538
f 1546 208 1544
f 1544 315 1550
f 1550 316 1546
f 1546 1544 1550
f 1544 208 1185
f 1185 207 1543
f 1543 315 1544
f 1544 1185 1543
f 1560 318 1558
f 1558 210 1553
f 1553 317 1560
f 1560 1558 1553
f 1558 318 1559
f 1559 211 1193
f 1193 210 1558
f 1558 1559 1193
f 1543 207 1183
f 1183 191 1542
f 1542 315 1543
f 1543 1183 1542
f 1183 207 1204
f 1204 213 1202
f 1202 191 1183
f 1183 1204 1202
f 1294 236 1539
f 1539 314 1536
f 1536 72 1294
f 1294 1539 1536
f 1539 236 1564
f 1564 319 1565
f 1565 314 1539
f 1539 1564 1565
f 1566 320 1567
f 1567 227 1260
f 1260 149 1566
f 1566 1567 1260
f 1567 320 1568
f 1568 228 1264
f 1264 227 1567
f 1567 1568 1264
f 1575 321 1571
f 1571 174 1533
f 1533 313 1575
f 1575 1571 1533
f 1571 321 1574
f 1574 230 1271
f 1271 174 1571
f 1571 1574 1271
f 1555 150 1192
f 1192 211 1559
f 1559 318 1555
f 1555 1192 1559
f 1192 150 1304
f 1304 239 1306
f 1306 211 1192
f 1192 1304 1306
f 1529 312 1530
f 1530 244 1329
f 1329 237 1529
f 1529 1530 1329
f 1530 312 1528
f 1528 173 1328
f 1328 244 1530
f 1530 1528 1328
f 1439 275 1548
f 1548 316 1549
f 1549 285 1439
f 1439 1548 1549
f 1548 275 1408
f 1408 208 1546
f 1546 316 1548
f 1548 1408 1546
f 1578 282 1430
f 1430 275 1577
f 1577 322 1578
f 1578 1430 1577
f 1430 282 1431
f 1431 276 1411
f 1411 275 1430
f 1430 1431 1411
f 1585 304 1581
f 1581 322 1586
f 1586 323 1585
f 1585 1581 1586
f 1581 304 1497
f 1497 282 1578
f 1578 322 1581
f 1581 1497 1578
f 1478 297 1503
f 1503 305 1504
f 1504 298 1478
f 1478 1503 1504
f 1503 297 1589
f 1589 324 1591
f 1591 305 1503
f 1503 1589 1591
f 1595 325 1596
f 1596 305 1502
f 1502 293 1595
f 1595 1596 1502
f 1596 325 1597
f 1597 306 1507
f 1507 305 1596
f 1596 1597 1507
f 1602 326 1599
f 1599 306 1597
f 1597 325 1602
f 1602 1599 1597
f 1599 326 1600
f 1600 307 1509
f 1509 306 1599
f 1599 1600 1509
f 1603 308 1601
f 1601 326 1604
f 1604 327 1603
f 1603 1601 1604
f 1601 308 1510
f 1510 307 1600
f 1600 326 1601
f 1601 1510 1600
f 1607 328 1606
f 1606 188 1267
f 1267 229 1607
f 1607 1606 1267
f 1606 328 1605
f 1605 48 1116
f 1116 188 1606
f 1606 1605 1116
f 1614 330 1611
f 1611 194 1608
f 1608 329 1614
f 1614 1611 1608
f 1611 330 1610
f 1610 193 1134
f 1134 194 1611
f 1611 1610 1134
f 1615 331 1616
f 1616 329 1608
f 1608 194 1615
f 1615 1616 1608
f 1616 331 1618
f 1618 332 1617
f 1617 329 1616
f 1616 1618 1617
f 1614 329 1609
f 1609 328 1613
f 1613 330 1614
f 1614 1609 1613
f 1609 329 1622
f 1622 333 1621
f 1621 328 1609
f 1609 1622 1621
f 771 56 772
f 772 38 739
f 739 37 771
f 771 772 739
f 772 56 1150
f 1150 199 1149
f 1149 38 772
f 772 1150 1149
f 1626 333 1623
f 1623 332 1625
f 1625 334 1626
f 1626 1623 1625
f 1623 333 1622
f 1622 329 1617
f 1617 332 1623
f 1623 1622 1617
f 1627 335 1628
f 1628 169 1065
f 1065 168 1627
f 1627 1628 1065
f 1638 337 1636
f 1636 265 1632
f 1632 336 1638
f 1638 1636 1632
f 1636 337 1637
f 1637 266 1391
f 1391 265 1636
f 1636 1637 1391
f 1646 339 1644
f 1644 267 1641
f 1641 338 1646
f 1646 1644 1641
f 1644 339 1645
f 1645 268 1392
f 1392 267 1644
f 1644 1645 1392
f 1654 341 1651
f 1651 268 1645
f 1645 339 1654
f 1654 1651 1645
f 1651 341 1652
f 1652 269 1394
f 1394 268 1651
f 1651 1652 1394
f 1664 343 1662
f 1662 270 1658
f 1658 342 1664
f 1664 1662 1658
f 1396 270 1662
f 1449 18 1667
f 1667 345 1668
f 1668 289 1449
f 1449 1667 1668
f 1667 18 1666
f 1666 344 1669
f 1669 345 1667
f 1667 1666 1669
f 1453 249 1339
f 1339 248 1452
f 1452 1453 1339
f 1348 249 1453
f 1346 5 1338
f 1338 249 1347
f 1347 251 1346
f 1346 1338 1347
f 1338 5 1341
f 1341 250 1344
f 1344 249 1338
f 1338 1341 1344
f 687 5 1350
f 1350 252 1351
f 1351 6 687
f 687 1350 1351
f 1350 5 1346
f 1346 251 1352
f 1352 252 1350
f 1350 1346 1352
f 816 6 1354
f 1354 253 1355
f 1355 77 816
f 816 1354 1355
f 1354 6 1351
f 1351 252 1356
f 1356 253 1354
f 1354 1351 1356
f 1647 340 1648
f 1648 254 1359
f 1359 253 1647
f 1647 1648 1359
f 1663 343 1660
f 1660 254 1648
f 1648 340 1663
f 1663 1660 1648
f 1660 343 1661
f 1661 255 1362
f 1362 254 1660
f 1660 1661 1362
f 1659 337 1634
f 1634 257 1656
f 1656 342 1659
f 1659 1634 1656
f 1634 337 1635
f 1635 258 1372
f 1372 257 1634
f 1634 1635 1372
f 1653 341 1649
f 1649 259 1631
f 1631 336 1653
f 1653 1649 1631
f 1649 341 1650
f 1650 260 1378
f 1378 259 1649
f 1649 1650 1378
f 1646 338 1639
f 1639 261 1643
f 1643 339 1646
f 1646 1639 1643
f 1639 338 1640
f 1640 262 1384
f 1384 261 1639
f 1639 1640 1384
f 1672 346 1670
f 1670 262 1640
f 1640 338 1672
f 1672 1670 1640
f 1670 346 1671
f 1671 263 1386
f 1386 262 1670
f 1670 1671 1386
f 1448 19 1450
f 1450 289 1451
f 1451 288 1448
f 1448 1450 1451
f 1450 19 706
f 706 18 1449
f 1449 289 1450
f 1450 706 1449
f 1337 247 1454
f 1454 290 1455
f 1455 248 1337
f 1337 1454 1455
f 1454 247 1482
f 1482 300 1484
f 1484 290 1454
f 1454 1482 1484
f 1518 303 1517
f 1517 310 1519
f 1518 1517 1519
f 1139 195 1326
f 1326 243 1327
f 1327 196 1139
f 1139 1326 1327
f 1326 195 1673
f 1673 347 1674
f 1674 243 1326
f 1326 1673 1674
f 1674 347 1675
f 1675 244 1330
f 1330 243 1674
f 1674 1675 1330
f 1675 347 1679
f 1679 348 1678
f 1678 244 1675
f 1675 1679 1678
f 1165 44 1274
f 1274 231 1278
f 1278 204 1165
f 1165 1274 1278
f 1274 44 751
f 751 43 1273
f 1273 231 1274
f 1274 751 1273
f 1160 63 1166
f 1166 204 1169
f 1169 203 1160
f 1160 1166 1169
f 1166 63 792
f 792 44 1165
f 1165 204 1166
f 1166 792 1165
f 1288 71 1291
f 1291 235 1292
f 1292 234 1288
f 1288 1291 1292
f 1291 71 803
f 803 70 1290
f 1290 235 1291
f 1291 803 1290
f 1170 205 1171
f 1171 81 827
f 827 80 1170
f 1170 1171 827
f 1171 205 1180
f 1180 206 1175
f 1175 81 1171
f 1171 1180 1175
f 1524 164 1246
f 1246 222 1525
f 1525 311 1524
f 1524 1246 1525
f 1246 164 1052
f 1052 163 1245
f 1245 222 1246
f 1246 1052 1245
f 1365 209 1289
f 1289 234 1366
f 1366 256 1365
f 1365 1289 1366
f 1289 209 1186
f 1186 71 1288
f 1288 234 1289
f 1289 1186 1288
f 1039 159 1043
f 1043 162 1044
f 1044 160 1039
f 1039 1043 1044
f 1043 159 1047
f 1047 163 1049
f 1049 162 1043
f 1043 1047 1049
f 1290 70 1680
f 1680 349 1683
f 1683 235 1290
f 1290 1680 1683
f 1680 70 1263
f 1263 228 1682
f 1682 349 1680
f 1680 1263 1682
f 1286 232 1279
f 1279 42 1284
f 1284 233 1286
f 1286 1279 1284
f 1279 232 1280
f 1280 43 749
f 749 42 1279
f 1279 1280 749
f 1187 209 1374
f 1374 259 1373
f 1373 165 1187
f 1187 1374 1373
f 1374 209 1370
f 1370 258 1375
f 1375 259 1374
f 1374 1370 1375
f 1160 203 1163
f 1163 80 825
f 825 63 1160
f 1160 1163 825
f 1163 203 1174
f 1174 205 1170
f 1170 80 1163
f 1163 1174 1170
f 830 81 1520
f 1520 311 1521
f 1521 82 830
f 830 1520 1521
f 1520 81 1050
f 1050 164 1524
f 1524 311 1520
f 1520 1050 1524
f 1689 320 1570
f 1570 233 1688
f 1688 350 1689
f 1689 1570 1688
f 1570 320 1569
f 1569 232 1286
f 1286 233 1570
f 1570 1569 1286
f 1395 266 1657
f 1657 342 1658
f 1658 270 1395
f 1395 1657 1658
f 1657 266 1637
f 1637 337 1659
f 1659 342 1657
f 1657 1637 1659
f 1375 258 1630
f 1630 336 1631
f 1631 259 1375
f 1375 1630 1631
f 1630 258 1635
f 1635 337 1638
f 1638 336 1630
f 1630 1635 1638
f 1287 36 1364
f 1364 256 1366
f 1366 234 1287
f 1287 1364 1366
f 1364 36 735
f 735 35 1363
f 1363 256 1364
f 1364 735 1363
f 744 40 746
f 746 42 747
f 747 41 744
f 744 746 747
f 746 40 743
f 743 39 745
f 745 42 746
f 746 743 745
f 742 40 785
f 785 60 783
f 783 22 742
f 742 785 783
f 785 40 845
f 845 91 847
f 847 60 785
f 785 845 847
f 858 95 857
f 857 79 828
f 828 82 858
f 858 857 828
f 857 95 860
f 860 94 853
f 853 79 857
f 857 860 853
f 1522 311 1523
f 1523 112 905
f 905 111 1522
f 1522 1523 905
f 1523 311 1525
f 1525 222 1242
f 1242 112 1523
f 1523 1525 1242
f 1023 129 969
f 969 137 1024
f 1024 1023 969
f 1242 222 1243
f 1243 137 968
f 968 112 1242
f 1242 1243 968
f 1243 222 1244
f 1244 138 970
f 970 137 1243
f 1243 1244 970
f 1685 225 1681
f 1681 349 1690
f 1690 350 1685
f 1685 1681 1690
f 1681 225 1562
f 1562 319 1684
f 1684 349 1681
f 1681 1562 1684
f 1089 180 1090
f 1090 39 740
f 740 21 1089
f 1089 1090 740
f 1090 180 1256
f 1256 226 1255
f 1255 39 1090
f 1090 1256 1255
f 734 36 806
f 806 72 805
f 805 33 734
f 734 806 805
f 806 36 1293
f 1293 236 1294
f 1294 72 806
f 806 1293 1294
f 1363 35 1367
f 1367 257 1369
f 1369 256 1363
f 1363 1367 1369
f 1367 35 1361
f 1361 255 1368
f 1368 257 1367
f 1367 1361 1368
f 853 94 852
f 852 62 823
f 823 79 853
f 853 852 823
f 852 94 854
f 854 91 848
f 848 62 852
f 852 854 848
f 859 95 898
f 898 110 897
f 897 92 859
f 859 898 897
f 898 95 901
f 901 111 903
f 903 110 898
f 898 901 903
f 1684 319 1563
f 1563 235 1683
f 1683 349 1684
f 1684 1563 1683
f 1563 319 1564
f 1564 236 1296
f 1296 235 1563
f 1563 1564 1296
f 1368 255 1655
f 1655 342 1656
f 1656 257 1368
f 1368 1655 1656
f 1655 255 1661
f 1661 343 1664
f 1664 342 1655
f 1655 1661 1664
f 1307 239 1303
f 1303 149 1260
f 1260 227 1307
f 1307 1303 1260
f 1303 239 1304
f 1304 150 1012
f 1012 149 1303
f 1303 1304 1012
f 1537 192 1203
f 1203 213 1538
f 1538 314 1537
f 1537 1203 1538
f 1203 192 1129
f 1129 191 1202
f 1202 213 1203
f 1203 1129 1202
f 1565 319 1561
f 1561 192 1537
f 1537 314 1565
f 1565 1561 1537
f 1561 319 1562
f 1562 225 1254
f 1254 192 1561
f 1561 1562 1254
f 1678 348 1676
f 1676 237 1329
f 1329 244 1678
f 1678 1676 1329
f 1676 348 1677
f 1677 238 1301
f 1301 237 1676
f 1676 1677 1301
f 1439 285 1580
f 1580 322 1577
f 1577 275 1439
f 1439 1580 1577
f 1580 285 1440
f 1440 284 1579
f 1579 322 1580
f 1580 1440 1579
f 1579 284 1582
f 1582 323 1586
f 1586 322 1579
f 1579 1582 1586
f 1582 284 1461
f 1461 292 1583
f 1583 323 1582
f 1582 1461 1583
f 1591 324 1587
f 1587 293 1502
f 1502 305 1591
f 1591 1587 1502
f 1587 324 1588
f 1588 294 1469
f 1469 293 1587
f 1587 1588 1469
f 990 142 1527
f 1527 312 1526
f 1526 139 990
f 990 1527 1526
f 1527 142 1531
f 1531 313 1535
f 1535 312 1527
f 1527 1531 1535
f 1547 316 1545
f 1545 185 1398
f 1398 271 1547
f 1547 1545 1398
f 1545 316 1550
f 1550 315 1541
f 1541 185 1545
f 1545 1550 1541
f 1082 176 1551
f 1551 317 1552
f 1552 177 1082
f 1082 1551 1552
f 1551 176 1557
f 1557 318 1560
f 1560 317 1551
f 1551 1557 1560
f 1541 315 1540
f 1540 179 1107
f 1107 185 1541
f 1541 1540 1107
f 1540 315 1542
f 1542 191 1126
f 1126 179 1540
f 1540 1542 1126
f 1281 232 1282
f 1282 149 1010
f 1010 148 1281
f 1281 1282 1010
f 1282 232 1569
f 1569 320 1566
f 1566 149 1282
f 1282 1569 1566
f 1247 223 1534
f 1534 313 1531
f 1531 142 1247
f 1247 1534 1531
f 1534 223 1573
f 1573 321 1575
f 1575 313 1534
f 1534 1573 1575
f 1079 151 1556
f 1556 318 1557
f 1557 176 1079
f 1079 1556 1557
f 1556 151 1014
f 1014 150 1555
f 1555 318 1556
f 1556 1014 1555
f 1153 139 1297
f 1297 237 1298
f 1298 200 1153
f 1153 1297 1298
f 1297 139 1526
f 1526 312 1529
f 1529 237 1297
f 1297 1526 1529
f 1438 285 1437
f 1437 271 1405
f 1405 274 1438
f 1438 1437 1405
f 1437 285 1549
f 1549 316 1547
f 1547 271 1437
f 1437 1549 1547
f 1420 50 1464
f 1464 293 1465
f 1465 279 1420
f 1420 1464 1465
f 1464 50 1594
f 1594 325 1595
f 1595 293 1464
f 1464 1594 1595
f 757 49 1593
f 1593 325 1594
f 1594 50 757
f 757 1593 1594
f 1593 49 1598
f 1598 326 1602
f 1602 325 1593
f 1593 1598 1602
f 1691 351 1693
f 1693 326 1598
f 1598 49 1691
f 1691 1693 1598
f 1693 351 1694
f 1694 327 1604
f 1604 326 1693
f 1693 1694 1604
f 1682 228 1687
f 1687 350 1690
f 1690 349 1682
f 1682 1687 1690
f 1687 228 1568
f 1568 320 1689
f 1689 350 1687
f 1687 1568 1689
f 1285 226 1686
f 1686 350 1688
f 1688 233 1285
f 1285 1686 1688
f 1686 226 1258
f 1258 225 1685
f 1685 350 1686
f 1686 1258 1685
f 1102 10 1400
f 1400 272 1401
f 1401 184 1102
f 1102 1400 1401
f 1400 10 692
f 692 9 1399
f 1399 272 1400
f 1400 692 1399
f 1097 181 1094
f 1094 26 765
f 765 53 1097
f 1097 1094 765
f 1094 181 1095
f 1095 27 719
f 719 26 1094
f 1094 1095 719
f 765 26 767
f 767 54 768
f 768 53 765
f 765 767 768
f 767 26 861
f 861 96 862
f 862 54 767
f 767 861 862
f 929 120 931
f 931 122 932
f 932 121 929
f 929 931 932
f 931 120 928
f 928 119 930
f 930 122 931
f 931 928 930
f 1019 155 1020
f 1020 46 752
f 752 45 1019
f 1019 1020 752
f 1020 155 1022
f 1022 154 1016
f 1016 46 1020
f 1020 1022 1016
f 1068 170 1066
f 1066 45 1064
f 1064 169 1068
f 1068 1066 1064
f 1066 170 1067
f 1067 155 1019
f 1019 45 1066
f 1066 1067 1019
f 1103 28 720
f 720 10 1102
f 1102 184 1103
f 1103 720 1102
f 720 28 722
f 722 27 716
f 716 10 720
f 720 722 716
f 1147 198 1144
f 1144 97 1084
f 1084 178 1147
f 1147 1144 1084
f 1144 198 1148
f 1148 197 1141
f 1141 97 1144
f 1144 1148 1141
f 1141 197 1142
f 1142 98 869
f 869 97 1141
f 1141 1142 869
f 1142 197 1198
f 1198 212 1197
f 1197 98 1142
f 1142 1198 1197
f 1210 215 1211
f 1211 84 831
f 831 83 1210
f 1210 1211 831
f 1211 215 1214
f 1214 214 1205
f 1205 84 1211
f 1211 1214 1205
f 1236 221 1237
f 1237 104 881
f 881 103 1236
f 1236 1237 881
f 1237 221 1241
f 1241 220 1233
f 1233 104 1237
f 1237 1241 1233
f 1027 156 1025
f 1025 117 957
f 957 132 1027
f 1027 1025 957
f 1025 156 1026
f 1026 119 924
f 924 117 1025
f 1025 1026 924
f 1145 198 1146
f 1146 142 991
f 991 141 1145
f 1145 1146 991
f 1146 198 1250
f 1250 223 1247
f 1247 142 1146
f 1146 1250 1247
f 1016 154 1189
f 1189 210 1188
f 1188 46 1016
f 1016 1189 1188
f 1189 154 1270
f 1270 230 1272
f 1272 210 1189
f 1189 1270 1272
f 1312 241 1313
f 1313 88 838
f 838 87 1312
f 1312 1313 838
f 1313 241 1317
f 1317 240 1308
f 1308 88 1313
f 1313 1317 1308
f 1319 242 1318
f 1318 125 959
f 959 133 1319
f 1319 1318 959
f 1318 242 1321
f 1321 240 1309
f 1309 125 1318
f 1318 1321 1309
f 983 136 1320
f 1425 278 1418
f 1418 12 1422
f 1422 280 1425
f 1425 1418 1422
f 1418 278 1417
f 1417 9 695
f 695 12 1418
f 1418 1417 695
f 1419 278 1445
f 1445 287 1444
f 1444 273 1419
f 1419 1445 1444
f 1445 278 1441
f 1441 286 1447
f 1447 287 1445
f 1445 1441 1447
f 1447 286 1462
f 1462 292 1463
f 1463 287 1447
f 1447 1462 1463
f 1462 286 1467
f 1467 294 1468
f 1468 292 1462
f 1462 1467 1468
f 1500 304 1498
f 1498 296 1481
f 1481 299 1500
f 1500 1498 1481
f 1498 304 1499
f 1499 297 1474
f 1474 296 1498
f 1498 1499 1474
f 1485 299 1491
f 1491 302 1492
f 1492 300 1485
f 1485 1491 1492
f 1491 299 1481
f 1481 296 1490
f 1490 302 1491
f 1491 1481 1490
f 1515 310 1516
f 1516 302 1493
f 1493 301 1515
f 1515 1516 1493
f 1516 310 1517
f 1517 303 1496
f 1496 302 1516
f 1516 1517 1496
f 1205 214 1206
f 1206 87 837
f 837 84 1205
f 1205 1206 837
f 1206 214 1316
f 1316 241 1312
f 1312 87 1206
f 1206 1316 1312
f 1212 215 1209
f 1209 75 871
f 871 100 1212
f 1212 1209 871
f 1209 215 1213
f 1213 212 1194
f 1194 75 1209
f 1209 1213 1194
f 1233 220 1231
f 1231 57 879
f 879 104 1233
f 1233 1231 879
f 1231 220 1232
f 1232 96 863
f 863 57 1231
f 1231 1232 863
f 1240 221 1239
f 1239 121 1227
f 1227 219 1240
f 1240 1239 1227
f 1239 221 1238
f 1238 120 929
f 929 121 1239
f 1239 1238 929
f 1272 230 1554
f 1554 317 1553
f 1553 210 1272
f 1272 1554 1553
f 1554 230 1574
f 1574 321 1576
f 1576 317 1554
f 1554 1574 1576
f 1499 304 1590
f 1590 324 1589
f 1589 297 1499
f 1499 1590 1589
f 1590 304 1585
f 1585 323 1592
f 1592 324 1590
f 1590 1585 1592
f 1468 294 1584
f 1584 323 1583
f 1583 292 1468
f 1468 1584 1583
f 1584 294 1588
f 1588 324 1592
f 1592 323 1584
f 1584 1588 1592
f 1576 321 1572
f 1572 177 1552
f 1552 317 1576
f 1576 1572 1552
f 1572 321 1573
f 1573 223 1248
f 1248 177 1572
f 1572 1573 1248
f 1055 30 1059
f 1059 167 1061
f 1061 166 1055
f 1055 1059 1061
f 1059 30 723
f 723 29 1058
f 1058 167 1059
f 1059 723 1058
f 1117 68 1265
f 1265 229 1267
f 1267 188 1117
f 1117 1265 1267
f 1265 68 1060
f 1060 167 1266
f 1266 229 1265
f 1265 1060 1266
f 1055 166 1380
f 1380 261 1379
f 1379 30 1055
f 1055 1380 1379
f 1380 166 1377
f 1377 260 1381
f 1381 261 1380
f 1380 1377 1381
f 1610 330 1612
f 1612 229 1268
f 1268 193 1610
f 1610 1612 1268
f 1612 330 1613
f 1613 328 1607
f 1607 229 1612
f 1612 1613 1607
f 1063 48 1619
f 1619 333 1620
f 1620 168 1063
f 1063 1619 1620
f 1619 48 1605
f 1605 328 1621
f 1621 333 1619
f 1619 1605 1621
f 1393 269 1633
f 1633 336 1632
f 1632 265 1393
f 1393 1633 1632
f 1633 269 1652
f 1652 341 1653
f 1653 336 1633
f 1633 1652 1653
f 1381 260 1642
f 1642 339 1643
f 1643 261 1381
f 1381 1642 1643
f 1642 260 1650
f 1650 341 1654
f 1654 339 1642
f 1642 1650 1654
f 1458 291 1457
f 1457 49 762
f 762 52 1458
f 1458 1457 762
f 1457 291 1692
f 1692 351 1691
f 1691 49 1457
f 1457 1692 1691
f 1100 183 1696
f 1696 352 1695
f 1695 17 1100
f 1100 1696 1695
f 1696 183 1511
f 1511 309 1697
f 1697 352 1696
f 1696 1511 1697
f 1700 267 1699
f 1700 353 1701
f 1701 338 1641
f 1641 267 1700
f 1700 1701 1641
f 1701 353 1702
f 1702 346 1672
f 1672 338 1701
f 1701 1702 1672
f 1626 334 1624
f 1624 168 1620
f 1620 333 1626
f 1626 1624 1620
f 1624 334 1629
f 1629 335 1627
f 1627 168 1624
f 1624 1629 1627
f 1703 354 1704
f 1704 194 1133
f 1133 32 1703
f 1703 1704 1133
f 1704 354 1706
f 1706 331 1615
f 1615 194 1704
f 1704 1706 1615
f 1387 264 1388
f 1388 32 727
f 727 31 1387
f 1387 1388 727
f 1388 264 1705
f 1705 354 1703
f 1703 32 1388
f 1388 1705 1703
f 705 17 1665
f 1665 344 1666
f 1666 18 705
f 705 1665 1666
f 1665 17 1695
f 1695 352 1698
f 1698 344 1665
f 1665 1695 1698
f 1709 357 1708
f 1708 355 1707
f 1707 356 1709
f 1709 1708 1707
f 1708 357 1711
f 1711 358 1710
f 1710 355 1708
f 1708 1711 1710
f 1713 359 1712
f 1712 355 1710
f 1710 358 1713
f 1713 1712 1710
f 1712 359 1715
f 1715 360 1714
f 1714 355 1712
f 1712 1715 1714
f 1711 357 1717
f 1717 362 1718
f 1718 358 1711
f 1711 1717 1718
f 1717 357 1716
f 1716 361 1719
f 1719 362 1717
f 1717 1716 1719
f 1722 365 1721
f 1721 363 1720
f 1720 364 1722
f 1722 1721 1720
f 1721 365 1724
f 1724 366 1723
f 1723 363 1721
f 1721 1724 1723
f 1732 369 1731
f 1731 367 1729
f 1729 368 1732
f 1732 1731 1729
f 1731 369 1736
f 1736 370 1735
f 1735 367 1731
f 1731 1736 1735
f 1739 372 1744
f 1744 374 1743
f 1743 371 1739
f 1739 1744 1743
f 1744 372 1740
f 1740 373 1745
f 1745 374 1744
f 1744 1740 1745
f 1746 376 1749
f 1749 378 1748
f 1748 375 1746
f 1746 1749 1748
f 1749 376 1747
f 1747 377 1750
f 1750 378 1749
f 1749 1747 1750
f 1756 381 1755
f 1755 379 1752
f 1752 380 1756
f 1756 1755 1752
f 1755 381 1758
f 1758 382 1757
f 1757 379 1755
f 1755 1758 1757
f 1765 385 1764
f 1764 383 1761
f 1761 384 1765
f 1765 1764 1761
f 1764 385 1767
f 1767 386 1766
f 1766 383 1764
f 1764 1767 1766
f 1772 389 1771
f 1771 387 1770
f 1770 388 1772
f 1772 1771 1770
f 1771 389 1775
f 1775 390 1774
f 1774 387 1771
f 1771 1775 1774
f 1781 392 1779
f 1779 368 1778
f 1778 391 1781
f 1781 1779 1778
f 1779 392 1780
f 1780 369 1732
f 1732 368 1779
f 1779 1780 1732
f 1783 393 1782
f 1782 375 1748
f 1748 378 1783
f 1783 1782 1748
f 1782 393 1785
f 1785 394 1784
f 1784 375 1782
f 1782 1785 1784
f 1789 397 1788
f 1788 395 1787
f 1787 396 1789
f 1789 1788 1787
f 1788 397 1793
f 1793 398 1792
f 1792 395 1788
f 1788 1793 1792
f 1798 401 1797
f 1797 399 1796
f 1796 400 1798
f 1798 1797 1796
f 1797 401 1800
f 1800 402 1799
f 1799 399 1797
f 1797 1800 1799
f 1805 404 1810
f 1810 406 1809
f 1809 403 1805
f 1805 1810 1809
f 1810 404 1808
f 1808 405 1811
f 1811 406 1810
f 1810 1808 1811
f 1818 409 1817
f 1817 407 1816
f 1816 408 1818
f 1818 1817 1816
f 1817 409 1821
f 1821 410 1820
f 1820 407 1817
f 1817 1821 1820
f 1825 412 1824
f 1824 379 1822
f 1822 411 1825
f 1825 1824 1822
f 1824 412 1829
f 1829 413 1827
f 1827 379 1824
f 1824 1829 1827
f 1750 377 1833
f 1833 415 1834
f 1834 378 1750
f 1750 1833 1834
f 1833 377 1830
f 1830 414 1836
f 1836 415 1833
f 1833 1830 1836
f 1839 396 1838
f 1838 416 1840
f 1840 417 1839
f 1839 1838 1840
f 1838 396 1787
f 1787 395 1837
f 1837 416 1838
f 1838 1787 1837
f 1843 420 1842
f 1842 418 1841
f 1841 419 1843
f 1843 1842 1841
f 1842 420 1845
f 1845 421 1844
f 1844 418 1842
f 1842 1845 1844
f 1848 424 1847
f 1847 422 1846
f 1846 423 1848
f 1848 1847 1846
f 1847 424 1850
f 1850 425 1849
f 1849 422 1847
f 1847 1850 1849
f 1852 387 1768
f 1768 361 1851
f 1851 426 1852
f 1852 1768 1851
f 1768 387 1769
f 1769 362 1719
f 1719 361 1768
f 1768 1769 1719
f 1857 429 1856
f 1856 427 1855
f 1855 428 1857
f 1857 1856 1855
f 1856 429 1861
f 1861 430 1860
f 1860 427 1856
f 1856 1861 1860
f 1774 390 1773
f 1773 362 1769
f 1769 387 1774
f 1774 1773 1769
f 1773 390 1865
f 1865 431 1864
f 1864 362 1773
f 1773 1865 1864
f 1866 432 1867
f 1867 377 1747
f 1747 376 1866
f 1866 1867 1747
f 1867 432 1869
f 1869 413 1826
f 1826 377 1867
f 1867 1869 1826
f 1826 413 1832
f 1832 414 1830
f 1830 377 1826
f 1826 1832 1830
f 1832 413 1829
f 1829 412 1831
f 1831 414 1832
f 1832 1829 1831
f 1872 434 1876
f 1876 436 1875
f 1875 433 1872
f 1872 1876 1875
f 1876 434 1873
f 1873 435 1877
f 1877 436 1876
f 1876 1873 1877
f 1881 439 1880
f 1880 437 1879
f 1879 438 1881
f 1881 1880 1879
f 1880 439 1883
f 1883 440 1882
f 1882 437 1880
f 1880 1883 1882
f 1889 443 1888
f 1888 441 1887
f 1887 442 1889
f 1889 1888 1887
f 1888 443 1891
f 1891 444 1890
f 1890 441 1888
f 1888 1891 1890
f 1892 445 1893
f 1893 395 1786
f 1786 393 1892
f 1892 1893 1786
f 1893 445 1895
f 1895 416 1837
f 1837 395 1893
f 1893 1895 1837
f 1903 448 1902
f 1902 446 1898
f 1898 447 1903
f 1903 1902 1898
f 1902 448 1907
f 1907 449 1906
f 1906 446 1902
f 1902 1907 1906
f 1757 382 1823
f 1823 411 1822
f 1822 379 1757
f 1757 1823 1822
f 1823 382 1908
f 1908 450 1910
f 1910 411 1823
f 1823 1908 1910
f 1916 452 1915
f 1915 421 1911
f 1911 451 1916
f 1916 1915 1911
f 1915 452 1914
f 1914 418 1844
f 1844 421 1915
f 1915 1914 1844
f 1921 455 1920
f 1920 453 1917
f 1917 454 1921
f 1921 1920 1917
f 1920 455 1925
f 1925 456 1924
f 1924 453 1920
f 1920 1925 1924
f 1930 459 1929
f 1929 457 1926
f 1926 458 1930
f 1930 1929 1926
f 1929 459 1934
f 1934 460 1933
f 1933 457 1929
f 1929 1934 1933
f 1943 462 1941
f 1941 449 1937
f 1937 461 1943
f 1943 1941 1937
f 1941 462 1940
f 1940 446 1906
f 1906 449 1941
f 1941 1940 1906
f 1948 465 1947
f 1947 463 1944
f 1944 464 1948
f 1948 1947 1944
f 1947 465 1952
f 1952 466 1951
f 1951 463 1947
f 1947 1952 1951
f 1951 466 1954
f 1954 467 1953
f 1953 463 1951
f 1951 1954 1953
f 1954 466 1957
f 1957 468 1958
f 1958 467 1954
f 1954 1957 1958
f 1964 470 1963
f 1963 468 1961
f 1961 469 1964
f 1964 1963 1961
f 1963 470 1962
f 1962 467 1958
f 1958 468 1963
f 1963 1962 1958
f 1964 469 1965
f 1965 471 1966
f 1966 470 1964
f 1964 1965 1966
f 1965 469 1969
f 1969 472 1970
f 1970 471 1965
f 1965 1969 1970
f 1975 474 1974
f 1974 472 1972
f 1972 473 1975
f 1975 1974 1972
f 1974 474 1973
f 1973 471 1970
f 1970 472 1974
f 1974 1973 1970
f 1979 477 1978
f 1978 475 1977
f 1977 476 1979
f 1979 1978 1977
f 1978 477 1983
f 1983 478 1982
f 1982 475 1978
f 1978 1983 1982
f 1990 481 1989
f 1989 479 1986
f 1986 480 1990
f 1990 1989 1986
f 1989 481 1994
f 1994 482 1993
f 1993 479 1989
f 1989 1994 1993
f 1996 483 1995
f 1995 463 1953
f 1953 467 1996
f 1996 1995 1953
f 1995 483 1999
f 1999 484 1997
f 1997 463 1995
f 1995 1999 1997
f 2001 485 2000
f 2000 470 1966
f 1966 471 2001
f 2001 2000 1966
f 2000 485 2005
f 2005 486 2003
f 2003 470 2000
f 2000 2005 2003
f 2009 480 2007
f 2007 487 2010
f 2010 488 2009
f 2009 2007 2010
f 2007 480 1986
f 1986 479 2006
f 2006 487 2007
f 2007 1986 2006
f 2013 444 2012
f 2012 489 2014
f 2014 490 2013
f 2013 2012 2014
f 2012 444 1891
f 1891 443 2011
f 2011 489 2012
f 2012 1891 2011
f 2018 491 2017
f 2017 492 2019
f 2018 2017 2019
f 2036 495 2035
f 2035 493 2033
f 2033 494 2036
f 2036 2035 2033
f 2035 495 2040
f 2040 496 2039
f 2039 493 2035
f 2035 2040 2039
f 1881 438 2041
f 2041 497 2042
f 2042 439 1881
f 1881 2041 2042
f 2041 438 2046
f 2046 498 2047
f 2047 497 2041
f 2041 2046 2047
f 1889 442 2048
f 2048 499 2049
f 2049 443 1889
f 1889 2048 2049
f 2048 442 2050
f 2050 500 2052
f 2052 499 2048
f 2048 2050 2052
f 2055 501 2053
f 2053 443 2049
f 2049 499 2055
f 2055 2053 2049
f 2053 501 2054
f 2054 489 2011
f 2011 443 2053
f 2053 2054 2011
f 2061 504 2060
f 2060 502 2059
f 2059 503 2061
f 2061 2060 2059
f 2060 504 2063
f 2063 505 2062
f 2062 502 2060
f 2060 2063 2062
f 2073 508 2072
f 2072 506 2070
f 2070 507 2073
f 2073 2072 2070
f 2072 508 2075
f 2075 509 2074
f 2074 506 2072
f 2072 2075 2074
f 2020 483 2022
f 2022 483 2004
f 2004 486 2023
f 2022 2004 2023
f 2024 485 2026
f 2026 485 2080
f 2032 490 2014
f 2014 489 2031
f 2031 2032 2014
f 2030 490 2032
f 2093 513 2092
f 2092 514 2094
f 2093 2092 2094
f 2101 517 2100
f 2100 515 2097
f 2097 516 2101
f 2101 2100 2097
f 2100 517 2107
f 2107 518 2106
f 2106 515 2100
f 2100 2107 2106
f 2108 422 2114
f 2114 521 2115
f 2115 519 2108
f 2108 2114 2115
f 2114 422 2112
f 2112 520 2116
f 2116 521 2114
f 2114 2112 2116
f 2117 522 2120
f 2120 399 1794
f 1794 169 2117
f 2117 2120 1794
f 2120 522 2121
f 2121 400 1796
f 1796 399 2120
f 2120 2121 1796
f 2064 171 2067
f 2067 507 2070
f 2070 506 2064
f 2064 2067 2070
f 2067 171 1071
f 1071 170 2066
f 2066 507 2067
f 2067 1071 2066
f 2123 524 2124
f 2124 523 2122
f 2122 509 2123
f 2123 2124 2122
f 2124 524 2126
f 2126 525 2125
f 2125 523 2124
f 2124 2126 2125
f 2133 528 2132
f 2132 526 2131
f 2131 527 2133
f 2133 2132 2131
f 2132 528 2136
f 2136 529 2135
f 2135 526 2132
f 2132 2136 2135
f 1746 375 2139
f 2139 531 2140
f 2140 376 1746
f 1746 2139 2140
f 2139 375 2137
f 2137 530 2141
f 2141 531 2139
f 2139 2137 2141
f 2144 381 1753
f 1753 365 2142
f 2142 532 2144
f 2144 1753 2142
f 1753 381 1754
f 1754 366 1724
f 1724 365 1753
f 1753 1754 1724
f 2153 534 2151
f 2151 371 2150
f 2150 533 2153
f 2153 2151 2150
f 2151 534 2152
f 2152 372 1739
f 1739 371 2151
f 2151 2152 1739
f 1827 413 1828
f 1828 380 1752
f 1752 379 1827
f 1827 1828 1752
f 1828 413 1869
f 1869 432 1868
f 1868 380 1828
f 1828 1869 1868
f 2160 536 2159
f 2159 432 2155
f 2155 535 2160
f 2160 2159 2155
f 2159 536 2158
f 2158 380 1868
f 1868 432 2159
f 2159 2158 1868
f 2135 529 2164
f 2164 537 2163
f 2163 526 2135
f 2135 2164 2163
f 2164 529 2134
f 2134 503 2162
f 2162 537 2164
f 2164 2134 2162
f 1798 400 2165
f 2165 538 2166
f 2166 401 1798
f 1798 2165 2166
f 2165 400 2168
f 2168 539 2171
f 2171 538 2165
f 2165 2168 2171
f 2027 488 2029
f 2029 488 2010
f 2010 487 2028
f 2029 2010 2028
f 1860 430 1858
f 1858 408 1854
f 1854 427 1860
f 1860 1858 1854
f 1858 430 1859
f 1859 409 1818
f 1818 408 1858
f 1858 1859 1818
f 2176 540 2175
f 2175 509 2122
f 2122 523 2176
f 2176 2175 2122
f 2175 540 2174
f 2174 506 2074
f 2074 509 2175
f 2175 2174 2074
f 2172 190 2065
f 2065 506 2174
f 2174 540 2172
f 2172 2065 2174
f 2065 190 1124
f 1124 171 2064
f 2064 506 2065
f 2065 1124 2064
f 2141 530 2177
f 2177 541 2178
f 2178 531 2141
f 2141 2177 2178
f 2177 530 2179
f 2179 542 2180
f 2180 541 2177
f 2177 2179 2180
f 2187 544 2185
f 2185 383 2181
f 2181 543 2187
f 2187 2185 2181
f 2185 544 2186
f 2186 384 1761
f 1761 383 2185
f 2185 2186 1761
f 2188 195 2173
f 2173 540 2190
f 2190 545 2188
f 2188 2173 2190
f 2173 195 1136
f 1136 190 2172
f 2172 540 2173
f 2173 1136 2172
f 2199 547 2198
f 2198 495 2193
f 2193 546 2199
f 2199 2198 2193
f 2198 547 2195
f 2195 428 2034
f 2034 495 2198
f 2198 2195 2034
f 2130 527 2129
f 2129 418 1914
f 1914 452 2130
f 2130 2129 1914
f 2129 527 2131
f 2131 526 2127
f 2127 418 2129
f 2129 2131 2127
f 2037 427 2204
f 2204 548 2205
f 2205 496 2037
f 2037 2204 2205
f 2204 427 1854
f 1854 408 2203
f 2203 548 2204
f 2204 1854 2203
f 2200 202 2207
f 2207 549 2211
f 2211 548 2200
f 2200 2207 2211
f 2207 202 1159
f 1159 201 2206
f 2206 549 2207
f 2207 1159 2206
f 1843 419 2213
f 2213 550 2214
f 2214 420 1843
f 1843 2213 2214
f 2213 419 2219
f 2219 551 2221
f 2221 550 2213
f 2213 2219 2221
f 2228 497 2224
f 2224 552 2232
f 2232 553 2228
f 2228 2224 2232
f 2224 497 2047
f 2047 498 2225
f 2225 552 2224
f 2224 2047 2225
f 2106 518 2103
f 2103 500 2095
f 2095 515 2106
f 2106 2103 2095
f 2103 518 2102
f 2102 499 2052
f 2052 500 2103
f 2103 2102 2052
f 2104 513 2089
f 2089 499 2102
f 2102 518 2104
f 2104 2089 2102
f 2089 513 2090
f 2090 501 2055
f 2055 499 2089
f 2089 2090 2055
f 2057 501 2088
f 2088 501 2090
f 1864 431 1862
f 1862 358 1718
f 1718 362 1864
f 1864 1862 1718
f 1862 431 1863
f 1863 359 1713
f 1713 358 1862
f 1862 1863 1713
f 2237 555 2234
f 2234 356 2233
f 2233 554 2237
f 2237 2234 2233
f 2234 555 2235
f 2235 357 1709
f 1709 356 2234
f 2234 2235 1709
f 2238 423 2109
f 2109 519 2239
f 2239 556 2238
f 2238 2109 2239
f 2109 423 1846
f 1846 422 2108
f 2108 519 2109
f 2109 1846 2108
f 2127 526 2128
f 2128 419 1841
f 1841 418 2127
f 2127 2128 1841
f 2128 526 2163
f 2163 537 2161
f 2161 419 2128
f 2128 2163 2161
f 2240 557 2241
f 2241 402 1800
f 1800 401 2240
f 2240 2241 1800
f 2241 557 2245
f 2245 558 2243
f 2243 402 2241
f 2241 2245 2243
f 2250 559 2246
f 2246 428 2195
f 2195 547 2250
f 2250 2246 2195
f 2246 559 2247
f 2247 429 1857
f 1857 428 2246
f 2246 2247 1857
f 2256 560 2251
f 2251 357 2235
f 2235 555 2256
f 2256 2251 2235
f 2251 560 2252
f 2252 361 1716
f 1716 357 2251
f 2251 2252 1716
f 2266 562 2265
f 2265 456 2260
f 2260 561 2266
f 2266 2265 2260
f 2265 562 2264
f 2264 453 1924
f 1924 456 2265
f 2265 2264 1924
f 2276 565 2275
f 2275 563 2272
f 2272 564 2276
f 2276 2275 2272
f 2275 565 2282
f 2282 566 2281
f 2281 563 2275
f 2275 2282 2281
f 2293 568 2291
f 2291 564 2287
f 2287 567 2293
f 2293 2291 2287
f 2291 568 2292
f 2292 565 2276
f 2276 564 2291
f 2291 2292 2276
f 1943 461 1938
f 1938 458 1942
f 1942 462 1943
f 1943 1938 1942
f 1938 461 1939
f 1939 459 1930
f 1930 458 1938
f 1938 1939 1930
f 1990 480 1984
f 1984 476 1988
f 1988 481 1990
f 1990 1984 1988
f 1984 480 1985
f 1985 477 1979
f 1979 476 1984
f 1984 1985 1979
f 2099 517 2098
f 2098 491 2091
f 2091 514 2099
f 2099 2098 2091
f 2098 517 2298
f 2298 569 2295
f 2295 491 2098
f 2098 2298 2295
f 1997 484 1998
f 1998 464 1944
f 1944 463 1997
f 1997 1998 1944
f 1998 484 2016
f 2016 492 2015
f 2015 464 1998
f 1998 2016 2015
f 2003 486 2002
f 2002 467 1962
f 1962 470 2003
f 2003 2002 1962
f 2002 486 2004
f 2004 483 1996
f 1996 467 2002
f 2002 2004 1996
f 2079 474 2081
f 2081 511 2083
f 2083 510 2079
f 2079 2081 2083
f 2081 474 1981
f 1981 478 2082
f 2082 511 2081
f 2081 1981 2082
f 2084 512 2085
f 2085 478 1983
f 1983 477 2084
f 2084 2085 1983
f 2085 512 2087
f 2087 511 2082
f 2082 478 2085
f 2085 2087 2082
f 2009 488 2008
f 2008 477 1985
f 1985 480 2009
f 2009 2008 1985
f 2008 488 2086
f 2086 512 2084
f 2084 477 2008
f 2008 2086 2084
f 2302 570 2300
f 2300 527 2194
f 2194 546 2302
f 2302 2300 2194
f 2300 570 2301
f 2301 528 2133
f 2133 527 2300
f 2300 2301 2133
f 1776 224 2201
f 2201 548 2202
f 2202 391 1776
f 1776 2201 2202
f 2201 224 1253
f 1253 202 2200
f 2200 548 2201
f 2201 1253 2200
f 2304 571 2305
f 2305 542 2179
f 2179 530 2304
f 2304 2305 2179
f 2305 571 2307
f 2307 572 2306
f 2306 542 2305
f 2305 2307 2306
f 2308 573 2309
f 2309 425 1850
f 1850 424 2308
f 2308 2309 1850
f 2309 573 2313
f 2313 574 2310
f 2310 425 2309
f 2309 2313 2310
f 2171 539 2170
f 2170 425 2167
f 2167 538 2171
f 2171 2170 2167
f 2170 539 2169
f 2169 422 1849
f 1849 425 2170
f 2170 2169 1849
f 2021 484 1999
f 1999 483 2020
f 2020 2021 1999
f 2076 484 2021
f 2025 486 2005
f 2005 485 2024
f 2024 2025 2005
f 2023 486 2025
f 2086 488 2027
f 2056 489 2054
f 2054 501 2057
f 2057 2056 2054
f 2031 489 2056
f 2281 566 2279
f 2279 454 2267
f 2267 563 2281
f 2281 2279 2267
f 2279 566 2280
f 2280 455 1921
f 1921 454 2279
f 2279 2280 1921
f 2110 520 2182
f 2182 543 2181
f 2181 383 2110
f 2110 2182 2181
f 2182 520 2315
f 2315 575 2317
f 2317 543 2182
f 2182 2315 2317
f 2318 576 2319
f 2319 509 2075
f 2075 508 2318
f 2318 2319 2075
f 2319 576 2320
f 2320 524 2123
f 2123 509 2319
f 2319 2320 2123
f 2162 503 2325
f 2325 577 2326
f 2326 537 2162
f 2162 2325 2326
f 2325 503 2059
f 2059 502 2324
f 2324 577 2325
f 2325 2059 2324
f 2328 397 2058
f 2058 502 2330
f 2330 578 2328
f 2328 2058 2330
f 2058 397 2323
f 2323 577 2324
f 2324 502 2058
f 2058 2323 2324
f 2303 394 2332
f 2332 579 2334
f 2334 571 2303
f 2303 2332 2334
f 2332 394 1791
f 1791 398 2333
f 2333 579 2332
f 2332 1791 2333
f 1866 376 2154
f 2154 535 2155
f 2155 432 1866
f 1866 2154 2155
f 2154 376 2140
f 2140 531 2156
f 2156 535 2154
f 2154 2140 2156
f 2146 532 2143
f 2143 369 1780
f 1780 392 2146
f 2146 2143 1780
f 2143 532 2142
f 2142 365 1730
f 1730 369 2143
f 2143 2142 1730
f 2339 581 2341
f 2341 580 2336
f 2336 388 2339
f 2339 2341 2336
f 2341 581 2345
f 2345 582 2344
f 2344 580 2341
f 2341 2345 2344
f 1300 238 2208
f 2208 549 2206
f 2206 201 1300
f 1300 2208 2206
f 2208 238 2346
f 2346 583 2349
f 2349 549 2208
f 2208 2346 2349
f 2353 584 2350
f 2350 401 2166
f 2166 538 2353
f 2353 2350 2166
f 2350 584 2354
f 2354 557 2240
f 2240 401 2350
f 2350 2354 2240
f 2365 586 2363
f 2363 482 2359
f 2359 585 2365
f 2365 2363 2359
f 2363 586 2362
f 2362 479 1993
f 1993 482 2363
f 2363 2362 1993
f 2013 490 2364
f 2364 586 2361
f 2361 444 2013
f 2013 2364 2361
f 2364 490 2368
f 2368 587 2369
f 2369 586 2364
f 2364 2368 2369
f 2028 487 2370
f 2370 487 2367
f 2367 587 2371
f 2370 2367 2371
f 2034 428 2038
f 2038 496 2040
f 2040 495 2034
f 2034 2038 2040
f 2038 428 1855
f 1855 427 2037
f 2037 496 2038
f 2038 1855 2037
f 2211 549 2210
f 2210 496 2205
f 2205 548 2211
f 2211 2210 2205
f 2210 549 2209
f 2209 493 2039
f 2039 496 2210
f 2210 2209 2039
f 2176 523 2189
f 2189 545 2190
f 2190 540 2176
f 2176 2189 2190
f 2189 523 2374
f 2374 588 2376
f 2376 545 2189
f 2189 2374 2376
f 2125 525 2375
f 2375 588 2374
f 2374 523 2125
f 2125 2375 2374
f 2375 525 2379
f 2379 589 2381
f 2381 588 2375
f 2375 2379 2381
f 1725 246 1728
f 1728 368 1729
f 1729 367 1725
f 1725 1728 1729
f 1728 246 1336
f 1336 245 1727
f 1727 368 1728
f 1728 1336 1727
f 1816 407 1813
f 1813 392 1815
f 1815 408 1816
f 1816 1813 1815
f 1813 407 2147
f 2147 532 2146
f 2146 392 1813
f 1813 2147 2146
f 2161 537 2220
f 2220 551 2219
f 2219 419 2161
f 2161 2220 2219
f 2220 537 2326
f 2326 577 2327
f 2327 551 2220
f 2220 2326 2327
f 1727 245 1777
f 1777 391 1778
f 1778 368 1727
f 1727 1777 1778
f 1777 245 1333
f 1333 224 1776
f 1776 391 1777
f 1777 1333 1776
f 2385 591 2389
f 2389 593 2388
f 2388 590 2385
f 2385 2389 2388
f 2389 591 2387
f 2387 592 2390
f 2390 593 2389
f 2389 2387 2390
f 2392 592 2391
f 2391 592 2394
f 2398 594 2397
f 2397 595 2399
f 2398 2397 2399
f 2399 595 2403
f 2403 595 2402
f 2402 596 2404
f 2403 2402 2404
f 2405 597 2406
f 2406 431 1865
f 1865 390 2405
f 2405 2406 1865
f 2406 597 2407
f 2407 596 2401
f 2401 431 2406
f 2406 2407 2401
f 2408 598 2409
f 2409 390 1775
f 1775 389 2408
f 2408 2409 1775
f 2409 598 2410
f 2410 597 2405
f 2405 390 2409
f 2409 2410 2405
f 2415 600 2416
f 2416 599 2413
f 2413 556 2415
f 2415 2416 2413
f 2416 600 2420
f 2420 601 2419
f 2419 599 2416
f 2416 2420 2419
f 2422 602 2421
f 2421 519 2115
f 2115 521 2422
f 2422 2421 2115
f 2421 602 2426
f 2426 603 2423
f 2423 519 2421
f 2421 2426 2423
f 2429 604 2430
f 2430 386 1767
f 1767 385 2429
f 2429 2430 1767
f 2430 604 2434
f 2434 605 2431
f 2431 386 2430
f 2430 2434 2431
f 1389 263 1762
f 1762 385 1763
f 1763 264 1389
f 1389 1762 1763
f 1762 263 2427
f 2427 604 2429
f 2429 385 1762
f 1762 2427 2429
f 2446 536 2443
f 2443 612 2447
f 2447 613 2446
f 2446 2443 2447
f 2443 536 2160
f 2160 535 2442
f 2442 612 2443
f 2443 2160 2442
f 2448 614 2449
f 2449 613 2447
f 2447 612 2448
f 2448 2449 2447
f 2449 614 2452
f 2452 615 2451
f 2451 613 2449
f 2449 2452 2451
f 2453 616 2454
f 2454 554 2233
f 2233 356 2453
f 2453 2454 2233
f 2454 616 2456
f 2456 617 2455
f 2455 554 2454
f 2454 2456 2455
f 2457 618 2458
f 2458 356 1707
f 1707 355 2457
f 2457 2458 1707
f 2458 618 2461
f 2461 616 2453
f 2453 356 2458
f 2458 2461 2453
f 2451 615 2450
f 2450 363 2444
f 2444 613 2451
f 2451 2450 2444
f 2450 615 2464
f 2464 619 2462
f 2462 363 2450
f 2450 2464 2462
f 1811 405 2469
f 2469 621 2470
f 2470 406 1811
f 1811 2469 2470
f 2469 405 2467
f 2467 620 2471
f 2471 621 2469
f 2469 2467 2471
f 2457 355 2383
f 2383 591 2460
f 2460 618 2457
f 2457 2383 2460
f 2383 355 1714
f 1714 360 2384
f 2384 591 2383
f 2383 1714 2384
f 2385 590 2459
f 2459 618 2460
f 2460 591 2385
f 2385 2459 2460
f 2459 590 2472
f 2472 622 2474
f 2474 618 2459
f 2459 2472 2474
f 2475 616 2473
f 2473 622 2477
f 2477 623 2475
f 2475 2473 2477
f 2473 616 2461
f 2461 618 2474
f 2474 622 2473
f 2473 2461 2474
f 2478 614 2483
f 2483 626 2484
f 2484 624 2478
f 2478 2483 2484
f 2483 614 2481
f 2481 625 2485
f 2485 626 2483
f 2483 2481 2485
f 2486 627 2487
f 2487 620 2468
f 2468 619 2486
f 2486 2487 2468
f 2487 627 2488
f 2488 621 2471
f 2471 620 2487
f 2487 2488 2471
f 2478 624 2479
f 2479 615 2452
f 2452 614 2478
f 2478 2479 2452
f 2479 624 2491
f 2491 628 2489
f 2489 615 2479
f 2479 2491 2489
f 2435 593 2499
f 2501 593 2435
f 1804 367 1806
f 1806 405 1808
f 1808 404 1804
f 1804 1806 1808
f 1806 367 1735
f 1735 370 1807
f 1807 405 1806
f 1806 1735 1807
f 1803 291 1726
f 1726 367 1804
f 1804 404 1803
f 1803 1726 1804
f 1726 291 1459
f 1459 246 1725
f 1725 367 1726
f 1726 1459 1725
f 2491 624 2502
f 2502 632 2505
f 2505 628 2491
f 2491 2502 2505
f 2502 624 2484
f 2484 626 2503
f 2503 632 2502
f 2502 2484 2503
f 2507 633 2506
f 2506 621 2488
f 2488 627 2507
f 2507 2506 2488
f 2506 633 2511
f 2511 634 2510
f 2510 621 2506
f 2506 2511 2510
f 2518 637 2517
f 2517 635 2516
f 2516 636 2518
f 2518 2517 2516
f 2517 637 2520
f 2520 638 2519
f 2519 635 2517
f 2517 2520 2519
f 2521 639 2522
f 2522 622 2472
f 2472 590 2521
f 2521 2522 2472
f 2522 639 2527
f 2527 640 2524
f 2524 622 2522
f 2522 2527 2524
f 2519 638 2531
f 2531 641 2530
f 2530 635 2519
f 2519 2531 2530
f 2531 638 2532
f 2532 642 2535
f 2535 641 2531
f 2531 2532 2535
f 2536 643 2537
f 2537 639 2523
f 2523 631 2536
f 2536 2537 2523
f 2537 643 2538
f 2538 642 2533
f 2533 639 2537
f 2537 2538 2533
f 2524 640 2525
f 2525 623 2477
f 2477 622 2524
f 2524 2525 2477
f 2525 640 2542
f 2542 644 2539
f 2539 623 2525
f 2525 2542 2539
f 1730 365 1734
f 1734 370 1736
f 1736 369 1730
f 1730 1734 1736
f 1734 365 1722
f 1722 364 1733
f 1733 370 1734
f 1734 1722 1733
f 1807 370 2466
f 2466 620 2467
f 2467 405 1807
f 1807 2466 2467
f 2466 370 1733
f 1733 364 2465
f 2465 620 2466
f 2466 1733 2465
f 2515 534 2545
f 2545 646 2547
f 2547 636 2515
f 2515 2545 2547
f 2545 534 2544
f 2544 645 2549
f 2549 646 2545
f 2545 2544 2549
f 2153 533 2543
f 2543 645 2544
f 2544 534 2153
f 2153 2543 2544
f 2543 533 2552
f 2552 647 2553
f 2553 645 2543
f 2543 2552 2553
f 2148 309 2551
f 2551 647 2552
f 2552 533 2148
f 2148 2551 2552
f 2551 309 1513
f 1513 308 2550
f 2550 647 2551
f 2551 1513 2550
f 2512 372 2514
f 2514 636 2516
f 2516 635 2512
f 2512 2514 2516
f 2514 372 2152
f 2152 534 2515
f 2515 636 2514
f 2514 2152 2515
f 2512 635 2513
f 2513 373 1740
f 1740 372 2512
f 2512 2513 1740
f 2513 635 2530
f 2530 641 2528
f 2528 373 2513
f 2513 2530 2528
f 2528 641 2529
f 2529 630 2496
f 2496 373 2528
f 2528 2529 2496
f 2529 641 2555
f 2555 648 2554
f 2554 630 2529
f 2529 2555 2554
f 1870 433 1871
f 1871 417 1840
f 1840 416 1870
f 1870 1871 1840
f 1871 433 1875
f 1875 436 1874
f 1874 417 1871
f 1871 1875 1874
f 2096 516 2231
f 2231 553 2227
f 2227 435 2096
f 2096 2231 2227
f 2231 516 2097
f 2097 515 2230
f 2230 553 2231
f 2231 2097 2230
f 1884 440 1886
f 1886 442 1887
f 1887 441 1884
f 1884 1886 1887
f 1886 440 1883
f 1883 439 1885
f 1885 442 1886
f 1886 1883 1885
f 1912 451 1913
f 1913 438 1879
f 1879 437 1912
f 1912 1913 1879
f 1913 451 1911
f 1911 421 1878
f 1878 438 1913
f 1913 1911 1878
f 1901 445 1905
f 1905 449 1907
f 1907 448 1901
f 1901 1905 1907
f 1905 445 1894
f 1894 415 1904
f 1904 449 1905
f 1905 1894 1904
f 1946 465 1945
f 1945 434 1897
f 1897 447 1946
f 1946 1945 1897
f 1945 465 2563
f 2563 649 2560
f 2560 434 1945
f 1945 2563 2560
f 1919 430 1923
f 1923 456 1925
f 1925 455 1919
f 1919 1923 1925
f 1923 430 1861
f 1861 429 1922
f 1922 456 1923
f 1923 1861 1922
f 1991 482 1992
f 1992 454 1917
f 1917 453 1991
f 1991 1992 1917
f 1992 482 1994
f 1994 481 1987
f 1987 454 1992
f 1992 1994 1987
f 1927 412 1932
f 1932 460 1934
f 1934 459 1927
f 1927 1932 1934
f 1932 412 1825
f 1825 411 1931
f 1931 460 1932
f 1932 1825 1931
f 1967 472 1968
f 1968 458 1926
f 1926 457 1967
f 1967 1968 1926
f 1968 472 1969
f 1969 469 1959
f 1959 458 1968
f 1968 1969 1959
f 1935 461 1936
f 1936 415 1836
f 1836 414 1935
f 1935 1936 1836
f 1936 461 1937
f 1937 449 1904
f 1904 415 1936
f 1936 1937 1904
f 1956 468 1955
f 1955 446 1940
f 1940 462 1956
f 1956 1955 1940
f 1955 468 1957
f 1957 466 1949
f 1949 446 1955
f 1955 1957 1949
f 1878 421 2045
f 2045 498 2046
f 2046 438 1878
f 1878 2045 2046
f 2045 421 1845
f 1845 420 2044
f 2044 498 2045
f 2045 1845 2044
f 2042 497 2043
f 2043 442 1885
f 1885 439 2042
f 2042 2043 1885
f 2043 497 2051
f 2051 500 2050
f 2050 442 2043
f 2043 2051 2050
f 2225 498 2216
f 2216 550 2226
f 2226 552 2225
f 2225 2216 2226
f 2216 498 2044
f 2044 420 2214
f 2214 550 2216
f 2216 2044 2214
f 2228 553 2229
f 2229 500 2051
f 2051 497 2228
f 2228 2229 2051
f 2229 553 2230
f 2230 515 2095
f 2095 500 2229
f 2229 2230 2095
f 2360 585 2358
f 2358 453 2264
f 2264 562 2360
f 2360 2358 2264
f 2358 585 2359
f 2359 482 1991
f 1991 453 2358
f 2358 2359 1991
f 2261 559 2248
f 2248 437 2258
f 2258 561 2261
f 2261 2248 2258
f 2248 559 2249
f 2249 451 1912
f 1912 437 2248
f 2248 2249 1912
f 2273 410 2278
f 2278 566 2282
f 2282 565 2273
f 2273 2278 2282
f 2278 410 1821
f 1821 409 2277
f 2277 566 2278
f 2278 1821 2277
f 2268 476 2271
f 2271 564 2272
f 2272 563 2268
f 2268 2271 2272
f 2271 476 1977
f 1977 475 2270
f 2270 564 2271
f 2271 1977 2270
f 2289 450 2274
f 2274 565 2292
f 2292 568 2289
f 2289 2274 2292
f 2274 450 1909
f 1909 410 2273
f 2273 565 2274
f 2274 1909 2273
f 2285 473 1971
f 1971 457 2283
f 2283 567 2285
f 2285 1971 2283
f 1971 473 1972
f 1972 472 1967
f 1967 457 1971
f 1971 1972 1967
f 1927 459 1928
f 1928 414 1831
f 1831 412 1927
f 1927 1928 1831
f 1928 459 1939
f 1939 461 1935
f 1935 414 1928
f 1928 1939 1935
f 1959 469 1960
f 1960 462 1942
f 1942 458 1959
f 1959 1960 1942
f 1960 469 1961
f 1961 468 1956
f 1956 462 1960
f 1960 1961 1956
f 2277 409 1918
f 1918 455 2280
f 2280 566 2277
f 2277 1918 2280
f 1918 409 1859
f 1859 430 1919
f 1919 455 1918
f 1918 1859 1919
f 1987 481 2269
f 2269 563 2267
f 2267 454 1987
f 1987 2269 2267
f 2269 481 1988
f 1988 476 2268
f 2268 563 2269
f 2269 1988 2268
f 2353 538 2312
f 2312 574 2355
f 2355 584 2353
f 2353 2312 2355
f 2312 538 2167
f 2167 425 2310
f 2310 574 2312
f 2312 2167 2310
f 2567 650 2568
f 2568 525 2126
f 2126 524 2567
f 2567 2568 2126
f 2568 650 2575
f 2575 651 2572
f 2572 525 2568
f 2568 2575 2572
f 2252 560 2253
f 2253 426 1851
f 1851 361 2252
f 2252 2253 1851
f 2253 560 2578
f 2578 652 2576
f 2576 426 2253
f 2253 2578 2576
f 2237 554 2583
f 2583 653 2584
f 2584 555 2237
f 2237 2583 2584
f 2583 554 2586
f 2586 654 2590
f 2590 653 2583
f 2583 2586 2590
f 2594 655 2595
f 2595 558 2245
f 2245 557 2594
f 2594 2595 2245
f 2595 655 2600
f 2600 656 2598
f 2598 558 2595
f 2595 2600 2598
f 2256 555 2236
f 2236 541 2254
f 2254 560 2256
f 2256 2236 2254
f 2236 555 2584
f 2584 653 2582
f 2582 541 2236
f 2236 2584 2582
f 2603 581 2579
f 2579 652 2605
f 2605 657 2603
f 2603 2579 2605
f 2579 581 2340
f 2340 426 2576
f 2576 652 2579
f 2579 2340 2576
f 2607 658 2608
f 2608 574 2313
f 2313 573 2607
f 2607 2608 2313
f 2608 658 2606
f 2606 505 2311
f 2311 574 2608
f 2608 2606 2311
f 2614 659 2611
f 2611 524 2320
f 2320 576 2614
f 2614 2611 2320
f 2611 659 2615
f 2615 650 2567
f 2567 524 2611
f 2611 2615 2567
f 2351 504 2242
f 2242 557 2354
f 2354 584 2351
f 2351 2242 2354
f 2242 504 2592
f 2592 655 2594
f 2594 557 2242
f 2242 2592 2594
f 2572 651 2574
f 2574 589 2379
f 2379 525 2572
f 2572 2574 2379
f 2574 651 2573
f 2573 583 2380
f 2380 589 2574
f 2574 2573 2380
f 2455 617 2588
f 2588 654 2586
f 2586 554 2455
f 2455 2588 2586
f 2588 617 2482
f 2482 625 2589
f 2589 654 2588
f 2588 2482 2589
f 2617 617 2476
f 2476 623 2618
f 2618 660 2617
f 2617 2476 2618
f 2476 617 2456
f 2456 616 2475
f 2475 623 2476
f 2476 2456 2475
f 2626 660 2621
f 2621 644 2625
f 2625 661 2626
f 2626 2621 2625
f 2621 660 2618
f 2618 623 2539
f 2539 644 2621
f 2621 2618 2539
f 2547 646 2548
f 2548 637 2518
f 2518 636 2547
f 2547 2548 2518
f 2548 646 2631
f 2631 662 2629
f 2629 637 2548
f 2548 2631 2629
f 2636 663 2637
f 2637 646 2549
f 2549 645 2636
f 2636 2637 2549
f 2637 663 2635
f 2635 634 2546
f 2546 646 2637
f 2637 2635 2546
f 2643 664 2642
f 2642 645 2553
f 2553 647 2643
f 2643 2642 2553
f 2642 664 2644
f 2644 663 2636
f 2636 645 2642
f 2642 2644 2636
f 2550 308 2638
f 2638 664 2643
f 2643 647 2550
f 2550 2638 2643
f 2638 308 1603
f 1603 327 2639
f 2639 664 2638
f 2638 1603 2639
f 2645 665 2646
f 2646 539 2168
f 2168 400 2645
f 2645 2646 2168
f 2646 665 2647
f 2647 575 2316
f 2316 539 2646
f 2646 2647 2316
f 2648 666 2649
f 2649 544 2187
f 2187 543 2648
f 2648 2649 2187
f 2649 666 2656
f 2656 667 2654
f 2654 544 2649
f 2649 2656 2654
f 1618 331 2652
f 2652 667 2653
f 2653 332 1618
f 1618 2652 2653
f 2652 331 2183
f 2183 544 2654
f 2654 667 2652
f 2652 2183 2654
f 2651 665 2655
f 2655 667 2656
f 2656 666 2651
f 2651 2655 2656
f 2655 665 2661
f 2661 668 2662
f 2662 667 2655
f 2655 2661 2662
f 2203 408 1814
f 1814 391 2202
f 2202 548 2203
f 2203 1814 2202
f 1814 408 1815
f 1815 392 1781
f 1781 391 1814
f 1814 1815 1781
f 2662 668 2657
f 2657 332 2653
f 2653 667 2662
f 2662 2657 2653
f 2657 668 2658
f 2658 334 1625
f 1625 332 2657
f 2657 2658 1625
f 2117 169 1628
f 1628 335 2119
f 2119 522 2117
f 2117 1628 2119
f 2665 669 2666
f 2666 607 2436
f 2436 606 2665
f 2665 2666 2436
f 2666 669 2671
f 2671 670 2669
f 2669 607 2666
f 2666 2671 2669
f 2674 671 2675
f 2675 609 2438
f 2438 608 2674
f 2674 2675 2438
f 2675 671 2681
f 2681 672 2680
f 2680 609 2675
f 2675 2681 2680
f 2687 674 2686
f 2686 608 2440
f 2440 610 2687
f 2687 2686 2440
f 2686 674 2689
f 2689 671 2674
f 2674 608 2686
f 2686 2689 2674
f 2692 675 2699
f 2699 676 2697
f 2697 611 2692
f 2692 2699 2697
f 2493 345 1742
f 1742 374 2495
f 2495 629 2493
f 2493 1742 2495
f 1742 345 1669
f 1669 344 1741
f 1741 374 1742
f 1742 1669 1741
f 2390 592 2498
f 2499 593 2390
f 2390 2498 2499
f 2498 592 2392
f 2394 592 2386
f 2386 360 2393
f 2393 594 2394
f 2394 2386 2393
f 2386 592 2387
f 2387 591 2384
f 2384 360 2386
f 2386 2387 2384
f 2395 595 2396
f 2396 360 1715
f 1715 359 2395
f 2395 2396 1715
f 2396 595 2397
f 2397 594 2393
f 2393 360 2396
f 2396 2397 2393
f 2401 596 2400
f 2400 359 1863
f 1863 431 2401
f 2401 2400 1863
f 2400 596 2402
f 2402 595 2395
f 2395 359 2400
f 2400 2402 2395
f 2683 673 2682
f 2682 596 2407
f 2407 597 2683
f 2683 2682 2407
f 2404 596 2682
f 2691 675 2690
f 2690 597 2410
f 2410 598 2691
f 2691 2690 2410
f 2690 675 2693
f 2693 673 2683
f 2683 597 2690
f 2690 2693 2683
f 2663 669 2664
f 2664 601 2420
f 2420 600 2663
f 2663 2664 2420
f 2664 669 2698
f 2698 676 2695
f 2695 601 2664
f 2664 2698 2695
f 2684 674 2685
f 2685 603 2426
f 2426 602 2684
f 2684 2685 2426
f 2685 674 2688
f 2688 670 2668
f 2668 603 2685
f 2685 2688 2668
f 2678 672 2679
f 2679 605 2434
f 2434 604 2678
f 2678 2679 2434
f 2679 672 2681
f 2681 671 2673
f 2673 605 2679
f 2679 2681 2673
f 1671 346 2428
f 2428 604 2427
f 2427 263 1671
f 1671 2428 2427
f 2428 346 2676
f 2676 672 2678
f 2678 604 2428
f 2428 2676 2678
f 2497 629 2494
f 2494 373 2496
f 2496 630 2497
f 2497 2494 2496
f 2494 629 2495
f 2495 374 1745
f 1745 373 2494
f 2494 2495 1745
f 2501 631 2500
f 2500 590 2388
f 2388 593 2501
f 2501 2500 2388
f 2500 631 2523
f 2523 639 2521
f 2521 590 2500
f 2500 2523 2521
f 2557 643 2558
f 2559 648 2557
f 2557 2558 2559
f 1673 195 2372
f 2372 588 2373
f 2373 347 1673
f 1673 2372 2373
f 2372 195 2188
f 2188 545 2376
f 2376 588 2372
f 2372 2188 2376
f 1679 347 2377
f 2377 589 2378
f 2378 348 1679
f 1679 2377 2378
f 2377 347 2373
f 2373 588 2381
f 2381 589 2377
f 2377 2373 2381
f 1789 396 2322
f 2322 577 2323
f 2323 397 1789
f 1789 2322 2323
f 2322 396 2217
f 2217 551 2327
f 2327 577 2322
f 2322 2217 2327
f 1839 417 2218
f 2218 551 2217
f 2217 396 1839
f 1839 2218 2217
f 2218 417 2212
f 2212 550 2221
f 2221 551 2218
f 2218 2212 2221
f 1848 423 2342
f 2342 582 2343
f 2343 424 1848
f 1848 2342 2343
f 2342 423 2337
f 2337 580 2344
f 2344 582 2342
f 2342 2337 2344
f 1877 435 2222
f 2222 552 2223
f 2223 436 1877
f 1877 2222 2223
f 2222 435 2227
f 2227 553 2232
f 2232 552 2222
f 2222 2227 2232
f 2101 516 2297
f 2297 569 2298
f 2298 517 2101
f 2101 2297 2298
f 2297 516 2564
f 2564 649 2565
f 2565 569 2297
f 2297 2564 2565
f 2238 556 2338
f 2338 580 2337
f 2337 423 2238
f 2238 2338 2337
f 2338 556 2413
f 2413 599 2414
f 2414 580 2338
f 2338 2413 2414
f 2099 514 2105
f 2105 518 2107
f 2107 517 2099
f 2099 2105 2107
f 2105 514 2092
f 2092 513 2104
f 2104 518 2105
f 2105 2092 2104
f 2308 424 2700
f 2700 677 2702
f 2702 573 2308
f 2308 2700 2702
f 2700 424 2343
f 2343 582 2703
f 2703 677 2700
f 2700 2343 2703
f 2328 578 2329
f 2329 398 1793
f 1793 397 2328
f 2328 2329 1793
f 2329 578 2335
f 2335 579 2333
f 2333 398 2329
f 2329 2335 2333
f 2415 556 2424
f 2424 603 2425
f 2425 600 2415
f 2415 2424 2425
f 2424 556 2239
f 2239 519 2423
f 2423 603 2424
f 2424 2239 2423
f 1874 436 2215
f 2215 550 2212
f 2212 417 1874
f 1874 2215 2212
f 2215 436 2223
f 2223 552 2226
f 2226 550 2215
f 2215 2223 2226
f 2096 435 2561
f 2561 649 2564
f 2564 516 2096
f 2096 2561 2564
f 2561 435 1873
f 1873 434 2560
f 2560 649 2561
f 2561 1873 2560
f 2609 658 2610
f 2610 579 2335
f 2335 578 2609
f 2609 2610 2335
f 2610 658 2709
f 2709 678 2708
f 2708 579 2610
f 2610 2709 2708
f 2665 606 2696
f 2696 676 2698
f 2698 669 2665
f 2665 2696 2698
f 2696 606 2441
f 2441 611 2697
f 2697 676 2696
f 2696 2441 2697
f 2663 600 2667
f 2667 670 2671
f 2671 669 2663
f 2663 2667 2671
f 2667 600 2425
f 2425 603 2668
f 2668 670 2667
f 2667 2425 2668
f 1772 388 2411
f 2411 599 2412
f 2412 389 1772
f 1772 2411 2412
f 2411 388 2336
f 2336 580 2414
f 2414 599 2411
f 2411 2336 2414
f 1785 393 1790
f 1790 398 1791
f 1791 394 1785
f 1785 1790 1791
f 1790 393 1786
f 1786 395 1792
f 1792 398 1790
f 1790 1786 1792
f 1892 393 1835
f 1835 415 1894
f 1894 445 1892
f 1892 1835 1894
f 1835 393 1783
f 1783 378 1834
f 1834 415 1835
f 1835 1783 1834
f 1903 447 1896
f 1896 433 1900
f 1900 448 1903
f 1903 1896 1900
f 1896 447 1897
f 1897 434 1872
f 1872 433 1896
f 1896 1897 1872
f 1948 464 2562
f 2562 649 2563
f 2563 465 1948
f 1948 2562 2563
f 2562 464 2294
f 2294 569 2565
f 2565 649 2562
f 2562 2294 2565
f 2019 492 2077
f 2077 492 2016
f 2016 484 2076
f 2077 2016 2076
f 2015 492 2296
f 2296 569 2294
f 2294 464 2015
f 2015 2296 2294
f 2296 492 2017
f 2017 491 2295
f 2295 569 2296
f 2296 2017 2295
f 2602 572 2701
f 2701 677 2704
f 2704 657 2602
f 2602 2701 2704
f 2701 572 2706
f 2706 678 2710
f 2710 677 2701
f 2701 2706 2710
f 1784 394 2138
f 2138 530 2137
f 2137 375 1784
f 1784 2138 2137
f 2138 394 2303
f 2303 571 2304
f 2304 530 2138
f 2138 2303 2304
f 2339 388 1853
f 1853 426 2340
f 2340 581 2339
f 2339 1853 2340
f 1853 388 1770
f 1770 387 1852
f 1852 426 1853
f 1853 1770 1852
f 2408 389 2417
f 2417 601 2418
f 2418 598 2408
f 2408 2417 2418
f 2417 389 2412
f 2412 599 2419
f 2419 601 2417
f 2417 2412 2419
f 1901 448 1899
f 1899 416 1895
f 1895 445 1901
f 1901 1899 1895
f 1899 448 1900
f 1900 433 1870
f 1870 416 1899
f 1899 1900 1870
f 1946 447 1950
f 1950 466 1952
f 1952 465 1946
f 1946 1950 1952
f 1950 447 1898
f 1898 446 1949
f 1949 466 1950
f 1950 1898 1949
f 2603 657 2604
f 2604 582 2345
f 2345 581 2603
f 2603 2604 2345
f 2604 657 2704
f 2704 677 2703
f 2703 582 2604
f 2604 2704 2703
f 2691 598 2694
f 2694 676 2699
f 2699 675 2691
f 2691 2694 2699
f 2694 598 2418
f 2418 601 2695
f 2695 676 2694
f 2694 2418 2695
f 2351 584 2352
f 2352 505 2063
f 2063 504 2351
f 2351 2352 2063
f 2352 584 2355
f 2355 574 2311
f 2311 505 2352
f 2352 2355 2311
f 2180 542 2255
f 2255 560 2254
f 2254 541 2180
f 2180 2255 2254
f 2255 542 2577
f 2577 652 2578
f 2578 560 2255
f 2255 2577 2578
f 2577 542 2601
f 2601 657 2605
f 2605 652 2577
f 2577 2601 2605
f 2601 542 2306
f 2306 572 2602
f 2602 657 2601
f 2601 2306 2602
f 1677 348 2347
f 2347 583 2346
f 2346 238 1677
f 1677 2347 2346
f 2347 348 2378
f 2378 589 2380
f 2380 583 2347
f 2347 2378 2380
f 2485 625 2619
f 2619 660 2620
f 2620 626 2485
f 2485 2619 2620
f 2619 625 2482
f 2482 617 2617
f 2617 660 2619
f 2619 2482 2617
f 2503 626 2622
f 2622 661 2623
f 2623 632 2503
f 2503 2622 2623
f 2622 626 2620
f 2620 660 2626
f 2626 661 2622
f 2622 2620 2626
f 2627 662 2628
f 2628 634 2511
f 2511 633 2627
f 2627 2628 2511
f 2628 662 2631
f 2631 646 2546
f 2546 634 2628
f 2628 2631 2546
f 2566 494 2571
f 2571 651 2575
f 2575 650 2566
f 2566 2571 2575
f 2571 494 2033
f 2033 493 2570
f 2570 651 2571
f 2571 2033 2570
f 2590 654 2585
f 2585 535 2581
f 2581 653 2590
f 2590 2585 2581
f 2585 654 2587
f 2587 612 2442
f 2442 535 2585
f 2585 2587 2442
f 2593 529 2597
f 2597 656 2600
f 2600 655 2593
f 2593 2597 2600
f 2597 529 2136
f 2136 528 2596
f 2596 656 2597
f 2597 2136 2596
f 2582 653 2580
f 2580 531 2178
f 2178 541 2582
f 2582 2580 2178
f 2580 653 2581
f 2581 535 2156
f 2156 531 2580
f 2580 2581 2156
f 2609 578 2331
f 2331 505 2606
f 2606 658 2609
f 2609 2331 2606
f 2331 578 2330
f 2330 502 2062
f 2062 505 2331
f 2331 2330 2062
f 2613 570 2569
f 2569 650 2615
f 2615 659 2613
f 2613 2569 2615
f 2569 570 2299
f 2299 494 2566
f 2566 650 2569
f 2569 2299 2566
f 2061 503 2591
f 2591 655 2592
f 2592 504 2061
f 2061 2591 2592
f 2591 503 2134
f 2134 529 2593
f 2593 655 2591
f 2591 2134 2593
f 2570 493 2348
f 2348 583 2573
f 2573 651 2570
f 2570 2348 2573
f 2348 493 2209
f 2209 549 2349
f 2349 583 2348
f 2348 2209 2349
f 2589 625 2480
f 2480 612 2587
f 2587 654 2589
f 2589 2480 2587
f 2480 625 2481
f 2481 614 2448
f 2448 612 2480
f 2480 2481 2448
f 2634 406 2509
f 2509 634 2635
f 2635 663 2634
f 2634 2509 2635
f 2509 406 2470
f 2470 621 2510
f 2510 634 2509
f 2509 2470 2510
f 2641 403 2633
f 2633 663 2644
f 2644 664 2641
f 2641 2633 2644
f 2633 403 1809
f 1809 406 2634
f 2634 663 2633
f 2633 1809 2634
f 1694 351 2640
f 2640 664 2639
f 2639 327 1694
f 1694 2640 2639
f 2640 351 1802
f 1802 403 2641
f 2641 664 2640
f 2640 1802 2641
f 2607 573 2707
f 2707 678 2709
f 2709 658 2607
f 2607 2707 2709
f 2707 573 2702
f 2702 677 2710
f 2710 678 2707
f 2707 2702 2710
f 2307 571 2705
f 2705 678 2706
f 2706 572 2307
f 2307 2705 2706
f 2705 571 2334
f 2334 579 2708
f 2708 678 2705
f 2705 2334 2708
f 1723 366 2445
f 2445 613 2444
f 2444 363 1723
f 1723 2445 2444
f 2445 366 2157
f 2157 536 2446
f 2446 613 2445
f 2445 2157 2446
f 2144 532 2145
f 2145 382 1758
f 1758 381 2144
f 2144 2145 1758
f 2145 532 2147
f 2147 407 1812
f 1812 382 2145
f 2145 2147 1812
f 1908 382 1819
f 1819 410 1909
f 1909 450 1908
f 1908 1819 1909
f 1819 382 1812
f 1812 407 1820
f 1820 410 1819
f 1819 1812 1820
f 1975 473 1980
f 1980 478 1981
f 1981 474 1975
f 1975 1980 1981
f 1980 473 1976
f 1976 475 1982
f 1982 478 1980
f 1980 1976 1982
f 2073 507 2069
f 2069 402 2071
f 2071 508 2073
f 2073 2069 2071
f 2069 507 2068
f 2068 399 1799
f 1799 402 2069
f 2069 2068 1799
f 2066 170 1795
f 1795 399 2068
f 2068 507 2066
f 2066 1795 2068
f 1795 170 1068
f 1068 169 1794
f 1794 399 1795
f 1795 1068 1794
f 1756 380 1751
f 1751 366 1754
f 1754 381 1756
f 1756 1751 1754
f 1751 380 2158
f 2158 536 2157
f 2157 366 1751
f 1751 2158 2157
f 2199 546 2191
f 2191 452 2197
f 2197 547 2199
f 2199 2191 2197
f 2191 546 2194
f 2194 527 2130
f 2130 452 2191
f 2191 2194 2130
f 2250 547 2196
f 2196 451 2249
f 2249 559 2250
f 2250 2196 2249
f 2196 547 2197
f 2197 452 1916
f 1916 451 2196
f 2196 2197 1916
f 2266 561 2259
f 2259 440 2262
f 2262 562 2266
f 2266 2259 2262
f 2259 561 2258
f 2258 437 1882
f 1882 440 2259
f 2259 2258 1882
f 2293 567 2284
f 2284 460 2290
f 2290 568 2293
f 2293 2284 2290
f 2284 567 2283
f 2283 457 1933
f 1933 460 2284
f 2284 2283 1933
f 2079 510 2078
f 2078 471 1973
f 1973 474 2079
f 2079 2078 1973
f 2078 510 2080
f 2080 485 2001
f 2001 471 2078
f 2078 2080 2001
f 2302 546 2192
f 2192 494 2299
f 2299 570 2302
f 2302 2192 2299
f 2192 546 2193
f 2193 495 2036
f 2036 494 2192
f 2192 2193 2036
f 2318 508 2244
f 2244 558 2321
f 2321 576 2318
f 2318 2244 2321
f 2244 508 2071
f 2071 402 2243
f 2243 558 2244
f 2244 2071 2243
f 2365 585 2357
f 2357 444 2361
f 2361 586 2365
f 2365 2357 2361
f 2357 585 2356
f 2356 441 1890
f 1890 444 2357
f 2357 2356 1890
f 2369 587 2366
f 2366 479 2362
f 2362 586 2369
f 2369 2366 2362
f 2366 587 2367
f 2367 487 2006
f 2006 479 2366
f 2366 2367 2006
f 2368 490 2030
f 2462 619 2463
f 2463 364 1720
f 1720 363 2462
f 2462 2463 1720
f 2463 619 2468
f 2468 620 2465
f 2465 364 2463
f 2463 2468 2465
f 2486 619 2490
f 2490 628 2492
f 2492 627 2486
f 2486 2490 2492
f 2490 619 2464
f 2464 615 2489
f 2489 628 2490
f 2490 2464 2489
f 2507 627 2504
f 2504 632 2508
f 2508 633 2507
f 2507 2504 2508
f 2504 627 2492
f 2492 628 2505
f 2505 632 2504
f 2504 2492 2505
f 2540 644 2541
f 2541 638 2520
f 2520 637 2540
f 2540 2541 2520
f 2541 644 2542
f 2542 640 2526
f 2526 638 2541
f 2541 2542 2526
f 2526 640 2534
f 2534 642 2532
f 2532 638 2526
f 2526 2534 2532
f 2534 640 2527
f 2527 639 2533
f 2533 642 2534
f 2534 2527 2533
f 2557 648 2556
f 2556 642 2538
f 2538 643 2557
f 2557 2556 2538
f 2556 648 2555
f 2555 641 2535
f 2535 642 2556
f 2556 2555 2535
f 2360 562 2263
f 2263 441 2356
f 2356 585 2360
f 2360 2263 2356
f 2263 562 2262
f 2262 440 1884
f 1884 441 2263
f 2263 2262 1884
f 2261 561 2257
f 2257 429 2247
f 2247 559 2261
f 2261 2257 2247
f 2257 561 2260
f 2260 456 1922
f 1922 429 2257
f 2257 2260 1922
f 2289 568 2288
f 2288 411 1910
f 1910 450 2289
f 2289 2288 1910
f 2288 568 2290
f 2290 460 1931
f 1931 411 2288
f 2288 2290 1931
f 2285 567 2286
f 2286 475 1976
f 1976 473 2285
f 2285 2286 1976
f 2286 567 2287
f 2287 564 2270
f 2270 475 2286
f 2286 2287 2270
f 2614 576 2599
f 2599 656 2616
f 2616 659 2614
f 2614 2599 2616
f 2599 576 2321
f 2321 558 2598
f 2598 656 2599
f 2599 2321 2598
f 2629 662 2630
f 2630 644 2540
f 2540 637 2629
f 2629 2630 2540
f 2630 662 2632
f 2632 661 2625
f 2625 644 2630
f 2630 2632 2625
f 2627 633 2624
f 2624 661 2632
f 2632 662 2627
f 2627 2624 2632
f 2624 633 2508
f 2508 632 2623
f 2623 661 2624
f 2624 2508 2623
f 2613 659 2612
f 2612 528 2301
f 2301 570 2613
f 2613 2612 2301
f 2612 659 2616
f 2616 656 2596
f 2596 528 2612
f 2612 2616 2596
f 2116 520 2111
f 2111 386 2113
f 2113 521 2116
f 2116 2111 2113
f 2111 520 2110
f 2110 383 1766
f 1766 386 2111
f 2111 2110 1766
f 2316 575 2314
f 2314 422 2169
f 2169 539 2316
f 2316 2314 2169
f 2314 575 2315
f 2315 520 2112
f 2112 422 2314
f 2314 2315 2112
f 2422 521 2432
f 2432 605 2433
f 2433 602 2422
f 2422 2432 2433
f 2432 521 2113
f 2113 386 2431
f 2431 605 2432
f 2432 2113 2431
f 2651 666 2650
f 2650 575 2647
f 2647 665 2651
f 2651 2650 2647
f 2650 666 2648
f 2648 543 2317
f 2317 575 2650
f 2650 2648 2317
f 2660 668 2659
f 2659 400 2121
f 2121 522 2660
f 2660 2659 2121
f 2659 668 2661
f 2661 665 2645
f 2645 400 2659
f 2659 2661 2645
f 2687 610 2670
f 2670 670 2688
f 2688 674 2687
f 2687 2670 2688
f 2670 610 2439
f 2439 607 2669
f 2669 670 2670
f 2670 2439 2669
f 2684 602 2672
f 2672 671 2689
f 2689 674 2684
f 2684 2672 2689
f 2672 602 2433
f 2433 605 2673
f 2673 671 2672
f 2672 2433 2673
f 1692 291 1801
f 1801 403 1802
f 1802 351 1692
f 1692 1801 1802
f 1801 291 1803
f 1803 404 1805
f 1805 403 1801
f 1801 1803 1805
f 2148 533 2149
f 2149 352 1697
f 1697 309 2148
f 2148 2149 1697
f 2149 533 2150
f 2150 371 1738
f 1738 352 2149
f 2149 2150 1738
f 2382 345 2493
f 1702 353 2677
f 2677 672 2676
f 2676 346 1702
f 1702 2677 2676
f 2677 353 2437
f 2437 609 2680
f 2680 672 2677
f 2677 2437 2680
f 1629 334 2118
f 2118 522 2119
f 2119 335 1629
f 1629 2118 2119
f 2118 334 2658
f 2658 668 2660
f 2660 522 2118
f 2118 2658 2660
f 1706 354 2184
f 2184 544 2183
f 2183 331 1706
f 1706 2184 2183
f 2184 354 1760
f 1760 384 2186
f 2186 544 2184
f 2184 1760 2186
f 1705 264 1759
f 1759 384 1760
f 1760 354 1705
f 1705 1759 1760
f 1759 264 1763
f 1763 385 1765
f 1765 384 1759
f 1759 1763 1765
f 1738 371 1737
f 1737 344 1698
f 1698 352 1738
f 1738 1737 1698
f 1737 371 1743
f 1743 374 1741
f 1741 344 1737
f 1737 1743 1741
