v -0.148597 -0.563779 -0.098743
v -0.149942 -0.561264 -0.096556
v -0.141745 -0.562358 -0.107967
v -0.187583 -0.569877 -0.024237
v -0.182231 -0.569226 -0.033490
v -0.176149 -0.568610 -0.042697
v -0.170052 -0.567940 -0.053575
v -0.193661 -0.570155 -0.014785
v -0.153792 -0.565049 -0.088149
v -0.163946 -0.566565 -0.064863
v -0.103077 -0.561897 -0.120297
v -0.086509 -0.562173 -0.118917
v -0.052341 -0.563300 -0.115013
v -0.035418 -0.563569 -0.117998
v -0.019601 -0.562976 -0.122822
v -0.118674 -0.562121 -0.118913
v -0.127444 -0.544279 -0.116576
v -0.162541 -0.500737 -0.067753
v -0.170945 -0.409113 -0.053260
v -0.187864 -0.541254 -0.028874
v -0.196245 -0.520948 -0.017946
v -0.205396 -0.570094 0.004230
v -0.209821 -0.570187 0.013501
v -0.209859 -0.568693 0.014437
v -0.208226 -0.560013 0.015983
v -0.197859 -0.525907 -0.014485
v -0.205944 -0.541366 0.013904
v -0.204104 -0.515587 0.002223
v -0.205930 -0.515090 0.016672
v -0.191574 -0.528253 -0.024863
v -0.195633 -0.400107 -0.013166
v -0.205103 -0.487536 0.018887
v -0.203767 -0.458514 0.019504
v -0.202325 -0.425169 0.017855
v -0.056445 -0.552521 -0.114963
v -0.059978 -0.523622 -0.114888
v 0.006997 -0.539977 -0.124013
v -0.024762 -0.498775 -0.118720
v 0.003329 -0.529336 -0.124089
v -0.009928 -0.393229 -0.117656
v 0.006544 -0.392024 -0.116663
v -0.138155 -0.383830 -0.089899
v -0.137348 -0.340349 -0.095373
v -0.166907 -0.296706 -0.065062
v -0.147520 -0.289675 -0.087744
v -0.164813 -0.255600 -0.062480
v -0.192501 -0.386593 -0.022060
v -0.202412 -0.389058 0.017780
v -0.178069 -0.291725 -0.047934
v -0.197855 -0.290141 0.001852
v -0.179503 -0.217315 -0.035523
v -0.189550 -0.211547 0.002502
v -0.073733 -0.363181 -0.116418
v -0.073013 -0.333296 -0.120787
v -0.081725 -0.275428 -0.123574
v -0.014094 -0.263685 -0.124700
v -0.008402 -0.229977 -0.119163
v -0.042133 -0.193203 -0.108863
v -0.001454 -0.204981 -0.112676
v -0.168947 -0.208494 -0.050899
v -0.187987 -0.188161 0.002644
v -0.186702 -0.186433 0.000456
v -0.080205 -0.181887 -0.100576
v 0.047466 -0.562857 -0.103228
v 0.060240 -0.563940 -0.099827
v 0.072796 -0.566028 -0.100229
v 0.091452 -0.561388 -0.105480
v 0.096567 -0.555951 -0.107460
v 0.084842 -0.475822 -0.103866
v 0.106593 -0.464041 -0.101331
v 0.011609 -0.561126 -0.125126
v 0.024993 -0.560729 -0.118311
v 0.035723 -0.561527 -0.110159
v 0.108196 -0.569159 -0.105505
v 0.084797 -0.567472 -0.103288
v 0.097190 -0.568550 -0.105500
v 0.127574 -0.570979 -0.098349
v 0.135357 -0.572017 -0.089246
v 0.141943 -0.573018 -0.078895
v 0.148662 -0.574106 -0.068292
v 0.164426 -0.576073 -0.050682
v 0.181493 -0.577424 -0.034836
v 0.186149 -0.578244 -0.027507
v 0.189179 -0.578131 -0.012413
v 0.189161 -0.577989 -0.005609
v 0.050692 -0.537458 -0.105524
v 0.008405 -0.477300 -0.120618
v 0.096861 -0.562458 -0.106718
v 0.070831 -0.500293 -0.103043
v 0.105585 -0.524350 -0.106170
v 0.150608 -0.529664 -0.066326
v 0.071238 -0.387853 -0.107913
v 0.151838 -0.483904 -0.065561
v 0.152815 -0.504144 -0.064081
v 0.154315 -0.483992 -0.062359
v 0.153565 -0.465562 -0.063705
v 0.154474 -0.433467 -0.064392
v 0.144043 -0.565043 -0.075417
v 0.148347 -0.550146 -0.068397
v 0.154476 -0.521305 -0.061471
v 0.172413 -0.521366 -0.045840
v 0.191853 -0.558268 -0.015143
v 0.191726 -0.538672 -0.018002
v 0.189633 -0.572107 0.002945
v 0.191467 -0.562875 0.008046
v 0.193914 -0.469260 -0.010129
v 0.196370 -0.471568 0.002135
v 0.073196 -0.297593 -0.124081
v 0.034064 -0.271780 -0.125255
v 0.057472 -0.256638 -0.125054
v 0.079038 -0.265148 -0.123072
v 0.154660 -0.365144 -0.071641
v 0.143914 -0.285086 -0.089779
v 0.156298 -0.331299 -0.077896
v 0.060915 -0.210796 -0.114169
v 0.027048 -0.180503 -0.104017
v 0.148990 -0.274814 -0.083827
v 0.152432 -0.397285 -0.069360
v 0.160003 -0.326541 -0.074241
v 0.159206 -0.302032 -0.076173
v 0.162608 -0.281748 -0.068894
v 0.196857 -0.342263 -0.010810
v 0.152394 -0.177679 -0.064107
v 0.181014 -0.213330 -0.030546
v -0.204865 -0.571919 0.042799
v -0.198744 -0.573063 0.054380
v -0.185414 -0.573650 0.081648
v -0.177900 -0.573703 0.095154
v -0.157084 -0.572340 0.116442
v -0.142856 -0.571887 0.123770
v -0.127147 -0.571670 0.131214
v -0.113328 -0.571506 0.139415
v -0.100660 -0.570606 0.149275
v -0.042242 -0.571800 0.152403
v 0.025799 -0.573394 0.132600
v -0.174129 -0.563799 0.102565
v -0.180288 -0.515115 0.092851
v -0.198451 -0.403650 0.042745
v -0.200203 -0.399830 0.032713
v -0.173170 -0.507233 0.101619
v -0.139510 -0.531308 0.123945
v -0.125421 -0.513841 0.131115
v -0.155671 -0.483668 0.116245
v -0.180446 -0.419208 0.081560
v -0.077341 -0.518771 0.154630
v -0.150401 -0.420455 0.116143
v -0.141230 -0.428173 0.122796
v -0.077740 -0.494502 0.152324
v -0.081080 -0.472243 0.148812
v -0.009205 -0.570803 0.138273
v 0.045395 -0.563143 0.137484
v -0.055934 -0.505738 0.153612
v 0.048942 -0.506866 0.141078
v -0.007197 -0.437216 0.145482
v 0.014494 -0.423979 0.144438
v 0.051679 -0.469600 0.142856
v 0.052100 -0.439708 0.143283
v -0.011433 -0.573451 0.138758
v -0.023719 -0.554359 0.145038
v -0.023753 -0.534206 0.146163
v -0.016208 -0.505986 0.143962
v -0.015714 -0.478623 0.144565
v -0.185960 -0.362870 0.075722
v -0.186922 -0.338583 0.073372
v -0.186911 -0.309868 0.072253
v -0.195293 -0.286000 0.041049
v -0.190524 -0.210332 0.008522
v -0.185402 -0.281812 0.071409
v -0.102015 -0.403156 0.139041
v -0.107446 -0.375598 0.139112
v -0.113458 -0.354745 0.136016
v -0.158625 -0.238733 0.097093
v -0.161783 -0.219187 0.092244
v -0.120386 -0.303330 0.126691
v -0.118095 -0.270419 0.125206
v -0.115831 -0.242461 0.127866
v -0.029631 -0.375547 0.145158
v 0.048206 -0.415580 0.143631
v 0.047146 -0.389160 0.143986
v 0.044022 -0.367833 0.144442
v -0.042763 -0.308694 0.147582
v -0.101810 -0.238687 0.136925
v -0.083329 -0.241049 0.146726
v -0.062703 -0.243294 0.156000
v 0.029074 -0.248791 0.167840
v 0.021296 -0.221515 0.175845
v 0.001546 -0.210827 0.177806
v -0.174519 -0.211011 0.073148
v -0.166544 -0.182032 0.079056
v -0.172700 -0.182191 0.068902
v -0.119082 -0.179373 0.128857
v -0.054901 -0.195667 0.169182
v -0.020062 -0.414957 0.145817
v 0.010132 -0.198849 0.179834
v 0.006931 -0.179579 0.179461
v 0.043080 -0.573816 0.136059
v 0.059200 -0.573972 0.144440
v 0.188943 -0.577631 0.001312
v 0.191830 -0.578031 0.014083
v 0.193903 -0.578113 0.019228
v 0.200661 -0.578723 0.031452
v 0.201816 -0.579349 0.035988
v 0.179499 -0.580383 0.072628
v 0.185588 -0.580407 0.065023
v 0.166764 -0.578804 0.105041
v 0.191390 -0.580609 0.058146
v 0.197270 -0.580573 0.052186
v 0.202225 -0.579674 0.041074
v 0.200844 -0.580158 0.045840
v 0.075478 -0.573931 0.152310
v 0.086967 -0.570840 0.155506
v 0.089629 -0.506414 0.150456
v 0.104933 -0.524849 0.152349
v 0.164842 -0.573684 0.109923
v 0.166145 -0.565925 0.106241
v 0.127704 -0.538091 0.148705
v 0.169387 -0.545161 0.100333
v 0.171104 -0.535460 0.098084
v 0.122468 -0.488173 0.144785
v 0.058291 -0.403233 0.143247
v 0.072419 -0.425360 0.144289
v 0.180425 -0.478268 0.083784
v 0.182477 -0.450849 0.079688
v 0.184894 -0.427545 0.075452
v 0.203265 -0.573303 0.038239
v 0.205000 -0.562006 0.035626
v 0.203585 -0.541679 0.032745
v 0.195904 -0.443959 -0.001266
v 0.203108 -0.515272 0.030854
v 0.194467 -0.576320 0.054785
v 0.189346 -0.544725 0.060326
v 0.202900 -0.527148 0.033925
v 0.203376 -0.468295 0.031114
v 0.201591 -0.444230 0.029333
v 0.197397 -0.390735 0.050843
v 0.187512 -0.450203 0.068636
v 0.201669 -0.435533 0.027101
v 0.093226 -0.573734 0.156404
v 0.140677 -0.575928 0.142604
v 0.161239 -0.577907 0.118274
v 0.110762 -0.574309 0.155402
v 0.115142 -0.568585 0.154761
v 0.104263 -0.561978 0.156042
v 0.133947 -0.521095 0.143318
v 0.166816 -0.533463 0.107214
v 0.180275 -0.415433 0.086346
v 0.124790 -0.375923 0.136348
v 0.044354 -0.308656 0.148372
v 0.066953 -0.300888 0.145361
v 0.130319 -0.332643 0.132047
v 0.089837 -0.314471 0.139999
v 0.127986 -0.317358 0.130666
v 0.178225 -0.314996 0.093043
v 0.118174 -0.281428 0.131236
v 0.086126 -0.209112 0.156812
v 0.109770 -0.237475 0.137584
v 0.185441 -0.298025 0.081648
v 0.134606 -0.201620 0.122793
v 0.122594 -0.205865 0.132824
v 0.146328 -0.206415 0.112675
v 0.201745 -0.348511 0.009873
v 0.199711 -0.304930 0.007097
v 0.203093 -0.339159 0.021442
v 0.202989 -0.409779 0.023305
v 0.190740 -0.200756 0.008909
v 0.192013 -0.205512 0.029781
v 0.201947 -0.418239 0.026940
v 0.203713 -0.399205 0.025378
v 0.204657 -0.384704 0.023739
v 0.203123 -0.330830 0.031496
v 0.200739 -0.305020 0.021016
v 0.195402 -0.328324 0.063697
v 0.107807 -0.186514 0.143588
v 0.172828 -0.185605 0.079771
v 0.172943 -0.182480 0.076271
v -0.131728 -0.561888 -0.114867
v -0.185932 -0.564729 -0.028245
v -0.181989 -0.564612 -0.034625
v -0.186624 -0.560414 -0.028649
v -0.190641 -0.564442 -0.021350
v -0.174931 -0.564335 -0.045664
v -0.189824 -0.560077 -0.023739
v -0.193811 -0.554816 -0.018135
v -0.182800 -0.557065 -0.034388
v -0.191846 -0.552145 -0.022123
v -0.189636 -0.545979 -0.026261
v -0.196173 -0.542463 -0.015947
v -0.194290 -0.540500 -0.019676
v -0.194266 -0.534777 -0.021151
v -0.192580 -0.567770 -0.017174
v -0.193876 -0.565295 -0.015025
v -0.195556 -0.558346 -0.013241
v -0.196900 -0.567915 -0.010532
v -0.199817 -0.569858 -0.005474
v -0.206867 -0.569574 0.007015
v -0.204280 -0.566524 0.003031
v -0.199240 -0.562185 -0.006310
v -0.204145 -0.554989 0.005189
v -0.198526 -0.545717 -0.009286
v -0.200727 -0.529436 -0.007048
v -0.201084 -0.550816 -0.002714
v -0.204088 -0.542460 0.005914
v -0.204856 -0.525267 0.008536
v -0.202905 -0.535429 -0.000091
v -0.198504 -0.500694 -0.011545
v -0.193791 -0.415516 -0.017064
v -0.202004 -0.505661 -0.004588
v -0.201266 -0.489425 -0.005465
v -0.198871 -0.468127 -0.006922
v -0.203235 -0.481960 0.001637
v -0.204432 -0.500260 0.002345
v -0.205125 -0.498280 0.009516
v -0.204030 -0.468511 0.011974
v -0.201987 -0.447034 0.002564
v -0.198105 -0.427484 -0.007677
v -0.201011 -0.419330 0.002138
v -0.203044 -0.444475 0.012724
v -0.202193 -0.426974 0.009147
v -0.117419 -0.557435 -0.119389
v -0.131277 -0.556567 -0.114992
v -0.139169 -0.543624 -0.108883
v -0.128504 -0.522218 -0.113771
v -0.138149 -0.518901 -0.105807
v -0.131049 -0.495010 -0.108302
v -0.156790 -0.550784 -0.082737
v -0.140409 -0.559737 -0.109698
v -0.144334 -0.552320 -0.105765
v -0.149070 -0.557181 -0.099715
v -0.153565 -0.550006 -0.091691
v -0.151173 -0.548329 -0.096161
v -0.161866 -0.525242 -0.071025
v -0.147563 -0.531959 -0.098420
v -0.155285 -0.535204 -0.085526
v -0.167954 -0.565796 -0.058180
v -0.158855 -0.566093 -0.076210
v -0.171175 -0.560425 -0.052195
v -0.182205 -0.551043 -0.036562
v -0.166293 -0.554814 -0.063225
v -0.161276 -0.553169 -0.073269
v -0.176250 -0.534762 -0.045653
v -0.177908 -0.547631 -0.043054
v -0.184177 -0.535578 -0.034554
v -0.139609 -0.480180 -0.099911
v -0.138556 -0.442927 -0.096142
v -0.138303 -0.408650 -0.091812
v -0.146365 -0.498254 -0.094853
v -0.151698 -0.480754 -0.085509
v -0.146069 -0.463633 -0.091282
v -0.157952 -0.511625 -0.076929
v -0.153181 -0.507934 -0.085910
v -0.158020 -0.481931 -0.075349
v -0.146258 -0.423286 -0.085505
v -0.153769 -0.421030 -0.075933
v -0.152887 -0.452571 -0.080672
v -0.160063 -0.444460 -0.068947
v -0.168175 -0.531498 -0.060406
v -0.166368 -0.506338 -0.061319
v -0.173349 -0.491977 -0.050351
v -0.179756 -0.509842 -0.041644
v -0.193545 -0.509595 -0.020506
v -0.186126 -0.520462 -0.031850
v -0.189583 -0.499204 -0.028115
v -0.167029 -0.473443 -0.060895
v -0.176682 -0.453644 -0.046119
v -0.176521 -0.424581 -0.045912
v -0.186283 -0.473417 -0.032044
v -0.194937 -0.483022 -0.017530
v -0.194188 -0.449108 -0.016731
v -0.186303 -0.430076 -0.030925
v -0.188856 -0.402426 -0.027549
v -0.168469 -0.434431 -0.056711
v -0.100702 -0.552274 -0.119834
v -0.090999 -0.555548 -0.119897
v -0.083728 -0.543928 -0.118982
v -0.117441 -0.535490 -0.118225
v -0.089749 -0.528946 -0.118364
v -0.093804 -0.544555 -0.119402
v -0.113361 -0.553025 -0.120026
v -0.069490 -0.562397 -0.116637
v -0.080925 -0.555939 -0.118258
v -0.066540 -0.557908 -0.116241
v -0.080464 -0.532987 -0.118225
v -0.071954 -0.545241 -0.116792
v -0.117340 -0.511402 -0.116865
v -0.107848 -0.529640 -0.119624
v -0.100504 -0.517803 -0.119023
v -0.124378 -0.509714 -0.114297
v -0.074109 -0.518611 -0.116801
v -0.084291 -0.513016 -0.118162
v -0.111021 -0.499712 -0.116904
v -0.094498 -0.502732 -0.118893
v -0.121232 -0.470597 -0.109765
v -0.111802 -0.469169 -0.113661
v -0.104223 -0.486500 -0.116834
v -0.079621 -0.489400 -0.116703
v -0.088999 -0.488809 -0.118127
v -0.069985 -0.493106 -0.114694
v -0.097158 -0.471143 -0.117287
v -0.121191 -0.423035 -0.106075
v -0.114991 -0.434398 -0.109760
v -0.106464 -0.450428 -0.113423
v -0.098126 -0.430444 -0.113853
v -0.131728 -0.457090 -0.103063
v -0.131839 -0.420236 -0.099151
v -0.125895 -0.431748 -0.104301
v -0.088813 -0.462260 -0.117030
v -0.075223 -0.457045 -0.115911
v -0.067007 -0.431615 -0.115336
v -0.088105 -0.434218 -0.115577
v -0.080137 -0.413167 -0.115720
v -0.070109 -0.394685 -0.115827
v -0.043850 -0.558268 -0.115753
v -0.042939 -0.542787 -0.115490
v -0.029485 -0.555885 -0.119612
v -0.031823 -0.540350 -0.118332
v -0.022544 -0.545553 -0.121015
v -0.014592 -0.553675 -0.122693
v -0.004033 -0.561742 -0.126130
v 0.004207 -0.553128 -0.125318
v -0.001834 -0.545083 -0.125264
v -0.024733 -0.529876 -0.119947
v -0.044821 -0.513905 -0.114760
v -0.038056 -0.530534 -0.115713
v -0.034038 -0.518919 -0.116432
v -0.013954 -0.531723 -0.121890
v -0.002916 -0.523547 -0.123907
v -0.009428 -0.492489 -0.121577
v -0.039745 -0.484915 -0.114607
v -0.032654 -0.454989 -0.116223
v -0.058146 -0.473303 -0.114202
v -0.020341 -0.458274 -0.119331
v -0.009450 -0.449883 -0.119849
v -0.000358 -0.436302 -0.118812
v -0.058504 -0.439129 -0.114224
v -0.048162 -0.439136 -0.114318
v -0.027215 -0.427086 -0.117190
v -0.060061 -0.410357 -0.115528
v -0.050974 -0.392503 -0.115866
v -0.038428 -0.412871 -0.115376
v -0.018074 -0.418192 -0.118196
v -0.008232 -0.421555 -0.118660
v -0.001365 -0.407257 -0.117836
v -0.018898 -0.382009 -0.117118
v -0.001662 -0.377141 -0.116616
v -0.195290 -0.377459 -0.015470
v -0.198664 -0.394490 -0.004045
v -0.198910 -0.361547 -0.005495
v -0.197946 -0.334419 -0.011876
v -0.201289 -0.404262 0.008757
v -0.201033 -0.375789 0.005585
v -0.201158 -0.357896 0.003444
v -0.201194 -0.339121 0.001252
v -0.199640 -0.318239 -0.006538
v -0.196603 -0.296551 -0.006889
v -0.202349 -0.334003 0.010099
v -0.200490 -0.313815 0.003404
v -0.135581 -0.366106 -0.093387
v -0.143534 -0.393044 -0.085898
v -0.150374 -0.384691 -0.077092
v -0.161515 -0.406566 -0.065194
v -0.161382 -0.369191 -0.067710
v -0.155440 -0.352822 -0.075782
v -0.143235 -0.362131 -0.086671
v -0.151345 -0.343564 -0.082134
v -0.166389 -0.347993 -0.064705
v -0.160559 -0.339902 -0.071847
v -0.168184 -0.323173 -0.064884
v -0.161435 -0.319264 -0.073184
v -0.156549 -0.327047 -0.078295
v -0.179633 -0.399500 -0.042074
v -0.178321 -0.368813 -0.045351
v -0.186557 -0.383789 -0.033494
v -0.183473 -0.345707 -0.041841
v -0.193120 -0.366191 -0.025635
v -0.189275 -0.365117 -0.031603
v -0.190678 -0.345230 -0.032026
v -0.195485 -0.352485 -0.020472
v -0.169396 -0.385306 -0.055911
v -0.169237 -0.362886 -0.058990
v -0.174358 -0.345324 -0.055258
v -0.185611 -0.329419 -0.039242
v -0.182693 -0.316863 -0.043323
v -0.178706 -0.324093 -0.050209
v -0.182304 -0.307018 -0.043335
v -0.173764 -0.305855 -0.056645
v -0.178502 -0.306423 -0.049705
v -0.188483 -0.330234 -0.034625
v -0.186815 -0.318689 -0.037578
v -0.192313 -0.327293 -0.027146
v -0.195098 -0.309175 -0.017778
v -0.152909 -0.309480 -0.082857
v -0.153601 -0.277725 -0.080026
v -0.163536 -0.308679 -0.070211
v -0.169105 -0.280581 -0.060014
v -0.158909 -0.297243 -0.075486
v -0.163640 -0.273527 -0.066819
v -0.158199 -0.270970 -0.074102
v -0.160950 -0.256735 -0.068734
v -0.155926 -0.252836 -0.074416
v -0.156770 -0.228932 -0.070860
v -0.174628 -0.296632 -0.053872
v -0.171463 -0.292426 -0.057611
v -0.173215 -0.286420 -0.054771
v -0.174333 -0.271485 -0.051306
v -0.187284 -0.297736 -0.032952
v -0.180989 -0.277394 -0.040429
v -0.170880 -0.247568 -0.052759
v -0.168436 -0.265069 -0.059485
v -0.182621 -0.222696 -0.027341
v -0.180365 -0.255157 -0.037407
v -0.163724 -0.238442 -0.063166
v -0.178537 -0.232628 -0.038501
v -0.191261 -0.281766 -0.017836
v -0.185653 -0.272580 -0.029907
v -0.193731 -0.281609 -0.008813
v -0.192936 -0.266866 -0.007260
v -0.187295 -0.253974 -0.020696
v -0.194963 -0.281647 -0.004253
v -0.195533 -0.274404 0.000543
v -0.183046 -0.237662 -0.028432
v -0.190471 -0.241528 -0.003735
v -0.187192 -0.230481 -0.017420
v -0.193446 -0.260444 0.002772
v -0.159767 -0.206278 -0.063470
v -0.164327 -0.219761 -0.059605
v -0.159614 -0.191397 -0.060703
v -0.161661 -0.186234 -0.056938
v -0.182078 -0.198331 -0.024452
v -0.172178 -0.222166 -0.048482
v -0.177139 -0.204659 -0.037679
v -0.179767 -0.192017 -0.029774
v -0.170646 -0.193306 -0.046335
v -0.182240 -0.208967 -0.025905
v -0.181025 -0.187623 -0.021989
v -0.177510 -0.186925 -0.031002
v -0.168732 -0.185528 -0.045885
v -0.173733 -0.186564 -0.039164
v -0.185632 -0.214899 -0.018508
v -0.188718 -0.216039 -0.006288
v -0.188682 -0.199004 0.001453
v -0.185864 -0.186868 -0.008278
v -0.186253 -0.201024 -0.013801
v -0.183662 -0.190707 -0.018685
v -0.184454 -0.187162 -0.013775
v -0.117580 -0.384982 -0.103331
v -0.108521 -0.407622 -0.109850
v -0.110001 -0.366969 -0.106897
v -0.099343 -0.374489 -0.110169
v -0.125744 -0.391348 -0.098919
v -0.132283 -0.387419 -0.094818
v -0.092004 -0.406686 -0.114263
v -0.088474 -0.381197 -0.113446
v -0.078906 -0.383316 -0.114950
v -0.082676 -0.363217 -0.115582
v -0.081123 -0.344707 -0.117944
v -0.118219 -0.342020 -0.107771
v -0.109811 -0.328328 -0.113380
v -0.130943 -0.357276 -0.098038
v -0.127484 -0.335139 -0.104400
v -0.100097 -0.332965 -0.116196
v -0.090386 -0.346279 -0.115345
v -0.084855 -0.320870 -0.120860
v -0.094691 -0.312586 -0.120643
v -0.088211 -0.290840 -0.122571
v -0.108136 -0.278401 -0.115360
v -0.133267 -0.326649 -0.100427
v -0.119819 -0.298000 -0.111099
v -0.127014 -0.288243 -0.105336
v -0.132114 -0.296808 -0.101997
v -0.138552 -0.271071 -0.094694
v -0.121429 -0.258713 -0.106535
v -0.114280 -0.260683 -0.110624
v -0.102505 -0.306037 -0.118015
v -0.097439 -0.280956 -0.119797
v -0.089327 -0.260355 -0.120643
v -0.128917 -0.255672 -0.100049
v -0.121802 -0.226948 -0.100995
v -0.113596 -0.232519 -0.106767
v -0.128833 -0.223493 -0.094802
v -0.111031 -0.202205 -0.099917
v -0.098268 -0.242805 -0.115552
v -0.086089 -0.230678 -0.116184
v -0.090915 -0.208395 -0.109179
v -0.107761 -0.243634 -0.111259
v -0.103243 -0.217308 -0.107431
v -0.146402 -0.324951 -0.089884
v -0.139371 -0.307448 -0.096828
v -0.147848 -0.250739 -0.082685
v -0.138190 -0.232071 -0.089683
v -0.140564 -0.213128 -0.084110
v -0.053111 -0.353563 -0.118833
v -0.028934 -0.388149 -0.116562
v -0.062998 -0.364504 -0.117257
v -0.041752 -0.370572 -0.117063
v -0.034795 -0.346533 -0.119346
v 0.000157 -0.351920 -0.117219
v -0.011484 -0.351289 -0.118174
v -0.024848 -0.357155 -0.117971
v -0.047064 -0.331786 -0.121690
v -0.064043 -0.310088 -0.125759
v -0.077396 -0.300734 -0.124581
v -0.051474 -0.300795 -0.125820
v -0.040715 -0.312067 -0.123599
v -0.026492 -0.321211 -0.121966
v -0.023678 -0.288275 -0.125099
v -0.011712 -0.304970 -0.123572
v -0.033919 -0.291761 -0.125443
v -0.074028 -0.278472 -0.125555
v -0.056428 -0.271327 -0.127879
v -0.044723 -0.279733 -0.126423
v -0.068043 -0.261754 -0.125910
v -0.078752 -0.250071 -0.121986
v -0.046450 -0.246377 -0.123918
v -0.031573 -0.259741 -0.124971
v -0.021274 -0.234813 -0.120369
v -0.071215 -0.228468 -0.118668
v -0.079010 -0.227073 -0.116476
v -0.058706 -0.235996 -0.122243
v -0.060114 -0.204005 -0.112288
v -0.046335 -0.216847 -0.116669
v -0.076914 -0.206215 -0.110743
v -0.033524 -0.226655 -0.119251
v -0.033297 -0.205029 -0.113084
v -0.018504 -0.208065 -0.114162
v -0.123250 -0.204089 -0.093969
v -0.115576 -0.186018 -0.092414
v -0.129129 -0.188936 -0.086039
v -0.131093 -0.181077 -0.082433
v -0.095423 -0.190547 -0.101384
v -0.102443 -0.181111 -0.096190
v -0.121385 -0.177667 -0.087123
v -0.098746 -0.173454 -0.093289
v -0.109648 -0.176894 -0.091516
v -0.086971 -0.171231 -0.095588
v -0.111866 -0.175018 -0.090293
v -0.133691 -0.208149 -0.088016
v -0.147780 -0.216608 -0.078040
v -0.140958 -0.198944 -0.081278
v -0.140113 -0.184036 -0.076991
v -0.150456 -0.195169 -0.071146
v -0.152166 -0.184235 -0.067245
v -0.133360 -0.177929 -0.079728
v -0.143201 -0.179964 -0.072256
v -0.121410 -0.176349 -0.085388
v -0.160823 -0.184317 -0.055936
v -0.153994 -0.182311 -0.063785
v -0.067103 -0.183490 -0.103574
v -0.052308 -0.181115 -0.103765
v -0.068589 -0.173161 -0.099501
v -0.059366 -0.173512 -0.100530
v -0.058800 -0.168115 -0.097692
v -0.034674 -0.175493 -0.101939
v -0.025051 -0.187105 -0.106831
v -0.029660 -0.166308 -0.099222
v -0.012351 -0.165798 -0.098816
v -0.046522 -0.168954 -0.100046
v -0.072573 -0.170017 -0.096904
v -0.041998 -0.167154 -0.098393
v -0.043855 -0.167299 -0.098262
v -0.198325 -0.567947 0.056436
v -0.194767 -0.561441 0.065171
v -0.211195 -0.570589 0.022777
v -0.209698 -0.571308 0.031852
v -0.210367 -0.565412 0.020614
v -0.210480 -0.566835 0.025319
v -0.203530 -0.569975 0.045978
v -0.208416 -0.568106 0.034639
v -0.204524 -0.562983 0.042159
v -0.207839 -0.557944 0.030396
v -0.200331 -0.555172 0.051267
v -0.196392 -0.547784 0.060700
v -0.196352 -0.529379 0.058204
v -0.207392 -0.553177 0.021910
v -0.205532 -0.529285 0.022199
v -0.205706 -0.537904 0.027467
v -0.204527 -0.546329 0.037659
v -0.200286 -0.534306 0.048316
v -0.192176 -0.573785 0.067275
v -0.191268 -0.567983 0.071578
v -0.187797 -0.569668 0.078145
v -0.191189 -0.564380 0.073189
v -0.187338 -0.567136 0.080355
v -0.188549 -0.561615 0.079644
v -0.182835 -0.570163 0.088828
v -0.181828 -0.566487 0.092530
v -0.192599 -0.556652 0.070402
v -0.189455 -0.551805 0.079476
v -0.193166 -0.541707 0.068756
v -0.189108 -0.535940 0.077665
v -0.183497 -0.557984 0.090122
v -0.185262 -0.546966 0.086929
v -0.184186 -0.530879 0.088107
v -0.168637 -0.573081 0.107180
v -0.166202 -0.559660 0.110689
v -0.157496 -0.570614 0.116473
v -0.159186 -0.568218 0.115661
v -0.145828 -0.569353 0.122335
v -0.144965 -0.567015 0.122529
v -0.152698 -0.561263 0.118869
v -0.138271 -0.564349 0.125654
v -0.177231 -0.550436 0.099136
v -0.175336 -0.531610 0.101230
v -0.162581 -0.545178 0.112764
v -0.168603 -0.528741 0.108361
v -0.147281 -0.537448 0.121047
v -0.161803 -0.523243 0.113331
v -0.130907 -0.568280 0.128543
v -0.112791 -0.568051 0.139400
v -0.129029 -0.564661 0.129155
v -0.123000 -0.560285 0.132323
v -0.139845 -0.555651 0.124750
v -0.196539 -0.503736 0.054866
v -0.199110 -0.520994 0.051429
v -0.205547 -0.505963 0.023411
v -0.202790 -0.468258 0.031191
v -0.204631 -0.481940 0.025124
v -0.203385 -0.519474 0.035600
v -0.205162 -0.511877 0.025601
v -0.200263 -0.514382 0.046591
v -0.200626 -0.490909 0.041329
v -0.203799 -0.493961 0.030160
v -0.199806 -0.460070 0.041291
v -0.197052 -0.476049 0.051022
v -0.201448 -0.441319 0.032510
v -0.202865 -0.447854 0.025855
v -0.200129 -0.420637 0.035610
v -0.201159 -0.415532 0.026287
v -0.198564 -0.438243 0.042908
v -0.198492 -0.423213 0.043848
v -0.197146 -0.453023 0.049267
v -0.197172 -0.433784 0.047566
v -0.199309 -0.408597 0.041208
v -0.198222 -0.419647 0.045696
v -0.192939 -0.521730 0.067089
v -0.192610 -0.500481 0.066056
v -0.189275 -0.514780 0.075380
v -0.185512 -0.508571 0.083274
v -0.181507 -0.489791 0.086937
v -0.189151 -0.486325 0.071661
v -0.194351 -0.473794 0.057613
v -0.195317 -0.440187 0.052005
v -0.191932 -0.458068 0.062312
v -0.195886 -0.411016 0.048725
v -0.191601 -0.432731 0.060492
v -0.186186 -0.456248 0.074228
v -0.186891 -0.425191 0.071044
v -0.176871 -0.483667 0.094824
v -0.178486 -0.459483 0.088033
v -0.171360 -0.475978 0.100883
v -0.162532 -0.494582 0.111131
v -0.163326 -0.455685 0.107737
v -0.183133 -0.440177 0.079424
v -0.172573 -0.446214 0.095776
v -0.101834 -0.567514 0.148291
v -0.110430 -0.560660 0.140624
v -0.088581 -0.570146 0.158508
v -0.074135 -0.570087 0.161989
v -0.098034 -0.562855 0.150701
v -0.086488 -0.564175 0.158670
v -0.057460 -0.570754 0.159262
v -0.075983 -0.564078 0.161018
v -0.126894 -0.545894 0.129952
v -0.107144 -0.550852 0.142495
v -0.132886 -0.524310 0.127335
v -0.117511 -0.533491 0.135285
v -0.093658 -0.553782 0.152736
v -0.103193 -0.537379 0.144345
v -0.085340 -0.556433 0.157662
v -0.091310 -0.539195 0.152656
v -0.076531 -0.549862 0.158491
v -0.148410 -0.511934 0.120127
v -0.170822 -0.416523 0.095062
v -0.153116 -0.466488 0.117062
v -0.154654 -0.443036 0.114327
v -0.161483 -0.410251 0.105756
v -0.137262 -0.499316 0.124893
v -0.147618 -0.485460 0.120545
v -0.142248 -0.461188 0.122682
v -0.125645 -0.489227 0.129459
v -0.114215 -0.514706 0.136337
v -0.114643 -0.490049 0.134931
v -0.094716 -0.521132 0.149441
v -0.087704 -0.521971 0.152578
v -0.102260 -0.513538 0.143493
v -0.096099 -0.505078 0.146486
v -0.126119 -0.450259 0.128807
v -0.105840 -0.476751 0.137787
v -0.089367 -0.486439 0.147983
v -0.113738 -0.436355 0.133549
v -0.101077 -0.453732 0.138789
v -0.090200 -0.444592 0.142018
v -0.062398 -0.559094 0.158362
v -0.044039 -0.563985 0.153264
v -0.051900 -0.564820 0.156239
v -0.050501 -0.553756 0.155102
v -0.034137 -0.561339 0.148718
v -0.057762 -0.553729 0.157154
v -0.047005 -0.538359 0.153464
v -0.066399 -0.540791 0.157116
v -0.055871 -0.534093 0.155046
v -0.067270 -0.510251 0.154644
v -0.073169 -0.482570 0.151674
v 0.006516 -0.573537 0.133760
v 0.006881 -0.566722 0.134333
v 0.024506 -0.567613 0.133344
v 0.034993 -0.570395 0.133929
v 0.016935 -0.553856 0.134254
v 0.030317 -0.552292 0.134920
v 0.035775 -0.561828 0.134711
v 0.043481 -0.539972 0.138789
v 0.001920 -0.553836 0.136419
v 0.012198 -0.539001 0.135916
v 0.004231 -0.529572 0.137291
v 0.013695 -0.523848 0.136360
v 0.028229 -0.529905 0.136740
v 0.020639 -0.508793 0.137005
v 0.040449 -0.514226 0.138267
v 0.008772 -0.506251 0.137996
v 0.020102 -0.477522 0.139636
v -0.002711 -0.477427 0.141532
v 0.032293 -0.500514 0.138194
v 0.040980 -0.489553 0.140472
v 0.033317 -0.472901 0.139916
v 0.026312 -0.456629 0.140401
v 0.007668 -0.447821 0.142418
v 0.002390 -0.423930 0.145237
v 0.018981 -0.448464 0.141626
v 0.041571 -0.462608 0.141462
v 0.033442 -0.443402 0.142247
v 0.044085 -0.437000 0.142722
v 0.024040 -0.437789 0.142987
v -0.040861 -0.550208 0.151370
v -0.031892 -0.542957 0.148404
v -0.029191 -0.516414 0.147275
v -0.063004 -0.483175 0.152169
v -0.047318 -0.515185 0.152072
v -0.039332 -0.529098 0.150897
v -0.037958 -0.498106 0.148812
v -0.049606 -0.484045 0.151258
v -0.059535 -0.464517 0.149992
v -0.060973 -0.446411 0.147666
v -0.052017 -0.458480 0.148911
v -0.040664 -0.462884 0.147744
v -0.025971 -0.480548 0.145466
v -0.051802 -0.435319 0.146695
v -0.040666 -0.434154 0.146887
v -0.031591 -0.447381 0.146019
v -0.027873 -0.572234 0.144270
v -0.025455 -0.568807 0.144085
v -0.014861 -0.561054 0.141832
v -0.011447 -0.538647 0.141714
v -0.003100 -0.512012 0.139952
v -0.019221 -0.450428 0.145627
v -0.201579 -0.388883 0.025946
v -0.200455 -0.379582 0.032308
v -0.203368 -0.365728 0.023980
v -0.203409 -0.357211 0.011913
v -0.201827 -0.364372 0.032388
v -0.199234 -0.391607 0.038732
v -0.200219 -0.374483 0.037238
v -0.200992 -0.357877 0.035674
v -0.199546 -0.369584 0.040223
v -0.203488 -0.340490 0.019832
v -0.202047 -0.348165 0.029296
v -0.201259 -0.318493 0.015598
v -0.202349 -0.325195 0.026763
v -0.200952 -0.338670 0.035371
v -0.198431 -0.389072 0.042422
v -0.196946 -0.384850 0.047731
v -0.192208 -0.404279 0.058601
v -0.187933 -0.400337 0.068528
v -0.199650 -0.353389 0.040190
v -0.198293 -0.363881 0.045896
v -0.199625 -0.298403 0.010582
v -0.199161 -0.298147 0.023774
v -0.197720 -0.290797 0.033226
v -0.198311 -0.310970 0.037211
v -0.186753 -0.381954 0.072646
v -0.194571 -0.375096 0.058619
v -0.196947 -0.339472 0.048842
v -0.192104 -0.353080 0.064842
v -0.192373 -0.322539 0.062384
v -0.179994 -0.385765 0.084909
v -0.173043 -0.380152 0.095952
v -0.180749 -0.356539 0.084234
v -0.174891 -0.346035 0.093816
v -0.165985 -0.367781 0.103670
v -0.180832 -0.327145 0.082718
v -0.175582 -0.316957 0.090202
v -0.160872 -0.358511 0.108193
v -0.157026 -0.384534 0.111351
v -0.137130 -0.411942 0.125237
v -0.147463 -0.395997 0.119981
v -0.128209 -0.407177 0.129090
v -0.105593 -0.424332 0.136427
v -0.117879 -0.402221 0.133613
v -0.131420 -0.365788 0.129570
v -0.111156 -0.401971 0.136471
v -0.116684 -0.376557 0.135890
v -0.154570 -0.355619 0.113571
v -0.142567 -0.377958 0.124692
v -0.145577 -0.336045 0.119772
v -0.136375 -0.333496 0.124709
v -0.126247 -0.332805 0.128951
v -0.196842 -0.276162 0.011218
v -0.194871 -0.270248 0.028496
v -0.193330 -0.246989 0.013336
v -0.191714 -0.246419 0.030337
v -0.190857 -0.223148 0.006570
v -0.191949 -0.221106 0.020022
v -0.193189 -0.259198 0.033656
v -0.189910 -0.244216 0.042901
v -0.189332 -0.225500 0.035553
v -0.194104 -0.304956 0.050534
v -0.190226 -0.292325 0.060992
v -0.192852 -0.262623 0.041358
v -0.191570 -0.280783 0.050857
v -0.186915 -0.259316 0.056227
v -0.180573 -0.255413 0.070878
v -0.187182 -0.230213 0.048531
v -0.187265 -0.211958 0.041880
v -0.181518 -0.229398 0.061158
v -0.185000 -0.215556 0.050915
v -0.180631 -0.299062 0.081289
v -0.178912 -0.275301 0.078586
v -0.172634 -0.286223 0.089526
v -0.166945 -0.328512 0.102483
v -0.157171 -0.316317 0.108865
v -0.164039 -0.287469 0.100590
v -0.176700 -0.235630 0.072700
v -0.174061 -0.254825 0.079896
v -0.172018 -0.233039 0.079493
v -0.165994 -0.249030 0.089434
v -0.157175 -0.263730 0.099971
v -0.156265 -0.289161 0.105701
v -0.150453 -0.304038 0.111778
v -0.139941 -0.303247 0.119197
v -0.149089 -0.278278 0.108098
v -0.142211 -0.269592 0.111332
v -0.130558 -0.302959 0.122968
v -0.149233 -0.247154 0.104422
v -0.132224 -0.275402 0.118010
v -0.140250 -0.249645 0.111728
v -0.129472 -0.238654 0.119730
v -0.190110 -0.199735 0.016008
v -0.188942 -0.189840 0.011233
v -0.189937 -0.190354 0.019471
v -0.188911 -0.204399 0.028947
v -0.189128 -0.193394 0.023992
v -0.188119 -0.192780 0.030238
v -0.187457 -0.186009 0.010082
v -0.187951 -0.185262 0.018759
v -0.188472 -0.187457 0.025632
v -0.186865 -0.184635 0.026496
v -0.185277 -0.204318 0.047100
v -0.184042 -0.195041 0.047969
v -0.186808 -0.198234 0.038499
v -0.186335 -0.188152 0.036255
v -0.181381 -0.206799 0.056742
v -0.178591 -0.193049 0.060403
v -0.183700 -0.186847 0.049498
v -0.184454 -0.184312 0.036742
v -0.182307 -0.183314 0.047545
v -0.175844 -0.185620 0.063489
v -0.174424 -0.183398 0.065711
v -0.167834 -0.220476 0.084177
v -0.164987 -0.199434 0.085196
v -0.170677 -0.189739 0.076422
v -0.156722 -0.196965 0.095675
v -0.153439 -0.218982 0.100802
v -0.142965 -0.224830 0.109949
v -0.144677 -0.197961 0.107948
v -0.117472 -0.188026 0.131231
v -0.132325 -0.192682 0.119269
v -0.158830 -0.181465 0.090044
v -0.140486 -0.179968 0.110041
v -0.150647 -0.180241 0.099971
v -0.133642 -0.184050 0.119187
v -0.117605 -0.180295 0.129841
v -0.133932 -0.181173 0.116260
v -0.131046 -0.207379 0.119847
v -0.178059 -0.182891 0.057174
v -0.085336 -0.416453 0.141711
v -0.081667 -0.392664 0.142528
v -0.095356 -0.385758 0.140731
v -0.092273 -0.369015 0.141063
v -0.097141 -0.340039 0.138517
v -0.104242 -0.359411 0.138696
v -0.085322 -0.340410 0.140625
v -0.112201 -0.334100 0.134008
v -0.107961 -0.316730 0.133290
v -0.091246 -0.327990 0.138765
v -0.097779 -0.310873 0.135858
v -0.082227 -0.320156 0.140157
v -0.065334 -0.335649 0.142829
v -0.055690 -0.328973 0.143824
v -0.053341 -0.315022 0.145297
v -0.102244 -0.282851 0.132781
v -0.106099 -0.259894 0.132078
v -0.109828 -0.296656 0.130782
v -0.088308 -0.294429 0.137934
v -0.090472 -0.266364 0.138759
v -0.078955 -0.303074 0.140448
v -0.067155 -0.311894 0.142802
v -0.076264 -0.288591 0.141699
v -0.056799 -0.291817 0.146723
v -0.069937 -0.265736 0.146696
v -0.008625 -0.402545 0.146027
v 0.004979 -0.405200 0.145469
v 0.000657 -0.386956 0.145735
v 0.036119 -0.421079 0.143345
v 0.025869 -0.414300 0.143587
v 0.040066 -0.413992 0.143127
v 0.041252 -0.400018 0.143763
v 0.034013 -0.399096 0.144071
v 0.013753 -0.388764 0.145139
v 0.024626 -0.388575 0.144319
v 0.038382 -0.380382 0.144004
v -0.009265 -0.371802 0.145344
v 0.003358 -0.368414 0.144875
v -0.004412 -0.349086 0.145147
v 0.006162 -0.351843 0.145037
v 0.020746 -0.368537 0.144561
v 0.029531 -0.373381 0.144402
v 0.012226 -0.364141 0.144304
v 0.015810 -0.345043 0.144736
v 0.025670 -0.354145 0.144391
v 0.035337 -0.353894 0.144727
v -0.021297 -0.346335 0.145633
v -0.041842 -0.334476 0.145373
v -0.012886 -0.325598 0.148346
v 0.001766 -0.331159 0.147019
v -0.028871 -0.320256 0.147737
v -0.032914 -0.302693 0.149686
v -0.021956 -0.307145 0.150162
v -0.008287 -0.302773 0.151868
v 0.025753 -0.332716 0.145964
v 0.011764 -0.316213 0.148718
v 0.036596 -0.325851 0.146230
v 0.035141 -0.299520 0.150249
v 0.007229 -0.287096 0.157935
v 0.025146 -0.304682 0.150212
v 0.024712 -0.273482 0.160697
v -0.041212 -0.291648 0.150701
v -0.028203 -0.289380 0.153742
v -0.045202 -0.269826 0.154243
v -0.019497 -0.269322 0.161386
v -0.040673 -0.244543 0.163775
v 0.001999 -0.257188 0.167830
v -0.019780 -0.240355 0.169229
v 0.015994 -0.245731 0.170555
v 0.001079 -0.231390 0.173712
v -0.072689 -0.453488 0.147509
v -0.068104 -0.421087 0.143596
v -0.068661 -0.396383 0.143969
v -0.057990 -0.411382 0.145202
v -0.048322 -0.415980 0.146454
v -0.034954 -0.412367 0.146203
v -0.078145 -0.367276 0.142529
v -0.056098 -0.390642 0.144870
v -0.074867 -0.345059 0.142622
v -0.062233 -0.360639 0.144127
v -0.046438 -0.376975 0.145271
v -0.050730 -0.351197 0.144269
v -0.114057 -0.212363 0.132244
v -0.094050 -0.212978 0.146566
v -0.105785 -0.190449 0.139923
v -0.100560 -0.196122 0.142993
v -0.091725 -0.193434 0.149157
v -0.075393 -0.224146 0.154929
v -0.075370 -0.205879 0.158021
v -0.086496 -0.197868 0.152123
v -0.085707 -0.188783 0.153628
v -0.076576 -0.193378 0.158573
v -0.103093 -0.183646 0.142678
v -0.092411 -0.183210 0.150665
v -0.096088 -0.178619 0.146154
v -0.108071 -0.178644 0.137176
v -0.074160 -0.182463 0.161052
v -0.084067 -0.177849 0.154326
v -0.130042 -0.180029 0.119567
v -0.056158 -0.220798 0.164423
v -0.035722 -0.225737 0.169528
v -0.040457 -0.209640 0.171864
v -0.031853 -0.199346 0.175184
v -0.019327 -0.214765 0.175286
v -0.069859 -0.177987 0.162126
v -0.051595 -0.181004 0.170485
v -0.054126 -0.177647 0.169213
v -0.038216 -0.177820 0.174044
v -0.031673 -0.187407 0.176541
v -0.011224 -0.194463 0.178945
v -0.012626 -0.181606 0.179314
v -0.022304 -0.178325 0.177297
v -0.006217 -0.178623 0.179242
v 0.118537 -0.569926 -0.103407
v 0.047807 -0.557123 -0.104529
v 0.061783 -0.558030 -0.101319
v 0.062377 -0.545539 -0.102387
v 0.076218 -0.522436 -0.103477
v 0.071336 -0.548059 -0.102184
v 0.063125 -0.561863 -0.100576
v 0.074256 -0.562023 -0.101427
v 0.084266 -0.561375 -0.104175
v 0.073529 -0.557261 -0.102120
v 0.085487 -0.556884 -0.104545
v 0.090811 -0.558559 -0.105817
v 0.095169 -0.546239 -0.107857
v 0.093967 -0.554002 -0.106843
v 0.101815 -0.541265 -0.108225
v 0.085100 -0.540243 -0.105018
v 0.101328 -0.522931 -0.106097
v 0.092554 -0.502015 -0.104298
v 0.104641 -0.487989 -0.103357
v 0.101892 -0.457943 -0.101648
v 0.006388 -0.557669 -0.125045
v 0.014399 -0.555618 -0.123248
v 0.012107 -0.549371 -0.123256
v 0.021143 -0.545278 -0.120272
v 0.018513 -0.527118 -0.120180
v 0.026065 -0.552389 -0.118301
v 0.035862 -0.555206 -0.110971
v 0.037432 -0.541603 -0.111656
v 0.043537 -0.521210 -0.108693
v 0.009961 -0.519972 -0.122221
v 0.017563 -0.486930 -0.119745
v 0.028306 -0.499821 -0.116425
v 0.004503 -0.502158 -0.122216
v 0.031108 -0.527792 -0.115129
v 0.044321 -0.483395 -0.109281
v 0.054522 -0.504002 -0.105521
v 0.001759 -0.468761 -0.120276
v 0.010894 -0.449117 -0.119070
v 0.032170 -0.464660 -0.115305
v 0.024452 -0.441255 -0.117027
v 0.044749 -0.441648 -0.111424
v 0.036996 -0.427246 -0.114494
v 0.058561 -0.426226 -0.107081
v 0.006105 -0.419675 -0.118044
v 0.016973 -0.409972 -0.116801
v 0.025321 -0.384772 -0.115054
v 0.029611 -0.407079 -0.114814
v 0.048315 -0.405572 -0.111279
v 0.061075 -0.364744 -0.112138
v 0.039390 -0.398252 -0.112986
v 0.064284 -0.526029 -0.103111
v 0.103887 -0.562866 -0.107564
v 0.114392 -0.556237 -0.108170
v 0.115827 -0.566517 -0.104666
v 0.119772 -0.556112 -0.105153
v 0.061270 -0.513612 -0.103680
v 0.064966 -0.491570 -0.104273
v 0.106294 -0.544996 -0.108114
v 0.113101 -0.551105 -0.107558
v 0.108292 -0.524121 -0.106158
v 0.120987 -0.542881 -0.103485
v 0.128393 -0.537398 -0.097190
v 0.131267 -0.564564 -0.095124
v 0.129360 -0.554713 -0.097084
v 0.137437 -0.550024 -0.087983
v 0.138419 -0.561902 -0.084954
v 0.135258 -0.536744 -0.090477
v 0.139603 -0.523322 -0.082282
v 0.143619 -0.543402 -0.076511
v 0.147072 -0.504155 -0.071580
v 0.062500 -0.467146 -0.104768
v 0.073507 -0.467257 -0.103921
v 0.074972 -0.426033 -0.105231
v 0.083622 -0.442357 -0.104573
v 0.115320 -0.522150 -0.102751
v 0.107779 -0.506126 -0.104416
v 0.112390 -0.499833 -0.102058
v 0.110166 -0.472883 -0.101030
v 0.124309 -0.510569 -0.096169
v 0.132899 -0.505128 -0.087894
v 0.127457 -0.475992 -0.090389
v 0.133891 -0.456548 -0.083433
v 0.082220 -0.377837 -0.108187
v 0.094994 -0.431565 -0.102908
v 0.088510 -0.407283 -0.104481
v 0.075885 -0.341292 -0.115086
v 0.097323 -0.396728 -0.103108
v 0.110114 -0.435585 -0.098907
v 0.118246 -0.472302 -0.096171
v 0.104906 -0.407003 -0.101048
v 0.111020 -0.397664 -0.099788
v 0.114303 -0.441891 -0.097591
v 0.119497 -0.420270 -0.093983
v 0.126611 -0.431861 -0.088865
v 0.140139 -0.480849 -0.078986
v 0.134780 -0.405497 -0.083559
v 0.141896 -0.434773 -0.076646
v 0.148844 -0.459773 -0.069549
v 0.148727 -0.414900 -0.071673
v 0.155869 -0.575295 -0.058422
v 0.102780 -0.558874 -0.108524
v 0.108562 -0.558681 -0.108678
v 0.149866 -0.569581 -0.066117
v 0.154840 -0.573259 -0.058859
v 0.150429 -0.560536 -0.065239
v 0.153951 -0.568693 -0.060589
v 0.155828 -0.557969 -0.057892
v 0.162375 -0.569120 -0.052188
v 0.170928 -0.562890 -0.046183
v 0.173565 -0.576572 -0.043029
v 0.181521 -0.571632 -0.035631
v 0.186962 -0.572740 -0.026553
v 0.177310 -0.567794 -0.040675
v 0.181554 -0.563337 -0.037402
v 0.185667 -0.562344 -0.032155
v 0.153886 -0.543614 -0.060989
v 0.158311 -0.545455 -0.056043
v 0.163413 -0.549840 -0.052343
v 0.172176 -0.542227 -0.045729
v 0.178020 -0.554061 -0.040051
v 0.189527 -0.557324 -0.023334
v 0.184146 -0.545879 -0.034197
v 0.188272 -0.542814 -0.028343
v 0.156931 -0.498720 -0.058789
v 0.160447 -0.524383 -0.055335
v 0.167488 -0.530827 -0.049937
v 0.163221 -0.489588 -0.053721
v 0.167683 -0.508829 -0.049789
v 0.179385 -0.521520 -0.038915
v 0.184992 -0.520172 -0.032467
v 0.187076 -0.531523 -0.030672
v 0.190704 -0.534783 -0.023226
v 0.178771 -0.491931 -0.038732
v 0.187217 -0.509549 -0.026947
v 0.190008 -0.511078 -0.020460
v 0.161208 -0.434414 -0.057673
v 0.158174 -0.465924 -0.059347
v 0.166356 -0.455482 -0.051084
v 0.166779 -0.421738 -0.052486
v 0.172229 -0.435953 -0.046161
v 0.174741 -0.498139 -0.044001
v 0.170016 -0.482608 -0.047643
v 0.183032 -0.485298 -0.033308
v 0.176258 -0.462763 -0.041089
v 0.189515 -0.476654 -0.023132
v 0.191421 -0.484616 -0.019370
v 0.186319 -0.457662 -0.027735
v 0.188045 -0.442347 -0.024505
v 0.190381 -0.454548 -0.020734
v 0.192634 -0.470407 -0.015527
v 0.190923 -0.433148 -0.017678
v 0.193329 -0.444662 -0.010309
v 0.188653 -0.578291 -0.020162
v 0.189848 -0.569320 -0.019121
v 0.190235 -0.572428 -0.010369
v 0.188901 -0.575001 -0.003222
v 0.192742 -0.542127 -0.013119
v 0.191756 -0.555600 -0.008664
v 0.190800 -0.562623 -0.001316
v 0.192236 -0.547149 0.004757
v 0.191894 -0.511758 -0.015871
v 0.192656 -0.531844 -0.004132
v 0.193669 -0.492034 -0.009248
v 0.193648 -0.528650 0.004663
v 0.194688 -0.500309 0.000593
v 0.195408 -0.470471 -0.005433
v 0.005555 -0.366649 -0.116013
v 0.015573 -0.370181 -0.115306
v 0.034857 -0.376405 -0.113935
v 0.027585 -0.360706 -0.115817
v 0.008795 -0.342416 -0.118518
v 0.021001 -0.335381 -0.118886
v 0.046071 -0.371174 -0.113394
v 0.050879 -0.340777 -0.117651
v 0.057837 -0.325070 -0.120428
v 0.065798 -0.318383 -0.121642
v 0.056452 -0.294145 -0.125867
v 0.063913 -0.286533 -0.125868
v -0.000048 -0.323948 -0.121096
v 0.037120 -0.335556 -0.119180
v 0.000210 -0.285980 -0.124554
v 0.011369 -0.308529 -0.122726
v 0.025090 -0.295331 -0.124672
v 0.037641 -0.296318 -0.125006
v 0.047734 -0.310261 -0.123476
v 0.045121 -0.270616 -0.126256
v 0.012333 -0.270116 -0.124452
v 0.023802 -0.251355 -0.123169
v 0.000791 -0.251146 -0.122728
v 0.012025 -0.237375 -0.120384
v 0.019608 -0.223542 -0.117442
v 0.035759 -0.248628 -0.123114
v 0.054023 -0.219774 -0.117205
v 0.066108 -0.237730 -0.121651
v 0.042984 -0.229819 -0.119453
v 0.029656 -0.224155 -0.117908
v 0.002951 -0.226175 -0.117930
v 0.010533 -0.210710 -0.114018
v 0.021198 -0.201889 -0.111883
v 0.033084 -0.202158 -0.111648
v 0.010743 -0.183853 -0.105843
v 0.042073 -0.200594 -0.110892
v 0.049773 -0.194449 -0.108664
v 0.034507 -0.188843 -0.106930
v 0.038535 -0.181370 -0.103912
v 0.046269 -0.177935 -0.102270
v 0.081469 -0.307288 -0.121347
v 0.086354 -0.336868 -0.114088
v 0.093142 -0.365190 -0.107241
v 0.101624 -0.371430 -0.103857
v 0.091218 -0.299084 -0.120340
v 0.093518 -0.333178 -0.113990
v 0.101038 -0.333239 -0.112314
v 0.109079 -0.359557 -0.103513
v 0.114192 -0.408292 -0.097910
v 0.112793 -0.379042 -0.099651
v 0.115233 -0.353732 -0.102672
v 0.117780 -0.376102 -0.096921
v 0.125069 -0.391691 -0.091981
v 0.129388 -0.399838 -0.088494
v 0.125552 -0.354314 -0.098299
v 0.130626 -0.373398 -0.091085
v 0.068416 -0.267338 -0.125062
v 0.087598 -0.266360 -0.120865
v 0.093769 -0.264410 -0.118877
v 0.100940 -0.292111 -0.116744
v 0.107661 -0.318392 -0.112491
v 0.114125 -0.323633 -0.109205
v 0.120547 -0.334412 -0.104954
v 0.119338 -0.288582 -0.108737
v 0.109051 -0.287307 -0.113449
v 0.127192 -0.315351 -0.103819
v 0.126097 -0.274551 -0.103321
v 0.143102 -0.389791 -0.078832
v 0.145058 -0.356151 -0.083147
v 0.148377 -0.377356 -0.075641
v 0.138617 -0.354417 -0.089692
v 0.131960 -0.339676 -0.098098
v 0.134644 -0.304135 -0.098361
v 0.144102 -0.316909 -0.091684
v 0.150078 -0.342681 -0.082443
v 0.150482 -0.308385 -0.085111
v 0.100942 -0.258015 -0.115826
v 0.092699 -0.238973 -0.116697
v 0.097698 -0.226030 -0.112201
v 0.085268 -0.242086 -0.118790
v 0.072284 -0.218143 -0.115779
v 0.083802 -0.211245 -0.111165
v 0.091656 -0.199487 -0.106068
v 0.109809 -0.250207 -0.111106
v 0.105098 -0.211445 -0.105461
v 0.118528 -0.244515 -0.105817
v 0.124994 -0.243907 -0.101096
v 0.130977 -0.264977 -0.098824
v 0.129705 -0.236637 -0.096403
v 0.058114 -0.190678 -0.106651
v 0.068098 -0.188051 -0.105193
v 0.077761 -0.183031 -0.101566
v 0.090085 -0.180793 -0.098959
v 0.053145 -0.172884 -0.100073
v 0.063849 -0.172834 -0.098883
v 0.068821 -0.165992 -0.094826
v 0.117519 -0.209620 -0.099635
v 0.104194 -0.192286 -0.099224
v 0.119949 -0.188411 -0.090948
v 0.103138 -0.177465 -0.093910
v 0.112821 -0.170763 -0.087785
v 0.137802 -0.271254 -0.094344
v 0.135704 -0.246440 -0.093276
v 0.141229 -0.256298 -0.089875
v 0.127379 -0.211079 -0.093299
v 0.136920 -0.227582 -0.090637
v 0.146166 -0.241622 -0.084285
v 0.142430 -0.214244 -0.083320
v 0.132512 -0.199936 -0.087795
v 0.126702 -0.179635 -0.084175
v 0.139497 -0.191466 -0.080609
v -0.007075 -0.184258 -0.106088
v -0.014315 -0.170440 -0.102120
v 0.003455 -0.171354 -0.101551
v 0.003974 -0.166078 -0.098726
v 0.020316 -0.165820 -0.098309
v 0.036243 -0.165855 -0.097664
v -0.028705 -0.166195 -0.098511
v 0.053433 -0.166070 -0.096225
v 0.085038 -0.165483 -0.092718
v 0.099264 -0.165367 -0.088799
v 0.112580 -0.165410 -0.085226
v 0.122193 -0.169063 -0.082684
v 0.134432 -0.174334 -0.077578
v 0.126472 -0.166639 -0.078295
v 0.159770 -0.397777 -0.061683
v 0.169476 -0.394560 -0.050867
v 0.172917 -0.415532 -0.045942
v 0.160940 -0.365112 -0.065818
v 0.159994 -0.344232 -0.071526
v 0.164504 -0.349848 -0.064967
v 0.166574 -0.369609 -0.058675
v 0.173724 -0.368857 -0.050088
v 0.176337 -0.427913 -0.040697
v 0.176805 -0.397826 -0.041029
v 0.179883 -0.365641 -0.042356
v 0.181598 -0.430855 -0.033788
v 0.184850 -0.402104 -0.029236
v 0.188484 -0.418810 -0.023054
v 0.181790 -0.389527 -0.035015
v 0.164681 -0.328976 -0.069146
v 0.170189 -0.341322 -0.059877
v 0.176484 -0.345825 -0.050811
v 0.167364 -0.310242 -0.066179
v 0.174295 -0.317149 -0.056030
v 0.180617 -0.335004 -0.046360
v 0.178081 -0.306411 -0.049135
v 0.184028 -0.358280 -0.038666
v 0.186884 -0.343088 -0.036055
v 0.182203 -0.319683 -0.043831
v 0.182545 -0.301343 -0.041570
v 0.190826 -0.403826 -0.020180
v 0.192780 -0.408703 -0.013974
v 0.189155 -0.381708 -0.027117
v 0.192710 -0.379022 -0.019529
v 0.195006 -0.417041 -0.006570
v 0.195587 -0.381253 -0.008908
v 0.191861 -0.346310 -0.027503
v 0.186799 -0.299268 -0.033039
v 0.195474 -0.353802 -0.017887
v 0.193061 -0.324093 -0.021067
v 0.191108 -0.295760 -0.020949
v 0.155481 -0.259356 -0.076052
v 0.151252 -0.225739 -0.077145
v 0.147217 -0.204410 -0.077286
v 0.152557 -0.208363 -0.073406
v 0.148786 -0.188823 -0.071807
v 0.161384 -0.258727 -0.069539
v 0.168951 -0.292521 -0.062210
v 0.166249 -0.270039 -0.062852
v 0.158310 -0.238793 -0.071654
v 0.156428 -0.220045 -0.071260
v 0.164161 -0.246801 -0.065075
v 0.161503 -0.225213 -0.066383
v 0.168974 -0.257086 -0.057423
v 0.165649 -0.234525 -0.060991
v 0.172586 -0.285339 -0.055854
v 0.176088 -0.276255 -0.048653
v 0.179190 -0.271220 -0.042113
v 0.157702 -0.207023 -0.068383
v 0.164534 -0.213078 -0.060381
v 0.158361 -0.193644 -0.064858
v 0.169689 -0.236859 -0.054774
v 0.168857 -0.213149 -0.053699
v 0.162807 -0.190905 -0.057982
v 0.174333 -0.234785 -0.047050
v 0.187451 -0.271269 -0.025154
v 0.180757 -0.247140 -0.035533
v 0.170465 -0.200735 -0.049149
v 0.176481 -0.211053 -0.040781
v 0.171956 -0.189096 -0.043604
v 0.177766 -0.191145 -0.036304
v 0.143815 -0.173242 -0.070696
v 0.136013 -0.167302 -0.073438
v 0.145937 -0.168570 -0.065904
v 0.157072 -0.175865 -0.059433
v 0.152939 -0.168684 -0.059979
v 0.162940 -0.176234 -0.052420
v 0.164081 -0.170668 -0.047339
v 0.157963 -0.169475 -0.054799
v 0.170795 -0.175912 -0.041888
v 0.170260 -0.171655 -0.039713
v 0.059010 -0.571046 0.144133
v 0.070772 -0.571757 0.150510
v 0.053918 -0.565092 0.141618
v 0.056182 -0.547978 0.142692
v 0.071753 -0.567464 0.150742
v 0.080115 -0.568853 0.154033
v 0.088380 -0.567074 0.155962
v 0.055034 -0.524739 0.141882
v 0.069993 -0.526472 0.147055
v 0.068555 -0.555732 0.148099
v 0.085679 -0.559079 0.154144
v 0.105003 -0.543276 0.154164
v 0.086564 -0.537073 0.151907
v 0.119925 -0.526557 0.149892
v 0.064467 -0.468009 0.146133
v 0.073816 -0.505465 0.148734
v 0.061322 -0.499168 0.145116
v 0.076431 -0.484611 0.148485
v 0.074605 -0.463068 0.147461
v 0.082610 -0.467787 0.148465
v 0.089487 -0.480532 0.148873
v 0.113345 -0.506337 0.148853
v 0.106270 -0.484282 0.147672
v 0.095883 -0.460716 0.146204
v 0.058380 -0.449811 0.144133
v 0.067749 -0.447817 0.145193
v 0.059137 -0.429799 0.143928
v 0.080369 -0.450632 0.146270
v 0.089165 -0.435127 0.143813
v 0.083389 -0.413949 0.143070
v 0.104991 -0.440293 0.142764
v 0.098885 -0.417330 0.142294
v 0.117842 -0.426947 0.138845
v 0.112593 -0.406564 0.140785
v 0.099746 -0.395536 0.142178
v 0.114032 -0.386748 0.140265
v 0.128018 -0.504732 0.145331
v 0.172046 -0.519440 0.097830
v 0.174405 -0.523831 0.093319
v 0.100407 -0.571325 0.156972
v 0.126575 -0.574963 0.151065
v 0.124337 -0.571213 0.151943
v 0.137225 -0.573207 0.145289
v 0.128390 -0.564583 0.150911
v 0.137751 -0.565180 0.144915
v 0.152543 -0.576657 0.131840
v 0.146085 -0.573792 0.138695
v 0.160011 -0.573683 0.118988
v 0.148491 -0.566316 0.135235
v 0.117556 -0.545043 0.152979
v 0.125219 -0.554164 0.151031
v 0.137087 -0.555361 0.144714
v 0.138138 -0.539633 0.142609
v 0.149241 -0.544249 0.132191
v 0.155058 -0.570575 0.127287
v 0.159558 -0.554587 0.119873
v 0.162079 -0.565239 0.115001
v 0.166670 -0.553984 0.106477
v 0.159674 -0.535864 0.119206
v 0.139123 -0.500470 0.138546
v 0.145259 -0.515250 0.134408
v 0.134539 -0.481951 0.138669
v 0.122005 -0.459165 0.140152
v 0.148368 -0.479106 0.127594
v 0.139965 -0.453509 0.131643
v 0.159815 -0.505732 0.117119
v 0.169338 -0.505814 0.103906
v 0.175476 -0.496317 0.092805
v 0.127320 -0.402043 0.135082
v 0.134681 -0.430276 0.132790
v 0.144124 -0.431115 0.128221
v 0.151921 -0.435256 0.121390
v 0.169310 -0.475820 0.102938
v 0.177174 -0.458084 0.089423
v 0.160967 -0.456782 0.112803
v 0.170310 -0.434435 0.099203
v 0.187919 -0.575647 0.061966
v 0.182777 -0.575368 0.068799
v 0.190526 -0.578034 0.059302
v 0.190370 -0.566398 0.058414
v 0.189630 -0.558108 0.059789
v 0.194549 -0.566608 0.053718
v 0.195314 -0.546104 0.051219
v 0.194087 -0.530802 0.052199
v 0.200902 -0.540691 0.042618
v 0.174764 -0.580152 0.081963
v 0.176411 -0.574061 0.080107
v 0.170849 -0.579576 0.092845
v 0.182673 -0.568878 0.069802
v 0.170078 -0.574872 0.094340
v 0.166331 -0.574976 0.104851
v 0.171399 -0.568344 0.093343
v 0.176881 -0.560612 0.082630
v 0.168720 -0.566343 0.099346
v 0.176193 -0.569066 0.081773
v 0.182757 -0.545140 0.070880
v 0.183063 -0.557946 0.069406
v 0.175615 -0.551039 0.086933
v 0.182181 -0.532294 0.075140
v 0.171732 -0.547247 0.095299
v 0.192566 -0.519335 0.053836
v 0.198793 -0.502879 0.042297
v 0.195637 -0.503522 0.048978
v 0.201509 -0.516967 0.038363
v 0.193215 -0.490200 0.052327
v 0.199034 -0.458195 0.039483
v 0.196760 -0.471773 0.045471
v 0.198154 -0.434371 0.041000
v 0.201349 -0.457913 0.034127
v 0.189482 -0.523229 0.060020
v 0.186302 -0.515979 0.066299
v 0.184279 -0.473376 0.075551
v 0.179731 -0.513330 0.083113
v 0.195099 -0.443006 0.048966
v 0.189863 -0.477352 0.059375
v 0.196825 -0.407264 0.047916
v 0.192965 -0.415826 0.057679
v 0.185349 -0.494784 0.070213
v 0.184778 -0.449986 0.074621
v 0.188944 -0.576774 0.001200
v 0.190046 -0.578044 0.007889
v 0.190026 -0.573143 0.008034
v 0.191740 -0.570592 0.012511
v 0.192760 -0.575491 0.015922
v 0.194684 -0.571760 0.020373
v 0.194188 -0.563565 0.017259
v 0.193228 -0.556687 0.014548
v 0.193534 -0.542546 0.009834
v 0.194601 -0.552106 0.016397
v 0.196859 -0.552166 0.020753
v 0.196272 -0.535542 0.015033
v 0.195677 -0.546151 0.017469
v 0.196140 -0.578114 0.023614
v 0.197699 -0.564676 0.024194
v 0.199469 -0.572817 0.027011
v 0.201098 -0.557746 0.027872
v 0.198716 -0.578469 0.027345
v 0.200955 -0.568809 0.029788
v 0.202337 -0.574263 0.033893
v 0.203736 -0.563304 0.032523
v 0.201624 -0.534849 0.027910
v 0.199108 -0.539240 0.023198
v 0.202626 -0.556477 0.031002
v 0.203666 -0.549007 0.032077
v 0.200386 -0.576135 0.046984
v 0.202098 -0.574319 0.043236
v 0.197972 -0.576922 0.050594
v 0.201970 -0.570609 0.043620
v 0.204615 -0.565151 0.038788
v 0.203715 -0.571646 0.039638
v 0.203292 -0.572999 0.041028
v 0.204654 -0.566503 0.038334
v 0.205247 -0.563504 0.037317
v 0.204034 -0.552039 0.036014
v 0.205209 -0.560344 0.036240
v 0.205282 -0.554940 0.035428
v 0.199831 -0.566080 0.046139
v 0.203868 -0.552249 0.038522
v 0.202558 -0.525066 0.036563
v 0.203049 -0.533841 0.035110
v 0.195343 -0.517518 0.009002
v 0.196773 -0.506665 0.012474
v 0.196651 -0.488883 0.007888
v 0.198651 -0.477858 0.012767
v 0.198339 -0.512728 0.017547
v 0.198251 -0.454049 0.007354
v 0.200060 -0.468430 0.016030
v 0.199826 -0.432005 0.011351
v 0.201144 -0.437277 0.015354
v 0.200995 -0.500168 0.022023
v 0.202141 -0.505234 0.026565
v 0.200181 -0.485767 0.018039
v 0.202491 -0.484750 0.025004
v 0.202720 -0.525577 0.029595
v 0.202634 -0.501985 0.027798
v 0.201418 -0.463483 0.019233
v 0.202189 -0.472555 0.022512
v 0.202557 -0.463955 0.023858
v 0.202104 -0.453023 0.021456
v 0.202582 -0.438788 0.021329
v 0.203070 -0.481365 0.026384
v 0.202629 -0.455551 0.024526
v 0.202794 -0.508261 0.033291
v 0.203578 -0.534147 0.033650
v 0.203314 -0.480619 0.031285
v 0.203713 -0.483678 0.030193
v 0.202998 -0.505282 0.031814
v 0.203480 -0.481669 0.028491
v 0.203124 -0.483264 0.029760
v 0.201724 -0.494514 0.035176
v 0.203637 -0.469935 0.029676
v 0.203611 -0.464898 0.028638
v 0.202445 -0.445068 0.025347
v 0.203359 -0.464318 0.030328
v 0.202869 -0.456147 0.029157
v 0.071198 -0.392937 0.143428
v 0.086042 -0.397084 0.142269
v 0.088552 -0.383003 0.141981
v 0.077394 -0.377498 0.142859
v 0.086382 -0.363960 0.142378
v 0.067548 -0.364687 0.143729
v 0.073884 -0.360252 0.144199
v 0.078354 -0.347505 0.143224
v 0.099892 -0.375355 0.141816
v 0.112508 -0.359192 0.140523
v 0.098788 -0.355764 0.141413
v 0.116383 -0.326605 0.135341
v 0.054841 -0.367612 0.144353
v 0.044191 -0.349281 0.144698
v 0.060444 -0.347586 0.144347
v 0.066535 -0.343904 0.144038
v 0.050893 -0.333110 0.145067
v 0.057786 -0.331662 0.145115
v 0.061883 -0.323877 0.144257
v 0.075486 -0.328671 0.142178
v 0.089245 -0.341456 0.141338
v 0.102297 -0.335805 0.139255
v 0.103765 -0.318293 0.137303
v 0.051898 -0.309173 0.147045
v 0.040172 -0.288001 0.152749
v 0.064446 -0.278808 0.149332
v 0.037960 -0.265083 0.160509
v 0.062249 -0.259282 0.154514
v 0.051076 -0.276209 0.153747
v 0.105759 -0.297231 0.135985
v 0.122107 -0.301542 0.131401
v 0.081756 -0.279462 0.144295
v 0.043515 -0.242698 0.166423
v 0.061255 -0.242071 0.160888
v 0.063271 -0.221068 0.165713
v 0.039683 -0.216827 0.174217
v 0.045867 -0.202948 0.174151
v 0.081889 -0.246314 0.150435
v 0.104565 -0.266060 0.136515
v 0.089056 -0.224918 0.152248
v 0.106742 -0.215278 0.143482
v 0.127267 -0.353060 0.134695
v 0.140429 -0.346093 0.129238
v 0.138703 -0.322910 0.128059
v 0.182508 -0.329986 0.087180
v 0.133189 -0.307120 0.128290
v 0.141750 -0.308336 0.124748
v 0.149235 -0.299237 0.118362
v 0.158260 -0.285129 0.109294
v 0.133421 -0.288465 0.124982
v 0.143952 -0.272875 0.116486
v 0.174933 -0.281081 0.091417
v 0.168558 -0.251512 0.093272
v 0.165114 -0.268464 0.101067
v 0.176701 -0.255918 0.084484
v 0.126116 -0.260755 0.125749
v 0.131152 -0.236371 0.123809
v 0.139991 -0.251513 0.117517
v 0.151967 -0.258524 0.109537
v 0.145835 -0.236805 0.113056
v 0.122473 -0.221465 0.131217
v 0.137897 -0.217377 0.120944
v 0.151244 -0.222665 0.108721
v 0.163715 -0.219236 0.096025
v 0.158869 -0.241247 0.103061
v 0.137799 -0.374582 0.131162
v 0.146913 -0.404022 0.126499
v 0.155282 -0.408466 0.118340
v 0.157795 -0.384852 0.116162
v 0.151067 -0.364327 0.122957
v 0.163029 -0.411387 0.109826
v 0.173927 -0.392212 0.099441
v 0.182011 -0.363798 0.087819
v 0.167420 -0.372520 0.106966
v 0.174759 -0.360967 0.098672
v 0.151250 -0.328985 0.121188
v 0.160938 -0.350386 0.113878
v 0.161071 -0.316667 0.111247
v 0.178295 -0.340930 0.093902
v 0.172546 -0.336810 0.103758
v 0.169801 -0.300357 0.102584
v 0.065576 -0.195876 0.168179
v 0.100785 -0.196579 0.147872
v 0.083042 -0.186030 0.160384
v 0.066067 -0.181489 0.167773
v 0.093472 -0.183076 0.152148
v 0.083015 -0.181602 0.159277
v 0.156744 -0.183533 0.098857
v 0.137132 -0.192745 0.120067
v 0.135214 -0.183732 0.119880
v 0.123812 -0.183668 0.129390
v 0.124231 -0.191594 0.131126
v 0.130735 -0.187246 0.125583
v 0.122736 -0.185103 0.130545
v 0.111913 -0.183976 0.138829
v 0.147860 -0.194048 0.109725
v 0.157210 -0.193986 0.100688
v 0.148259 -0.183424 0.108132
v 0.110764 -0.182846 0.139627
v 0.097211 -0.182156 0.149803
v 0.166732 -0.182978 0.085652
v 0.027547 -0.196843 0.178687
v 0.028931 -0.185317 0.179669
v 0.042273 -0.192804 0.176367
v 0.046960 -0.186222 0.175974
v 0.061564 -0.185455 0.170995
v 0.019802 -0.180314 0.179580
v 0.035265 -0.181025 0.177103
v 0.050281 -0.181469 0.173244
v 0.197769 -0.410054 0.002489
v 0.199199 -0.363664 -0.000852
v 0.198757 -0.322918 -0.004012
v 0.195382 -0.311838 -0.013254
v 0.200258 -0.347675 0.004033
v 0.200074 -0.324521 0.003965
v 0.198790 -0.407670 0.042710
v 0.201175 -0.383584 0.038874
v 0.199913 -0.377623 0.044960
v 0.200230 -0.426270 0.034506
v 0.200653 -0.400576 0.036830
v 0.202507 -0.411570 0.028947
v 0.202893 -0.393510 0.031474
v 0.202799 -0.384495 0.033569
v 0.204046 -0.378901 0.028025
v 0.204234 -0.379504 0.025525
v 0.203988 -0.349929 0.026960
v 0.203983 -0.358967 0.024065
v 0.202618 -0.326314 0.023978
v 0.202230 -0.377659 0.034911
v 0.202219 -0.354566 0.037500
v 0.203347 -0.365773 0.031196
v 0.198018 -0.363123 0.056083
v 0.193314 -0.381007 0.067001
v 0.189167 -0.412559 0.069100
v 0.186828 -0.390670 0.077048
v 0.198049 -0.324078 0.053437
v 0.200332 -0.337780 0.045371
v 0.195653 -0.355381 0.065212
v 0.190793 -0.352298 0.074873
v 0.186234 -0.332595 0.082180
v 0.190694 -0.320400 0.074743
v 0.198147 -0.300355 -0.001198
v 0.192244 -0.277421 -0.011885
v 0.185395 -0.241341 -0.022744
v 0.195227 -0.277585 -0.000789
v 0.189434 -0.237676 -0.013784
v 0.191360 -0.245014 -0.003893
v 0.185664 -0.210523 -0.018760
v 0.181525 -0.194105 -0.026882
v 0.189680 -0.219105 -0.009374
v 0.195347 -0.265062 0.004744
v 0.198522 -0.283522 0.012695
v 0.193897 -0.245679 0.011196
v 0.197048 -0.272538 0.022585
v 0.198602 -0.285901 0.017566
v 0.193763 -0.238254 0.025441
v 0.191715 -0.221476 0.008675
v 0.192304 -0.236871 0.004243
v 0.190600 -0.214012 -0.000329
v 0.192900 -0.220063 0.018025
v 0.195353 -0.256339 0.017531
v 0.201361 -0.314467 0.038061
v 0.197825 -0.282982 0.039681
v 0.197922 -0.297032 0.046547
v 0.195255 -0.266243 0.044871
v 0.201875 -0.317365 0.026769
v 0.199550 -0.291655 0.031995
v 0.199650 -0.294443 0.025502
v 0.194108 -0.253370 0.038090
v 0.195457 -0.261081 0.029081
v 0.188134 -0.234986 0.057114
v 0.187797 -0.209897 0.054401
v 0.191475 -0.239559 0.048369
v 0.190304 -0.219093 0.043736
v 0.192437 -0.226410 0.034188
v 0.191069 -0.288666 0.067936
v 0.195370 -0.299322 0.056504
v 0.192531 -0.265803 0.053839
v 0.185080 -0.262714 0.074744
v 0.178653 -0.232009 0.077958
v 0.186039 -0.248498 0.065751
v 0.200532 -0.382471 0.007649
v 0.202319 -0.427965 0.018093
v 0.202399 -0.402832 0.017063
v 0.202429 -0.410628 0.019445
v 0.202396 -0.394993 0.014211
v 0.202367 -0.359002 0.013811
v 0.203321 -0.379522 0.016873
v 0.202433 -0.425353 0.022297
v 0.203478 -0.392887 0.020074
v 0.204307 -0.375956 0.021702
v 0.201990 -0.333243 0.012779
v 0.202551 -0.342725 0.016246
v 0.200932 -0.315359 0.013667
v 0.203534 -0.357296 0.019253
v 0.201883 -0.317324 0.017311
v 0.203353 -0.406278 0.024530
v 0.203983 -0.393794 0.023283
v 0.177387 -0.177284 -0.030843
v 0.183664 -0.186916 -0.018446
v 0.173924 -0.171747 -0.033888
v 0.181828 -0.173915 -0.014691
v 0.188087 -0.197811 -0.009717
v 0.188956 -0.190267 -0.000682
v 0.185601 -0.181826 -0.009511
v 0.185841 -0.175348 0.002343
v 0.177882 -0.173005 -0.024564
v 0.184736 -0.174704 -0.006440
v 0.187522 -0.179045 0.010915
v 0.188449 -0.179569 0.021986
v 0.188586 -0.185732 0.007878
v 0.187040 -0.179002 -0.000692
v 0.190377 -0.189441 0.019911
v 0.187475 -0.176845 0.015374
v 0.188368 -0.177447 0.024998
v 0.187459 -0.198058 0.047709
v 0.184840 -0.189203 0.054194
v 0.185888 -0.187033 0.047032
v 0.189318 -0.198935 0.040460
v 0.186188 -0.179034 0.038296
v 0.170288 -0.200828 0.084646
v 0.182499 -0.217648 0.066457
v 0.179666 -0.194343 0.066575
v 0.183743 -0.180170 0.051138
v 0.179684 -0.180967 0.061972
v -0.131111 -0.560054 -0.115453
v -0.124785 -0.559255 -0.118148
v -0.125800 -0.561716 -0.117835
v -0.146717 -0.561981 -0.101903
v -0.145210 -0.563476 -0.103538
v -0.151859 -0.562208 -0.091825
v -0.151038 -0.564507 -0.093626
v -0.181701 -0.567292 -0.034883
v -0.183967 -0.567616 -0.030836
v -0.188848 -0.567046 -0.023700
v -0.186382 -0.567453 -0.027080
v -0.185049 -0.569537 -0.028760
v -0.189892 -0.562288 -0.023247
v -0.178479 -0.564535 -0.039879
v -0.178940 -0.566799 -0.039106
v -0.179195 -0.569378 -0.038196
v -0.171708 -0.564703 -0.051012
v -0.172682 -0.566189 -0.049381
v -0.173212 -0.568128 -0.047856
v -0.177973 -0.561607 -0.041003
v -0.182308 -0.561302 -0.035039
v -0.185485 -0.558663 -0.030311
v -0.173810 -0.562455 -0.047153
v -0.177535 -0.558604 -0.042242
v -0.190234 -0.556690 -0.023573
v -0.188336 -0.556849 -0.026627
v -0.192517 -0.559732 -0.019200
v -0.187367 -0.554454 -0.028018
v -0.178134 -0.554890 -0.042524
v -0.182405 -0.553894 -0.036015
v -0.186780 -0.551846 -0.029808
v -0.189917 -0.549382 -0.025251
v -0.185723 -0.549502 -0.031905
v -0.195458 -0.548601 -0.016468
v -0.194015 -0.547183 -0.018853
v -0.192719 -0.545893 -0.021157
v -0.184574 -0.546554 -0.033494
v -0.192792 -0.540287 -0.022618
v -0.192080 -0.537750 -0.024113
v -0.196415 -0.534846 -0.017509
v -0.197529 -0.534727 -0.015261
v -0.189517 -0.535190 -0.027069
v -0.193536 -0.531723 -0.022922
v -0.195002 -0.537309 -0.020036
v -0.195501 -0.527997 -0.019170
v -0.196248 -0.531099 -0.018065
v -0.197110 -0.522172 -0.016261
v -0.194791 -0.524493 -0.020393
v -0.191079 -0.566792 -0.020308
v -0.190292 -0.570285 -0.019391
v -0.192520 -0.565067 -0.017999
v -0.195408 -0.566144 -0.012137
v -0.196836 -0.569826 -0.010160
v -0.195262 -0.556378 -0.015041
v -0.194405 -0.563068 -0.014823
v -0.197248 -0.560636 -0.010059
v -0.196068 -0.564453 -0.011360
v -0.198706 -0.565731 -0.008065
v -0.198579 -0.555112 -0.008088
v -0.200774 -0.557340 -0.004365
v -0.203654 -0.569543 0.000920
v -0.203253 -0.569867 -0.000539
v -0.202353 -0.568702 -0.001629
v -0.200743 -0.567329 -0.004150
v -0.207822 -0.570077 0.008962
v -0.208019 -0.567278 0.010460
v -0.208367 -0.568891 0.010867
v -0.201540 -0.564465 -0.002102
v -0.202784 -0.553241 0.000746
v -0.202186 -0.559307 -0.000452
v -0.203863 -0.561472 0.004081
v -0.209355 -0.565336 0.015429
v -0.206655 -0.562918 0.009980
v -0.205730 -0.556406 0.010226
v -0.197324 -0.543696 -0.012597
v -0.196741 -0.550243 -0.013462
v -0.197435 -0.552502 -0.010919
v -0.200223 -0.548328 -0.006245
v -0.201864 -0.543633 -0.001586
v -0.201051 -0.540802 -0.004582
v -0.198464 -0.536249 -0.011605
v -0.199777 -0.538462 -0.008039
v -0.199263 -0.526891 -0.010696
v -0.201833 -0.532278 -0.003526
v -0.203407 -0.526100 0.001285
v -0.202469 -0.521878 -0.002311
v -0.203090 -0.546579 0.002031
v -0.204127 -0.548259 0.005360
v -0.203622 -0.538955 0.003193
v -0.205159 -0.549156 0.009511
v -0.204985 -0.541815 0.008701
v -0.206580 -0.551878 0.015149
v -0.204045 -0.530344 0.004606
v -0.204413 -0.535396 0.007073
v -0.204608 -0.519874 0.005427
v -0.205889 -0.528241 0.015452
v -0.205579 -0.520281 0.012628
v -0.205614 -0.532365 0.011280
v -0.197137 -0.512846 -0.015001
v -0.198364 -0.513586 -0.012545
v -0.195749 -0.515610 -0.018512
v -0.196530 -0.504479 -0.016103
v -0.194806 -0.497459 -0.018608
v -0.197516 -0.490844 -0.013747
v -0.194335 -0.394368 -0.016713
v -0.193017 -0.400674 -0.018539
v -0.195233 -0.407589 -0.014286
v -0.199592 -0.515550 -0.009204
v -0.201475 -0.518225 -0.005806
v -0.204325 -0.506066 0.002359
v -0.203567 -0.501937 -0.000148
v -0.202843 -0.511416 -0.001337
v -0.200261 -0.504284 -0.008691
v -0.200963 -0.482064 -0.005638
v -0.199208 -0.484870 -0.009068
v -0.200587 -0.493097 -0.007338
v -0.201562 -0.495580 -0.005128
v -0.197578 -0.475439 -0.012080
v -0.202172 -0.485726 -0.003000
v -0.203028 -0.494039 -0.001743
v -0.204267 -0.494218 0.002324
v -0.201321 -0.473164 -0.002647
v -0.204822 -0.499418 0.004735
v -0.204761 -0.508378 0.005670
v -0.205328 -0.513081 0.009325
v -0.205949 -0.501485 0.017922
v -0.205232 -0.492596 0.014640
v -0.205469 -0.506663 0.013734
v -0.204504 -0.483454 0.011175
v -0.203830 -0.474252 0.007147
v -0.204361 -0.489027 0.006222
v -0.204528 -0.477830 0.015509
v -0.204304 -0.473049 0.019351
v -0.203958 -0.463766 0.016130
v -0.194769 -0.466635 -0.016669
v -0.197047 -0.457920 -0.011437
v -0.198676 -0.447457 -0.007068
v -0.196644 -0.439232 -0.011648
v -0.200651 -0.456370 -0.002620
v -0.202331 -0.465447 0.002671
v -0.200344 -0.438605 -0.002917
v -0.195914 -0.421961 -0.011967
v -0.194497 -0.431358 -0.016645
v -0.196832 -0.411565 -0.010167
v -0.201434 -0.431351 0.001802
v -0.199569 -0.422325 -0.002013
v -0.203553 -0.455006 0.012537
v -0.203116 -0.445534 0.009069
v -0.203158 -0.458714 0.007727
v -0.203009 -0.435445 0.010653
v -0.202416 -0.435166 0.006482
v -0.203642 -0.449627 0.015856
v -0.202296 -0.425298 0.012740
v -0.203130 -0.436631 0.014821
v -0.203305 -0.442443 0.018565
v -0.201696 -0.423283 0.005787
v -0.200959 -0.411318 0.004591
v -0.201902 -0.416947 0.009120
v -0.201297 -0.407501 0.018170
v -0.201467 -0.397475 0.013315
v -0.201488 -0.412479 0.013400
v -0.123929 -0.556819 -0.118169
v -0.122272 -0.553057 -0.118348
v -0.129425 -0.551484 -0.115868
v -0.135979 -0.550674 -0.112221
v -0.134152 -0.543456 -0.112420
v -0.123943 -0.528941 -0.115478
v -0.122082 -0.540421 -0.117561
v -0.128398 -0.532336 -0.114331
v -0.138851 -0.533880 -0.107726
v -0.133448 -0.532951 -0.111615
v -0.132548 -0.521331 -0.110750
v -0.130399 -0.511114 -0.111066
v -0.134814 -0.506456 -0.107449
v -0.145359 -0.560346 -0.104251
v -0.144317 -0.558705 -0.105886
v -0.140977 -0.560949 -0.109111
v -0.136056 -0.560555 -0.112508
v -0.137457 -0.562448 -0.111714
v -0.150521 -0.553196 -0.097926
v -0.148331 -0.549976 -0.100189
v -0.146466 -0.555495 -0.102945
v -0.142105 -0.556974 -0.108256
v -0.136345 -0.558768 -0.112144
v -0.138991 -0.554797 -0.110704
v -0.141842 -0.548137 -0.107485
v -0.150016 -0.542771 -0.096986
v -0.146078 -0.544474 -0.102341
v -0.143239 -0.538385 -0.104448
v -0.152678 -0.549589 -0.093755
v -0.152566 -0.553376 -0.094511
v -0.149671 -0.559493 -0.098090
v -0.152930 -0.558320 -0.091430
v -0.152766 -0.555629 -0.092938
v -0.154644 -0.550322 -0.088965
v -0.152994 -0.542971 -0.092112
v -0.154414 -0.545169 -0.088815
v -0.156835 -0.542922 -0.083289
v -0.162651 -0.541837 -0.071033
v -0.164224 -0.529379 -0.066673
v -0.160557 -0.537918 -0.075047
v -0.143199 -0.525310 -0.102043
v -0.146300 -0.515112 -0.096549
v -0.150735 -0.519522 -0.091604
v -0.150113 -0.504096 -0.090706
v -0.142730 -0.490327 -0.098086
v -0.138919 -0.499564 -0.102397
v -0.142144 -0.508453 -0.099983
v -0.151754 -0.532934 -0.091677
v -0.156809 -0.522589 -0.080086
v -0.156307 -0.510107 -0.080977
v -0.154313 -0.522351 -0.085471
v -0.158526 -0.531467 -0.078173
v -0.159779 -0.518678 -0.074310
v -0.163836 -0.565555 -0.066177
v -0.161409 -0.566666 -0.070200
v -0.167939 -0.558116 -0.059101
v -0.161512 -0.561791 -0.071708
v -0.164603 -0.563524 -0.064573
v -0.159612 -0.560277 -0.076310
v -0.162778 -0.553557 -0.070137
v -0.158248 -0.558253 -0.078822
v -0.155154 -0.558711 -0.085354
v -0.159431 -0.552081 -0.076982
v -0.155895 -0.565742 -0.082245
v -0.179828 -0.550110 -0.039792
v -0.174779 -0.554027 -0.048106
v -0.172403 -0.550689 -0.051779
v -0.163749 -0.546475 -0.068482
v -0.167093 -0.544469 -0.061882
v -0.167322 -0.567219 -0.059161
v -0.171650 -0.543970 -0.053877
v -0.176598 -0.542850 -0.045426
v -0.171995 -0.533684 -0.052889
v -0.164539 -0.516527 -0.065189
v -0.167463 -0.516839 -0.060240
v -0.183145 -0.544465 -0.036103
v -0.180904 -0.541047 -0.038777
v -0.185946 -0.538599 -0.032257
v -0.180233 -0.535369 -0.039669
v -0.188944 -0.524153 -0.028243
v -0.185099 -0.529152 -0.033475
v -0.187787 -0.532085 -0.030071
v -0.181428 -0.526909 -0.038769
v -0.131292 -0.476203 -0.105162
v -0.135300 -0.488089 -0.103973
v -0.135242 -0.469054 -0.101360
v -0.139313 -0.461209 -0.098037
v -0.135206 -0.449987 -0.100103
v -0.131457 -0.437528 -0.101425
v -0.134821 -0.432115 -0.097583
v -0.138625 -0.425098 -0.093386
v -0.134803 -0.414533 -0.095486
v -0.149441 -0.488348 -0.089601
v -0.152687 -0.493292 -0.085306
v -0.146145 -0.480960 -0.092983
v -0.142853 -0.471933 -0.095941
v -0.149266 -0.472807 -0.088209
v -0.142758 -0.453139 -0.093366
v -0.152149 -0.468171 -0.083165
v -0.149543 -0.456727 -0.085899
v -0.154239 -0.480779 -0.081450
v -0.155818 -0.495521 -0.080766
v -0.160906 -0.492146 -0.070581
v -0.157789 -0.499079 -0.076237
v -0.160362 -0.505843 -0.072285
v -0.162153 -0.512659 -0.068917
v -0.155488 -0.465869 -0.077883
v -0.164492 -0.489406 -0.065254
v -0.162504 -0.476252 -0.067997
v -0.142779 -0.434045 -0.090866
v -0.146124 -0.444858 -0.088382
v -0.149843 -0.438769 -0.083386
v -0.150428 -0.420862 -0.080454
v -0.153159 -0.435555 -0.078293
v -0.142314 -0.416883 -0.088756
v -0.152008 -0.406413 -0.076040
v -0.147919 -0.404900 -0.081142
v -0.159685 -0.462999 -0.071732
v -0.155966 -0.448780 -0.075288
v -0.163535 -0.458690 -0.064841
v -0.156712 -0.431896 -0.072891
v -0.164961 -0.422130 -0.061151
v -0.160389 -0.426242 -0.066968
v -0.164268 -0.439800 -0.062890
v -0.168019 -0.452712 -0.058552
v -0.169419 -0.419998 -0.055349
v -0.166701 -0.407786 -0.058716
v -0.156495 -0.414317 -0.071592
v -0.155461 -0.395843 -0.071739
v -0.177280 -0.524127 -0.044273
v -0.173613 -0.519554 -0.049885
v -0.171158 -0.511899 -0.054145
v -0.168838 -0.500549 -0.056735
v -0.167113 -0.492096 -0.060479
v -0.170066 -0.482250 -0.055264
v -0.176998 -0.501840 -0.046115
v -0.180041 -0.482299 -0.042123
v -0.183372 -0.492184 -0.037352
v -0.190502 -0.514963 -0.025900
v -0.193077 -0.519898 -0.022994
v -0.183088 -0.515810 -0.036728
v -0.187753 -0.509970 -0.030063
v -0.185536 -0.502707 -0.033971
v -0.191840 -0.504111 -0.023968
v -0.192498 -0.491130 -0.023180
v -0.187990 -0.488734 -0.029464
v -0.164575 -0.503511 -0.064543
v -0.171477 -0.463145 -0.053732
v -0.175766 -0.472867 -0.048219
v -0.181681 -0.462690 -0.038978
v -0.186739 -0.451209 -0.030814
v -0.181900 -0.443095 -0.037996
v -0.180895 -0.426800 -0.039495
v -0.176640 -0.437265 -0.045573
v -0.183420 -0.414286 -0.036747
v -0.178495 -0.413602 -0.043987
v -0.191438 -0.476965 -0.023470
v -0.191556 -0.459472 -0.023357
v -0.191443 -0.440632 -0.023277
v -0.191624 -0.423491 -0.022222
v -0.187864 -0.413383 -0.028626
v -0.191306 -0.408529 -0.022626
v -0.190802 -0.395422 -0.024283
v -0.185054 -0.402171 -0.033669
v -0.173021 -0.429694 -0.050846
v -0.172403 -0.445201 -0.051833
v -0.173823 -0.416670 -0.049437
v -0.174600 -0.403987 -0.048712
v -0.107996 -0.557820 -0.120060
v -0.107572 -0.552863 -0.120194
v -0.101018 -0.558255 -0.119972
v -0.094519 -0.554917 -0.120280
v -0.089719 -0.557692 -0.119473
v -0.094398 -0.558467 -0.119952
v -0.094724 -0.562158 -0.119501
v -0.087281 -0.556283 -0.119461
v -0.083030 -0.559500 -0.118619
v -0.098235 -0.548248 -0.119881
v -0.092506 -0.552300 -0.120139
v -0.087716 -0.545020 -0.118806
v -0.082440 -0.549930 -0.118677
v -0.087533 -0.551514 -0.119352
v -0.112032 -0.533228 -0.119017
v -0.104898 -0.542002 -0.119543
v -0.109578 -0.544599 -0.119467
v -0.115076 -0.546555 -0.119125
v -0.113174 -0.520657 -0.118356
v -0.117509 -0.523061 -0.117782
v -0.101234 -0.537617 -0.119771
v -0.086798 -0.538048 -0.118761
v -0.092188 -0.536433 -0.119204
v -0.111119 -0.562021 -0.119836
v -0.111571 -0.559543 -0.120314
v -0.115407 -0.555650 -0.119952
v -0.119292 -0.549637 -0.118892
v -0.078875 -0.545437 -0.118268
v -0.076195 -0.552049 -0.117667
v -0.078092 -0.562338 -0.117589
v -0.075876 -0.559721 -0.117026
v -0.073363 -0.557481 -0.116859
v -0.067838 -0.560444 -0.116174
v -0.060939 -0.563023 -0.115187
v -0.060872 -0.560016 -0.115432
v -0.062218 -0.555901 -0.115377
v -0.054782 -0.558605 -0.114899
v -0.069107 -0.553713 -0.116486
v -0.064536 -0.548366 -0.115163
v -0.082221 -0.539092 -0.118651
v -0.077102 -0.538255 -0.117822
v -0.084568 -0.531700 -0.118196
v -0.065730 -0.536027 -0.115225
v -0.058315 -0.540919 -0.114846
v -0.071982 -0.532461 -0.116534
v -0.067979 -0.521599 -0.115248
v -0.097871 -0.532132 -0.119629
v -0.104281 -0.523932 -0.119244
v -0.095355 -0.524478 -0.119191
v -0.092578 -0.516775 -0.118705
v -0.097580 -0.510240 -0.118883
v -0.109651 -0.515257 -0.118701
v -0.114516 -0.505434 -0.116580
v -0.106271 -0.509534 -0.118654
v -0.107511 -0.493894 -0.117365
v -0.102862 -0.502814 -0.118498
v -0.099906 -0.495416 -0.118238
v -0.121842 -0.521559 -0.116169
v -0.120774 -0.509561 -0.115669
v -0.126142 -0.516644 -0.114029
v -0.127253 -0.501835 -0.111852
v -0.078052 -0.528032 -0.117721
v -0.082021 -0.524360 -0.117719
v -0.086875 -0.521264 -0.118356
v -0.079216 -0.515593 -0.117053
v -0.089535 -0.509196 -0.118830
v -0.077112 -0.504442 -0.116452
v -0.081674 -0.502510 -0.117453
v -0.071455 -0.506447 -0.115420
v -0.075201 -0.490530 -0.116038
v -0.064914 -0.505723 -0.114384
v -0.086832 -0.500375 -0.118284
v -0.091052 -0.495381 -0.118602
v -0.084723 -0.489178 -0.117427
v -0.064951 -0.485451 -0.114432
v -0.058966 -0.500815 -0.114422
v -0.119016 -0.495802 -0.114314
v -0.115773 -0.487505 -0.114250
v -0.096438 -0.487563 -0.118404
v -0.100733 -0.478673 -0.117380
v -0.114987 -0.469533 -0.112321
v -0.112118 -0.483323 -0.114964
v -0.108573 -0.477473 -0.115616
v -0.105559 -0.469140 -0.115666
v -0.109494 -0.460274 -0.113726
v -0.101829 -0.460355 -0.115335
v -0.123403 -0.494734 -0.112556
v -0.127162 -0.483535 -0.109222
v -0.126892 -0.463688 -0.106188
v -0.124423 -0.447853 -0.106065
v -0.128110 -0.444102 -0.103857
v -0.092673 -0.481001 -0.117917
v -0.077781 -0.474387 -0.116354
v -0.071985 -0.476825 -0.115428
v -0.067330 -0.464571 -0.114689
v -0.088790 -0.477070 -0.117487
v -0.093063 -0.465103 -0.117024
v -0.083511 -0.475184 -0.116852
v -0.082532 -0.460410 -0.116324
v -0.117325 -0.450737 -0.109589
v -0.113298 -0.454065 -0.111866
v -0.118552 -0.428495 -0.107634
v -0.121065 -0.443136 -0.107774
v -0.110377 -0.441841 -0.111669
v -0.097368 -0.452464 -0.115489
v -0.102685 -0.440384 -0.113602
v -0.107316 -0.429885 -0.111436
v -0.111862 -0.420762 -0.109560
v -0.103758 -0.418042 -0.111999
v -0.128805 -0.425745 -0.102007
v -0.123683 -0.428118 -0.105207
v -0.128849 -0.406995 -0.099263
v -0.126301 -0.414207 -0.102031
v -0.123057 -0.407662 -0.102888
v -0.092449 -0.432988 -0.115330
v -0.088318 -0.447279 -0.116298
v -0.093351 -0.448342 -0.116356
v -0.084569 -0.425954 -0.115501
v -0.077545 -0.434885 -0.116267
v -0.082424 -0.443846 -0.116459
v -0.070733 -0.444057 -0.115248
v -0.063686 -0.450995 -0.114498
v -0.073265 -0.423694 -0.115831
v -0.094979 -0.415307 -0.114063
v -0.090326 -0.421083 -0.115223
v -0.087274 -0.409679 -0.114995
v -0.069164 -0.413097 -0.115502
v -0.074090 -0.404973 -0.115697
v -0.074644 -0.388726 -0.115406
v -0.079398 -0.395703 -0.115228
v -0.039790 -0.560489 -0.116738
v -0.043576 -0.562952 -0.115978
v -0.047089 -0.560665 -0.115523
v -0.049187 -0.556371 -0.115413
v -0.050171 -0.547288 -0.114932
v -0.043081 -0.553067 -0.115761
v -0.024477 -0.559629 -0.121333
v -0.027468 -0.563466 -0.120083
v -0.032078 -0.560169 -0.118719
v -0.037093 -0.557210 -0.117115
v -0.036595 -0.551126 -0.117436
v -0.051033 -0.534560 -0.114838
v -0.036477 -0.543220 -0.116648
v -0.030847 -0.548296 -0.118817
v -0.025129 -0.551013 -0.120568
v -0.027163 -0.544197 -0.119837
v -0.016681 -0.559101 -0.122858
v -0.021291 -0.555717 -0.121526
v -0.011786 -0.562127 -0.124127
v -0.009855 -0.557643 -0.124448
v -0.003663 -0.554447 -0.125021
v -0.008582 -0.550199 -0.123787
v 0.004409 -0.556184 -0.125019
v 0.002134 -0.559721 -0.125605
v 0.000679 -0.556695 -0.125684
v 0.001960 -0.550751 -0.125562
v -0.019430 -0.549455 -0.121485
v 0.003215 -0.543607 -0.124403
v 0.005445 -0.548366 -0.124647
v 0.001340 -0.536573 -0.124597
v 0.004595 -0.535012 -0.124205
v -0.039761 -0.534992 -0.116089
v -0.035842 -0.535010 -0.117127
v -0.028090 -0.535595 -0.119198
v -0.023242 -0.538449 -0.120540
v -0.036433 -0.526206 -0.116438
v -0.032424 -0.530851 -0.117731
v -0.029085 -0.524080 -0.118030
v -0.052017 -0.517274 -0.114504
v -0.045016 -0.529255 -0.114790
v -0.040436 -0.525163 -0.115909
v -0.050732 -0.497300 -0.114228
v -0.024502 -0.518125 -0.119433
v -0.030193 -0.509250 -0.117606
v -0.038826 -0.514792 -0.115814
v -0.013586 -0.545090 -0.122497
v -0.018156 -0.540815 -0.121180
v -0.020429 -0.529775 -0.120634
v -0.008108 -0.539802 -0.123618
v -0.007740 -0.526841 -0.123669
v -0.002665 -0.534173 -0.124870
v 0.000576 -0.527033 -0.124267
v -0.012697 -0.512741 -0.122143
v -0.005342 -0.511330 -0.122683
v 0.000272 -0.513923 -0.123063
v 0.004015 -0.518715 -0.123353
v -0.018492 -0.515481 -0.120425
v -0.016788 -0.496124 -0.120929
v -0.022023 -0.477951 -0.119070
v -0.015218 -0.475386 -0.120500
v -0.001324 -0.497716 -0.122129
v -0.042872 -0.499368 -0.114931
v -0.036270 -0.503527 -0.115884
v -0.036149 -0.470502 -0.115040
v -0.028732 -0.476049 -0.116931
v -0.032797 -0.491044 -0.116121
v -0.052118 -0.458066 -0.114048
v -0.044208 -0.463380 -0.113955
v -0.048566 -0.479238 -0.113811
v -0.058206 -0.450730 -0.114546
v -0.055084 -0.439792 -0.114476
v -0.040026 -0.448480 -0.114684
v -0.026457 -0.458267 -0.117842
v -0.014455 -0.454699 -0.119763
v -0.009333 -0.469522 -0.120521
v 0.002436 -0.485358 -0.121349
v -0.003227 -0.479942 -0.121178
v -0.003782 -0.460978 -0.119873
v -0.029767 -0.439631 -0.117006
v -0.024129 -0.441303 -0.118360
v -0.023097 -0.423372 -0.117842
v -0.018630 -0.438775 -0.119143
v -0.012073 -0.420631 -0.118764
v -0.009159 -0.433833 -0.119491
v -0.013631 -0.435657 -0.119033
v 0.000808 -0.452405 -0.119324
v -0.004302 -0.443771 -0.119169
v -0.004708 -0.429203 -0.118731
v -0.061603 -0.436950 -0.114588
v -0.063875 -0.420102 -0.115395
v -0.059140 -0.427479 -0.114873
v -0.054584 -0.422421 -0.114543
v -0.043240 -0.425697 -0.114447
v -0.036071 -0.433792 -0.115190
v -0.031592 -0.420754 -0.116129
v -0.064913 -0.401766 -0.115479
v -0.055989 -0.401665 -0.115300
v -0.050114 -0.414804 -0.114523
v -0.045054 -0.403516 -0.115803
v -0.033674 -0.400517 -0.116359
v -0.027601 -0.410219 -0.116652
v -0.001004 -0.421481 -0.118410
v -0.004886 -0.414682 -0.118426
v 0.003164 -0.428251 -0.118743
v 0.002679 -0.413890 -0.117922
v 0.002354 -0.399933 -0.117401
v 0.006668 -0.406909 -0.117694
v -0.023122 -0.404003 -0.117181
v -0.023459 -0.385885 -0.116965
v -0.018863 -0.397871 -0.117526
v -0.009421 -0.408998 -0.118295
v -0.013912 -0.404803 -0.117863
v -0.014457 -0.386854 -0.116907
v -0.006134 -0.384049 -0.116781
v -0.001681 -0.392663 -0.117418
v -0.005886 -0.399795 -0.117605
v 0.002635 -0.385209 -0.116674
v 0.006260 -0.377845 -0.116243
v 0.002398 -0.371738 -0.116482
v -0.194335 -0.382419 -0.018713
v -0.195352 -0.389428 -0.013900
v -0.196967 -0.384772 -0.009829
v -0.196900 -0.398686 -0.009083
v -0.198535 -0.410580 -0.005637
v -0.197351 -0.370638 -0.011263
v -0.198800 -0.377212 -0.004704
v -0.200858 -0.389919 0.007372
v -0.200209 -0.384035 0.001198
v -0.200239 -0.398313 0.002662
v -0.199706 -0.408959 -0.000870
v -0.200464 -0.370171 0.000103
v -0.197405 -0.356415 -0.013387
v -0.195588 -0.364762 -0.018176
v -0.196884 -0.343838 -0.016186
v -0.198448 -0.347528 -0.009149
v -0.200492 -0.358979 0.000421
v -0.201122 -0.364524 0.004274
v -0.199505 -0.337439 -0.005194
v -0.200014 -0.349152 -0.002685
v -0.201329 -0.351175 0.002694
v -0.203579 -0.371949 0.014289
v -0.202274 -0.367717 0.009037
v -0.202210 -0.381716 0.011114
v -0.201981 -0.357121 0.006261
v -0.202430 -0.347395 0.006739
v -0.200321 -0.327609 -0.003066
v -0.199117 -0.325591 -0.008972
v -0.200822 -0.326617 0.001800
v -0.202019 -0.336283 0.006483
v -0.201380 -0.325413 0.007246
v -0.199284 -0.305012 -0.001689
v -0.199244 -0.308372 -0.006745
v -0.200222 -0.316565 -0.002158
v -0.203298 -0.343681 0.010777
v -0.199055 -0.300958 0.002257
v -0.197525 -0.294669 -0.001941
v -0.196307 -0.285915 -0.002043
v -0.195734 -0.288370 -0.004948
v -0.195372 -0.278295 -0.002239
v -0.196589 -0.281417 0.001270
v -0.140699 -0.387636 -0.087874
v -0.138090 -0.395103 -0.090560
v -0.141754 -0.401981 -0.088267
v -0.145011 -0.405494 -0.084961
v -0.146751 -0.390264 -0.081863
v -0.138779 -0.363473 -0.090857
v -0.136727 -0.374706 -0.091510
v -0.140007 -0.374710 -0.088577
v -0.143374 -0.379399 -0.085334
v -0.147338 -0.372140 -0.081776
v -0.147524 -0.353227 -0.083688
v -0.150380 -0.362052 -0.079383
v -0.170119 -0.398269 -0.054535
v -0.165331 -0.393709 -0.060603
v -0.169114 -0.372701 -0.057709
v -0.166008 -0.365872 -0.063226
v -0.165094 -0.378765 -0.061952
v -0.160478 -0.386738 -0.066322
v -0.155864 -0.377099 -0.071746
v -0.171847 -0.355182 -0.056864
v -0.169794 -0.345705 -0.060828
v -0.167595 -0.355940 -0.062120
v -0.164485 -0.356528 -0.066432
v -0.153561 -0.365465 -0.075717
v -0.157354 -0.360908 -0.072600
v -0.161023 -0.353351 -0.070440
v -0.158282 -0.346766 -0.073961
v -0.153289 -0.349894 -0.078463
v -0.163582 -0.344398 -0.067919
v -0.136344 -0.354639 -0.094064
v -0.139825 -0.349505 -0.091529
v -0.144350 -0.343081 -0.088829
v -0.141602 -0.333011 -0.093098
v -0.149046 -0.334726 -0.085706
v -0.150342 -0.316908 -0.085988
v -0.152667 -0.326581 -0.083203
v -0.167579 -0.337422 -0.064630
v -0.171750 -0.334730 -0.059633
v -0.156098 -0.340570 -0.077380
v -0.158310 -0.334436 -0.075169
v -0.154454 -0.334591 -0.080257
v -0.164031 -0.332171 -0.068669
v -0.167640 -0.309120 -0.064864
v -0.171640 -0.313034 -0.060245
v -0.170420 -0.302619 -0.061297
v -0.164379 -0.304172 -0.068816
v -0.165272 -0.313972 -0.067912
v -0.161006 -0.328677 -0.072445
v -0.158932 -0.322258 -0.075853
v -0.154929 -0.318900 -0.080449
v -0.163992 -0.322262 -0.069972
v -0.162397 -0.313028 -0.071621
v -0.187784 -0.375139 -0.032792
v -0.184057 -0.366266 -0.038684
v -0.183095 -0.377463 -0.038883
v -0.178749 -0.383650 -0.044397
v -0.183622 -0.390072 -0.037375
v -0.186381 -0.355378 -0.037222
v -0.181223 -0.356528 -0.043394
v -0.176297 -0.356244 -0.050210
v -0.178914 -0.345759 -0.048124
v -0.190211 -0.384945 -0.027919
v -0.187812 -0.393190 -0.030532
v -0.191537 -0.375677 -0.027603
v -0.192807 -0.375281 -0.023898
v -0.190039 -0.354893 -0.032088
v -0.192884 -0.356685 -0.028637
v -0.187513 -0.345659 -0.036621
v -0.194223 -0.371471 -0.021302
v -0.194112 -0.359988 -0.023851
v -0.193563 -0.348492 -0.026752
v -0.174581 -0.391202 -0.048993
v -0.173041 -0.365507 -0.053348
v -0.173554 -0.377847 -0.051070
v -0.182292 -0.327576 -0.043661
v -0.180941 -0.335466 -0.046212
v -0.184791 -0.336732 -0.040724
v -0.176982 -0.334485 -0.053131
v -0.183776 -0.322306 -0.041860
v -0.180962 -0.319373 -0.045948
v -0.175717 -0.314332 -0.054229
v -0.178240 -0.313998 -0.049756
v -0.175781 -0.300722 -0.052156
v -0.174342 -0.300337 -0.054762
v -0.180542 -0.312461 -0.046146
v -0.182489 -0.312235 -0.043424
v -0.177906 -0.299652 -0.048639
v -0.181008 -0.300257 -0.045189
v -0.187957 -0.337183 -0.036202
v -0.189851 -0.335160 -0.033890
v -0.185888 -0.323809 -0.038522
v -0.187819 -0.325673 -0.035804
v -0.190108 -0.329790 -0.032525
v -0.191636 -0.337597 -0.029930
v -0.194354 -0.339748 -0.023573
v -0.189245 -0.320829 -0.033035
v -0.184745 -0.311281 -0.040051
v -0.184872 -0.303194 -0.039680
v -0.187631 -0.310578 -0.035629
v -0.190387 -0.312999 -0.029604
v -0.182446 -0.293850 -0.041040
v -0.174110 -0.323822 -0.057627
v -0.195789 -0.330825 -0.019208
v -0.193806 -0.317625 -0.022350
v -0.197039 -0.322198 -0.015329
v -0.198146 -0.314207 -0.011409
v -0.191460 -0.303855 -0.024877
v -0.193021 -0.295826 -0.018523
v -0.189594 -0.289949 -0.025247
v -0.196212 -0.302355 -0.012357
v -0.193866 -0.290420 -0.012576
v -0.153750 -0.293626 -0.081630
v -0.150747 -0.282558 -0.083536
v -0.150563 -0.299948 -0.085264
v -0.147185 -0.307415 -0.089415
v -0.157832 -0.312905 -0.077959
v -0.159824 -0.310712 -0.075168
v -0.155769 -0.303232 -0.079990
v -0.155969 -0.288113 -0.078545
v -0.161449 -0.303947 -0.072441
v -0.163135 -0.295312 -0.070226
v -0.164790 -0.285933 -0.066585
v -0.168124 -0.286944 -0.062427
v -0.166451 -0.277777 -0.063300
v -0.168603 -0.272515 -0.059689
v -0.165994 -0.268744 -0.062606
v -0.158665 -0.281732 -0.075188
v -0.156169 -0.273979 -0.076865
v -0.161358 -0.284873 -0.071185
v -0.160304 -0.273038 -0.071164
v -0.161829 -0.264615 -0.068256
v -0.164238 -0.263236 -0.064736
v -0.166652 -0.260112 -0.060967
v -0.164808 -0.247874 -0.062117
v -0.161684 -0.248595 -0.066637
v -0.157197 -0.262935 -0.074637
v -0.154415 -0.264052 -0.077548
v -0.152697 -0.251385 -0.077780
v -0.151010 -0.265730 -0.081364
v -0.155944 -0.241148 -0.073023
v -0.152210 -0.237913 -0.076593
v -0.159555 -0.263156 -0.071644
v -0.158961 -0.254253 -0.071359
v -0.159587 -0.244385 -0.069553
v -0.160442 -0.233889 -0.067390
v -0.152841 -0.223724 -0.074289
v -0.148029 -0.231904 -0.080285
v -0.161108 -0.223482 -0.065237
v -0.164064 -0.227653 -0.061236
v -0.172391 -0.298055 -0.057594
v -0.174175 -0.291364 -0.054121
v -0.175424 -0.287670 -0.051963
v -0.173398 -0.280542 -0.053647
v -0.176209 -0.281589 -0.049417
v -0.177230 -0.262655 -0.045095
v -0.176449 -0.251010 -0.045135
v -0.172928 -0.259029 -0.051217
v -0.183822 -0.285815 -0.037393
v -0.179827 -0.284239 -0.043711
v -0.183175 -0.275247 -0.035340
v -0.186651 -0.283310 -0.031012
v -0.178231 -0.274018 -0.045305
v -0.180505 -0.267261 -0.039539
v -0.183401 -0.263736 -0.033021
v -0.170156 -0.294079 -0.061021
v -0.170366 -0.287506 -0.058922
v -0.171712 -0.283117 -0.056785
v -0.171085 -0.267121 -0.056119
v -0.171537 -0.275528 -0.056469
v -0.169351 -0.257796 -0.056455
v -0.186503 -0.264301 -0.025604
v -0.183485 -0.254240 -0.029137
v -0.181863 -0.245074 -0.032515
v -0.184792 -0.244200 -0.025306
v -0.167343 -0.251146 -0.059111
v -0.175625 -0.239297 -0.045323
v -0.179081 -0.243258 -0.038378
v -0.171480 -0.234433 -0.050734
v -0.167901 -0.230763 -0.056034
v -0.167709 -0.241230 -0.057687
v -0.175617 -0.228119 -0.044233
v -0.167510 -0.221143 -0.054886
v -0.180867 -0.235436 -0.033088
v -0.176891 -0.218946 -0.041489
v -0.178983 -0.223993 -0.037684
v -0.182659 -0.230151 -0.028438
v -0.180808 -0.226955 -0.032859
v -0.180791 -0.219740 -0.031588
v -0.188067 -0.276484 -0.024996
v -0.189518 -0.267700 -0.019139
v -0.190416 -0.260410 -0.013182
v -0.191487 -0.272100 -0.013399
v -0.193158 -0.276089 -0.008397
v -0.192998 -0.281129 -0.011592
v -0.194791 -0.287099 -0.008203
v -0.194011 -0.275224 -0.005202
v -0.194007 -0.270388 -0.002699
v -0.189251 -0.247306 -0.012664
v -0.191215 -0.254106 -0.006373
v -0.187292 -0.240829 -0.018653
v -0.184925 -0.234480 -0.023542
v -0.189296 -0.235474 -0.011437
v -0.186311 -0.221055 -0.017789
v -0.184330 -0.218360 -0.022428
v -0.184578 -0.226084 -0.022466
v -0.189727 -0.228046 -0.005117
v -0.188726 -0.224241 -0.011616
v -0.187650 -0.215506 -0.013582
v -0.191846 -0.252289 0.000405
v -0.192922 -0.261905 -0.001682
v -0.194698 -0.268304 0.001496
v -0.192225 -0.243206 0.004430
v -0.193688 -0.254384 0.006909
v -0.191964 -0.233855 0.009405
v -0.191022 -0.231661 0.001862
v -0.190000 -0.221009 0.000102
v -0.189856 -0.215709 0.003428
v -0.189452 -0.212564 -0.000454
v -0.189838 -0.210921 0.004851
v -0.190590 -0.216257 0.008041
v -0.153556 -0.211199 -0.070738
v -0.157610 -0.217380 -0.067864
v -0.162529 -0.213883 -0.061087
v -0.166411 -0.213716 -0.055432
v -0.165380 -0.206659 -0.055875
v -0.164358 -0.192765 -0.054587
v -0.160495 -0.197205 -0.061272
v -0.165188 -0.199139 -0.054821
v -0.169710 -0.201438 -0.049055
v -0.171265 -0.188154 -0.045622
v -0.166072 -0.186366 -0.051141
v -0.165902 -0.188900 -0.051303
v -0.164628 -0.185383 -0.050827
v -0.178185 -0.211710 -0.037154
v -0.174769 -0.212687 -0.043220
v -0.172667 -0.206254 -0.045238
v -0.170717 -0.214124 -0.049480
v -0.177834 -0.196529 -0.034061
v -0.179949 -0.200625 -0.029970
v -0.181036 -0.195425 -0.026774
v -0.176494 -0.192176 -0.037311
v -0.174166 -0.198508 -0.041704
v -0.175164 -0.189008 -0.038917
v -0.180462 -0.212873 -0.031392
v -0.180004 -0.206897 -0.031281
v -0.181907 -0.203192 -0.025149
v -0.182340 -0.215402 -0.026793
v -0.182134 -0.191567 -0.023942
v -0.183135 -0.194562 -0.021254
v -0.179268 -0.187448 -0.026251
v -0.181205 -0.189423 -0.025524
v -0.183093 -0.187355 -0.017399
v -0.174352 -0.186537 -0.040151
v -0.175527 -0.186693 -0.035549
v -0.171522 -0.186100 -0.041714
v -0.186185 -0.208953 -0.016029
v -0.187695 -0.207926 -0.009722
v -0.187860 -0.200220 -0.005980
v -0.188558 -0.206958 -0.003164
v -0.189146 -0.207116 0.001675
v -0.189526 -0.204381 0.006190
v -0.187183 -0.193967 -0.010113
v -0.187730 -0.193074 -0.003527
v -0.187743 -0.188745 -0.001878
v -0.187916 -0.191667 0.002001
v -0.184160 -0.211597 -0.021576
v -0.184134 -0.199401 -0.019687
v -0.184230 -0.205467 -0.020061
v -0.185474 -0.194238 -0.016212
v -0.185995 -0.189622 -0.013628
v -0.185325 -0.186972 -0.010778
v -0.186454 -0.186778 -0.004029
v -0.116141 -0.411463 -0.107070
v -0.119828 -0.406432 -0.104803
v -0.112875 -0.397364 -0.106704
v -0.099414 -0.404164 -0.111922
v -0.103894 -0.393312 -0.110030
v -0.109309 -0.385717 -0.107223
v -0.113312 -0.375773 -0.105099
v -0.105583 -0.369913 -0.108594
v -0.113897 -0.355029 -0.106519
v -0.117848 -0.359984 -0.104147
v -0.104543 -0.350669 -0.110587
v -0.109231 -0.350282 -0.109113
v -0.129399 -0.389272 -0.096799
v -0.131577 -0.403135 -0.096370
v -0.121871 -0.386188 -0.101368
v -0.134887 -0.398904 -0.093623
v -0.135435 -0.385772 -0.092350
v -0.122074 -0.361260 -0.102589
v -0.125331 -0.364508 -0.100157
v -0.133458 -0.375013 -0.093886
v -0.122380 -0.339409 -0.106533
v -0.095228 -0.395149 -0.112438
v -0.084751 -0.396926 -0.114239
v -0.090410 -0.394123 -0.113388
v -0.083197 -0.383784 -0.114579
v -0.071186 -0.377737 -0.115883
v -0.076222 -0.374757 -0.115712
v -0.080809 -0.372971 -0.115208
v -0.085624 -0.370489 -0.114288
v -0.078716 -0.363171 -0.116190
v -0.094469 -0.359119 -0.112974
v -0.089929 -0.365091 -0.113491
v -0.093191 -0.377639 -0.112173
v -0.099514 -0.348906 -0.112557
v -0.104174 -0.332803 -0.114686
v -0.095408 -0.340223 -0.115383
v -0.086352 -0.356941 -0.115241
v -0.081911 -0.353902 -0.116126
v -0.085270 -0.344441 -0.117154
v -0.077224 -0.352107 -0.116990
v -0.114460 -0.334423 -0.110920
v -0.114825 -0.312034 -0.113140
v -0.119457 -0.322998 -0.110483
v -0.128173 -0.370371 -0.098039
v -0.130920 -0.373460 -0.095833
v -0.129097 -0.348988 -0.100777
v -0.133442 -0.362154 -0.095667
v -0.130889 -0.329928 -0.102084
v -0.132056 -0.340667 -0.099590
v -0.133846 -0.348031 -0.097143
v -0.135121 -0.332836 -0.098499
v -0.123833 -0.316117 -0.108315
v -0.101825 -0.319422 -0.117344
v -0.105632 -0.313942 -0.116693
v -0.092569 -0.328322 -0.118333
v -0.097659 -0.323444 -0.118650
v -0.098943 -0.308377 -0.119221
v -0.088503 -0.331963 -0.118483
v -0.082776 -0.334110 -0.118943
v -0.072486 -0.349252 -0.118038
v -0.077362 -0.339521 -0.119001
v -0.078962 -0.325810 -0.121164
v -0.090386 -0.316869 -0.120852
v -0.096612 -0.297073 -0.120831
v -0.100598 -0.293873 -0.119496
v -0.087081 -0.305865 -0.122190
v -0.091985 -0.301267 -0.121891
v -0.093010 -0.285995 -0.122025
v -0.110021 -0.302627 -0.115807
v -0.114153 -0.289127 -0.113625
v -0.129312 -0.292873 -0.103512
v -0.127552 -0.307514 -0.105990
v -0.130057 -0.313576 -0.103514
v -0.132758 -0.313820 -0.102015
v -0.138183 -0.324479 -0.096718
v -0.135711 -0.317375 -0.099207
v -0.135608 -0.301424 -0.099185
v -0.123763 -0.293473 -0.107837
v -0.116987 -0.275883 -0.111437
v -0.112193 -0.269077 -0.112718
v -0.127386 -0.273256 -0.103468
v -0.130899 -0.276789 -0.101137
v -0.138626 -0.290144 -0.095573
v -0.134683 -0.283162 -0.098627
v -0.133569 -0.263119 -0.097308
v -0.120550 -0.276553 -0.108985
v -0.124436 -0.274325 -0.106308
v -0.117693 -0.260496 -0.108925
v -0.124723 -0.256658 -0.103711
v -0.105079 -0.295200 -0.117407
v -0.102283 -0.277774 -0.117780
v -0.089245 -0.275822 -0.122479
v -0.093524 -0.269269 -0.120709
v -0.084910 -0.282040 -0.123329
v -0.085294 -0.268041 -0.122257
v -0.098093 -0.262990 -0.118180
v -0.103054 -0.260204 -0.115664
v -0.093490 -0.251773 -0.118706
v -0.080373 -0.264191 -0.122898
v -0.083879 -0.254026 -0.121170
v -0.088306 -0.244900 -0.118937
v -0.092015 -0.235320 -0.115955
v -0.083265 -0.241102 -0.119162
v -0.132582 -0.227598 -0.093031
v -0.129154 -0.236341 -0.097389
v -0.133140 -0.243720 -0.095307
v -0.138171 -0.251401 -0.092474
v -0.124896 -0.240510 -0.101181
v -0.121145 -0.242404 -0.103622
v -0.114643 -0.247190 -0.108704
v -0.117893 -0.244441 -0.106514
v -0.117795 -0.229037 -0.103878
v -0.125330 -0.225302 -0.097873
v -0.135644 -0.219132 -0.088942
v -0.131057 -0.215755 -0.091727
v -0.121900 -0.214181 -0.097825
v -0.126572 -0.214134 -0.094660
v -0.113153 -0.217707 -0.103501
v -0.117543 -0.214989 -0.100461
v -0.117959 -0.203215 -0.097365
v -0.128742 -0.205333 -0.090608
v -0.132198 -0.198449 -0.087502
v -0.125916 -0.195839 -0.090112
v -0.103694 -0.243444 -0.113187
v -0.107745 -0.257994 -0.113659
v -0.105841 -0.231292 -0.109915
v -0.100648 -0.227774 -0.111367
v -0.088763 -0.219884 -0.112825
v -0.095052 -0.224105 -0.112713
v -0.097066 -0.212416 -0.108471
v -0.082406 -0.217592 -0.113188
v -0.083793 -0.206174 -0.109363
v -0.099851 -0.203108 -0.104567
v -0.093203 -0.198470 -0.105343
v -0.078703 -0.193481 -0.105692
v -0.085868 -0.194605 -0.105516
v -0.111338 -0.252060 -0.111057
v -0.110269 -0.237517 -0.109218
v -0.108917 -0.223167 -0.107124
v -0.106680 -0.209155 -0.103825
v -0.102832 -0.195693 -0.100576
v -0.142635 -0.315862 -0.093746
v -0.143281 -0.298411 -0.092760
v -0.143416 -0.279751 -0.091026
v -0.147677 -0.270830 -0.085904
v -0.143467 -0.260376 -0.088971
v -0.143284 -0.241432 -0.086442
v -0.139855 -0.219241 -0.086224
v -0.137937 -0.211541 -0.085755
v -0.143565 -0.225606 -0.083928
v -0.143175 -0.214653 -0.082267
v -0.060978 -0.389614 -0.116457
v -0.066372 -0.381636 -0.116438
v -0.068996 -0.363717 -0.116952
v -0.056592 -0.379270 -0.116684
v -0.057615 -0.356848 -0.118333
v -0.051636 -0.371561 -0.117461
v -0.046433 -0.382047 -0.117067
v -0.040129 -0.391845 -0.116474
v -0.035633 -0.379509 -0.117075
v -0.047405 -0.361902 -0.117872
v -0.063009 -0.338459 -0.120134
v -0.057623 -0.335756 -0.120821
v -0.032369 -0.366203 -0.117064
v -0.037735 -0.358794 -0.118025
v -0.040605 -0.339434 -0.120022
v -0.043860 -0.350500 -0.119266
v -0.050649 -0.341493 -0.120341
v -0.055039 -0.322377 -0.123387
v -0.027142 -0.370252 -0.116970
v -0.021342 -0.369530 -0.117309
v -0.010415 -0.374128 -0.117326
v -0.015495 -0.368721 -0.117301
v -0.019041 -0.353240 -0.118461
v -0.004757 -0.351311 -0.117581
v -0.001704 -0.362923 -0.116553
v -0.006478 -0.366243 -0.116820
v 0.003218 -0.359388 -0.116517
v -0.029563 -0.352229 -0.118492
v -0.018463 -0.334561 -0.120591
v -0.025072 -0.341427 -0.119547
v -0.005608 -0.315378 -0.122120
v -0.006179 -0.334821 -0.119872
v -0.011736 -0.326445 -0.121257
v -0.018408 -0.314508 -0.122688
v -0.000761 -0.340403 -0.118975
v -0.067735 -0.345417 -0.119025
v -0.068839 -0.324536 -0.122797
v -0.043945 -0.322191 -0.122566
v -0.038109 -0.328503 -0.121646
v -0.050341 -0.314442 -0.123709
v -0.056681 -0.304599 -0.126141
v -0.046130 -0.305856 -0.124562
v -0.075120 -0.316432 -0.123065
v -0.081041 -0.310841 -0.122607
v -0.083308 -0.296177 -0.123294
v -0.071264 -0.305633 -0.125065
v -0.080040 -0.286743 -0.124220
v -0.074569 -0.289751 -0.125330
v -0.069974 -0.290497 -0.126226
v -0.060669 -0.288345 -0.127994
v -0.054597 -0.288273 -0.127270
v -0.043037 -0.295582 -0.125163
v -0.048604 -0.290636 -0.126500
v -0.050676 -0.274958 -0.127046
v -0.031913 -0.334074 -0.120641
v -0.034295 -0.317299 -0.122682
v -0.037342 -0.301507 -0.124879
v -0.030845 -0.304677 -0.124182
v -0.029338 -0.289942 -0.125215
v -0.024469 -0.303002 -0.123776
v -0.018158 -0.295577 -0.124191
v -0.019809 -0.277405 -0.125137
v -0.012640 -0.285117 -0.124792
v -0.033539 -0.277581 -0.125821
v -0.026541 -0.274762 -0.125622
v -0.039097 -0.268994 -0.126043
v -0.039058 -0.285260 -0.125940
v -0.022667 -0.260967 -0.124487
v -0.066678 -0.282747 -0.127417
v -0.071082 -0.272262 -0.126145
v -0.078073 -0.276105 -0.124136
v -0.063948 -0.248568 -0.124547
v -0.058012 -0.253472 -0.125467
v -0.062587 -0.267771 -0.127617
v -0.045865 -0.263134 -0.126063
v -0.052131 -0.257934 -0.125974
v -0.052590 -0.241264 -0.123265
v -0.075965 -0.264816 -0.123990
v -0.073281 -0.254615 -0.124113
v -0.069943 -0.243873 -0.122729
v -0.074741 -0.239871 -0.120690
v -0.065350 -0.231906 -0.120204
v -0.053228 -0.225568 -0.119438
v -0.047158 -0.230865 -0.120471
v -0.039917 -0.236048 -0.121426
v -0.033072 -0.241664 -0.122460
v -0.039377 -0.252384 -0.124253
v -0.025530 -0.245134 -0.122685
v -0.018328 -0.246849 -0.122730
v -0.027061 -0.230566 -0.119926
v -0.015033 -0.232348 -0.119771
v -0.011442 -0.244958 -0.121951
v -0.040453 -0.221863 -0.118421
v -0.076004 -0.227362 -0.117454
v -0.078978 -0.235708 -0.119149
v -0.059667 -0.219973 -0.117952
v -0.066553 -0.216758 -0.116420
v -0.052775 -0.210711 -0.114885
v -0.078188 -0.218793 -0.114658
v -0.073406 -0.216505 -0.114932
v -0.069156 -0.204468 -0.111539
v -0.071888 -0.193076 -0.106525
v -0.073987 -0.183128 -0.102320
v -0.064038 -0.192742 -0.107648
v -0.050498 -0.198044 -0.110405
v -0.045096 -0.204356 -0.113059
v -0.039499 -0.210073 -0.114702
v -0.033347 -0.214558 -0.115603
v -0.026670 -0.217073 -0.116788
v -0.020105 -0.222300 -0.117912
v -0.013138 -0.218888 -0.116922
v -0.026725 -0.206055 -0.113438
v -0.005491 -0.216790 -0.116055
v -0.009525 -0.206208 -0.113016
v -0.037112 -0.199210 -0.111177
v -0.033672 -0.189616 -0.107732
v -0.029633 -0.196715 -0.110171
v -0.021326 -0.196117 -0.109973
v -0.004348 -0.193867 -0.109183
v -0.013223 -0.194985 -0.109951
v -0.112963 -0.192223 -0.096078
v -0.119380 -0.194220 -0.093391
v -0.122083 -0.187311 -0.089460
v -0.118412 -0.181206 -0.089168
v -0.124494 -0.182647 -0.086281
v -0.130198 -0.183111 -0.083373
v -0.127261 -0.179562 -0.083740
v -0.088108 -0.185859 -0.101270
v -0.090733 -0.179882 -0.098269
v -0.083554 -0.176361 -0.098738
v -0.076965 -0.173500 -0.098793
v -0.079928 -0.170246 -0.096159
v -0.109135 -0.184267 -0.094655
v -0.106012 -0.189631 -0.097757
v -0.098580 -0.184664 -0.098505
v -0.106623 -0.178782 -0.094493
v -0.112425 -0.179847 -0.092472
v -0.104747 -0.175924 -0.092918
v -0.114712 -0.176702 -0.090280
v -0.094600 -0.176437 -0.097101
v -0.091980 -0.172634 -0.094828
v -0.127264 -0.177726 -0.083348
v -0.127389 -0.176934 -0.082441
v -0.114959 -0.175799 -0.088892
v -0.115278 -0.175629 -0.088516
v -0.105204 -0.174624 -0.091975
v -0.140940 -0.207142 -0.083140
v -0.136764 -0.202302 -0.084966
v -0.144471 -0.206233 -0.079001
v -0.145433 -0.197248 -0.076489
v -0.149553 -0.204265 -0.074148
v -0.135848 -0.193628 -0.083563
v -0.145678 -0.189427 -0.073664
v -0.140551 -0.190963 -0.078939
v -0.150980 -0.188787 -0.068795
v -0.146809 -0.184400 -0.071583
v -0.135170 -0.186662 -0.081903
v -0.134402 -0.182166 -0.080946
v -0.155289 -0.200962 -0.068089
v -0.155595 -0.193259 -0.065831
v -0.155607 -0.187939 -0.064113
v -0.147810 -0.182406 -0.069329
v -0.149050 -0.181275 -0.067685
v -0.136982 -0.180642 -0.079304
v -0.137073 -0.179339 -0.077120
v -0.156852 -0.185444 -0.062147
v -0.157534 -0.184073 -0.061515
v -0.156787 -0.183352 -0.061038
v -0.068835 -0.177275 -0.100560
v -0.073760 -0.176220 -0.099703
v -0.063164 -0.177134 -0.101233
v -0.064202 -0.173438 -0.099839
v -0.056006 -0.190789 -0.107357
v -0.060034 -0.183105 -0.103589
v -0.043834 -0.178007 -0.102844
v -0.038557 -0.183524 -0.105237
v -0.047406 -0.187181 -0.106259
v -0.056406 -0.176408 -0.101683
v -0.053849 -0.171112 -0.099742
v -0.048784 -0.174151 -0.101316
v -0.040599 -0.171850 -0.100391
v -0.052624 -0.168056 -0.098825
v -0.029225 -0.180709 -0.104457
v -0.025333 -0.172759 -0.101774
v -0.019820 -0.177806 -0.103338
v -0.016097 -0.185464 -0.106225
v -0.010592 -0.176452 -0.103179
v -0.037761 -0.167220 -0.098804
v -0.031840 -0.169740 -0.099891
v -0.022757 -0.168188 -0.100696
v -0.021691 -0.166760 -0.098862
v -0.020629 -0.166125 -0.098701
v -0.064205 -0.169869 -0.099276
v -0.065076 -0.169371 -0.097520
v -0.049688 -0.168053 -0.098040
v -0.051439 -0.167742 -0.097845
v -0.035716 -0.167036 -0.098507
v -0.035309 -0.166699 -0.098437
v -0.036041 -0.166541 -0.098364
v -0.197534 -0.558846 0.058969
v -0.199405 -0.561924 0.053417
v -0.196529 -0.564020 0.060766
v -0.211299 -0.568468 0.021246
v -0.210616 -0.567639 0.018137
v -0.210982 -0.569194 0.018709
v -0.211166 -0.570621 0.018297
v -0.211205 -0.571146 0.027136
v -0.210349 -0.569724 0.028420
v -0.211031 -0.568999 0.024969
v -0.208886 -0.560762 0.020034
v -0.207860 -0.556481 0.018492
v -0.207663 -0.555731 0.025893
v -0.208893 -0.561633 0.023490
v -0.209183 -0.562964 0.027689
v -0.205857 -0.569283 0.040392
v -0.206624 -0.570404 0.038276
v -0.200779 -0.569324 0.050042
v -0.200719 -0.571758 0.050514
v -0.198278 -0.571627 0.055820
v -0.201936 -0.572797 0.048737
v -0.208009 -0.571564 0.037099
v -0.209825 -0.567732 0.029752
v -0.204120 -0.567526 0.043973
v -0.206375 -0.566302 0.037807
v -0.206740 -0.560673 0.035601
v -0.208413 -0.564576 0.032556
v -0.201559 -0.565139 0.049069
v -0.202386 -0.559233 0.046939
v -0.198025 -0.551305 0.056452
v -0.195698 -0.555520 0.062507
v -0.198706 -0.541986 0.054702
v -0.200300 -0.545906 0.049707
v -0.198388 -0.532694 0.053939
v -0.196284 -0.538810 0.059058
v -0.198311 -0.523719 0.053820
v -0.199131 -0.526171 0.050511
v -0.206668 -0.547103 0.018544
v -0.206230 -0.541018 0.021903
v -0.205624 -0.535437 0.018565
v -0.206370 -0.548800 0.028662
v -0.206403 -0.545223 0.024656
v -0.205815 -0.533914 0.024252
v -0.206087 -0.522593 0.019846
v -0.205804 -0.509950 0.020346
v -0.205620 -0.516821 0.023079
v -0.205704 -0.522153 0.024219
v -0.205732 -0.525831 0.026438
v -0.205526 -0.541827 0.032173
v -0.206040 -0.552399 0.033409
v -0.204627 -0.555780 0.039693
v -0.202445 -0.550966 0.044471
v -0.202194 -0.540395 0.042745
v -0.204157 -0.534122 0.036216
v -0.202101 -0.528325 0.041563
v -0.204588 -0.529365 0.030917
v -0.201834 -0.515809 0.041903
v -0.200554 -0.523666 0.046157
v -0.204450 -0.516143 0.029529
v -0.199653 -0.518360 0.049273
v -0.192292 -0.570531 0.068068
v -0.194412 -0.568247 0.064554
v -0.195037 -0.571213 0.062213
v -0.195459 -0.573441 0.060838
v -0.193678 -0.565311 0.067433
v -0.189719 -0.571678 0.073554
v -0.188903 -0.573765 0.074599
v -0.186026 -0.569919 0.082499
v -0.181744 -0.573622 0.088928
v -0.179411 -0.572195 0.094109
v -0.184711 -0.566933 0.086859
v -0.177206 -0.571138 0.097687
v -0.173822 -0.573376 0.101193
v -0.171667 -0.568549 0.105222
v -0.178091 -0.565913 0.097766
v -0.176445 -0.569642 0.098737
v -0.182937 -0.562499 0.091671
v -0.185900 -0.559963 0.085401
v -0.185209 -0.564179 0.086376
v -0.179543 -0.560654 0.096190
v -0.194636 -0.553131 0.065907
v -0.193886 -0.558782 0.067678
v -0.191995 -0.561160 0.071561
v -0.194765 -0.544592 0.065001
v -0.192988 -0.550218 0.069737
v -0.188892 -0.557475 0.079944
v -0.190935 -0.554176 0.074665
v -0.190745 -0.559476 0.075357
v -0.191326 -0.547317 0.074345
v -0.194732 -0.535786 0.063523
v -0.194594 -0.525077 0.062648
v -0.193210 -0.532364 0.068296
v -0.189380 -0.544652 0.078527
v -0.191236 -0.538790 0.073283
v -0.189025 -0.525874 0.077223
v -0.191030 -0.518094 0.071877
v -0.191178 -0.528879 0.073064
v -0.187022 -0.555128 0.084520
v -0.187478 -0.549352 0.083541
v -0.184388 -0.552614 0.088547
v -0.176189 -0.558029 0.100787
v -0.180961 -0.554915 0.094614
v -0.181105 -0.541369 0.093888
v -0.184928 -0.540975 0.087923
v -0.182901 -0.548349 0.092027
v -0.187004 -0.533280 0.082306
v -0.187289 -0.542235 0.082631
v -0.184914 -0.518932 0.085048
v -0.187588 -0.511361 0.079769
v -0.187188 -0.523175 0.081518
v -0.182262 -0.522753 0.091057
v -0.182809 -0.511765 0.087957
v -0.162364 -0.571604 0.112507
v -0.163170 -0.572798 0.111871
v -0.167084 -0.566642 0.109062
v -0.164501 -0.570115 0.111251
v -0.150362 -0.572257 0.119861
v -0.151491 -0.570821 0.119959
v -0.163659 -0.564342 0.112401
v -0.170107 -0.561905 0.106884
v -0.160407 -0.559983 0.114516
v -0.156717 -0.564879 0.117223
v -0.153168 -0.569905 0.119214
v -0.153035 -0.568985 0.118861
v -0.151847 -0.567767 0.119693
v -0.135509 -0.571861 0.127465
v -0.136854 -0.570138 0.126083
v -0.138352 -0.568497 0.125704
v -0.139257 -0.567751 0.125018
v -0.142364 -0.565140 0.123622
v -0.149632 -0.565183 0.120718
v -0.144766 -0.562867 0.122447
v -0.147236 -0.557973 0.120956
v -0.139277 -0.560774 0.125052
v -0.167018 -0.534732 0.109975
v -0.170855 -0.529849 0.105846
v -0.170673 -0.539394 0.106329
v -0.179621 -0.532232 0.095336
v -0.176192 -0.540906 0.100340
v -0.170563 -0.548105 0.106343
v -0.171459 -0.555487 0.105607
v -0.165184 -0.554143 0.111395
v -0.178326 -0.523039 0.096659
v -0.177039 -0.511726 0.096468
v -0.174202 -0.520877 0.101751
v -0.170376 -0.522071 0.106111
v -0.156547 -0.554986 0.116304
v -0.151287 -0.550292 0.119360
v -0.153862 -0.541404 0.118060
v -0.143930 -0.546679 0.122199
v -0.166297 -0.526870 0.109882
v -0.161317 -0.534025 0.113934
v -0.161923 -0.509745 0.112499
v -0.167871 -0.501545 0.106411
v -0.167259 -0.515664 0.108373
v -0.154919 -0.530230 0.117498
v -0.155252 -0.517966 0.116755
v -0.148549 -0.526314 0.120045
v -0.156568 -0.504045 0.115728
v -0.119710 -0.571551 0.134448
v -0.120578 -0.570048 0.134354
v -0.120592 -0.568636 0.134006
v -0.128356 -0.566999 0.130082
v -0.133723 -0.564265 0.127272
v -0.121687 -0.566281 0.132980
v -0.133380 -0.561304 0.127584
v -0.130504 -0.557961 0.128434
v -0.125749 -0.562687 0.130982
v -0.118103 -0.564011 0.135871
v -0.111388 -0.564845 0.140433
v -0.116742 -0.560296 0.136722
v -0.124922 -0.555086 0.131412
v -0.133994 -0.551052 0.127076
v -0.137725 -0.542456 0.124796
v -0.135239 -0.537563 0.125862
v -0.142451 -0.533828 0.122937
v -0.142942 -0.524929 0.122323
v -0.196393 -0.518223 0.057631
v -0.197996 -0.515328 0.052741
v -0.205626 -0.497036 0.021168
v -0.205639 -0.495072 0.023630
v -0.205069 -0.483651 0.021803
v -0.204537 -0.502085 0.028465
v -0.204194 -0.488549 0.027717
v -0.205199 -0.497635 0.025713
v -0.203473 -0.464393 0.025679
v -0.203530 -0.452660 0.022744
v -0.204336 -0.469037 0.022899
v -0.202985 -0.458970 0.028538
v -0.203632 -0.473854 0.027823
v -0.203222 -0.482523 0.030736
v -0.200539 -0.505031 0.044304
v -0.202255 -0.504903 0.037709
v -0.203447 -0.505265 0.032174
v -0.202920 -0.492709 0.034458
v -0.198784 -0.508452 0.049576
v -0.201946 -0.478534 0.035825
v -0.200370 -0.474389 0.041123
v -0.201323 -0.464103 0.035799
v -0.198463 -0.496819 0.048313
v -0.197366 -0.488167 0.052325
v -0.198899 -0.482766 0.046749
v -0.198470 -0.468862 0.046160
v -0.200783 -0.418753 0.030891
v -0.201679 -0.429855 0.029007
v -0.200850 -0.429679 0.033976
v -0.202042 -0.431749 0.025622
v -0.201922 -0.419675 0.022078
v -0.202759 -0.436510 0.022145
v -0.202335 -0.454422 0.031823
v -0.202261 -0.443650 0.028684
v -0.200845 -0.394559 0.028849
v -0.200876 -0.400062 0.025638
v -0.200961 -0.406598 0.029212
v -0.200297 -0.410240 0.034081
v -0.201980 -0.388990 0.022051
v -0.201199 -0.403171 0.021582
v -0.200943 -0.451101 0.036073
v -0.199373 -0.448492 0.041224
v -0.200237 -0.439574 0.037389
v -0.199635 -0.429700 0.038773
v -0.198728 -0.429611 0.043296
v -0.199126 -0.422358 0.040411
v -0.197797 -0.446206 0.045921
v -0.198075 -0.456585 0.046009
v -0.196643 -0.464823 0.050543
v -0.197936 -0.428604 0.045788
v -0.196829 -0.442260 0.048636
v -0.198922 -0.416707 0.042214
v -0.199995 -0.413985 0.038412
v -0.199858 -0.404245 0.037032
v -0.198739 -0.413746 0.043678
v -0.197340 -0.427918 0.047340
v -0.198209 -0.411253 0.044474
v -0.194547 -0.513612 0.061765
v -0.194373 -0.501172 0.061406
v -0.193021 -0.510715 0.066614
v -0.188927 -0.502103 0.073769
v -0.190866 -0.493495 0.068478
v -0.190988 -0.506964 0.070229
v -0.195281 -0.488695 0.056841
v -0.193233 -0.488957 0.062635
v -0.192111 -0.479768 0.064970
v -0.187059 -0.499048 0.078883
v -0.191025 -0.470463 0.066356
v -0.193034 -0.465026 0.060492
v -0.185524 -0.487246 0.079081
v -0.183903 -0.500020 0.084847
v -0.180730 -0.504238 0.090868
v -0.187792 -0.472072 0.073180
v -0.189820 -0.457648 0.066861
v -0.184027 -0.473370 0.080443
v -0.182137 -0.459795 0.082110
v -0.180628 -0.474096 0.087154
v -0.195562 -0.461509 0.053282
v -0.196006 -0.448675 0.051526
v -0.194834 -0.456356 0.055310
v -0.193660 -0.450331 0.057463
v -0.191908 -0.446087 0.061205
v -0.194060 -0.436021 0.055906
v -0.196670 -0.427738 0.048911
v -0.197251 -0.417017 0.046989
v -0.195453 -0.425793 0.050973
v -0.193849 -0.422163 0.054252
v -0.197574 -0.406526 0.045090
v -0.191379 -0.418479 0.059232
v -0.193871 -0.407633 0.053379
v -0.189442 -0.443644 0.066505
v -0.188736 -0.429227 0.065644
v -0.186658 -0.439519 0.071691
v -0.181257 -0.446684 0.082475
v -0.184239 -0.446764 0.077513
v -0.184657 -0.434179 0.076245
v -0.189221 -0.414782 0.064689
v -0.190191 -0.401800 0.064103
v -0.187486 -0.412344 0.070072
v -0.183785 -0.422056 0.076028
v -0.181854 -0.433324 0.080574
v -0.183982 -0.407644 0.074488
v -0.177819 -0.498994 0.094537
v -0.178367 -0.486180 0.092416
v -0.175473 -0.492212 0.097556
v -0.175091 -0.481059 0.097300
v -0.171909 -0.491104 0.102026
v -0.177218 -0.475201 0.092957
v -0.178705 -0.440609 0.085533
v -0.174911 -0.467664 0.095199
v -0.176090 -0.434631 0.089563
v -0.175657 -0.452176 0.091852
v -0.171767 -0.460696 0.098376
v -0.167646 -0.484603 0.106292
v -0.167572 -0.467457 0.104230
v -0.163210 -0.477044 0.109519
v -0.153120 -0.496110 0.118101
v -0.158834 -0.488026 0.114198
v -0.158937 -0.472955 0.113461
v -0.168956 -0.450039 0.100970
v -0.171626 -0.433255 0.095317
v -0.175647 -0.417249 0.088604
v -0.167091 -0.434828 0.101045
v -0.106752 -0.570953 0.144288
v -0.106219 -0.568937 0.144475
v -0.106262 -0.567343 0.144625
v -0.094881 -0.570398 0.154216
v -0.096218 -0.568450 0.152966
v -0.105459 -0.564786 0.144935
v -0.104169 -0.561535 0.145582
v -0.100005 -0.565802 0.149409
v -0.102293 -0.557654 0.146889
v -0.109386 -0.556219 0.141534
v -0.093971 -0.566640 0.154517
v -0.092372 -0.563395 0.155720
v -0.087614 -0.566986 0.158507
v -0.081400 -0.570199 0.161256
v -0.081043 -0.567156 0.160893
v -0.100490 -0.552479 0.147397
v -0.096000 -0.558549 0.151720
v -0.090611 -0.559680 0.155919
v -0.080931 -0.564631 0.160430
v -0.074939 -0.567369 0.161517
v -0.080625 -0.560494 0.159777
v -0.086068 -0.560719 0.158384
v -0.089612 -0.555066 0.155457
v -0.065970 -0.570302 0.161487
v -0.069432 -0.566187 0.161256
v -0.068332 -0.561993 0.160225
v -0.075162 -0.559939 0.160120
v -0.061669 -0.563573 0.159498
v -0.068330 -0.556014 0.159306
v -0.065328 -0.552005 0.158343
v -0.070975 -0.544964 0.158251
v -0.117101 -0.554776 0.136580
v -0.115325 -0.548730 0.137121
v -0.105263 -0.544596 0.143747
v -0.110001 -0.535353 0.140225
v -0.112403 -0.542575 0.138900
v -0.121612 -0.539806 0.133632
v -0.137281 -0.529085 0.125524
v -0.129802 -0.535375 0.128982
v -0.140135 -0.518313 0.124206
v -0.125844 -0.529869 0.131059
v -0.121780 -0.523489 0.132366
v -0.128948 -0.519295 0.129491
v -0.119638 -0.514149 0.133243
v -0.115034 -0.524895 0.136268
v -0.108620 -0.526302 0.140182
v -0.098409 -0.546233 0.148669
v -0.087443 -0.549822 0.155586
v -0.092714 -0.547547 0.152575
v -0.097190 -0.538062 0.149078
v -0.081721 -0.554116 0.158240
v -0.097222 -0.528244 0.148011
v -0.102742 -0.526831 0.144444
v -0.108136 -0.514739 0.139410
v -0.084387 -0.544333 0.155596
v -0.082646 -0.534900 0.155254
v -0.088689 -0.532415 0.153112
v -0.082439 -0.520423 0.153514
v -0.077352 -0.534538 0.156299
v -0.072270 -0.530855 0.156449
v -0.147383 -0.497118 0.120440
v -0.151891 -0.485797 0.118625
v -0.154635 -0.474232 0.116510
v -0.149871 -0.475232 0.119384
v -0.157256 -0.462301 0.113965
v -0.154048 -0.455804 0.116060
v -0.158856 -0.446956 0.111222
v -0.157770 -0.430250 0.110291
v -0.162145 -0.432343 0.105693
v -0.166134 -0.414907 0.100468
v -0.155812 -0.415220 0.111171
v -0.151992 -0.432644 0.115111
v -0.135817 -0.512889 0.125727
v -0.141990 -0.506149 0.122778
v -0.131136 -0.507284 0.127947
v -0.142919 -0.491455 0.122373
v -0.119508 -0.502455 0.132750
v -0.125292 -0.503656 0.130268
v -0.132250 -0.493280 0.127034
v -0.138821 -0.482672 0.124077
v -0.144586 -0.476249 0.121971
v -0.148447 -0.464184 0.119486
v -0.133219 -0.475534 0.126497
v -0.125926 -0.472066 0.129010
v -0.134014 -0.457008 0.126365
v -0.119644 -0.488301 0.132053
v -0.118581 -0.474208 0.132044
v -0.114041 -0.502490 0.135526
v -0.093593 -0.527581 0.150351
v -0.097201 -0.519284 0.147692
v -0.108887 -0.500579 0.138528
v -0.092106 -0.522167 0.150886
v -0.104491 -0.496129 0.140655
v -0.111305 -0.482980 0.136020
v -0.099845 -0.493579 0.143418
v -0.099373 -0.507324 0.145153
v -0.095430 -0.515131 0.148269
v -0.091904 -0.511560 0.149684
v -0.088288 -0.506724 0.150520
v -0.093621 -0.496974 0.146993
v -0.082955 -0.504185 0.151822
v -0.078027 -0.504805 0.152755
v -0.081997 -0.491674 0.150912
v -0.149391 -0.450063 0.118568
v -0.146731 -0.439545 0.119225
v -0.140935 -0.442363 0.122766
v -0.145915 -0.425395 0.120070
v -0.135098 -0.438522 0.125211
v -0.115619 -0.463837 0.133148
v -0.097818 -0.480845 0.142956
v -0.079980 -0.483489 0.150661
v -0.084768 -0.476815 0.148224
v -0.110808 -0.455361 0.134870
v -0.119265 -0.442809 0.131178
v -0.106901 -0.446380 0.136002
v -0.102825 -0.464017 0.138814
v -0.102813 -0.439885 0.137242
v -0.109499 -0.429805 0.135296
v -0.095931 -0.467779 0.142420
v -0.089705 -0.464652 0.144843
v -0.095762 -0.450544 0.140460
v -0.084453 -0.461356 0.146308
v -0.098429 -0.433301 0.138397
v -0.057358 -0.562732 0.157653
v -0.053754 -0.567634 0.157150
v -0.049732 -0.571232 0.155772
v -0.047827 -0.568477 0.155038
v -0.047318 -0.564719 0.154629
v -0.043044 -0.567882 0.152985
v -0.060034 -0.556858 0.157369
v -0.055194 -0.559595 0.156529
v -0.061466 -0.548313 0.157007
v -0.047078 -0.559947 0.154283
v -0.051520 -0.560510 0.155459
v -0.054555 -0.554102 0.156296
v -0.039528 -0.563577 0.151207
v -0.037346 -0.567864 0.149674
v -0.030583 -0.565699 0.146508
v -0.032969 -0.570386 0.147490
v -0.028721 -0.558630 0.146192
v -0.024839 -0.562532 0.144917
v -0.042236 -0.558334 0.151896
v -0.045908 -0.552885 0.153086
v -0.037579 -0.556147 0.150251
v -0.032910 -0.553207 0.148611
v -0.028131 -0.549139 0.146912
v -0.057390 -0.546042 0.156362
v -0.053569 -0.545465 0.155115
v -0.048806 -0.545956 0.154435
v -0.050859 -0.536673 0.154478
v -0.061660 -0.537078 0.156378
v -0.044405 -0.544164 0.152490
v -0.066941 -0.526354 0.156317
v -0.072720 -0.516022 0.154628
v -0.061121 -0.522831 0.155538
v -0.056161 -0.518282 0.154217
v -0.061021 -0.508281 0.154035
v -0.073537 -0.502269 0.153333
v -0.070388 -0.494537 0.153054
v -0.075627 -0.489256 0.152231
v -0.068624 -0.482421 0.152170
v -0.064700 -0.496306 0.153291
v -0.059213 -0.495359 0.152893
v -0.051804 -0.510284 0.152853
v -0.051671 -0.524068 0.154189
v -0.076837 -0.476633 0.150472
v -0.082027 -0.447778 0.144288
v -0.078265 -0.463455 0.147965
v -0.072591 -0.470420 0.150068
v -0.067246 -0.469501 0.150362
v -0.061194 -0.472236 0.151086
v -0.064867 -0.460476 0.149582
v -0.002758 -0.573324 0.136137
v -0.001662 -0.571816 0.135758
v 0.006632 -0.570609 0.134653
v -0.000251 -0.568496 0.135678
v -0.012488 -0.566043 0.140109
v -0.004169 -0.564017 0.137635
v -0.007986 -0.558084 0.139221
v 0.003293 -0.562593 0.135864
v 0.011234 -0.562128 0.134216
v 0.009366 -0.554922 0.135137
v 0.015690 -0.571583 0.133360
v 0.016328 -0.573496 0.133068
v 0.031912 -0.571821 0.133002
v 0.030642 -0.569858 0.133573
v 0.014219 -0.567824 0.133406
v 0.035246 -0.567048 0.134176
v 0.030968 -0.565003 0.134168
v 0.034846 -0.573707 0.133681
v 0.037461 -0.571501 0.134223
v 0.044050 -0.569097 0.136606
v 0.039526 -0.567760 0.135352
v 0.040389 -0.561945 0.136157
v 0.020380 -0.561213 0.133628
v 0.027225 -0.560540 0.133724
v 0.024002 -0.552530 0.134696
v 0.033639 -0.557369 0.134342
v 0.045577 -0.554024 0.138763
v 0.039888 -0.554032 0.136538
v 0.036368 -0.546992 0.136077
v -0.005407 -0.547494 0.138461
v -0.012943 -0.552563 0.141418
v 0.014468 -0.545777 0.135262
v 0.008056 -0.545667 0.136073
v 0.021705 -0.542443 0.135300
v 0.018001 -0.535881 0.135420
v 0.003052 -0.541646 0.136735
v -0.002640 -0.534098 0.138521
v 0.008786 -0.535892 0.136521
v 0.013100 -0.531182 0.136172
v 0.009706 -0.526150 0.136970
v 0.019052 -0.526613 0.135999
v 0.029809 -0.543442 0.135641
v 0.041512 -0.524836 0.138484
v 0.036493 -0.521816 0.138170
v 0.036330 -0.534989 0.137517
v 0.046923 -0.522366 0.139298
v 0.044057 -0.511429 0.139267
v 0.024470 -0.517557 0.136695
v 0.017381 -0.517343 0.136527
v 0.002338 -0.507697 0.138860
v 0.000120 -0.521020 0.138276
v 0.006718 -0.518209 0.137446
v 0.011379 -0.516721 0.136875
v 0.004643 -0.493010 0.139304
v -0.002811 -0.497521 0.140540
v 0.013354 -0.492793 0.138839
v 0.009164 -0.477350 0.140028
v 0.031625 -0.514559 0.137831
v 0.026566 -0.505021 0.137537
v 0.032482 -0.486302 0.139104
v 0.028236 -0.476118 0.139464
v 0.027137 -0.490112 0.139071
v 0.020814 -0.496731 0.137965
v 0.015374 -0.506434 0.137179
v 0.036676 -0.508423 0.138314
v 0.041003 -0.502991 0.139412
v 0.036975 -0.495341 0.139131
v 0.045401 -0.497270 0.140501
v 0.036890 -0.481437 0.139640
v 0.050388 -0.490379 0.142088
v 0.046083 -0.481800 0.141244
v 0.024000 -0.465173 0.140138
v 0.029504 -0.463882 0.139907
v 0.033779 -0.459043 0.140734
v 0.029566 -0.451435 0.141318
v 0.041656 -0.475331 0.140827
v 0.037736 -0.467254 0.140905
v 0.045760 -0.465559 0.141499
v 0.038266 -0.453818 0.141306
v 0.003140 -0.461504 0.141339
v 0.000159 -0.445378 0.143654
v -0.005468 -0.455859 0.143608
v 0.012962 -0.461875 0.140472
v 0.019223 -0.460044 0.140926
v 0.014745 -0.448602 0.142093
v 0.022708 -0.453980 0.140753
v 0.004751 -0.434917 0.144204
v -0.001691 -0.429571 0.144955
v 0.010983 -0.435779 0.144255
v 0.016831 -0.437723 0.142968
v 0.007992 -0.425213 0.144817
v 0.042827 -0.451824 0.141674
v 0.038594 -0.440997 0.142398
v 0.048150 -0.452396 0.142556
v 0.051911 -0.451105 0.143167
v 0.048694 -0.438691 0.142806
v 0.032075 -0.418805 0.143021
v 0.029794 -0.428765 0.143097
v 0.034897 -0.430336 0.143081
v 0.039149 -0.428623 0.143188
v 0.041941 -0.423077 0.143717
v 0.038167 -0.417498 0.143275
v 0.043346 -0.415374 0.143019
v 0.046176 -0.425792 0.143004
v 0.050437 -0.428441 0.143152
v 0.021566 -0.442512 0.141995
v 0.025274 -0.447042 0.141753
v 0.027939 -0.439536 0.142719
v 0.020441 -0.430654 0.143286
v 0.024895 -0.427917 0.143081
v 0.020154 -0.417730 0.144198
v -0.034954 -0.572364 0.147983
v -0.036248 -0.547106 0.149770
v -0.039733 -0.540473 0.150937
v -0.043171 -0.533829 0.152477
v -0.035397 -0.536255 0.149749
v -0.023564 -0.544203 0.145283
v -0.027477 -0.538574 0.147412
v -0.031100 -0.531414 0.148202
v -0.034349 -0.523091 0.149189
v -0.026143 -0.525928 0.146648
v -0.020847 -0.522849 0.145291
v -0.023357 -0.510844 0.145807
v -0.053721 -0.496003 0.152626
v -0.056627 -0.484196 0.152054
v -0.046893 -0.528371 0.153465
v -0.042979 -0.521633 0.151495
v -0.038556 -0.514418 0.150498
v -0.042874 -0.506704 0.150468
v -0.033331 -0.506378 0.148046
v -0.027687 -0.499307 0.146235
v -0.032356 -0.489201 0.146905
v -0.021539 -0.494461 0.144802
v -0.047858 -0.500192 0.151652
v -0.043313 -0.490676 0.150392
v -0.038439 -0.481204 0.148248
v -0.044926 -0.474917 0.149572
v -0.033378 -0.472017 0.146963
v -0.015450 -0.488864 0.143881
v -0.019745 -0.478942 0.145191
v -0.055472 -0.473387 0.150666
v -0.050511 -0.469466 0.149728
v -0.055602 -0.462302 0.149543
v -0.047403 -0.460565 0.148401
v -0.028351 -0.462187 0.146394
v -0.034826 -0.455756 0.146706
v -0.026074 -0.447978 0.145857
v -0.022451 -0.465032 0.145519
v -0.016745 -0.468940 0.145016
v -0.060396 -0.454997 0.148920
v -0.056205 -0.451650 0.148198
v -0.051077 -0.448751 0.147584
v -0.056831 -0.440380 0.147015
v -0.046135 -0.448114 0.147236
v -0.041034 -0.446395 0.146939
v -0.045753 -0.435679 0.146966
v -0.036061 -0.440079 0.146530
v -0.031904 -0.433057 0.146133
v -0.038603 -0.424992 0.146432
v -0.026187 -0.430679 0.146257
v -0.020071 -0.430174 0.146185
v -0.026160 -0.413431 0.145984
v -0.019437 -0.572204 0.141061
v -0.019218 -0.569930 0.142286
v -0.020596 -0.572797 0.141190
v -0.019895 -0.565353 0.143387
v -0.019669 -0.558032 0.143543
v -0.018536 -0.548361 0.143419
v -0.019087 -0.536328 0.144697
v -0.014567 -0.522951 0.143240
v -0.006993 -0.523252 0.140206
v -0.009045 -0.508614 0.141433
v -0.011779 -0.478449 0.143793
v -0.010075 -0.492419 0.142764
v -0.011582 -0.463270 0.143556
v -0.013333 -0.444030 0.145510
v -0.013817 -0.426120 0.145886
v -0.200556 -0.389303 0.032339
v -0.201045 -0.383558 0.028227
v -0.202187 -0.373370 0.028122
v -0.202395 -0.378532 0.024307
v -0.202971 -0.375777 0.019819
v -0.204297 -0.362043 0.017729
v -0.203913 -0.348969 0.016092
v -0.204162 -0.353001 0.021466
v -0.202720 -0.364562 0.029071
v -0.201437 -0.370988 0.031869
v -0.203413 -0.344493 0.024802
v -0.203282 -0.355207 0.026528
v -0.202290 -0.357049 0.030892
v -0.200021 -0.385700 0.035480
v -0.199783 -0.394578 0.036013
v -0.199623 -0.400340 0.039575
v -0.199465 -0.382815 0.037912
v -0.198551 -0.397228 0.042642
v -0.198947 -0.397476 0.041304
v -0.198893 -0.379208 0.041729
v -0.199251 -0.381334 0.039911
v -0.200799 -0.366222 0.036547
v -0.201013 -0.368881 0.034566
v -0.201214 -0.351916 0.033124
v -0.199763 -0.363784 0.037870
v -0.199449 -0.361043 0.039932
v -0.202802 -0.337127 0.014180
v -0.200850 -0.316324 0.009512
v -0.201415 -0.326696 0.011962
v -0.202222 -0.329740 0.017772
v -0.201753 -0.321518 0.021325
v -0.202789 -0.333004 0.022795
v -0.202312 -0.337212 0.028115
v -0.200257 -0.307906 0.013356
v -0.199920 -0.305722 0.007605
v -0.198806 -0.294646 0.006518
v -0.199474 -0.298072 0.016079
v -0.201136 -0.309256 0.019324
v -0.201018 -0.312210 0.026005
v -0.201327 -0.342602 0.032473
v -0.200786 -0.348733 0.035604
v -0.201580 -0.331081 0.031632
v -0.200044 -0.346576 0.038802
v -0.199959 -0.326450 0.036463
v -0.200800 -0.317895 0.031962
v -0.199896 -0.305134 0.030467
v -0.199267 -0.337154 0.040781
v -0.198983 -0.347366 0.043566
v -0.197865 -0.324191 0.042665
v -0.197886 -0.398626 0.044886
v -0.196468 -0.397482 0.048300
v -0.198067 -0.376863 0.043542
v -0.195478 -0.394442 0.052879
v -0.196059 -0.380813 0.052307
v -0.193843 -0.390064 0.058312
v -0.197500 -0.373830 0.046665
v -0.198690 -0.367550 0.042930
v -0.198818 -0.357489 0.043125
v -0.196905 -0.367273 0.050529
v -0.187138 -0.392375 0.070882
v -0.190935 -0.377542 0.065876
v -0.191188 -0.388954 0.064036
v -0.183516 -0.398352 0.077222
v -0.198306 -0.354746 0.047491
v -0.196507 -0.357518 0.053652
v -0.195012 -0.294990 0.045203
v -0.196790 -0.297354 0.039923
v -0.196345 -0.308660 0.043932
v -0.195824 -0.320550 0.049352
v -0.179974 -0.401371 0.083544
v -0.183074 -0.385663 0.078674
v -0.196502 -0.275202 0.004645
v -0.197950 -0.284071 0.006073
v -0.198723 -0.289360 0.010813
v -0.197866 -0.286834 0.017878
v -0.195974 -0.272971 0.019242
v -0.197302 -0.284219 0.025206
v -0.198067 -0.298146 0.034559
v -0.198382 -0.293329 0.029910
v -0.196473 -0.288510 0.036064
v -0.196815 -0.283546 0.031457
v -0.195678 -0.277455 0.035513
v -0.193503 -0.314396 0.055892
v -0.194447 -0.330107 0.055717
v -0.194529 -0.363092 0.061695
v -0.190184 -0.367518 0.068555
v -0.192500 -0.338093 0.062946
v -0.195023 -0.346530 0.057565
v -0.186547 -0.351819 0.074052
v -0.189191 -0.344901 0.068889
v -0.188587 -0.358494 0.070940
v -0.186190 -0.371557 0.074473
v -0.190089 -0.330570 0.068423
v -0.186869 -0.324150 0.072855
v -0.190561 -0.315801 0.067490
v -0.183163 -0.372693 0.079656
v -0.172175 -0.398473 0.096530
v -0.176462 -0.384177 0.090700
v -0.175979 -0.400859 0.090304
v -0.180138 -0.371321 0.084847
v -0.183819 -0.360287 0.079325
v -0.177419 -0.367722 0.090087
v -0.177604 -0.336918 0.088083
v -0.180915 -0.342214 0.083392
v -0.177610 -0.351933 0.089741
v -0.174185 -0.363144 0.095514
v -0.168162 -0.394305 0.100778
v -0.164311 -0.387159 0.104644
v -0.169234 -0.374977 0.100054
v -0.153596 -0.402442 0.113404
v -0.159105 -0.396337 0.109046
v -0.170650 -0.356305 0.099507
v -0.161658 -0.378240 0.107757
v -0.159229 -0.368929 0.109886
v -0.163315 -0.361375 0.106746
v -0.183937 -0.347121 0.078572
v -0.184157 -0.333090 0.078087
v -0.183880 -0.318600 0.077380
v -0.183946 -0.304261 0.077175
v -0.181009 -0.312699 0.081842
v -0.175189 -0.330669 0.092365
v -0.178103 -0.322106 0.086838
v -0.177853 -0.307584 0.085842
v -0.167026 -0.349270 0.103171
v -0.171750 -0.338205 0.098653
v -0.162757 -0.348323 0.106175
v -0.160261 -0.340837 0.108170
v -0.159071 -0.356718 0.109671
v -0.155451 -0.371732 0.112802
v -0.172429 -0.320886 0.095604
v -0.156340 -0.334564 0.111423
v -0.161382 -0.321947 0.106293
v -0.152341 -0.389252 0.115473
v -0.149046 -0.407864 0.117873
v -0.144246 -0.413256 0.121446
v -0.132316 -0.427476 0.126933
v -0.138825 -0.420829 0.124083
v -0.143214 -0.404225 0.123591
v -0.150925 -0.376730 0.117054
v -0.145475 -0.385911 0.121646
v -0.148514 -0.366284 0.119299
v -0.139767 -0.396700 0.125257
v -0.126826 -0.427376 0.128823
v -0.133063 -0.410775 0.126719
v -0.130004 -0.387055 0.129257
v -0.137481 -0.371232 0.126910
v -0.135478 -0.391619 0.127135
v -0.121141 -0.422652 0.131249
v -0.122281 -0.403844 0.131664
v -0.116117 -0.418290 0.133469
v -0.112126 -0.414812 0.135425
v -0.095358 -0.423360 0.139053
v -0.103292 -0.416355 0.137814
v -0.123858 -0.385669 0.132090
v -0.114044 -0.401771 0.135321
v -0.109217 -0.410650 0.136978
v -0.124205 -0.369986 0.132456
v -0.118904 -0.387986 0.134149
v -0.113401 -0.392947 0.136349
v -0.108141 -0.402122 0.137930
v -0.109852 -0.389625 0.137981
v -0.105588 -0.387335 0.139208
v -0.111324 -0.376853 0.137903
v -0.151987 -0.326526 0.114180
v -0.150560 -0.345925 0.116766
v -0.144569 -0.357678 0.121999
v -0.148231 -0.317077 0.115402
v -0.153398 -0.310577 0.110702
v -0.139220 -0.351612 0.125469
v -0.134636 -0.345376 0.126675
v -0.140004 -0.334102 0.123737
v -0.121861 -0.356076 0.132838
v -0.128480 -0.350707 0.129587
v -0.132691 -0.333060 0.126105
v -0.115622 -0.362766 0.135536
v -0.118971 -0.346467 0.132870
v -0.110531 -0.365880 0.137375
v -0.194954 -0.266350 0.007123
v -0.193046 -0.260350 0.035427
v -0.193545 -0.262069 0.032341
v -0.194144 -0.268071 0.035418
v -0.194453 -0.274407 0.041172
v -0.194901 -0.261809 0.013038
v -0.193279 -0.256821 0.028234
v -0.192295 -0.246174 0.022291
v -0.193730 -0.258748 0.020518
v -0.192738 -0.233660 0.017093
v -0.191513 -0.234206 0.025050
v -0.191668 -0.223606 0.013162
v -0.190965 -0.214166 0.013468
v -0.192521 -0.256021 0.032829
v -0.191269 -0.253284 0.042669
v -0.190805 -0.244787 0.037105
v -0.192201 -0.253820 0.036683
v -0.190545 -0.223536 0.028634
v -0.190479 -0.234692 0.032364
v -0.189322 -0.235684 0.039351
v -0.189001 -0.215037 0.032224
v -0.190368 -0.212174 0.024584
v -0.193705 -0.283393 0.045985
v -0.193108 -0.291284 0.050757
v -0.190967 -0.306939 0.061383
v -0.191980 -0.298583 0.055962
v -0.190939 -0.285125 0.055518
v -0.192175 -0.271953 0.047140
v -0.189808 -0.271825 0.053048
v -0.190150 -0.261269 0.048877
v -0.188121 -0.277101 0.059454
v -0.186780 -0.295343 0.072335
v -0.187923 -0.286323 0.065921
v -0.189186 -0.300670 0.067079
v -0.185608 -0.271334 0.064792
v -0.183481 -0.256575 0.064442
v -0.183155 -0.267989 0.070682
v -0.186095 -0.242527 0.052677
v -0.188709 -0.238572 0.046159
v -0.188869 -0.250418 0.048677
v -0.184480 -0.231300 0.054076
v -0.183446 -0.243417 0.058672
v -0.183636 -0.221238 0.055008
v -0.186040 -0.221906 0.050264
v -0.187226 -0.220432 0.044708
v -0.188297 -0.218270 0.038688
v -0.188215 -0.227672 0.042037
v -0.187819 -0.208738 0.035916
v -0.186469 -0.214514 0.046819
v -0.186154 -0.207200 0.044701
v -0.185113 -0.209691 0.049338
v -0.180595 -0.243175 0.065791
v -0.178473 -0.244375 0.071717
v -0.178738 -0.232123 0.068383
v -0.183578 -0.212283 0.054052
v -0.181297 -0.216721 0.059507
v -0.183305 -0.205058 0.051110
v -0.178098 -0.208808 0.063844
v -0.178890 -0.219755 0.066091
v -0.176445 -0.224782 0.072656
v -0.183207 -0.290716 0.076152
v -0.179680 -0.285924 0.079944
v -0.181661 -0.278270 0.075732
v -0.174405 -0.304775 0.090532
v -0.177214 -0.293449 0.085430
v -0.176185 -0.279655 0.082735
v -0.179643 -0.265840 0.075479
v -0.176662 -0.266434 0.079544
v -0.177711 -0.255158 0.075706
v -0.172895 -0.268337 0.084843
v -0.170550 -0.253577 0.084752
v -0.168906 -0.268270 0.089804
v -0.170309 -0.305910 0.096080
v -0.166052 -0.305855 0.101812
v -0.168290 -0.287079 0.095593
v -0.161662 -0.303567 0.104720
v -0.157860 -0.300635 0.106736
v -0.160064 -0.288356 0.103398
v -0.165240 -0.269382 0.094943
v -0.156916 -0.277536 0.102996
v -0.161360 -0.273299 0.099373
v -0.175903 -0.244797 0.076299
v -0.174501 -0.233373 0.076670
v -0.172736 -0.243113 0.080251
v -0.169402 -0.239882 0.083773
v -0.169866 -0.226967 0.081614
v -0.170231 -0.215274 0.079508
v -0.173194 -0.223248 0.076855
v -0.166542 -0.231414 0.086572
v -0.165110 -0.219768 0.087562
v -0.163667 -0.232021 0.090073
v -0.162090 -0.257743 0.095288
v -0.161715 -0.242572 0.093654
v -0.158043 -0.249587 0.097890
v -0.160238 -0.229562 0.094356
v -0.153296 -0.255489 0.102079
v -0.154554 -0.241753 0.100327
v -0.156133 -0.229303 0.098444
v -0.151733 -0.232148 0.102217
v -0.146844 -0.235063 0.106384
v -0.148544 -0.221656 0.105525
v -0.153716 -0.296044 0.108475
v -0.137546 -0.321754 0.123077
v -0.142835 -0.319011 0.119108
v -0.145741 -0.303945 0.114792
v -0.149565 -0.292047 0.110200
v -0.153410 -0.283361 0.106456
v -0.153066 -0.269719 0.103854
v -0.144955 -0.289288 0.112754
v -0.144975 -0.273445 0.109815
v -0.140905 -0.283236 0.114741
v -0.138059 -0.272927 0.114827
v -0.136302 -0.288318 0.118251
v -0.134001 -0.302973 0.121722
v -0.131577 -0.292525 0.120832
v -0.133334 -0.317379 0.124022
v -0.118733 -0.332273 0.131111
v -0.113319 -0.344878 0.135185
v -0.128740 -0.313662 0.125048
v -0.127124 -0.302773 0.123959
v -0.123077 -0.317880 0.128050
v -0.116581 -0.320116 0.130531
v -0.126541 -0.288317 0.122591
v -0.149335 -0.263108 0.105555
v -0.145374 -0.259671 0.108019
v -0.144655 -0.247428 0.108348
v -0.140962 -0.259252 0.111095
v -0.136131 -0.259602 0.114599
v -0.131146 -0.257438 0.117863
v -0.136281 -0.244563 0.115136
v -0.123926 -0.255632 0.121735
v -0.125411 -0.271710 0.121160
v -0.141993 -0.238270 0.110469
v -0.136690 -0.230152 0.115273
v -0.117147 -0.254522 0.125794
v -0.121812 -0.240496 0.124538
v -0.120233 -0.286506 0.124880
v -0.189437 -0.198825 0.008860
v -0.190152 -0.205913 0.011832
v -0.188595 -0.193454 0.007099
v -0.189442 -0.194093 0.013022
v -0.188669 -0.189063 0.006490
v -0.191307 -0.209456 0.018267
v -0.189842 -0.190246 0.016271
v -0.189897 -0.193795 0.018110
v -0.190335 -0.203224 0.022349
v -0.189802 -0.196279 0.021155
v -0.189245 -0.198019 0.025818
v -0.189115 -0.190534 0.024770
v -0.189419 -0.188406 0.021739
v -0.188736 -0.193447 0.027638
v -0.188083 -0.197777 0.030118
v -0.187209 -0.186190 0.005146
v -0.187388 -0.187545 0.006193
v -0.187760 -0.185608 0.014115
v -0.188216 -0.187886 0.014989
v -0.187947 -0.186914 0.021460
v -0.187901 -0.184777 0.021514
v -0.187439 -0.190618 0.032912
v -0.187670 -0.187296 0.030521
v -0.185978 -0.186366 0.031508
v -0.187502 -0.201036 0.034187
v -0.186912 -0.204253 0.039441
v -0.185698 -0.201295 0.043286
v -0.184619 -0.200078 0.047478
v -0.185453 -0.196335 0.042697
v -0.187599 -0.195016 0.033900
v -0.186337 -0.193197 0.038016
v -0.185067 -0.191701 0.042594
v -0.184409 -0.187377 0.043052
v -0.183694 -0.190303 0.048494
v -0.179598 -0.199976 0.059299
v -0.181360 -0.194592 0.053554
v -0.182351 -0.200020 0.052587
v -0.175883 -0.199849 0.066819
v -0.177646 -0.188060 0.062766
v -0.180127 -0.186424 0.056066
v -0.180470 -0.189373 0.055315
v -0.174982 -0.191430 0.068324
v -0.172273 -0.198179 0.074293
v -0.173847 -0.186476 0.071589
v -0.185598 -0.184460 0.031579
v -0.183540 -0.183962 0.042245
v -0.184800 -0.185167 0.043002
v -0.179525 -0.185465 0.055567
v -0.178122 -0.184219 0.058308
v -0.171474 -0.184245 0.072543
v -0.168217 -0.185512 0.077638
v -0.171565 -0.183294 0.072638
v -0.177643 -0.183928 0.058359
v -0.170354 -0.181834 0.073432
v -0.166656 -0.210129 0.084246
v -0.169538 -0.204227 0.079424
v -0.163058 -0.207993 0.088930
v -0.167482 -0.194008 0.081251
v -0.165673 -0.186417 0.083693
v -0.162646 -0.189981 0.087525
v -0.159207 -0.207444 0.094038
v -0.160996 -0.197278 0.090813
v -0.158690 -0.188562 0.093267
v -0.158155 -0.218239 0.096748
v -0.143831 -0.211373 0.109627
v -0.149373 -0.208675 0.103774
v -0.138049 -0.215978 0.114979
v -0.137971 -0.203188 0.113972
v -0.155037 -0.207110 0.098762
v -0.151594 -0.196919 0.101170
v -0.131620 -0.197076 0.119648
v -0.137100 -0.194224 0.114949
v -0.124214 -0.197812 0.125322
v -0.127385 -0.191169 0.123587
v -0.162546 -0.181840 0.084611
v -0.155494 -0.181025 0.095277
v -0.154048 -0.188170 0.098248
v -0.147718 -0.187917 0.104898
v -0.140061 -0.188354 0.112669
v -0.142628 -0.182859 0.110172
v -0.141678 -0.181175 0.108530
v -0.125822 -0.181578 0.123253
v -0.125210 -0.182890 0.124045
v -0.132927 -0.188696 0.119064
v -0.126102 -0.185392 0.125703
v -0.117505 -0.181889 0.131848
v -0.145675 -0.180196 0.104685
v -0.130890 -0.221504 0.120045
v -0.123305 -0.210281 0.126041
v -0.123051 -0.225060 0.125275
v -0.116106 -0.229597 0.129699
v -0.116839 -0.198475 0.131352
v -0.180500 -0.183180 0.051597
v -0.175583 -0.182650 0.063043
v -0.135535 -0.179817 0.115176
v -0.092856 -0.411159 0.140511
v -0.087183 -0.429902 0.141253
v -0.079284 -0.434269 0.143437
v -0.070888 -0.435456 0.145168
v -0.077361 -0.419354 0.142940
v -0.075712 -0.406626 0.142929
v -0.083311 -0.403944 0.142284
v -0.102368 -0.380769 0.140010
v -0.098351 -0.394827 0.140107
v -0.090885 -0.399952 0.141107
v -0.088694 -0.389988 0.141562
v -0.087258 -0.379551 0.141698
v -0.093660 -0.377138 0.141005
v -0.100151 -0.372445 0.140263
v -0.106209 -0.368202 0.139337
v -0.098269 -0.364039 0.140145
v -0.086941 -0.367938 0.141844
v -0.080252 -0.380571 0.142744
v -0.083440 -0.351181 0.141510
v -0.089812 -0.341743 0.140112
v -0.088866 -0.354158 0.141103
v -0.094458 -0.356927 0.139962
v -0.109396 -0.356352 0.137677
v -0.101206 -0.350241 0.138576
v -0.107594 -0.347213 0.136752
v -0.104910 -0.337446 0.136821
v -0.080676 -0.343108 0.141823
v -0.076104 -0.354615 0.142504
v -0.063669 -0.348099 0.143658
v -0.070442 -0.340192 0.142571
v -0.069416 -0.352499 0.143135
v -0.058345 -0.342990 0.144191
v -0.056414 -0.355721 0.144565
v -0.040995 -0.361186 0.145042
v -0.036048 -0.353237 0.144974
v -0.045693 -0.345317 0.144773
v -0.109955 -0.324192 0.133606
v -0.113689 -0.311111 0.130487
v -0.103403 -0.326407 0.135644
v -0.088936 -0.332873 0.139196
v -0.093606 -0.331347 0.138463
v -0.098049 -0.324416 0.136636
v -0.103104 -0.314525 0.134550
v -0.093450 -0.322146 0.137344
v -0.108609 -0.306716 0.131712
v -0.114628 -0.298316 0.128851
v -0.104180 -0.302511 0.133194
v -0.088355 -0.324373 0.139008
v -0.090130 -0.314267 0.137707
v -0.086394 -0.306470 0.138531
v -0.092831 -0.301448 0.136607
v -0.084238 -0.332023 0.140113
v -0.078224 -0.334015 0.141502
v -0.072912 -0.328097 0.141714
v -0.053544 -0.338522 0.144209
v -0.060256 -0.331821 0.143591
v -0.049898 -0.331699 0.144733
v -0.066974 -0.324205 0.142865
v -0.074578 -0.316765 0.141193
v -0.082618 -0.299806 0.139297
v -0.080261 -0.308827 0.140077
v -0.075327 -0.306693 0.141071
v -0.060658 -0.321366 0.143657
v -0.054477 -0.321876 0.144589
v -0.059618 -0.312781 0.144220
v -0.048172 -0.322755 0.145554
v -0.042424 -0.319926 0.146902
v -0.048800 -0.312066 0.146407
v -0.111147 -0.251741 0.129696
v -0.111584 -0.264374 0.128639
v -0.109608 -0.276565 0.129262
v -0.104678 -0.270415 0.131710
v -0.103862 -0.250434 0.134164
v -0.109748 -0.239153 0.131996
v -0.099242 -0.262031 0.134687
v -0.097169 -0.275496 0.135180
v -0.095708 -0.251609 0.138222
v -0.087002 -0.253010 0.142623
v -0.092627 -0.239452 0.142156
v -0.113546 -0.286016 0.128225
v -0.099715 -0.295889 0.134157
v -0.106738 -0.290060 0.131314
v -0.095077 -0.288208 0.135531
v -0.089280 -0.281836 0.137794
v -0.071443 -0.298992 0.142423
v -0.078146 -0.297482 0.140757
v -0.083021 -0.289790 0.139683
v -0.067447 -0.289537 0.144195
v -0.062706 -0.301244 0.144237
v -0.049018 -0.300654 0.147367
v -0.042438 -0.298857 0.148841
v -0.047296 -0.290775 0.149006
v -0.054793 -0.305053 0.145691
v -0.082673 -0.278001 0.140670
v -0.080269 -0.265532 0.142875
v -0.073310 -0.277327 0.143427
v -0.076968 -0.253082 0.146833
v -0.062847 -0.278100 0.146783
v -0.057898 -0.267316 0.150728
v -0.052000 -0.279746 0.150026
v -0.042978 -0.282927 0.151815
v -0.073167 -0.242169 0.151513
v -0.066005 -0.254171 0.151003
v -0.053980 -0.255800 0.155630
v -0.008306 -0.419821 0.146048
v -0.002362 -0.415574 0.145920
v 0.004074 -0.414939 0.145473
v -0.000434 -0.404423 0.145702
v 0.009269 -0.412550 0.145502
v 0.014807 -0.406966 0.145109
v 0.009123 -0.399280 0.145512
v 0.002881 -0.395688 0.145907
v -0.003283 -0.393095 0.146180
v 0.006460 -0.386703 0.145392
v 0.034902 -0.411177 0.143348
v 0.029876 -0.405970 0.144012
v 0.037577 -0.407476 0.143801
v 0.040594 -0.407190 0.143890
v 0.038023 -0.399255 0.143875
v 0.044267 -0.405991 0.143834
v 0.047935 -0.402020 0.143901
v 0.043678 -0.395609 0.143597
v 0.020229 -0.402504 0.144496
v 0.024707 -0.399325 0.144528
v 0.020148 -0.388981 0.144397
v 0.028689 -0.394049 0.144106
v 0.031602 -0.385921 0.144321
v 0.027024 -0.381729 0.143710
v 0.039993 -0.391170 0.143940
v 0.036041 -0.389166 0.144114
v 0.042495 -0.384455 0.144085
v 0.033805 -0.376746 0.144176
v 0.045372 -0.376934 0.144565
v 0.040858 -0.373366 0.144121
v -0.010642 -0.386076 0.145977
v -0.018580 -0.373992 0.145580
v -0.018250 -0.390659 0.146252
v -0.003992 -0.380621 0.145496
v 0.001791 -0.378083 0.145248
v -0.002721 -0.369650 0.145109
v 0.008199 -0.377365 0.144849
v 0.012867 -0.374096 0.144971
v 0.008504 -0.366792 0.144311
v -0.015540 -0.359401 0.145441
v -0.025429 -0.358513 0.144384
v -0.011916 -0.347757 0.144974
v -0.007021 -0.359332 0.145311
v -0.031376 -0.341971 0.145512
v -0.000594 -0.359002 0.144731
v 0.001596 -0.350027 0.145364
v 0.004724 -0.359104 0.144719
v 0.009267 -0.357459 0.144499
v 0.022441 -0.378576 0.144378
v 0.017875 -0.377432 0.144222
v 0.016292 -0.366389 0.144518
v 0.024848 -0.370876 0.144306
v 0.018397 -0.357295 0.144540
v 0.014253 -0.356241 0.144540
v 0.021632 -0.349400 0.144576
v 0.023144 -0.360494 0.144234
v 0.027947 -0.363141 0.144156
v 0.036886 -0.367715 0.144497
v 0.032301 -0.364571 0.144330
v 0.030009 -0.353598 0.144986
v 0.040030 -0.361644 0.144557
v 0.010056 -0.348421 0.145199
v 0.025821 -0.344661 0.144625
v 0.021248 -0.337744 0.144981
v 0.044403 -0.358850 0.144737
v 0.039911 -0.350532 0.144411
v 0.030661 -0.342301 0.144895
v 0.036057 -0.340041 0.145384
v 0.031149 -0.329174 0.146277
v 0.040778 -0.338910 0.145054
v -0.034996 -0.327104 0.147099
v -0.025749 -0.332207 0.146851
v -0.008506 -0.337571 0.146614
v -0.016987 -0.335646 0.146684
v -0.005504 -0.327764 0.148252
v -0.001488 -0.339557 0.146081
v 0.004763 -0.342413 0.145608
v -0.020828 -0.323302 0.148061
v -0.017465 -0.314872 0.149165
v -0.024454 -0.313397 0.148709
v -0.016497 -0.305401 0.150672
v -0.010422 -0.315324 0.149032
v -0.002390 -0.317501 0.148842
v -0.036474 -0.314969 0.147790
v -0.031157 -0.309994 0.148723
v -0.037163 -0.305171 0.148792
v -0.027290 -0.304747 0.150148
v -0.023858 -0.298983 0.151815
v -0.030882 -0.296723 0.151563
v -0.018795 -0.293818 0.153827
v -0.012646 -0.285942 0.157669
v -0.024445 -0.281273 0.156965
v 0.009558 -0.336687 0.145499
v 0.014570 -0.330617 0.146571
v 0.006710 -0.323757 0.148260
v 0.019891 -0.323945 0.146880
v 0.002640 -0.308724 0.150265
v 0.025539 -0.318907 0.147488
v 0.018293 -0.310000 0.149220
v 0.031290 -0.315281 0.147783
v 0.009345 -0.301129 0.152329
v -0.001282 -0.293991 0.154652
v 0.017156 -0.295468 0.154261
v -0.005097 -0.278364 0.160420
v 0.024281 -0.290346 0.154780
v 0.016112 -0.280585 0.160088
v 0.013042 -0.265049 0.164992
v 0.004572 -0.271452 0.163620
v 0.035988 -0.310613 0.148347
v 0.030833 -0.301340 0.150606
v 0.031116 -0.289558 0.154242
v 0.019233 -0.257138 0.166990
v 0.010669 -0.251300 0.169173
v 0.026914 -0.258809 0.164780
v 0.022717 -0.246761 0.169618
v -0.036300 -0.297427 0.149955
v -0.035887 -0.289530 0.152074
v -0.035161 -0.279332 0.154726
v -0.032843 -0.268425 0.158316
v -0.042198 -0.256658 0.159454
v -0.030617 -0.255795 0.162392
v -0.051314 -0.243782 0.160145
v -0.048351 -0.232851 0.163830
v -0.058817 -0.233007 0.160098
v -0.030303 -0.243111 0.166605
v -0.019785 -0.253117 0.165648
v -0.028249 -0.231753 0.169399
v -0.038085 -0.233834 0.167225
v -0.007844 -0.262708 0.164861
v -0.009173 -0.248034 0.168793
v 0.001041 -0.243905 0.171228
v -0.009500 -0.235785 0.171489
v 0.027247 -0.236907 0.171630
v 0.018502 -0.235328 0.173302
v 0.009903 -0.238353 0.173020
v 0.011107 -0.226562 0.174717
v -0.018612 -0.227971 0.172566
v -0.008660 -0.223180 0.174686
v -0.028321 -0.221358 0.172440
v 0.002092 -0.219916 0.176087
v -0.007561 -0.212557 0.176867
v 0.010189 -0.215168 0.177269
v 0.015800 -0.207836 0.178554
v 0.006177 -0.205469 0.178537
v -0.065816 -0.447707 0.147359
v -0.063968 -0.435872 0.146019
v -0.074676 -0.394355 0.143503
v -0.068414 -0.406991 0.144074
v -0.072567 -0.384052 0.143650
v -0.059628 -0.427842 0.145656
v -0.055391 -0.421265 0.145293
v -0.062207 -0.415722 0.144677
v -0.053634 -0.413299 0.145653
v -0.049834 -0.424366 0.146346
v -0.044364 -0.424417 0.146659
v -0.063211 -0.404025 0.144856
v -0.043155 -0.413215 0.146237
v -0.057342 -0.402432 0.144939
v -0.063870 -0.392000 0.144801
v -0.050738 -0.405070 0.145746
v -0.066589 -0.378498 0.144117
v -0.023689 -0.398612 0.146416
v -0.032675 -0.394025 0.146133
v -0.046134 -0.399364 0.145875
v -0.041326 -0.391070 0.146138
v -0.050501 -0.383972 0.145482
v -0.039451 -0.376936 0.145128
v -0.069060 -0.364864 0.143529
v -0.059970 -0.374148 0.144452
v -0.053721 -0.368754 0.144546
v -0.047383 -0.364809 0.144836
v -0.016112 -0.408341 0.146046
v -0.125895 -0.180648 0.123142
v -0.107793 -0.225812 0.135704
v -0.103831 -0.213427 0.139264
v -0.098610 -0.226082 0.141258
v -0.105573 -0.202723 0.139342
v -0.099270 -0.203178 0.143641
v -0.089254 -0.227758 0.146973
v -0.096250 -0.194733 0.146207
v -0.093408 -0.200803 0.147432
v -0.111692 -0.190445 0.135579
v -0.109918 -0.198016 0.136652
v -0.103576 -0.193564 0.141610
v -0.108888 -0.185106 0.138527
v -0.097379 -0.189311 0.145843
v -0.099875 -0.186444 0.144646
v -0.092901 -0.188703 0.149048
v -0.082507 -0.201741 0.154410
v -0.089744 -0.202731 0.150295
v -0.084765 -0.209264 0.152317
v -0.090182 -0.196949 0.150253
v -0.088278 -0.185941 0.152986
v -0.086198 -0.192777 0.152748
v -0.079244 -0.231263 0.151269
v -0.083851 -0.219476 0.151284
v -0.075803 -0.215344 0.156445
v -0.069372 -0.232461 0.155603
v -0.066873 -0.222825 0.159735
v -0.066163 -0.212241 0.162333
v -0.081582 -0.195782 0.155200
v -0.075070 -0.198772 0.158830
v -0.068453 -0.194021 0.162540
v -0.066087 -0.201775 0.163448
v -0.056578 -0.207762 0.166704
v -0.081144 -0.190081 0.156108
v -0.108190 -0.180459 0.136947
v -0.108153 -0.182144 0.139219
v -0.097775 -0.182406 0.146810
v -0.093643 -0.180243 0.148114
v -0.102163 -0.178454 0.141575
v -0.111355 -0.179427 0.134983
v -0.113970 -0.178806 0.132904
v -0.081426 -0.185651 0.156724
v -0.083276 -0.182472 0.155028
v -0.090342 -0.178191 0.150095
v -0.079179 -0.179739 0.157118
v -0.076685 -0.177613 0.158435
v -0.074898 -0.188955 0.160315
v -0.124263 -0.179669 0.124067
v -0.044916 -0.224316 0.167991
v -0.038558 -0.217295 0.170957
v -0.048076 -0.213539 0.168998
v -0.031395 -0.211773 0.173268
v -0.046443 -0.204089 0.171306
v -0.036527 -0.204152 0.173213
v -0.041007 -0.197570 0.172964
v -0.043117 -0.191615 0.173451
v -0.032235 -0.194359 0.175600
v -0.025790 -0.205162 0.175695
v -0.015255 -0.204007 0.177498
v -0.022925 -0.197733 0.177399
v -0.065300 -0.188216 0.165389
v -0.054038 -0.187260 0.170445
v -0.063670 -0.182059 0.166814
v -0.062114 -0.179046 0.165722
v -0.062085 -0.177588 0.165868
v -0.041925 -0.184087 0.175257
v -0.028642 -0.181725 0.177837
v -0.039083 -0.180699 0.174333
v -0.039397 -0.179981 0.173635
v -0.046606 -0.177856 0.171495
v -0.029350 -0.177905 0.176116
v -0.004372 -0.202957 0.178648
v 0.001010 -0.196014 0.179993
v 0.008711 -0.190465 0.180114
v -0.001509 -0.187494 0.179883
v -0.021858 -0.190536 0.178114
v -0.011578 -0.185894 0.179124
v -0.021226 -0.184139 0.178849
v -0.004165 -0.181632 0.180111
v -0.017724 -0.180580 0.178026
v -0.013536 -0.178498 0.178185
v -0.000281 -0.178894 0.179409
v 0.113925 -0.569382 -0.105008
v 0.122419 -0.568708 -0.101747
v 0.123321 -0.570444 -0.101278
v 0.035411 -0.558998 -0.111256
v 0.041788 -0.555676 -0.107505
v 0.041166 -0.559644 -0.106840
v 0.056516 -0.542791 -0.103349
v 0.055290 -0.552262 -0.102954
v 0.048560 -0.549918 -0.105352
v 0.042182 -0.548917 -0.107962
v 0.054845 -0.557740 -0.102246
v 0.054589 -0.560542 -0.102059
v 0.047187 -0.560226 -0.103946
v 0.041419 -0.562218 -0.106352
v 0.061766 -0.553486 -0.101659
v 0.063045 -0.536088 -0.102736
v 0.058894 -0.532471 -0.103656
v 0.067346 -0.553563 -0.101818
v 0.067307 -0.546858 -0.102392
v 0.068577 -0.536705 -0.102535
v 0.068939 -0.524866 -0.102905
v 0.073390 -0.538851 -0.102739
v 0.079776 -0.557238 -0.103213
v 0.079946 -0.560102 -0.102887
v 0.074596 -0.559990 -0.101924
v 0.069161 -0.561616 -0.101169
v 0.068707 -0.560268 -0.101335
v 0.062368 -0.560247 -0.101101
v 0.056673 -0.562117 -0.101410
v 0.067494 -0.563233 -0.100351
v 0.054003 -0.563189 -0.101291
v 0.067886 -0.557649 -0.101245
v 0.079168 -0.563085 -0.102228
v 0.073315 -0.563608 -0.100987
v 0.079656 -0.561776 -0.102801
v 0.066736 -0.564995 -0.099825
v 0.081496 -0.564142 -0.102897
v 0.072940 -0.552902 -0.102149
v 0.076620 -0.544675 -0.103257
v 0.078965 -0.551059 -0.103449
v 0.085447 -0.551000 -0.105270
v 0.067900 -0.514905 -0.103500
v 0.073997 -0.509492 -0.103253
v 0.076919 -0.490193 -0.103261
v 0.080768 -0.500169 -0.103446
v 0.080336 -0.530963 -0.104274
v 0.091738 -0.551849 -0.106589
v 0.091717 -0.543446 -0.106736
v 0.094687 -0.551015 -0.107591
v 0.099487 -0.550343 -0.108040
v 0.097467 -0.549894 -0.108340
v 0.093816 -0.530051 -0.106452
v 0.097326 -0.536960 -0.107353
v 0.088932 -0.522336 -0.105359
v 0.084100 -0.511668 -0.104114
v 0.088583 -0.489583 -0.103424
v 0.097100 -0.513011 -0.105732
v 0.104127 -0.530928 -0.107247
v 0.101629 -0.533104 -0.107441
v 0.099699 -0.494003 -0.103933
v 0.103250 -0.504925 -0.104570
v 0.106971 -0.517689 -0.105610
v 0.105743 -0.511961 -0.105527
v 0.106986 -0.497389 -0.103671
v 0.093527 -0.467027 -0.103222
v 0.096712 -0.480686 -0.103875
v 0.102982 -0.475632 -0.102610
v 0.106127 -0.473677 -0.102078
v 0.003762 -0.561993 -0.126618
v 0.007578 -0.559396 -0.125551
v 0.010488 -0.556698 -0.124323
v 0.009265 -0.554299 -0.124633
v 0.007459 -0.551293 -0.124622
v 0.013627 -0.552514 -0.123217
v 0.018946 -0.556960 -0.122114
v 0.019759 -0.553889 -0.121749
v 0.010472 -0.544871 -0.123412
v 0.012650 -0.535378 -0.122996
v 0.015031 -0.540891 -0.122096
v 0.018456 -0.551222 -0.122336
v 0.016992 -0.546841 -0.121997
v 0.023842 -0.548612 -0.119280
v 0.020155 -0.538307 -0.120176
v 0.018794 -0.561362 -0.122382
v 0.024884 -0.557153 -0.118817
v 0.029813 -0.558236 -0.115010
v 0.030465 -0.554203 -0.114892
v 0.036534 -0.548702 -0.111107
v 0.031960 -0.547081 -0.114611
v 0.042738 -0.540520 -0.108587
v 0.028917 -0.542074 -0.116576
v 0.025392 -0.538868 -0.118216
v 0.024908 -0.527102 -0.118037
v 0.033930 -0.536537 -0.113354
v 0.037815 -0.522460 -0.111125
v 0.040214 -0.532678 -0.109875
v 0.046412 -0.528670 -0.107210
v 0.009207 -0.530626 -0.123166
v 0.006027 -0.525188 -0.123293
v 0.013327 -0.507385 -0.121111
v 0.018365 -0.508644 -0.119570
v 0.013676 -0.522488 -0.121612
v 0.007730 -0.511480 -0.121869
v 0.023779 -0.512654 -0.117939
v 0.023588 -0.495367 -0.118244
v 0.010753 -0.496168 -0.121169
v 0.011648 -0.480584 -0.120585
v 0.007727 -0.486949 -0.121248
v 0.030015 -0.483500 -0.116199
v 0.025161 -0.474884 -0.117745
v 0.029720 -0.512228 -0.115703
v 0.036730 -0.507320 -0.112395
v 0.034906 -0.493003 -0.113829
v 0.052940 -0.520667 -0.104986
v 0.048646 -0.512900 -0.106801
v 0.043289 -0.506528 -0.108955
v 0.050347 -0.494312 -0.107259
v 0.037705 -0.473313 -0.112690
v 0.057721 -0.486684 -0.105506
v 0.054321 -0.473246 -0.106495
v 0.006104 -0.474188 -0.120453
v 0.009892 -0.467287 -0.119624
v 0.005589 -0.458928 -0.119689
v 0.004858 -0.443106 -0.118829
v 0.017554 -0.446154 -0.118119
v 0.021101 -0.462417 -0.118230
v 0.014762 -0.465800 -0.119395
v 0.027876 -0.453983 -0.116855
v 0.008068 -0.431710 -0.118250
v 0.014223 -0.429715 -0.118203
v 0.020668 -0.426671 -0.117277
v 0.023642 -0.409816 -0.115674
v 0.027047 -0.423423 -0.116449
v 0.044846 -0.457822 -0.109971
v 0.039029 -0.453480 -0.112965
v 0.034347 -0.444877 -0.115070
v 0.040696 -0.434621 -0.113191
v 0.030876 -0.435035 -0.115753
v 0.052350 -0.454575 -0.107541
v 0.050595 -0.436687 -0.109451
v 0.060550 -0.449147 -0.105358
v 0.032875 -0.418373 -0.115283
v 0.047302 -0.424642 -0.111306
v 0.042826 -0.417509 -0.112837
v 0.053677 -0.412877 -0.109480
v 0.010718 -0.416445 -0.117552
v 0.011259 -0.399885 -0.116510
v 0.021532 -0.394923 -0.115773
v 0.027030 -0.395264 -0.115234
v 0.010967 -0.382874 -0.115999
v 0.016347 -0.389620 -0.115943
v 0.009270 -0.367979 -0.115974
v 0.021210 -0.379275 -0.115194
v 0.022010 -0.363972 -0.115625
v 0.026215 -0.372954 -0.115320
v 0.031911 -0.392113 -0.114699
v 0.029684 -0.381417 -0.114804
v 0.031145 -0.366867 -0.115043
v 0.038560 -0.411568 -0.113328
v 0.034654 -0.402830 -0.113963
v 0.043605 -0.401395 -0.112134
v 0.042730 -0.386383 -0.112705
v 0.048381 -0.387130 -0.111760
v 0.054571 -0.388905 -0.110792
v 0.060121 -0.396354 -0.109410
v 0.065706 -0.404434 -0.107114
v 0.066327 -0.378535 -0.110081
v 0.053052 -0.369413 -0.112604
v 0.068673 -0.353394 -0.113831
v 0.073151 -0.366608 -0.110713
v 0.040035 -0.372356 -0.113530
v 0.037216 -0.388241 -0.113378
v 0.030539 -0.561094 -0.114349
v 0.078799 -0.566464 -0.101592
v 0.085956 -0.564814 -0.103633
v 0.091309 -0.564348 -0.105093
v 0.099916 -0.557204 -0.108116
v 0.091401 -0.567829 -0.103995
v 0.093853 -0.565556 -0.105327
v 0.102808 -0.568900 -0.105953
v 0.106049 -0.567302 -0.106482
v 0.107765 -0.564885 -0.106783
v 0.116942 -0.561627 -0.105235
v 0.113072 -0.560082 -0.107558
v 0.111860 -0.559197 -0.107912
v 0.116349 -0.556611 -0.107321
v 0.062123 -0.520141 -0.103400
v 0.057233 -0.523359 -0.104163
v 0.057977 -0.510879 -0.104271
v 0.065837 -0.507795 -0.103204
v 0.063099 -0.502894 -0.103578
v 0.060295 -0.496569 -0.104403
v 0.067938 -0.495024 -0.103776
v 0.064277 -0.481392 -0.104389
v 0.105017 -0.553845 -0.108825
v 0.101211 -0.551739 -0.108492
v 0.109839 -0.547655 -0.107963
v 0.109219 -0.555165 -0.108867
v 0.107561 -0.534160 -0.107182
v 0.105656 -0.533160 -0.107790
v 0.114480 -0.539717 -0.105965
v 0.111223 -0.535365 -0.106436
v 0.111255 -0.522946 -0.104747
v 0.114325 -0.554409 -0.107935
v 0.117332 -0.546505 -0.106061
v 0.117315 -0.551773 -0.106441
v 0.120913 -0.550651 -0.104913
v 0.124418 -0.540039 -0.100798
v 0.125247 -0.548788 -0.101443
v 0.118865 -0.532973 -0.102704
v 0.120165 -0.514742 -0.099465
v 0.122972 -0.528683 -0.099845
v 0.126870 -0.525383 -0.096039
v 0.124507 -0.555881 -0.101801
v 0.123701 -0.561809 -0.101619
v 0.124613 -0.565850 -0.100385
v 0.130027 -0.560109 -0.096282
v 0.133925 -0.552455 -0.092549
v 0.134772 -0.558588 -0.091419
v 0.131758 -0.571284 -0.094298
v 0.132841 -0.568479 -0.092586
v 0.135427 -0.563929 -0.090143
v 0.137431 -0.566697 -0.086715
v 0.140864 -0.562875 -0.080716
v 0.139989 -0.568602 -0.082521
v 0.142419 -0.570465 -0.078100
v 0.138877 -0.572392 -0.084255
v 0.138239 -0.556960 -0.086315
v 0.140517 -0.547259 -0.082474
v 0.140912 -0.555299 -0.081185
v 0.143635 -0.555861 -0.076241
v 0.129335 -0.546730 -0.097344
v 0.132854 -0.536233 -0.092823
v 0.133121 -0.545786 -0.093031
v 0.136471 -0.543119 -0.089364
v 0.137036 -0.531043 -0.086909
v 0.139187 -0.539072 -0.084647
v 0.130816 -0.523026 -0.092130
v 0.134309 -0.524661 -0.089020
v 0.136716 -0.513861 -0.084839
v 0.142200 -0.532923 -0.079187
v 0.145461 -0.525060 -0.073815
v 0.142538 -0.514030 -0.076897
v 0.149103 -0.519502 -0.068545
v 0.147311 -0.535028 -0.070203
v 0.072763 -0.484323 -0.103562
v 0.068581 -0.480386 -0.103918
v 0.068426 -0.465430 -0.104269
v 0.068179 -0.447279 -0.104655
v 0.073570 -0.449146 -0.104535
v 0.066613 -0.427038 -0.105406
v 0.078363 -0.471623 -0.104341
v 0.076613 -0.383112 -0.107952
v 0.079004 -0.400830 -0.106103
v 0.072833 -0.405600 -0.105850
v 0.078697 -0.454020 -0.104229
v 0.079500 -0.435445 -0.104596
v 0.084110 -0.456600 -0.104055
v 0.090974 -0.452976 -0.103443
v 0.089030 -0.438568 -0.103875
v 0.109055 -0.513958 -0.104540
v 0.110239 -0.502218 -0.102894
v 0.110735 -0.512009 -0.104053
v 0.113643 -0.507466 -0.102253
v 0.098019 -0.444137 -0.102542
v 0.108524 -0.466949 -0.101280
v 0.107533 -0.481648 -0.102128
v 0.109064 -0.491021 -0.102320
v 0.111691 -0.487572 -0.100886
v 0.116614 -0.499171 -0.099829
v 0.114282 -0.489043 -0.099946
v 0.114256 -0.472389 -0.098580
v 0.128452 -0.508037 -0.092497
v 0.121493 -0.493527 -0.096547
v 0.123639 -0.473854 -0.092649
v 0.126025 -0.492218 -0.093286
v 0.130099 -0.488736 -0.089697
v 0.129930 -0.467182 -0.087628
v 0.133548 -0.480539 -0.085823
v 0.078802 -0.360540 -0.111017
v 0.085834 -0.426184 -0.105109
v 0.081953 -0.415489 -0.105722
v 0.084757 -0.393496 -0.105488
v 0.091561 -0.419711 -0.104249
v 0.097288 -0.412568 -0.102799
v 0.093492 -0.401170 -0.104053
v 0.081504 -0.339813 -0.114244
v 0.084082 -0.356208 -0.110922
v 0.090172 -0.386361 -0.105063
v 0.087348 -0.371835 -0.107531
v 0.095181 -0.383079 -0.104146
v 0.089077 -0.351891 -0.110869
v 0.099504 -0.384547 -0.103024
v 0.098247 -0.367457 -0.105699
v 0.100339 -0.421543 -0.101694
v 0.103692 -0.432945 -0.100962
v 0.108019 -0.422654 -0.099654
v 0.106904 -0.443408 -0.099982
v 0.108329 -0.453463 -0.100328
v 0.100698 -0.401738 -0.102009
v 0.112588 -0.456618 -0.098762
v 0.110272 -0.453848 -0.099780
v 0.115991 -0.453861 -0.096580
v 0.116319 -0.433473 -0.095638
v 0.119384 -0.444113 -0.094215
v 0.108814 -0.401127 -0.099748
v 0.110896 -0.414144 -0.099007
v 0.103353 -0.386434 -0.101488
v 0.114277 -0.425383 -0.097051
v 0.112544 -0.420625 -0.098570
v 0.112580 -0.403848 -0.098690
v 0.116588 -0.412780 -0.096585
v 0.126785 -0.456660 -0.089241
v 0.122424 -0.451079 -0.092421
v 0.123120 -0.427561 -0.091637
v 0.130551 -0.443382 -0.086113
v 0.125660 -0.411310 -0.090395
v 0.122630 -0.405333 -0.092459
v 0.127672 -0.397162 -0.089680
v 0.128486 -0.411436 -0.088145
v 0.139836 -0.503582 -0.080570
v 0.136550 -0.493063 -0.083423
v 0.136867 -0.469342 -0.081988
v 0.138180 -0.445200 -0.079744
v 0.141325 -0.457837 -0.077202
v 0.143261 -0.492683 -0.075667
v 0.147367 -0.482142 -0.070932
v 0.143992 -0.469934 -0.074519
v 0.145406 -0.447120 -0.073259
v 0.150434 -0.475353 -0.067058
v 0.150208 -0.491043 -0.067724
v 0.131123 -0.421227 -0.085999
v 0.134409 -0.432036 -0.082626
v 0.138639 -0.421147 -0.079866
v 0.131298 -0.402386 -0.086852
v 0.139378 -0.396612 -0.081463
v 0.142503 -0.411487 -0.077876
v 0.152569 -0.473868 -0.064603
v 0.151746 -0.461969 -0.066028
v 0.153775 -0.452683 -0.063970
v 0.151488 -0.444651 -0.066819
v 0.148681 -0.436371 -0.070007
v 0.145330 -0.424956 -0.074222
v 0.145593 -0.402930 -0.075333
v 0.151354 -0.425068 -0.068306
v 0.150835 -0.405545 -0.070282
v 0.153396 -0.412583 -0.067061
v 0.150591 -0.504953 -0.067164
v 0.151541 -0.516366 -0.065140
v 0.153598 -0.493337 -0.063086
v 0.151970 -0.493931 -0.065272
v 0.154400 -0.475385 -0.062762
v 0.152101 -0.573936 -0.063164
v 0.151644 -0.574651 -0.063159
v 0.159429 -0.574687 -0.054550
v 0.159821 -0.575491 -0.054359
v 0.103261 -0.561319 -0.108341
v 0.112030 -0.556507 -0.108520
v 0.146355 -0.548148 -0.072254
v 0.145920 -0.557394 -0.071767
v 0.149379 -0.541775 -0.067752
v 0.145060 -0.573532 -0.073340
v 0.145802 -0.570722 -0.071993
v 0.147235 -0.567715 -0.070489
v 0.152009 -0.572105 -0.062894
v 0.149184 -0.565734 -0.066736
v 0.147403 -0.562494 -0.069459
v 0.148761 -0.556174 -0.067087
v 0.153150 -0.558948 -0.061659
v 0.154707 -0.564399 -0.059351
v 0.152030 -0.564470 -0.063372
v 0.159148 -0.572337 -0.055151
v 0.163738 -0.574093 -0.051212
v 0.168747 -0.576530 -0.046792
v 0.167800 -0.572694 -0.047598
v 0.157492 -0.569188 -0.056699
v 0.171362 -0.570463 -0.045160
v 0.166965 -0.566407 -0.048569
v 0.159911 -0.554956 -0.054484
v 0.162935 -0.560685 -0.052020
v 0.158684 -0.562982 -0.055150
v 0.167231 -0.557256 -0.049196
v 0.178141 -0.574078 -0.039141
v 0.175500 -0.571743 -0.041659
v 0.178588 -0.570207 -0.038736
v 0.177371 -0.576976 -0.038582
v 0.184077 -0.577968 -0.031022
v 0.183824 -0.575185 -0.031146
v 0.184304 -0.572024 -0.031832
v 0.186278 -0.567647 -0.029303
v 0.183608 -0.567395 -0.034116
v 0.187638 -0.560897 -0.028067
v 0.188405 -0.566305 -0.025299
v 0.174951 -0.566343 -0.042854
v 0.179578 -0.565785 -0.038944
v 0.181527 -0.567309 -0.037099
v 0.177407 -0.562787 -0.040541
v 0.174880 -0.558782 -0.043128
v 0.180601 -0.560298 -0.038720
v 0.183436 -0.562971 -0.035313
v 0.151507 -0.553576 -0.063450
v 0.150670 -0.547287 -0.065242
v 0.152114 -0.537408 -0.064504
v 0.154463 -0.552389 -0.060045
v 0.157513 -0.551052 -0.056874
v 0.156334 -0.544887 -0.058032
v 0.154904 -0.531441 -0.061039
v 0.153015 -0.525355 -0.063450
v 0.159157 -0.538914 -0.056099
v 0.156623 -0.534111 -0.058346
v 0.157165 -0.522221 -0.059298
v 0.160049 -0.546795 -0.054781
v 0.162191 -0.538644 -0.053853
v 0.165643 -0.539612 -0.051079
v 0.164471 -0.528579 -0.052340
v 0.171306 -0.553307 -0.046385
v 0.168260 -0.547089 -0.048872
v 0.172816 -0.530909 -0.045260
v 0.169295 -0.537088 -0.048201
v 0.169747 -0.526420 -0.047690
v 0.175305 -0.547755 -0.043005
v 0.181333 -0.550036 -0.037084
v 0.182536 -0.557423 -0.035942
v 0.186156 -0.545838 -0.031029
v 0.187032 -0.554064 -0.029832
v 0.184880 -0.555966 -0.033191
v 0.188833 -0.550598 -0.026174
v 0.190210 -0.545386 -0.022806
v 0.189484 -0.538407 -0.025584
v 0.179273 -0.540570 -0.039695
v 0.175443 -0.534266 -0.042449
v 0.182140 -0.535511 -0.036364
v 0.175037 -0.521703 -0.042906
v 0.187318 -0.535078 -0.030415
v 0.186472 -0.537223 -0.031942
v 0.188268 -0.575569 -0.023011
v 0.187796 -0.578303 -0.023611
v 0.189879 -0.565075 -0.020922
v 0.189119 -0.571237 -0.022099
v 0.189588 -0.574070 -0.019337
v 0.191258 -0.558234 -0.018698
v 0.190817 -0.564864 -0.016830
v 0.190954 -0.536896 -0.020797
v 0.191145 -0.548423 -0.020007
v 0.191996 -0.549621 -0.016471
v 0.153859 -0.513520 -0.062879
v 0.154589 -0.501992 -0.061450
v 0.156178 -0.511424 -0.060421
v 0.155158 -0.489880 -0.060982
v 0.158837 -0.509769 -0.057560
v 0.167424 -0.521099 -0.050256
v 0.164191 -0.514834 -0.052509
v 0.170185 -0.515201 -0.047411
v 0.155666 -0.478548 -0.061279
v 0.157564 -0.483792 -0.058797
v 0.161875 -0.506359 -0.054869
v 0.159486 -0.494344 -0.056945
v 0.160522 -0.478021 -0.056465
v 0.165235 -0.500577 -0.052041
v 0.169064 -0.495007 -0.048641
v 0.166720 -0.485060 -0.050326
v 0.171327 -0.503203 -0.046814
v 0.172881 -0.489440 -0.045709
v 0.173165 -0.511362 -0.044504
v 0.184660 -0.532056 -0.033424
v 0.183176 -0.520382 -0.035116
v 0.176808 -0.509238 -0.042019
v 0.186329 -0.527482 -0.031189
v 0.185833 -0.513581 -0.030730
v 0.187033 -0.524590 -0.029857
v 0.188263 -0.529066 -0.027666
v 0.189100 -0.524733 -0.024635
v 0.190355 -0.523991 -0.021620
v 0.189452 -0.509692 -0.022988
v 0.177202 -0.494357 -0.041208
v 0.179110 -0.502830 -0.038469
v 0.183991 -0.506552 -0.032679
v 0.181356 -0.504464 -0.036187
v 0.180179 -0.489791 -0.036732
v 0.185015 -0.495344 -0.029801
v 0.187107 -0.483041 -0.027402
v 0.184408 -0.470686 -0.030395
v 0.188512 -0.490636 -0.024257
v 0.189967 -0.494699 -0.021931
v 0.187933 -0.469302 -0.025545
v 0.191024 -0.496888 -0.019946
v 0.190822 -0.481398 -0.021126
v 0.156631 -0.448948 -0.061523
v 0.159806 -0.448587 -0.058289
v 0.157806 -0.433043 -0.060990
v 0.164849 -0.472807 -0.052314
v 0.162329 -0.460827 -0.055529
v 0.163038 -0.444220 -0.054792
v 0.168984 -0.470492 -0.049038
v 0.160344 -0.418867 -0.059557
v 0.156831 -0.415602 -0.063487
v 0.155740 -0.398003 -0.066256
v 0.163894 -0.411020 -0.056642
v 0.163674 -0.427540 -0.055235
v 0.166591 -0.437533 -0.051880
v 0.169938 -0.444493 -0.048146
v 0.169870 -0.429777 -0.048883
v 0.172682 -0.473683 -0.045096
v 0.171469 -0.458707 -0.046399
v 0.173528 -0.446794 -0.044309
v 0.172564 -0.425114 -0.046089
v 0.170086 -0.417321 -0.048895
v 0.174551 -0.432808 -0.043426
v 0.176657 -0.441360 -0.040460
v 0.175178 -0.482419 -0.042419
v 0.178250 -0.481214 -0.039568
v 0.179855 -0.470953 -0.036896
v 0.179194 -0.448388 -0.036791
v 0.181969 -0.458362 -0.033445
v 0.183837 -0.443591 -0.030525
v 0.187335 -0.447348 -0.026148
v 0.189073 -0.458666 -0.023741
v 0.191182 -0.471018 -0.019920
v 0.190277 -0.465199 -0.021938
v 0.189210 -0.448563 -0.022571
v 0.185282 -0.431554 -0.028062
v 0.183495 -0.418060 -0.030830
v 0.186561 -0.426799 -0.026103
v 0.187794 -0.430086 -0.024079
v 0.189487 -0.437190 -0.021701
v 0.191323 -0.525735 -0.019415
v 0.191318 -0.512175 -0.018437
v 0.192025 -0.527237 -0.017151
v 0.191602 -0.496318 -0.017808
v 0.192170 -0.489979 -0.015662
v 0.191723 -0.479064 -0.017892
v 0.191556 -0.461663 -0.018283
v 0.193455 -0.469182 -0.011561
v 0.192945 -0.455896 -0.012964
v 0.193838 -0.460276 -0.010257
v 0.191643 -0.451298 -0.016521
v 0.190367 -0.444060 -0.019250
v 0.189636 -0.426754 -0.020799
v 0.192106 -0.438742 -0.014406
v 0.195053 -0.443803 -0.006082
v 0.194376 -0.428805 -0.008666
v 0.195281 -0.429047 -0.004079
v 0.189162 -0.578232 -0.016277
v 0.189695 -0.575594 -0.015434
v 0.190366 -0.570458 -0.015267
v 0.191292 -0.564780 -0.013394
v 0.191298 -0.563722 -0.009560
v 0.191848 -0.557710 -0.011983
v 0.188717 -0.578094 -0.008873
v 0.189378 -0.575873 -0.007813
v 0.189485 -0.573247 -0.005676
v 0.188334 -0.577888 -0.002303
v 0.188729 -0.577159 -0.001999
v 0.188646 -0.576173 -0.000618
v 0.188855 -0.573179 0.000462
v 0.189900 -0.570404 -0.002719
v 0.190342 -0.567646 -0.006166
v 0.191673 -0.558372 -0.005723
v 0.190291 -0.568632 0.001556
v 0.192682 -0.540483 -0.015394
v 0.192182 -0.550120 -0.013749
v 0.192269 -0.548660 -0.010362
v 0.192491 -0.537372 -0.009712
v 0.192504 -0.547306 -0.006309
v 0.191930 -0.549558 -0.001776
v 0.192584 -0.541778 0.001642
v 0.191687 -0.553728 0.002578
v 0.191069 -0.562458 0.003679
v 0.190543 -0.568394 0.005400
v 0.191961 -0.554912 0.005852
v 0.193542 -0.529129 0.001911
v 0.193094 -0.538049 0.004778
v 0.192901 -0.545532 0.006617
v 0.192116 -0.552950 0.009011
v 0.193638 -0.535099 0.006960
v 0.194444 -0.523009 0.006499
v 0.194624 -0.531143 0.009699
v 0.192595 -0.530428 -0.014233
v 0.192997 -0.521095 -0.010951
v 0.193395 -0.510394 -0.007750
v 0.192774 -0.501854 -0.012505
v 0.194200 -0.517250 0.003046
v 0.193656 -0.514650 -0.001298
v 0.194575 -0.497768 -0.004385
v 0.195269 -0.509495 0.005002
v 0.195648 -0.484725 -0.002649
v 0.194599 -0.482212 -0.006955
v 0.196046 -0.471558 -0.000797
v 0.195790 -0.484598 0.001574
v 0.192766 -0.483238 -0.012468
v 0.193782 -0.478112 -0.010245
v 0.194660 -0.469896 -0.008489
v 0.194727 -0.457500 -0.007358
v 0.196667 -0.458903 0.000881
v 0.195652 -0.457248 -0.003454
v 0.031048 -0.350370 -0.116833
v 0.036140 -0.358519 -0.115309
v 0.007219 -0.356207 -0.116548
v 0.003968 -0.346980 -0.117748
v 0.004855 -0.332810 -0.119855
v 0.012025 -0.354682 -0.116942
v 0.010578 -0.326480 -0.120771
v 0.005775 -0.315859 -0.121820
v 0.024761 -0.349333 -0.116952
v 0.018130 -0.352322 -0.116840
v 0.014656 -0.338673 -0.118400
v 0.028435 -0.333954 -0.119569
v 0.016611 -0.320963 -0.121567
v 0.044731 -0.338267 -0.118239
v 0.048936 -0.354284 -0.115068
v 0.041714 -0.354774 -0.115677
v 0.055224 -0.333846 -0.118662
v 0.060197 -0.340475 -0.117037
v 0.055563 -0.351274 -0.115055
v 0.070528 -0.329934 -0.118063
v 0.069637 -0.309421 -0.122826
v 0.074819 -0.317914 -0.120434
v 0.064774 -0.338835 -0.116583
v 0.061728 -0.323394 -0.120898
v 0.043082 -0.321583 -0.120944
v 0.049275 -0.326642 -0.120326
v 0.053470 -0.317752 -0.122017
v 0.064884 -0.300554 -0.125017
v 0.061409 -0.306245 -0.124261
v 0.060809 -0.289560 -0.125995
v 0.065880 -0.276680 -0.126158
v 0.071184 -0.280158 -0.125031
v 0.068371 -0.291939 -0.125263
v 0.057657 -0.311110 -0.123479
v 0.000162 -0.305443 -0.123179
v -0.005628 -0.294789 -0.124427
v -0.006720 -0.275260 -0.124240
v 0.005879 -0.297031 -0.123952
v 0.023627 -0.316939 -0.121748
v 0.017959 -0.301614 -0.123490
v 0.032002 -0.297048 -0.124250
v 0.037303 -0.312642 -0.122449
v 0.030801 -0.315367 -0.121810
v -0.006179 -0.256814 -0.123169
v 0.000128 -0.267529 -0.124381
v 0.012116 -0.289361 -0.124367
v 0.006413 -0.278105 -0.124645
v 0.006749 -0.260598 -0.123862
v 0.018434 -0.281676 -0.124814
v 0.029516 -0.280533 -0.125335
v 0.035538 -0.283248 -0.125404
v 0.042199 -0.303067 -0.124149
v 0.061006 -0.273651 -0.126835
v 0.056161 -0.275875 -0.126724
v 0.063545 -0.261565 -0.125570
v 0.052083 -0.301174 -0.124624
v 0.041067 -0.285235 -0.125601
v 0.046693 -0.291665 -0.125879
v 0.038968 -0.271007 -0.125394
v 0.051102 -0.282272 -0.126172
v 0.051232 -0.262474 -0.125733
v 0.067864 -0.253779 -0.124400
v 0.061959 -0.245266 -0.123544
v -0.004212 -0.241216 -0.120981
v 0.006826 -0.244972 -0.121593
v 0.012215 -0.252874 -0.123076
v 0.023742 -0.272099 -0.125243
v 0.018416 -0.261555 -0.124289
v 0.029446 -0.263596 -0.124599
v 0.017268 -0.244648 -0.121889
v -0.001907 -0.227522 -0.118582
v 0.001926 -0.236856 -0.120533
v 0.006653 -0.218634 -0.116005
v 0.011535 -0.223792 -0.117408
v 0.007272 -0.230845 -0.119218
v 0.016244 -0.230006 -0.119172
v 0.021693 -0.235324 -0.120349
v 0.024288 -0.224007 -0.117737
v 0.027294 -0.236726 -0.120413
v 0.015305 -0.216966 -0.115750
v 0.039364 -0.241053 -0.121882
v 0.045168 -0.250403 -0.123658
v 0.040354 -0.256869 -0.124259
v 0.035091 -0.259538 -0.124485
v 0.030480 -0.249328 -0.122900
v 0.049090 -0.225333 -0.118763
v 0.055663 -0.236251 -0.121274
v 0.050194 -0.243003 -0.122693
v 0.059705 -0.229159 -0.119763
v 0.057633 -0.214759 -0.115258
v 0.063687 -0.222188 -0.118029
v 0.033199 -0.237026 -0.120818
v 0.036000 -0.226240 -0.118341
v 0.037919 -0.214166 -0.115066
v 0.032076 -0.213127 -0.114881
v 0.043145 -0.213476 -0.115040
v 0.037829 -0.202309 -0.111811
v 0.046055 -0.197459 -0.110195
v 0.052001 -0.206290 -0.112520
v 0.048159 -0.210279 -0.114061
v 0.055605 -0.202640 -0.111256
v 0.004972 -0.206333 -0.112963
v 0.001093 -0.216491 -0.115560
v 0.015388 -0.204796 -0.112310
v 0.020210 -0.213306 -0.115146
v 0.027403 -0.201125 -0.111397
v 0.026131 -0.212383 -0.114774
v 0.003714 -0.194132 -0.109132
v 0.009991 -0.197534 -0.110241
v 0.001956 -0.183730 -0.105539
v 0.016571 -0.191996 -0.108386
v 0.029128 -0.191058 -0.108003
v 0.023291 -0.190137 -0.107568
v 0.018924 -0.181322 -0.104476
v 0.035550 -0.185436 -0.105628
v 0.040523 -0.190136 -0.107161
v 0.037083 -0.192923 -0.108326
v 0.033650 -0.192881 -0.108293
v 0.043736 -0.187093 -0.106068
v 0.053738 -0.191907 -0.107530
v 0.060180 -0.201355 -0.110977
v 0.031805 -0.185363 -0.105638
v 0.033140 -0.178708 -0.103212
v 0.047501 -0.185157 -0.104955
v 0.042309 -0.178693 -0.102903
v 0.051586 -0.183305 -0.104119
v 0.049025 -0.174765 -0.100654
v 0.055540 -0.181015 -0.103085
v 0.079399 -0.322748 -0.118981
v 0.077526 -0.302625 -0.122310
v 0.084076 -0.322090 -0.118101
v 0.075803 -0.282405 -0.124268
v 0.073103 -0.265968 -0.124443
v 0.080582 -0.288903 -0.122692
v 0.088623 -0.318931 -0.117859
v 0.085660 -0.302632 -0.121132
v 0.085340 -0.283041 -0.122114
v 0.093568 -0.345020 -0.111370
v 0.090695 -0.334229 -0.114288
v 0.101691 -0.354927 -0.107402
v 0.097388 -0.349755 -0.109369
v 0.096377 -0.332798 -0.113531
v 0.096997 -0.315301 -0.116892
v 0.093035 -0.321128 -0.116996
v 0.106738 -0.383238 -0.100959
v 0.104807 -0.366547 -0.103460
v 0.111574 -0.370765 -0.100780
v 0.111698 -0.387123 -0.099033
v 0.109616 -0.382233 -0.100128
v 0.113394 -0.391908 -0.098058
v 0.118860 -0.398935 -0.094735
v 0.115813 -0.394183 -0.097199
v 0.105505 -0.345502 -0.108031
v 0.112812 -0.355128 -0.103150
v 0.113826 -0.366321 -0.100536
v 0.116549 -0.361923 -0.100192
v 0.119362 -0.354676 -0.100536
v 0.117188 -0.345074 -0.103831
v 0.121619 -0.384540 -0.094355
v 0.121732 -0.364235 -0.097642
v 0.124696 -0.372906 -0.094573
v 0.122959 -0.344533 -0.101450
v 0.130037 -0.389520 -0.089384
v 0.127711 -0.381085 -0.091821
v 0.128138 -0.363962 -0.094621
v 0.084642 -0.266280 -0.121794
v 0.088951 -0.277931 -0.121414
v 0.096709 -0.296157 -0.118865
v 0.101214 -0.311754 -0.115651
v 0.093367 -0.280872 -0.120502
v 0.097076 -0.278235 -0.118657
v 0.072601 -0.248400 -0.122948
v 0.086349 -0.256236 -0.120544
v 0.081981 -0.249814 -0.121221
v 0.089330 -0.239418 -0.117342
v 0.093573 -0.250855 -0.118500
v 0.089652 -0.251884 -0.119460
v 0.101072 -0.274979 -0.117014
v 0.097648 -0.261892 -0.117599
v 0.097025 -0.246960 -0.116722
v 0.108626 -0.335896 -0.108862
v 0.105306 -0.325641 -0.111887
v 0.104883 -0.306294 -0.114624
v 0.114871 -0.340517 -0.105721
v 0.111877 -0.339331 -0.107000
v 0.110423 -0.321014 -0.110645
v 0.104970 -0.288988 -0.115172
v 0.108282 -0.304235 -0.113677
v 0.112142 -0.304774 -0.111983
v 0.117299 -0.326715 -0.107329
v 0.116668 -0.306961 -0.110058
v 0.120730 -0.313481 -0.107458
v 0.105172 -0.272025 -0.114994
v 0.113743 -0.287105 -0.111534
v 0.109537 -0.268799 -0.112451
v 0.105502 -0.253909 -0.113501
v 0.114114 -0.247263 -0.108692
v 0.119122 -0.264694 -0.107317
v 0.114399 -0.267426 -0.109999
v 0.126214 -0.334803 -0.102070
v 0.123872 -0.324021 -0.105098
v 0.123666 -0.302325 -0.106330
v 0.129840 -0.328095 -0.101025
v 0.129043 -0.346335 -0.098532
v 0.131423 -0.355592 -0.094165
v 0.127007 -0.294725 -0.103780
v 0.122905 -0.280214 -0.105795
v 0.122694 -0.260293 -0.104976
v 0.133699 -0.325038 -0.098533
v 0.130671 -0.308615 -0.101382
v 0.130238 -0.288827 -0.101140
v 0.132722 -0.280519 -0.098783
v 0.128940 -0.269978 -0.100887
v 0.133214 -0.385759 -0.087375
v 0.134368 -0.365644 -0.090229
v 0.136666 -0.379876 -0.085481
v 0.140806 -0.373931 -0.083052
v 0.142613 -0.354969 -0.086364
v 0.143756 -0.370989 -0.080857
v 0.148198 -0.395132 -0.073520
v 0.146157 -0.383698 -0.077164
v 0.150618 -0.387907 -0.072043
v 0.153419 -0.382838 -0.069698
v 0.151178 -0.370758 -0.073911
v 0.146745 -0.366719 -0.079425
v 0.147230 -0.348866 -0.083234
v 0.149648 -0.360329 -0.078573
v 0.152497 -0.354087 -0.077351
v 0.134844 -0.344713 -0.094715
v 0.138072 -0.328937 -0.095194
v 0.141666 -0.334272 -0.091658
v 0.144941 -0.339760 -0.087645
v 0.139554 -0.310539 -0.094993
v 0.136671 -0.287878 -0.096394
v 0.140688 -0.294111 -0.093832
v 0.140872 -0.280276 -0.092043
v 0.143907 -0.297923 -0.090821
v 0.147652 -0.330706 -0.087391
v 0.155566 -0.347024 -0.076295
v 0.153239 -0.336696 -0.080558
v 0.146990 -0.312736 -0.087905
v 0.150136 -0.325319 -0.084861
v 0.146876 -0.296487 -0.087974
v 0.149846 -0.291685 -0.084749
v 0.145933 -0.280311 -0.086992
v 0.154030 -0.320494 -0.081480
v 0.069790 -0.229491 -0.119270
v 0.075966 -0.240520 -0.120723
v 0.079621 -0.231712 -0.117855
v 0.066140 -0.213812 -0.114971
v 0.094731 -0.232451 -0.114800
v 0.100096 -0.241791 -0.114403
v 0.083902 -0.226448 -0.115647
v 0.077718 -0.214325 -0.113367
v 0.089158 -0.226253 -0.114667
v 0.087954 -0.204017 -0.108110
v 0.094684 -0.211394 -0.109521
v 0.091365 -0.218117 -0.111934
v 0.101458 -0.219602 -0.108977
v 0.107851 -0.231122 -0.108731
v 0.103669 -0.236696 -0.111552
v 0.112498 -0.227595 -0.106407
v 0.097516 -0.203695 -0.105966
v 0.121874 -0.243104 -0.103142
v 0.125396 -0.257528 -0.102439
v 0.127935 -0.253916 -0.100007
v 0.130552 -0.251763 -0.097574
v 0.126797 -0.238876 -0.099099
v 0.117452 -0.226423 -0.103628
v 0.111567 -0.211535 -0.102891
v 0.104444 -0.198946 -0.101867
v 0.109149 -0.197812 -0.099565
v 0.122231 -0.229275 -0.101040
v 0.124844 -0.223095 -0.098161
v 0.123369 -0.209835 -0.095829
v 0.128387 -0.221062 -0.095117
v 0.065429 -0.202103 -0.111297
v 0.076176 -0.198838 -0.108646
v 0.070544 -0.201306 -0.110677
v 0.063020 -0.189940 -0.106098
v 0.072986 -0.186157 -0.103735
v 0.081084 -0.195373 -0.106012
v 0.082939 -0.181141 -0.099727
v 0.091219 -0.190642 -0.102494
v 0.085775 -0.191414 -0.103825
v 0.058418 -0.172690 -0.099173
v 0.065444 -0.178691 -0.101720
v 0.060438 -0.180029 -0.102182
v 0.065918 -0.170145 -0.097859
v 0.073965 -0.174227 -0.098039
v 0.070168 -0.176629 -0.100096
v 0.079388 -0.172156 -0.096890
v 0.097953 -0.194522 -0.102611
v 0.098978 -0.187156 -0.099106
v 0.111302 -0.191457 -0.096593
v 0.103676 -0.186421 -0.097200
v 0.112735 -0.183301 -0.092764
v 0.118336 -0.196418 -0.095624
v 0.124296 -0.199902 -0.093063
v 0.095475 -0.177870 -0.095907
v 0.108242 -0.173591 -0.090379
v 0.116263 -0.177802 -0.089413
v 0.133886 -0.267742 -0.096911
v 0.133633 -0.242783 -0.094372
v 0.136438 -0.255149 -0.093267
v 0.133721 -0.253434 -0.095638
v 0.139055 -0.263967 -0.092191
v 0.142438 -0.271711 -0.089747
v 0.138147 -0.250526 -0.092136
v 0.132567 -0.230355 -0.093589
v 0.135965 -0.238814 -0.092274
v 0.131938 -0.217885 -0.092082
v 0.138973 -0.241936 -0.090348
v 0.141639 -0.234217 -0.087729
v 0.143508 -0.249269 -0.087305
v 0.129565 -0.205282 -0.090853
v 0.134708 -0.212738 -0.088906
v 0.144535 -0.227238 -0.084253
v 0.139609 -0.220306 -0.087152
v 0.137606 -0.206985 -0.085714
v 0.144771 -0.264517 -0.086945
v 0.147637 -0.258083 -0.083715
v 0.126578 -0.193405 -0.089139
v 0.135473 -0.195229 -0.084155
v 0.140888 -0.202193 -0.082441
v 0.129617 -0.188596 -0.085761
v 0.123162 -0.183047 -0.087261
v 0.119886 -0.174724 -0.085964
v 0.123981 -0.172813 -0.082421
v 0.117772 -0.169272 -0.085044
v 0.133123 -0.184865 -0.082023
v 0.137426 -0.182046 -0.078724
v 0.130681 -0.176709 -0.080763
v 0.127891 -0.171507 -0.080327
v 0.007132 -0.175249 -0.102494
v -0.001675 -0.176179 -0.103203
v -0.004357 -0.168332 -0.099695
v -0.004143 -0.170848 -0.102214
v 0.023231 -0.172464 -0.101411
v 0.015068 -0.173866 -0.101905
v 0.011009 -0.169010 -0.100589
v 0.012001 -0.165996 -0.098644
v -0.004198 -0.165957 -0.098884
v 0.037011 -0.174138 -0.101339
v 0.030670 -0.171921 -0.101416
v 0.028660 -0.165747 -0.097913
v 0.042005 -0.172251 -0.100345
v 0.044794 -0.166124 -0.097028
v 0.046442 -0.169130 -0.099459
v 0.058642 -0.168443 -0.098049
v 0.061718 -0.165811 -0.095806
v 0.076993 -0.165570 -0.094077
v 0.086507 -0.171430 -0.095187
v 0.093369 -0.170812 -0.093426
v 0.091174 -0.165371 -0.091542
v 0.100036 -0.169296 -0.091182
v 0.106677 -0.167978 -0.088233
v 0.106839 -0.165297 -0.087307
v 0.117608 -0.167413 -0.083527
v 0.119703 -0.166274 -0.081658
v 0.130184 -0.169440 -0.078725
v 0.132110 -0.166720 -0.075564
v 0.135313 -0.169911 -0.075767
v 0.157721 -0.353094 -0.072314
v 0.157946 -0.339502 -0.074452
v 0.158461 -0.327266 -0.075711
v 0.160060 -0.333871 -0.073268
v 0.159823 -0.318357 -0.075451
v 0.157185 -0.316822 -0.078288
v 0.154628 -0.304344 -0.081029
v 0.153537 -0.287000 -0.080208
v 0.164888 -0.396148 -0.056034
v 0.167494 -0.407966 -0.052158
v 0.158077 -0.366657 -0.067955
v 0.160038 -0.377503 -0.063642
v 0.156782 -0.380927 -0.066694
v 0.167938 -0.382053 -0.055004
v 0.163578 -0.382237 -0.059337
v 0.163584 -0.368801 -0.062174
v 0.171581 -0.406045 -0.047876
v 0.174423 -0.407839 -0.043754
v 0.173476 -0.395190 -0.046015
v 0.160314 -0.355518 -0.069030
v 0.165727 -0.358008 -0.062253
v 0.163035 -0.357514 -0.065421
v 0.162248 -0.347362 -0.068051
v 0.170391 -0.368454 -0.054735
v 0.172049 -0.381718 -0.049777
v 0.168512 -0.356869 -0.058938
v 0.166934 -0.346984 -0.062909
v 0.171650 -0.355858 -0.054933
v 0.173426 -0.343622 -0.054790
v 0.175153 -0.356279 -0.050598
v 0.175388 -0.381388 -0.045525
v 0.175050 -0.420401 -0.043118
v 0.177237 -0.415388 -0.040133
v 0.178454 -0.380025 -0.041600
v 0.176972 -0.367881 -0.046093
v 0.178351 -0.354411 -0.046714
v 0.178655 -0.429200 -0.037633
v 0.179623 -0.412714 -0.036285
v 0.181919 -0.407182 -0.033772
v 0.179803 -0.394029 -0.037037
v 0.183378 -0.395213 -0.032507
v 0.186761 -0.410325 -0.025856
v 0.187124 -0.388601 -0.028480
v 0.187961 -0.400761 -0.024953
v 0.181468 -0.377203 -0.038646
v 0.182219 -0.361993 -0.040425
v 0.183255 -0.376126 -0.036047
v 0.184289 -0.375831 -0.034790
v 0.186189 -0.371635 -0.033030
v 0.188184 -0.365042 -0.031097
v 0.185258 -0.352806 -0.037231
v 0.164713 -0.340281 -0.066544
v 0.162223 -0.336790 -0.070255
v 0.161937 -0.326713 -0.072554
v 0.167304 -0.334005 -0.064555
v 0.166512 -0.320049 -0.068214
v 0.169549 -0.325034 -0.062972
v 0.175975 -0.333178 -0.053327
v 0.172700 -0.329066 -0.058559
v 0.170681 -0.314283 -0.061332
v 0.163458 -0.305895 -0.070722
v 0.162701 -0.316303 -0.072649
v 0.164732 -0.296181 -0.068043
v 0.160889 -0.289630 -0.072068
v 0.172082 -0.302638 -0.060004
v 0.168887 -0.300608 -0.063590
v 0.166009 -0.287489 -0.065113
v 0.173966 -0.300644 -0.056125
v 0.170979 -0.289655 -0.058915
v 0.178754 -0.340673 -0.048950
v 0.180913 -0.350501 -0.044388
v 0.177925 -0.326109 -0.050586
v 0.176480 -0.311623 -0.051948
v 0.179350 -0.319875 -0.047976
v 0.175689 -0.296096 -0.052698
v 0.182680 -0.345510 -0.042552
v 0.183847 -0.338713 -0.041172
v 0.181719 -0.328408 -0.044493
v 0.184217 -0.330505 -0.040090
v 0.179913 -0.311202 -0.046814
v 0.179811 -0.299064 -0.046187
v 0.177578 -0.294461 -0.049085
v 0.179941 -0.290568 -0.044854
v 0.182220 -0.309749 -0.042523
v 0.184846 -0.318617 -0.039415
v 0.190703 -0.417015 -0.019274
v 0.189863 -0.410005 -0.021701
v 0.189981 -0.393885 -0.022799
v 0.193375 -0.425839 -0.012504
v 0.192190 -0.421531 -0.015728
v 0.191624 -0.406015 -0.017680
v 0.192714 -0.393295 -0.016024
v 0.191217 -0.392136 -0.019879
v 0.191092 -0.378722 -0.023774
v 0.194015 -0.413094 -0.010026
v 0.195280 -0.401362 -0.007120
v 0.194078 -0.395639 -0.012024
v 0.194076 -0.379983 -0.014531
v 0.195551 -0.365560 -0.013726
v 0.194173 -0.365558 -0.018536
v 0.196332 -0.348850 -0.014302
v 0.196680 -0.360987 -0.009653
v 0.190178 -0.362652 -0.027814
v 0.188917 -0.343129 -0.032027
v 0.192734 -0.363981 -0.023532
v 0.189568 -0.325274 -0.030457
v 0.186880 -0.321472 -0.035178
v 0.184544 -0.301696 -0.038114
v 0.190500 -0.313779 -0.026581
v 0.192211 -0.332800 -0.024560
v 0.191860 -0.308560 -0.021804
v 0.189705 -0.297188 -0.025969
v 0.194147 -0.350627 -0.022445
v 0.194854 -0.340134 -0.019743
v 0.195639 -0.332992 -0.016144
v 0.193440 -0.302751 -0.016818
v 0.194498 -0.317912 -0.016726
v 0.196439 -0.325704 -0.012258
v 0.152329 -0.267870 -0.079921
v 0.156529 -0.279757 -0.076300
v 0.159356 -0.272879 -0.072592
v 0.161629 -0.268880 -0.069428
v 0.158908 -0.259222 -0.072509
v 0.150443 -0.249951 -0.080350
v 0.149065 -0.234062 -0.080882
v 0.152891 -0.241817 -0.077308
v 0.146996 -0.220406 -0.080239
v 0.159686 -0.249648 -0.070885
v 0.156836 -0.247233 -0.073967
v 0.155237 -0.234080 -0.074063
v 0.157313 -0.227866 -0.071378
v 0.154527 -0.222622 -0.073574
v 0.148722 -0.213388 -0.077221
v 0.145242 -0.208535 -0.079602
v 0.144383 -0.198526 -0.078749
v 0.154346 -0.214227 -0.072152
v 0.151678 -0.215232 -0.074538
v 0.150014 -0.206287 -0.074867
v 0.148072 -0.196877 -0.075073
v 0.143618 -0.189305 -0.076208
v 0.141545 -0.180808 -0.074741
v 0.139685 -0.174127 -0.073537
v 0.145265 -0.178793 -0.070909
v 0.151490 -0.199776 -0.072531
v 0.163664 -0.264089 -0.066152
v 0.164676 -0.275298 -0.065494
v 0.167585 -0.281779 -0.062446
v 0.167938 -0.263982 -0.060131
v 0.170986 -0.271898 -0.056494
v 0.169304 -0.276981 -0.059287
v 0.165106 -0.257947 -0.063921
v 0.162411 -0.252990 -0.067216
v 0.161366 -0.242387 -0.068183
v 0.162687 -0.235718 -0.066210
v 0.160268 -0.232123 -0.068971
v 0.158563 -0.222356 -0.069217
v 0.166505 -0.251703 -0.061461
v 0.166939 -0.244476 -0.059230
v 0.164843 -0.240297 -0.062704
v 0.163627 -0.229618 -0.063244
v 0.174731 -0.280903 -0.052352
v 0.172245 -0.264806 -0.053471
v 0.180683 -0.286291 -0.042077
v 0.177509 -0.272201 -0.045502
v 0.172536 -0.253545 -0.051295
v 0.169603 -0.248720 -0.055665
v 0.167503 -0.235223 -0.058047
v 0.172079 -0.237081 -0.051121
v 0.174635 -0.254684 -0.047580
v 0.176652 -0.254786 -0.044374
v 0.154932 -0.206571 -0.070859
v 0.156987 -0.214278 -0.069425
v 0.153953 -0.191018 -0.067428
v 0.158036 -0.200221 -0.066655
v 0.154427 -0.198537 -0.069825
v 0.160102 -0.216074 -0.066690
v 0.161126 -0.209447 -0.065024
v 0.162957 -0.219033 -0.063881
v 0.165261 -0.225419 -0.060592
v 0.161692 -0.201587 -0.062996
v 0.155698 -0.185841 -0.064417
v 0.150343 -0.182180 -0.067748
v 0.147720 -0.175596 -0.067433
v 0.166915 -0.224565 -0.057371
v 0.169306 -0.224040 -0.054028
v 0.166624 -0.212818 -0.056721
v 0.160605 -0.192320 -0.061614
v 0.163861 -0.201651 -0.059050
v 0.166426 -0.202588 -0.055241
v 0.158173 -0.183375 -0.061286
v 0.167059 -0.194487 -0.053497
v 0.169664 -0.207984 -0.051644
v 0.171701 -0.221860 -0.050582
v 0.172837 -0.215813 -0.047644
v 0.182143 -0.281823 -0.038215
v 0.179753 -0.260791 -0.039698
v 0.183353 -0.272360 -0.034461
v 0.189927 -0.284266 -0.023502
v 0.186794 -0.281284 -0.029616
v 0.184489 -0.261843 -0.029915
v 0.177522 -0.240551 -0.042192
v 0.182972 -0.243410 -0.029007
v 0.186142 -0.257157 -0.023997
v 0.175577 -0.222535 -0.044067
v 0.178856 -0.226982 -0.039020
v 0.179198 -0.213003 -0.036086
v 0.176956 -0.200750 -0.038436
v 0.179212 -0.201819 -0.034003
v 0.180969 -0.228489 -0.033100
v 0.173654 -0.206727 -0.044919
v 0.171158 -0.194204 -0.046919
v 0.174550 -0.198567 -0.042445
v 0.174444 -0.190343 -0.040377
v 0.183116 -0.227103 -0.027199
v 0.179787 -0.192763 -0.031332
v 0.181226 -0.202215 -0.028713
v 0.170955 -0.182094 -0.042867
v 0.174014 -0.182593 -0.038143
v 0.179657 -0.185596 -0.028098
v 0.177023 -0.183454 -0.033248
v 0.174335 -0.176391 -0.036818
v 0.140031 -0.170044 -0.072137
v 0.141411 -0.168102 -0.069376
v 0.144664 -0.171265 -0.067876
v 0.149304 -0.171612 -0.065636
v 0.150069 -0.168946 -0.062231
v 0.153245 -0.172183 -0.062274
v 0.155388 -0.176251 -0.061362
v 0.159176 -0.180924 -0.058407
v 0.159328 -0.176414 -0.056586
v 0.163521 -0.183933 -0.054355
v 0.167200 -0.187958 -0.050746
v 0.154464 -0.169004 -0.058712
v 0.157889 -0.171749 -0.057822
v 0.160969 -0.169919 -0.051090
v 0.163169 -0.172404 -0.050456
v 0.168521 -0.183371 -0.047177
v 0.166839 -0.175745 -0.046819
v 0.167051 -0.172383 -0.044434
v 0.167359 -0.171072 -0.043536
v 0.173134 -0.173701 -0.035778
v 0.049887 -0.564448 0.139779
v 0.049159 -0.569294 0.138798
v 0.055872 -0.568108 0.142705
v 0.051444 -0.572030 0.140505
v 0.050987 -0.574001 0.139694
v 0.064641 -0.571672 0.147491
v 0.065266 -0.572882 0.147574
v 0.067256 -0.574383 0.148191
v 0.070521 -0.570224 0.150520
v 0.066341 -0.568904 0.148335
v 0.076325 -0.568076 0.152612
v 0.076261 -0.570341 0.152607
v 0.055362 -0.558408 0.142335
v 0.050650 -0.556156 0.139988
v 0.051115 -0.544731 0.141089
v 0.062259 -0.550824 0.145486
v 0.059920 -0.561119 0.144760
v 0.063108 -0.565210 0.146509
v 0.069993 -0.563541 0.149658
v 0.077268 -0.556626 0.151205
v 0.076865 -0.563853 0.152269
v 0.081822 -0.565655 0.154192
v 0.078550 -0.571584 0.153769
v 0.081257 -0.572388 0.154347
v 0.082288 -0.570094 0.154653
v 0.084607 -0.567791 0.155257
v 0.088331 -0.564452 0.155810
v 0.052304 -0.516918 0.141223
v 0.050358 -0.531109 0.140569
v 0.055802 -0.535666 0.142635
v 0.060774 -0.525236 0.144111
v 0.062586 -0.538455 0.144837
v 0.070288 -0.542064 0.147741
v 0.077626 -0.545769 0.150097
v 0.078316 -0.532115 0.149800
v 0.085825 -0.548703 0.152960
v 0.057946 -0.513434 0.143510
v 0.054614 -0.501931 0.142868
v 0.064817 -0.513846 0.145333
v 0.072669 -0.512579 0.147824
v 0.069169 -0.503529 0.146880
v 0.078991 -0.506348 0.149285
v 0.079655 -0.518289 0.149583
v 0.094323 -0.565428 0.156488
v 0.095888 -0.559709 0.156199
v 0.095313 -0.551152 0.155143
v 0.104730 -0.552679 0.155178
v 0.112757 -0.544503 0.153875
v 0.112422 -0.552314 0.154760
v 0.087703 -0.523428 0.151112
v 0.098879 -0.517622 0.151655
v 0.096090 -0.529974 0.152388
v 0.095533 -0.540816 0.153740
v 0.105405 -0.533722 0.153045
v 0.113178 -0.535025 0.152686
v 0.118921 -0.537420 0.151674
v 0.112154 -0.525140 0.151282
v 0.056399 -0.486046 0.143902
v 0.075233 -0.497804 0.148806
v 0.068949 -0.491030 0.146941
v 0.082383 -0.495232 0.149571
v 0.089700 -0.490953 0.149951
v 0.083933 -0.483284 0.149255
v 0.058911 -0.470308 0.144573
v 0.063260 -0.482316 0.145646
v 0.069459 -0.477317 0.147493
v 0.074851 -0.471975 0.148091
v 0.069951 -0.465412 0.146858
v 0.078420 -0.465893 0.147855
v 0.080165 -0.474829 0.148479
v 0.086154 -0.473853 0.148419
v 0.109367 -0.516264 0.150328
v 0.103347 -0.506433 0.150028
v 0.096371 -0.483028 0.148949
v 0.099292 -0.494759 0.149480
v 0.109779 -0.496065 0.148208
v 0.116821 -0.516434 0.149449
v 0.118392 -0.496463 0.147216
v 0.115572 -0.485750 0.146170
v 0.092701 -0.472538 0.147853
v 0.087424 -0.464848 0.147473
v 0.102454 -0.472231 0.146978
v 0.108520 -0.460370 0.144407
v 0.113129 -0.473084 0.144763
v 0.122080 -0.477018 0.142957
v 0.101893 -0.449671 0.144118
v 0.112407 -0.448234 0.141766
v 0.060747 -0.458358 0.144859
v 0.056128 -0.457590 0.143564
v 0.062424 -0.449034 0.145151
v 0.065919 -0.457373 0.145688
v 0.071432 -0.456372 0.146497
v 0.055223 -0.446089 0.143562
v 0.058915 -0.440731 0.143651
v 0.055007 -0.433976 0.144032
v 0.063692 -0.438388 0.144307
v 0.054170 -0.421610 0.143461
v 0.058777 -0.417412 0.143562
v 0.053259 -0.409298 0.143722
v 0.081980 -0.460407 0.147554
v 0.077109 -0.457578 0.147165
v 0.073806 -0.447723 0.146462
v 0.086878 -0.454860 0.146442
v 0.092047 -0.447686 0.144593
v 0.084327 -0.443215 0.144989
v 0.076835 -0.439049 0.145234
v 0.069996 -0.437430 0.145013
v 0.081161 -0.430661 0.144421
v 0.064499 -0.426965 0.143998
v 0.064789 -0.413675 0.143658
v 0.078742 -0.418262 0.143458
v 0.085858 -0.423957 0.143296
v 0.078167 -0.405460 0.142968
v 0.071794 -0.409007 0.143387
v 0.093685 -0.426993 0.142948
v 0.090080 -0.416051 0.142855
v 0.092154 -0.406743 0.142430
v 0.084587 -0.405550 0.142726
v 0.097150 -0.438689 0.143727
v 0.102371 -0.429879 0.142227
v 0.111354 -0.435230 0.141374
v 0.108859 -0.423015 0.140924
v 0.115426 -0.415623 0.139452
v 0.106757 -0.411978 0.141157
v 0.120042 -0.441217 0.139091
v 0.129281 -0.443591 0.136197
v 0.126211 -0.429758 0.136025
v 0.119350 -0.405371 0.138032
v 0.123504 -0.416201 0.136756
v 0.131973 -0.416514 0.133655
v 0.106287 -0.401565 0.142011
v 0.099267 -0.405529 0.142168
v 0.092943 -0.397503 0.142407
v 0.093447 -0.388620 0.142151
v 0.087410 -0.389307 0.142470
v 0.093788 -0.379805 0.141896
v 0.100051 -0.385587 0.141803
v 0.106690 -0.391373 0.141487
v 0.113744 -0.397581 0.140023
v 0.120943 -0.393639 0.137677
v 0.106781 -0.380411 0.141597
v 0.126518 -0.386985 0.135290
v 0.119779 -0.381207 0.138465
v 0.162278 -0.573957 0.114934
v 0.159756 -0.575990 0.120134
v 0.163252 -0.570653 0.112761
v 0.165498 -0.570258 0.107855
v 0.127078 -0.523442 0.147186
v 0.124588 -0.533293 0.149376
v 0.130613 -0.530834 0.146588
v 0.168446 -0.542280 0.102726
v 0.170075 -0.541244 0.099131
v 0.169434 -0.534482 0.100869
v 0.121034 -0.506414 0.147645
v 0.124022 -0.515577 0.147613
v 0.130640 -0.513223 0.144722
v 0.125359 -0.495826 0.144862
v 0.171608 -0.528280 0.097708
v 0.169765 -0.524709 0.101326
v 0.172508 -0.531649 0.095357
v 0.175294 -0.511711 0.092281
v 0.173559 -0.508812 0.095947
v 0.134167 -0.388843 0.132790
v 0.130645 -0.375919 0.133822
v 0.176574 -0.476858 0.091571
v 0.178563 -0.486827 0.087533
v 0.179408 -0.469533 0.086398
v 0.181424 -0.465161 0.081966
v 0.180316 -0.452798 0.084643
v 0.178477 -0.437714 0.087840
v 0.181068 -0.435549 0.083248
v 0.183246 -0.437041 0.078691
v 0.182779 -0.420892 0.080459
v 0.083968 -0.573838 0.154916
v 0.088600 -0.572095 0.155927
v 0.105711 -0.572338 0.156220
v 0.102084 -0.574381 0.156868
v 0.094378 -0.570615 0.156608
v 0.112772 -0.571612 0.155111
v 0.107387 -0.570161 0.156067
v 0.095170 -0.568392 0.156619
v 0.101204 -0.568405 0.156661
v 0.110384 -0.565682 0.155670
v 0.119687 -0.570139 0.153767
v 0.117801 -0.572570 0.154364
v 0.118899 -0.574490 0.153701
v 0.130853 -0.572236 0.148995
v 0.132091 -0.573883 0.148096
v 0.134001 -0.575098 0.146989
v 0.138243 -0.574380 0.144486
v 0.126447 -0.568192 0.151565
v 0.122973 -0.566291 0.152837
v 0.137666 -0.569827 0.145479
v 0.131511 -0.569190 0.149164
v 0.142626 -0.570418 0.140998
v 0.143315 -0.565026 0.140045
v 0.132714 -0.565237 0.148489
v 0.142319 -0.573209 0.141302
v 0.146571 -0.576207 0.137793
v 0.149166 -0.575354 0.135515
v 0.153310 -0.574367 0.129937
v 0.150509 -0.572631 0.133505
v 0.157624 -0.577621 0.124884
v 0.156653 -0.575483 0.125555
v 0.157884 -0.572373 0.123693
v 0.146668 -0.571325 0.137562
v 0.151877 -0.568234 0.130826
v 0.161044 -0.569907 0.116819
v 0.159543 -0.567588 0.120691
v 0.163911 -0.565589 0.110808
v 0.115226 -0.558028 0.154449
v 0.119380 -0.562827 0.153707
v 0.127363 -0.560930 0.150999
v 0.120075 -0.549898 0.152471
v 0.137727 -0.559462 0.144204
v 0.132566 -0.560884 0.148241
v 0.142030 -0.551411 0.140660
v 0.143906 -0.557682 0.139354
v 0.149251 -0.558122 0.132999
v 0.132242 -0.555104 0.147829
v 0.123127 -0.541643 0.151009
v 0.127055 -0.545120 0.149674
v 0.132805 -0.538896 0.146426
v 0.132816 -0.547473 0.147034
v 0.138224 -0.548438 0.143191
v 0.142851 -0.540546 0.138785
v 0.136938 -0.529657 0.142369
v 0.140140 -0.518310 0.139505
v 0.141939 -0.528964 0.138589
v 0.147686 -0.527996 0.132969
v 0.154811 -0.550325 0.126086
v 0.153829 -0.560791 0.128236
v 0.156997 -0.564363 0.123983
v 0.159837 -0.543924 0.119698
v 0.156243 -0.538076 0.123713
v 0.164097 -0.560670 0.110948
v 0.166387 -0.559911 0.105786
v 0.161088 -0.561191 0.116978
v 0.163616 -0.554011 0.112058
v 0.163393 -0.544855 0.113024
v 0.162952 -0.533624 0.114368
v 0.152400 -0.510905 0.126698
v 0.153897 -0.525625 0.125276
v 0.159944 -0.525608 0.118739
v 0.164019 -0.520181 0.112053
v 0.166096 -0.546605 0.107471
v 0.168534 -0.547942 0.102366
v 0.131778 -0.493709 0.142268
v 0.128269 -0.484663 0.142028
v 0.134216 -0.502582 0.141547
v 0.137098 -0.510461 0.140821
v 0.142105 -0.505937 0.136914
v 0.137704 -0.491851 0.138317
v 0.141154 -0.479748 0.133392
v 0.143452 -0.492507 0.134071
v 0.148132 -0.498994 0.130410
v 0.129837 -0.471226 0.139157
v 0.132790 -0.456593 0.135685
v 0.137386 -0.468234 0.134626
v 0.144271 -0.464794 0.129337
v 0.150544 -0.457046 0.123829
v 0.146202 -0.447325 0.126827
v 0.167742 -0.518143 0.106108
v 0.165917 -0.505665 0.108754
v 0.154279 -0.490556 0.122467
v 0.170888 -0.513274 0.100267
v 0.160546 -0.480050 0.114695
v 0.155433 -0.469032 0.119182
v 0.165310 -0.467075 0.107483
v 0.164993 -0.488127 0.109882
v 0.169005 -0.493251 0.103918
v 0.156637 -0.445916 0.117026
v 0.172965 -0.484765 0.097654
v 0.172135 -0.500028 0.098773
v 0.136982 -0.442805 0.133001
v 0.142453 -0.439735 0.129493
v 0.140734 -0.430763 0.130260
v 0.146420 -0.432086 0.126314
v 0.139787 -0.418083 0.129685
v 0.137548 -0.403175 0.131663
v 0.142774 -0.387671 0.129291
v 0.144983 -0.422418 0.127022
v 0.149456 -0.419583 0.123724
v 0.154257 -0.417971 0.118936
v 0.152777 -0.406936 0.121024
v 0.169583 -0.455292 0.100708
v 0.165468 -0.444785 0.106247
v 0.173263 -0.466477 0.096060
v 0.174017 -0.445672 0.094176
v 0.157836 -0.409340 0.115683
v 0.157678 -0.425476 0.115218
v 0.161936 -0.434283 0.110782
v 0.166905 -0.423214 0.105262
v 0.172164 -0.413259 0.099376
v 0.169049 -0.401998 0.104679
v 0.175697 -0.424673 0.093161
v 0.177183 -0.401857 0.093187
v 0.182439 -0.580408 0.068405
v 0.184002 -0.578065 0.067175
v 0.185864 -0.575258 0.064507
v 0.189004 -0.572024 0.060473
v 0.187479 -0.570841 0.062465
v 0.188736 -0.579319 0.061528
v 0.188964 -0.580698 0.061320
v 0.192642 -0.577059 0.056700
v 0.192061 -0.574503 0.057112
v 0.194840 -0.572609 0.054032
v 0.189603 -0.576931 0.060452
v 0.192455 -0.566008 0.056443
v 0.191036 -0.572880 0.058259
v 0.186428 -0.567988 0.063796
v 0.190099 -0.562792 0.059238
v 0.186463 -0.563784 0.064433
v 0.182716 -0.572689 0.069673
v 0.197186 -0.572319 0.050661
v 0.197555 -0.564868 0.049414
v 0.189502 -0.552083 0.059974
v 0.186369 -0.558179 0.065041
v 0.193026 -0.558167 0.055209
v 0.192787 -0.552295 0.055557
v 0.200650 -0.555636 0.044847
v 0.197682 -0.555268 0.048226
v 0.195362 -0.556358 0.051948
v 0.197838 -0.541998 0.046815
v 0.199550 -0.525019 0.042539
v 0.197588 -0.527817 0.046907
v 0.192339 -0.545209 0.055755
v 0.192004 -0.538506 0.056261
v 0.194982 -0.537053 0.050972
v 0.196776 -0.519832 0.047483
v 0.175364 -0.577114 0.082029
v 0.178439 -0.575726 0.076167
v 0.179046 -0.572199 0.075513
v 0.173432 -0.577039 0.086258
v 0.172520 -0.580215 0.087365
v 0.182549 -0.563832 0.069624
v 0.179555 -0.568187 0.074899
v 0.172943 -0.575369 0.088058
v 0.176434 -0.572221 0.080979
v 0.180065 -0.564003 0.075041
v 0.166265 -0.574510 0.106573
v 0.164412 -0.576534 0.109813
v 0.164559 -0.578706 0.111607
v 0.168157 -0.575584 0.100228
v 0.168377 -0.577424 0.099879
v 0.170429 -0.577305 0.094588
v 0.169083 -0.579517 0.098824
v 0.173509 -0.569301 0.088753
v 0.173912 -0.565276 0.088766
v 0.170859 -0.572130 0.094368
v 0.167593 -0.565983 0.102039
v 0.166622 -0.571220 0.104367
v 0.167725 -0.571781 0.101516
v 0.170313 -0.567281 0.095865
v 0.169167 -0.572430 0.098947
v 0.176824 -0.565008 0.082209
v 0.172781 -0.572814 0.088605
v 0.178967 -0.577964 0.074546
v 0.176984 -0.580351 0.077054
v 0.186268 -0.551189 0.064599
v 0.182798 -0.551378 0.069594
v 0.179677 -0.559038 0.075801
v 0.186545 -0.543007 0.064235
v 0.189287 -0.536046 0.060366
v 0.186258 -0.535996 0.065479
v 0.173326 -0.561897 0.090508
v 0.176657 -0.555392 0.083834
v 0.179530 -0.547886 0.078272
v 0.179368 -0.541254 0.080922
v 0.169150 -0.552575 0.101033
v 0.168749 -0.558420 0.100630
v 0.170670 -0.558254 0.097069
v 0.174434 -0.547994 0.090691
v 0.172215 -0.559533 0.093357
v 0.182139 -0.539431 0.073150
v 0.179521 -0.553550 0.076532
v 0.181343 -0.523608 0.078474
v 0.177983 -0.534829 0.085004
v 0.170092 -0.546581 0.098664
v 0.171574 -0.540462 0.096375
v 0.175892 -0.532778 0.089742
v 0.193660 -0.524912 0.053024
v 0.191617 -0.531163 0.056651
v 0.195320 -0.515827 0.049778
v 0.194526 -0.511322 0.051496
v 0.196599 -0.503464 0.046273
v 0.200950 -0.525135 0.039533
v 0.200706 -0.512632 0.039334
v 0.201752 -0.533334 0.038707
v 0.201672 -0.520579 0.037394
v 0.201793 -0.508708 0.037451
v 0.200824 -0.496197 0.037672
v 0.199069 -0.476626 0.040608
v 0.198001 -0.466068 0.042426
v 0.197839 -0.485811 0.043792
v 0.193233 -0.507244 0.053269
v 0.194565 -0.496298 0.050512
v 0.195997 -0.489828 0.047227
v 0.200536 -0.479036 0.037868
v 0.200359 -0.459493 0.036962
v 0.202281 -0.478383 0.034544
v 0.202860 -0.477785 0.032536
v 0.202615 -0.464880 0.031990
v 0.196724 -0.423994 0.045219
v 0.197539 -0.407798 0.045452
v 0.195619 -0.421698 0.048356
v 0.194943 -0.479067 0.048966
v 0.193611 -0.468723 0.050822
v 0.195695 -0.458749 0.046893
v 0.199600 -0.443394 0.037052
v 0.199553 -0.430487 0.037632
v 0.198307 -0.447330 0.040159
v 0.196945 -0.452600 0.043378
v 0.196721 -0.438935 0.044458
v 0.197979 -0.421150 0.041859
v 0.199701 -0.440766 0.034030
v 0.202547 -0.457840 0.030794
v 0.201346 -0.448357 0.030802
v 0.191660 -0.520900 0.056251
v 0.187961 -0.518280 0.062919
v 0.185423 -0.530512 0.067734
v 0.191850 -0.505250 0.055896
v 0.188256 -0.500279 0.062892
v 0.189920 -0.501444 0.059172
v 0.191848 -0.483928 0.055045
v 0.183593 -0.514176 0.072661
v 0.183114 -0.504069 0.075226
v 0.173947 -0.533280 0.092689
v 0.176531 -0.519905 0.089642
v 0.177959 -0.504028 0.087822
v 0.184323 -0.523777 0.070739
v 0.185883 -0.505520 0.067608
v 0.184589 -0.483689 0.073281
v 0.182329 -0.491497 0.078556
v 0.180248 -0.492789 0.083355
v 0.187567 -0.485819 0.065501
v 0.192635 -0.458620 0.054361
v 0.191487 -0.446797 0.058232
v 0.193861 -0.432923 0.052925
v 0.194969 -0.412772 0.051925
v 0.196204 -0.398414 0.053682
v 0.196860 -0.398470 0.049781
v 0.186537 -0.473643 0.068482
v 0.186018 -0.464787 0.072151
v 0.185852 -0.450389 0.072890
v 0.184931 -0.459042 0.075110
v 0.182336 -0.477200 0.079903
v 0.183674 -0.463142 0.077930
v 0.188933 -0.461601 0.063681
v 0.184956 -0.441591 0.074825
v 0.190304 -0.436229 0.062899
v 0.189618 -0.572517 0.006510
v 0.189845 -0.575176 0.005102
v 0.189421 -0.577104 0.004627
v 0.189612 -0.577842 0.004775
v 0.189835 -0.575266 0.007895
v 0.190620 -0.569948 0.008677
v 0.191093 -0.574452 0.010987
v 0.190648 -0.572304 0.009816
v 0.191732 -0.566988 0.010968
v 0.191244 -0.577847 0.011289
v 0.191724 -0.576552 0.011928
v 0.192734 -0.577852 0.017116
v 0.193281 -0.576457 0.017521
v 0.193805 -0.573921 0.018203
v 0.194244 -0.575906 0.019537
v 0.192319 -0.573058 0.014152
v 0.193161 -0.571164 0.017074
v 0.192777 -0.568128 0.015324
v 0.194812 -0.568051 0.018622
v 0.195188 -0.559311 0.018811
v 0.196069 -0.563697 0.020713
v 0.192304 -0.559489 0.011757
v 0.192451 -0.564202 0.013702
v 0.193110 -0.550202 0.012710
v 0.194333 -0.538884 0.012625
v 0.194701 -0.547334 0.014915
v 0.195810 -0.526158 0.011963
v 0.193355 -0.561731 0.015952
v 0.194363 -0.557085 0.016866
v 0.194903 -0.555279 0.017691
v 0.196091 -0.547927 0.018749
v 0.195099 -0.546314 0.015986
v 0.195998 -0.539092 0.016468
v 0.197066 -0.534588 0.017647
v 0.197756 -0.536297 0.019120
v 0.197020 -0.525369 0.016122
v 0.194722 -0.578364 0.021389
v 0.195586 -0.574712 0.021845
v 0.196435 -0.568563 0.022132
v 0.196812 -0.572709 0.023954
v 0.198641 -0.569138 0.025869
v 0.197548 -0.574860 0.025523
v 0.197194 -0.578177 0.025693
v 0.200483 -0.570290 0.028483
v 0.200319 -0.573950 0.029122
v 0.197447 -0.558953 0.022539
v 0.199744 -0.560184 0.026028
v 0.199502 -0.566739 0.027455
v 0.200984 -0.564345 0.028818
v 0.201952 -0.556758 0.029371
v 0.202185 -0.562554 0.030445
v 0.199770 -0.578620 0.029367
v 0.200619 -0.575670 0.030515
v 0.201060 -0.576921 0.032173
v 0.201577 -0.571660 0.031662
v 0.201319 -0.579181 0.033600
v 0.203352 -0.573171 0.036297
v 0.202523 -0.576545 0.037541
v 0.203442 -0.567983 0.033341
v 0.202383 -0.566421 0.031470
v 0.203301 -0.559970 0.031418
v 0.204049 -0.569495 0.036952
v 0.203279 -0.568866 0.035333
v 0.204539 -0.563113 0.034077
v 0.198014 -0.544616 0.022291
v 0.198663 -0.553735 0.024480
v 0.200068 -0.549704 0.026232
v 0.202704 -0.548427 0.029808
v 0.201608 -0.547412 0.027908
v 0.198656 -0.526730 0.020546
v 0.200449 -0.535491 0.025744
v 0.202764 -0.542184 0.030306
v 0.203323 -0.552391 0.031215
v 0.202932 -0.537907 0.030768
v 0.202183 -0.529388 0.028928
v 0.203769 -0.545360 0.032575
v 0.202682 -0.533890 0.031315
v 0.203650 -0.557679 0.032524
v 0.204161 -0.555643 0.033722
v 0.204130 -0.552924 0.033956
v 0.195210 -0.579456 0.054244
v 0.197026 -0.576458 0.052275
v 0.194680 -0.580507 0.055080
v 0.199361 -0.577847 0.048870
v 0.199913 -0.578190 0.047927
v 0.199208 -0.580348 0.049349
v 0.201162 -0.577566 0.045498
v 0.202196 -0.575917 0.043186
v 0.203828 -0.570418 0.040337
v 0.200328 -0.573732 0.046539
v 0.199203 -0.572885 0.047973
v 0.201556 -0.568402 0.044389
v 0.203548 -0.569992 0.040717
v 0.204033 -0.566668 0.040269
v 0.202596 -0.579630 0.038417
v 0.202691 -0.576418 0.039406
v 0.202898 -0.576218 0.040781
v 0.201789 -0.580057 0.043797
v 0.202396 -0.576081 0.042499
v 0.204568 -0.567762 0.037818
v 0.205056 -0.567238 0.038097
v 0.205371 -0.559342 0.035848
v 0.205906 -0.560823 0.036713
v 0.205649 -0.559640 0.035632
v 0.203993 -0.545820 0.034312
v 0.203916 -0.548947 0.034586
v 0.203350 -0.537711 0.033242
v 0.203268 -0.542844 0.035615
v 0.203786 -0.538943 0.034665
v 0.203732 -0.542858 0.034705
v 0.203744 -0.563080 0.040874
v 0.202477 -0.559114 0.042024
v 0.202827 -0.546844 0.040266
v 0.204910 -0.560355 0.038086
v 0.205270 -0.559620 0.036917
v 0.204093 -0.551791 0.036642
v 0.202654 -0.538209 0.037623
v 0.203534 -0.541873 0.036749
v 0.203058 -0.530042 0.035882
v 0.205160 -0.557804 0.035096
v 0.205184 -0.560715 0.036006
v 0.196826 -0.519374 0.013867
v 0.196425 -0.512098 0.010930
v 0.196790 -0.498510 0.010745
v 0.195799 -0.503982 0.008282
v 0.196028 -0.494784 0.004787
v 0.196720 -0.479711 0.004756
v 0.197372 -0.463764 0.004831
v 0.197334 -0.472418 0.007751
v 0.197314 -0.509087 0.014372
v 0.197526 -0.495072 0.012570
v 0.197558 -0.483136 0.010422
v 0.198391 -0.464613 0.010681
v 0.198167 -0.493583 0.014644
v 0.199317 -0.488501 0.016060
v 0.198773 -0.473109 0.014208
v 0.197473 -0.446902 0.003346
v 0.197027 -0.428722 0.000543
v 0.198174 -0.433057 0.005331
v 0.199147 -0.456662 0.012632
v 0.198842 -0.443362 0.009555
v 0.199557 -0.452293 0.014183
v 0.200304 -0.451593 0.015639
v 0.200630 -0.433864 0.013542
v 0.199141 -0.419852 0.007529
v 0.201406 -0.419473 0.014256
v 0.200725 -0.412603 0.012589
v 0.199876 -0.521043 0.022645
v 0.199534 -0.508263 0.019766
v 0.202029 -0.504514 0.024992
v 0.201701 -0.518472 0.026948
v 0.201173 -0.519212 0.025204
v 0.199947 -0.495002 0.017911
v 0.200479 -0.491498 0.019378
v 0.199702 -0.480076 0.017323
v 0.200306 -0.477471 0.018348
v 0.200884 -0.481002 0.020603
v 0.201518 -0.470194 0.021249
v 0.201667 -0.482590 0.022142
v 0.202449 -0.494160 0.025382
v 0.201753 -0.491066 0.023474
v 0.202455 -0.479711 0.023670
v 0.202065 -0.516737 0.028384
v 0.202601 -0.513042 0.028458
v 0.203332 -0.529314 0.031623
v 0.202584 -0.521275 0.030125
v 0.202581 -0.507403 0.029181
v 0.202590 -0.493064 0.026727
v 0.202756 -0.492225 0.027484
v 0.202986 -0.500556 0.029660
v 0.202753 -0.494200 0.028286
v 0.203260 -0.480926 0.027177
v 0.200378 -0.464844 0.017319
v 0.200947 -0.449487 0.017007
v 0.201917 -0.462755 0.022154
v 0.201750 -0.456189 0.020263
v 0.202660 -0.474947 0.024663
v 0.202570 -0.468242 0.023403
v 0.202233 -0.457664 0.022306
v 0.201615 -0.431380 0.016424
v 0.201831 -0.445297 0.018776
v 0.201916 -0.442982 0.019760
v 0.201620 -0.413378 0.015936
v 0.202176 -0.445475 0.021282
v 0.202494 -0.432655 0.020088
v 0.202330 -0.452325 0.022880
v 0.202671 -0.472118 0.025206
v 0.203092 -0.470022 0.025690
v 0.202522 -0.460109 0.024126
v 0.203350 -0.467311 0.026349
v 0.202706 -0.451442 0.024911
v 0.202841 -0.462739 0.027032
v 0.202556 -0.446643 0.022842
v 0.202423 -0.440707 0.023313
v 0.202724 -0.432019 0.021833
v 0.202294 -0.424904 0.020369
v 0.202627 -0.417053 0.020722
v 0.202492 -0.434562 0.023846
v 0.202383 -0.417615 0.022761
v 0.202324 -0.428176 0.024400
v 0.203058 -0.524793 0.032203
v 0.203252 -0.521000 0.032823
v 0.202648 -0.510032 0.031260
v 0.203026 -0.522759 0.034452
v 0.202797 -0.519522 0.033868
v 0.202798 -0.518161 0.033293
v 0.203030 -0.492595 0.032660
v 0.203401 -0.494658 0.031888
v 0.203446 -0.483717 0.030820
v 0.203868 -0.475134 0.030632
v 0.203678 -0.467586 0.029969
v 0.203321 -0.472127 0.030850
v 0.203742 -0.476153 0.030210
v 0.203112 -0.496293 0.030155
v 0.203183 -0.491369 0.030410
v 0.203382 -0.493543 0.031191
v 0.202133 -0.511005 0.036070
v 0.202358 -0.501625 0.034409
v 0.202708 -0.516835 0.034827
v 0.202668 -0.487351 0.032869
v 0.203395 -0.475671 0.031339
v 0.203637 -0.475475 0.029500
v 0.203490 -0.463281 0.029364
v 0.202843 -0.459638 0.029352
v 0.202897 -0.458332 0.028848
v 0.203740 -0.470174 0.028695
v 0.203402 -0.476340 0.029352
v 0.202857 -0.456266 0.027303
v 0.202953 -0.450835 0.027615
v 0.202508 -0.439666 0.026257
v 0.202349 -0.423379 0.025092
v 0.202781 -0.456516 0.029826
v 0.202578 -0.450264 0.028958
v 0.202612 -0.448572 0.028134
v 0.201603 -0.439119 0.027970
v 0.052196 -0.394990 0.144006
v 0.064330 -0.397415 0.143293
v 0.078775 -0.395419 0.142426
v 0.080958 -0.387754 0.142764
v 0.074428 -0.383872 0.143160
v 0.083362 -0.380392 0.142341
v 0.087675 -0.374807 0.141880
v 0.081089 -0.371457 0.142652
v 0.057102 -0.386722 0.143913
v 0.050570 -0.380207 0.143917
v 0.062806 -0.381376 0.143714
v 0.048261 -0.368318 0.144137
v 0.068188 -0.377512 0.143858
v 0.062018 -0.367026 0.144211
v 0.072133 -0.373002 0.143428
v 0.075257 -0.368379 0.143205
v 0.079231 -0.362544 0.143179
v 0.082193 -0.354754 0.142902
v 0.075975 -0.353964 0.143556
v 0.093036 -0.369971 0.141872
v 0.099588 -0.364936 0.141625
v 0.093533 -0.360047 0.141694
v 0.113237 -0.374015 0.140861
v 0.106282 -0.368517 0.141444
v 0.119363 -0.368683 0.138192
v 0.104800 -0.357580 0.141028
v 0.126190 -0.365636 0.135562
v 0.120174 -0.355241 0.137598
v 0.094924 -0.349066 0.141139
v 0.101162 -0.347137 0.140467
v 0.095560 -0.338122 0.140117
v 0.088426 -0.352713 0.142103
v 0.082926 -0.345101 0.142467
v 0.114557 -0.343581 0.138317
v 0.109015 -0.333174 0.138292
v 0.108057 -0.346199 0.140084
v 0.121667 -0.341458 0.135472
v 0.048826 -0.356018 0.144615
v 0.062902 -0.356361 0.144132
v 0.058305 -0.355069 0.144705
v 0.052683 -0.349495 0.144668
v 0.046764 -0.341968 0.144915
v 0.056015 -0.342335 0.144684
v 0.059874 -0.339314 0.145027
v 0.067122 -0.354351 0.143862
v 0.071033 -0.352868 0.143624
v 0.072908 -0.345284 0.143605
v 0.061513 -0.337262 0.144571
v 0.063814 -0.332960 0.144143
v 0.067582 -0.325039 0.143685
v 0.070391 -0.335977 0.143460
v 0.043879 -0.329019 0.145714
v 0.047355 -0.319963 0.146827
v 0.040981 -0.316679 0.147265
v 0.051590 -0.321042 0.145950
v 0.054913 -0.322674 0.145611
v 0.072212 -0.316169 0.143418
v 0.063669 -0.314477 0.144879
v 0.057607 -0.316408 0.145766
v 0.058093 -0.303692 0.147049
v 0.082632 -0.334080 0.141776
v 0.089726 -0.329825 0.140814
v 0.081826 -0.321535 0.141516
v 0.096467 -0.326205 0.139306
v 0.103213 -0.325076 0.138204
v 0.098865 -0.316141 0.137654
v 0.077059 -0.339014 0.142772
v 0.108366 -0.320796 0.136583
v 0.128796 -0.341378 0.133446
v 0.124235 -0.330866 0.133626
v 0.078519 -0.306915 0.143400
v 0.122872 -0.320192 0.132594
v 0.128848 -0.324927 0.131327
v 0.040111 -0.303811 0.149314
v 0.042549 -0.299010 0.149567
v 0.037373 -0.292748 0.151605
v 0.046281 -0.296519 0.149675
v 0.034054 -0.280659 0.156439
v 0.051664 -0.292797 0.149600
v 0.044868 -0.283027 0.153483
v 0.058489 -0.289751 0.148905
v 0.065562 -0.286356 0.147972
v 0.059236 -0.277750 0.151780
v 0.033759 -0.256411 0.164273
v 0.032454 -0.268328 0.160830
v 0.038490 -0.275203 0.157188
v 0.043162 -0.268294 0.157895
v 0.040186 -0.255533 0.162902
v 0.034973 -0.245021 0.167951
v 0.047430 -0.259514 0.159979
v 0.055561 -0.265587 0.155473
v 0.053808 -0.252134 0.160081
v 0.063572 -0.270743 0.151835
v 0.070583 -0.279127 0.147732
v 0.075189 -0.291749 0.144520
v 0.086184 -0.297550 0.141676
v 0.094746 -0.288455 0.139563
v 0.097152 -0.304082 0.138359
v 0.104710 -0.310644 0.136756
v 0.110933 -0.311059 0.135170
v 0.118213 -0.311707 0.132961
v 0.114152 -0.299955 0.133462
v 0.124874 -0.310702 0.131402
v 0.130329 -0.311742 0.129417
v 0.128212 -0.303546 0.129313
v 0.071970 -0.267167 0.149459
v 0.104440 -0.280845 0.136436
v 0.093721 -0.272116 0.141012
v 0.082451 -0.262226 0.146542
v 0.071427 -0.254494 0.152908
v 0.094561 -0.256396 0.142591
v 0.112597 -0.274341 0.133052
v 0.112579 -0.287340 0.133667
v 0.119678 -0.290995 0.131700
v 0.033643 -0.231312 0.171608
v 0.061713 -0.248514 0.158056
v 0.054893 -0.241673 0.163266
v 0.041081 -0.227359 0.171224
v 0.032037 -0.218497 0.175287
v 0.048788 -0.219199 0.171047
v 0.051429 -0.230912 0.167179
v 0.062029 -0.234931 0.162989
v 0.053487 -0.209413 0.171225
v 0.042863 -0.209795 0.174659
v 0.017017 -0.197733 0.179810
v 0.025003 -0.207826 0.177700
v 0.033829 -0.207785 0.176516
v 0.037619 -0.200626 0.176411
v 0.064589 -0.207288 0.167977
v 0.054203 -0.200058 0.171938
v 0.077526 -0.203336 0.161791
v 0.075475 -0.213500 0.161716
v 0.068678 -0.242529 0.157354
v 0.096287 -0.242220 0.143992
v 0.098109 -0.230569 0.145820
v 0.085693 -0.233538 0.152350
v 0.077846 -0.223915 0.158223
v 0.072467 -0.233154 0.158383
v 0.121444 -0.272435 0.128454
v 0.115285 -0.262019 0.131613
v 0.106962 -0.251838 0.136848
v 0.118084 -0.248875 0.131053
v 0.107420 -0.225294 0.141164
v 0.098167 -0.220315 0.147545
v 0.087503 -0.216708 0.155015
v 0.096506 -0.210821 0.150155
v 0.115583 -0.218758 0.136916
v 0.117006 -0.227975 0.134396
v 0.113192 -0.200879 0.138976
v 0.104784 -0.205481 0.145163
v 0.114356 -0.209625 0.137926
v 0.123005 -0.214062 0.131969
v 0.092228 -0.202620 0.153671
v 0.133080 -0.363424 0.132707
v 0.140312 -0.360019 0.129878
v 0.134245 -0.350893 0.131895
v 0.185298 -0.409760 0.076554
v 0.183321 -0.400437 0.081657
v 0.185309 -0.378192 0.081995
v 0.181627 -0.389505 0.087381
v 0.135121 -0.339225 0.130901
v 0.140684 -0.333204 0.128705
v 0.134720 -0.328567 0.129930
v 0.132891 -0.319661 0.129817
v 0.135515 -0.314075 0.127975
v 0.137182 -0.306835 0.126339
v 0.140984 -0.315628 0.126539
v 0.145161 -0.304729 0.122569
v 0.146150 -0.316330 0.123536
v 0.150667 -0.313653 0.119465
v 0.144777 -0.325890 0.125839
v 0.155460 -0.307480 0.114913
v 0.156164 -0.323443 0.115803
v 0.182179 -0.344118 0.088098
v 0.180327 -0.335936 0.090666
v 0.179672 -0.350042 0.091948
v 0.184409 -0.345936 0.084287
v 0.184230 -0.331292 0.084669
v 0.178321 -0.329004 0.093537
v 0.180705 -0.321598 0.089109
v 0.183577 -0.316651 0.085135
v 0.181413 -0.306222 0.087824
v 0.186149 -0.317934 0.081413
v 0.127309 -0.294199 0.128700
v 0.133011 -0.299536 0.127194
v 0.138996 -0.299819 0.124553
v 0.142088 -0.292716 0.121763
v 0.160200 -0.300438 0.110738
v 0.153645 -0.292670 0.113764
v 0.125073 -0.283378 0.128196
v 0.130073 -0.274546 0.124302
v 0.135585 -0.266904 0.120653
v 0.138718 -0.280322 0.120535
v 0.146413 -0.286043 0.117517
v 0.154837 -0.271640 0.108706
v 0.148248 -0.266028 0.112646
v 0.151056 -0.278745 0.112601
v 0.174235 -0.307927 0.098070
v 0.177184 -0.298312 0.092089
v 0.172580 -0.291156 0.096839
v 0.166144 -0.309147 0.107487
v 0.164088 -0.292703 0.106450
v 0.167741 -0.283761 0.101480
v 0.161993 -0.277527 0.105304
v 0.170218 -0.274883 0.096883
v 0.181947 -0.259978 0.079184
v 0.181187 -0.275151 0.082377
v 0.185206 -0.277732 0.077985
v 0.179802 -0.288231 0.086929
v 0.176484 -0.269428 0.087220
v 0.171706 -0.265051 0.092012
v 0.167423 -0.259914 0.096483
v 0.158892 -0.262986 0.104805
v 0.172068 -0.252248 0.089346
v 0.148907 -0.229323 0.110585
v 0.145179 -0.219886 0.114067
v 0.142259 -0.227549 0.116277
v 0.142656 -0.211741 0.116289
v 0.139888 -0.203685 0.118039
v 0.136161 -0.208300 0.122102
v 0.149885 -0.214945 0.109926
v 0.141185 -0.260985 0.116553
v 0.134229 -0.255285 0.121059
v 0.128233 -0.246935 0.125296
v 0.121791 -0.237105 0.130131
v 0.136094 -0.244941 0.119682
v 0.145416 -0.254570 0.113776
v 0.142450 -0.244609 0.115148
v 0.138962 -0.235986 0.118624
v 0.149117 -0.246823 0.110631
v 0.126646 -0.228057 0.127780
v 0.135063 -0.226754 0.122028
v 0.129759 -0.219319 0.126860
v 0.130347 -0.211095 0.127081
v 0.129738 -0.203014 0.126781
v 0.181728 -0.248024 0.075577
v 0.177049 -0.242481 0.081172
v 0.172064 -0.225492 0.085922
v 0.171236 -0.238272 0.087693
v 0.152190 -0.238795 0.107649
v 0.155462 -0.230136 0.104514
v 0.175305 -0.215684 0.081504
v 0.167204 -0.209850 0.090421
v 0.161793 -0.231592 0.099376
v 0.156973 -0.220714 0.103464
v 0.154349 -0.211082 0.105628
v 0.161924 -0.254357 0.101766
v 0.155401 -0.250168 0.106064
v 0.164309 -0.244908 0.097476
v 0.167063 -0.237993 0.093205
v 0.148760 -0.382486 0.124765
v 0.145417 -0.370839 0.128016
v 0.154203 -0.374677 0.120127
v 0.152699 -0.392008 0.121420
v 0.156133 -0.399424 0.117371
v 0.146668 -0.354301 0.126413
v 0.158734 -0.367435 0.115281
v 0.155961 -0.356539 0.118483
v 0.160612 -0.395908 0.112955
v 0.178091 -0.380327 0.093231
v 0.165309 -0.390758 0.107925
v 0.162643 -0.379073 0.111538
v 0.170491 -0.382873 0.103520
v 0.174506 -0.374242 0.099112
v 0.172172 -0.366311 0.102802
v 0.164237 -0.361128 0.110207
v 0.177758 -0.362913 0.094521
v 0.152128 -0.347455 0.121765
v 0.146754 -0.338954 0.125743
v 0.157004 -0.340455 0.116977
v 0.161827 -0.333353 0.112654
v 0.169756 -0.354952 0.105318
v 0.166504 -0.343622 0.108919
v 0.173791 -0.350938 0.100909
v 0.176895 -0.350587 0.096044
v 0.175977 -0.338435 0.097735
v 0.166908 -0.326242 0.107405
v 0.171158 -0.317619 0.102740
v 0.175216 -0.324391 0.097897
v 0.083923 -0.195477 0.158746
v 0.070279 -0.186092 0.166904
v 0.063401 -0.189032 0.169510
v 0.075445 -0.189873 0.163521
v 0.090845 -0.190536 0.154875
v 0.122362 -0.197763 0.132167
v 0.113788 -0.193726 0.138954
v 0.104854 -0.190017 0.145335
v 0.116118 -0.188716 0.137869
v 0.096507 -0.186591 0.151969
v 0.075234 -0.183684 0.163565
v 0.080958 -0.182299 0.159998
v 0.087911 -0.183960 0.156388
v 0.099902 -0.184737 0.147971
v 0.109399 -0.185111 0.141079
v 0.105153 -0.183810 0.144093
v 0.103276 -0.183129 0.145194
v 0.086473 -0.181584 0.157279
v 0.074189 -0.181058 0.163335
v 0.089344 -0.181678 0.154854
v 0.104477 -0.182412 0.144087
v 0.171297 -0.191166 0.082578
v 0.165941 -0.186096 0.087445
v 0.164553 -0.190430 0.091530
v 0.161665 -0.183398 0.092067
v 0.168927 -0.183816 0.083076
v 0.170934 -0.182548 0.080417
v 0.141609 -0.198622 0.116169
v 0.136029 -0.197322 0.121015
v 0.133636 -0.188763 0.123732
v 0.137647 -0.188777 0.119915
v 0.131837 -0.186692 0.123343
v 0.128949 -0.185275 0.125794
v 0.127819 -0.186732 0.126974
v 0.130053 -0.183554 0.124260
v 0.130005 -0.196805 0.126358
v 0.131845 -0.192056 0.125074
v 0.116055 -0.186159 0.135968
v 0.123539 -0.187334 0.131862
v 0.128944 -0.188639 0.127545
v 0.117326 -0.184172 0.134711
v 0.118151 -0.183700 0.133987
v 0.147950 -0.200873 0.110181
v 0.142157 -0.193280 0.115027
v 0.142021 -0.188236 0.115830
v 0.141804 -0.183559 0.113828
v 0.147188 -0.188283 0.110713
v 0.154743 -0.204047 0.104180
v 0.159786 -0.203526 0.098510
v 0.153438 -0.194953 0.105201
v 0.162298 -0.197325 0.094473
v 0.152603 -0.188779 0.105954
v 0.157751 -0.189102 0.099906
v 0.152882 -0.183481 0.103781
v 0.117529 -0.182995 0.134530
v 0.044287 -0.196627 0.175556
v 0.035201 -0.194192 0.177603
v 0.017376 -0.188573 0.180062
v 0.026866 -0.189071 0.178877
v 0.018843 -0.183721 0.181139
v 0.035598 -0.189475 0.177872
v 0.051454 -0.193929 0.173201
v 0.054552 -0.190366 0.172577
v 0.044863 -0.190017 0.175579
v 0.055173 -0.186118 0.173538
v 0.038304 -0.185841 0.178235
v 0.022868 -0.181779 0.179413
v 0.014301 -0.179885 0.179425
v 0.027357 -0.180609 0.178289
v 0.032052 -0.183248 0.178249
v 0.040643 -0.183774 0.176568
v 0.041997 -0.181238 0.175893
v 0.056275 -0.183563 0.171766
v 0.058603 -0.181702 0.170399
v 0.196239 -0.412896 -0.002782
v 0.196670 -0.394191 -0.003011
v 0.198300 -0.385456 0.000500
v 0.197436 -0.373186 -0.004356
v 0.197913 -0.352662 -0.005437
v 0.200977 -0.348997 0.006600
v 0.201408 -0.367030 0.008970
v 0.200677 -0.362633 0.005599
v 0.199612 -0.374185 0.003753
v 0.199650 -0.354683 0.001911
v 0.199190 -0.396275 0.005562
v 0.198916 -0.343887 -0.002520
v 0.197865 -0.333649 -0.006684
v 0.196954 -0.315535 -0.009203
v 0.199527 -0.337375 0.000387
v 0.200406 -0.335818 0.004092
v 0.199710 -0.323418 0.000370
v 0.200821 -0.333649 0.006885
v 0.199379 -0.312518 0.001735
v 0.198818 -0.308610 -0.003092
v 0.201185 -0.326588 0.008858
v 0.200049 -0.316451 0.005527
v 0.198882 -0.301621 0.003280
v 0.201535 -0.338029 0.011479
v 0.201193 -0.322016 0.011061
v 0.202237 -0.321874 0.020775
v 0.202534 -0.328603 0.019500
v 0.201355 -0.311206 0.018980
v 0.198329 -0.394267 0.046429
v 0.199246 -0.393596 0.043795
v 0.199810 -0.394180 0.040558
v 0.200163 -0.380917 0.041796
v 0.201358 -0.371241 0.038707
v 0.201087 -0.364715 0.041614
v 0.201552 -0.429080 0.028053
v 0.202189 -0.416596 0.028062
v 0.201490 -0.430552 0.029510
v 0.202929 -0.408254 0.026526
v 0.203436 -0.403260 0.026572
v 0.204002 -0.392964 0.026021
v 0.203997 -0.379205 0.026605
v 0.203622 -0.392064 0.027669
v 0.204165 -0.391112 0.025284
v 0.204261 -0.392019 0.024758
v 0.204782 -0.380785 0.024383
v 0.199388 -0.416952 0.038805
v 0.200806 -0.413584 0.035559
v 0.201528 -0.408517 0.032819
v 0.201834 -0.399022 0.034006
v 0.199534 -0.405077 0.039465
v 0.201153 -0.392237 0.037455
v 0.200492 -0.434938 0.031496
v 0.200795 -0.420633 0.031842
v 0.202523 -0.402058 0.029997
v 0.201867 -0.390569 0.034135
v 0.201796 -0.387869 0.035879
v 0.202796 -0.387488 0.032728
v 0.201578 -0.379970 0.036763
v 0.201994 -0.367942 0.035727
v 0.203471 -0.386079 0.029232
v 0.200057 -0.357509 0.045738
v 0.201453 -0.345914 0.041578
v 0.202287 -0.334190 0.037823
v 0.201485 -0.325694 0.041655
v 0.200114 -0.317179 0.045786
v 0.200184 -0.306092 0.042563
v 0.203911 -0.365614 0.025977
v 0.204071 -0.366394 0.027409
v 0.203889 -0.353689 0.025382
v 0.204038 -0.368638 0.024524
v 0.204086 -0.373262 0.023594
v 0.203114 -0.331602 0.027100
v 0.202726 -0.322350 0.028533
v 0.203376 -0.339967 0.028774
v 0.203493 -0.342767 0.023922
v 0.203751 -0.348990 0.022645
v 0.202972 -0.332271 0.022622
v 0.201866 -0.315612 0.022551
v 0.203283 -0.337492 0.025234
v 0.202373 -0.321278 0.025206
v 0.202686 -0.377929 0.032427
v 0.202406 -0.370704 0.033600
v 0.203227 -0.379807 0.031010
v 0.202793 -0.358196 0.033989
v 0.203711 -0.356816 0.029089
v 0.203731 -0.371814 0.029082
v 0.202941 -0.348414 0.031440
v 0.202575 -0.341511 0.034669
v 0.202564 -0.322111 0.034477
v 0.198361 -0.384344 0.048697
v 0.199207 -0.368377 0.049771
v 0.197913 -0.381513 0.052985
v 0.196080 -0.388280 0.057416
v 0.195729 -0.375560 0.062025
v 0.194098 -0.395752 0.062536
v 0.186422 -0.436627 0.071850
v 0.188691 -0.428627 0.067927
v 0.186503 -0.419699 0.072178
v 0.191216 -0.414516 0.064248
v 0.188446 -0.402062 0.073155
v 0.191235 -0.398469 0.067915
v 0.189865 -0.384713 0.072037
v 0.199435 -0.349857 0.050541
v 0.196542 -0.357917 0.062159
v 0.195273 -0.365429 0.066257
v 0.198121 -0.340357 0.054780
v 0.199383 -0.330095 0.049598
v 0.198502 -0.311920 0.049703
v 0.197157 -0.327124 0.057890
v 0.196972 -0.343890 0.059986
v 0.195606 -0.345893 0.064705
v 0.189000 -0.371034 0.076651
v 0.192319 -0.367632 0.071454
v 0.194050 -0.353643 0.068677
v 0.186763 -0.358328 0.081302
v 0.187756 -0.342127 0.079785
v 0.190630 -0.335171 0.074716
v 0.188438 -0.326132 0.078388
v 0.193329 -0.323785 0.070137
v 0.194077 -0.339287 0.069668
v 0.188689 -0.309971 0.077415
v 0.196205 -0.301471 -0.007834
v 0.194611 -0.298128 -0.012407
v 0.191963 -0.287496 -0.017341
v 0.189744 -0.272249 -0.019117
v 0.195767 -0.291825 -0.005384
v 0.188718 -0.257566 -0.017778
v 0.187571 -0.239895 -0.017670
v 0.189980 -0.253719 -0.013149
v 0.196724 -0.289257 -0.001269
v 0.193616 -0.276441 -0.005567
v 0.191517 -0.260089 -0.008102
v 0.193358 -0.263521 -0.002818
v 0.197630 -0.288532 0.002706
v 0.190423 -0.242591 -0.009253
v 0.189382 -0.227410 -0.011828
v 0.190485 -0.229303 -0.006962
v 0.183356 -0.212445 -0.024652
v 0.185516 -0.225243 -0.021514
v 0.187261 -0.225311 -0.016644
v 0.183287 -0.200936 -0.023646
v 0.182514 -0.190666 -0.023254
v 0.184834 -0.197124 -0.018770
v 0.180549 -0.181588 -0.023625
v 0.191146 -0.228234 -0.002388
v 0.189980 -0.216901 -0.005401
v 0.188167 -0.215003 -0.013796
v 0.189035 -0.208795 -0.009945
v 0.187203 -0.203137 -0.014128
v 0.186229 -0.192485 -0.014113
v 0.189515 -0.204576 -0.005120
v 0.190190 -0.200655 -0.000489
v 0.189220 -0.194086 -0.005167
v 0.195273 -0.271957 0.001986
v 0.197770 -0.283702 0.005661
v 0.192934 -0.255356 0.001024
v 0.200100 -0.301876 0.013101
v 0.200494 -0.309780 0.011181
v 0.199281 -0.292620 0.009322
v 0.196881 -0.274086 0.008520
v 0.195835 -0.263317 0.011467
v 0.194352 -0.256086 0.008277
v 0.191939 -0.239706 0.000394
v 0.192926 -0.248961 0.004093
v 0.192696 -0.241020 0.007619
v 0.201404 -0.315219 0.015313
v 0.199849 -0.300198 0.015122
v 0.198690 -0.284503 0.015405
v 0.200144 -0.299283 0.017198
v 0.197140 -0.272573 0.017846
v 0.195972 -0.263309 0.020639
v 0.197732 -0.278887 0.019912
v 0.196841 -0.268541 0.015158
v 0.199625 -0.294653 0.019166
v 0.199205 -0.288803 0.021476
v 0.194856 -0.250534 0.014789
v 0.194538 -0.246422 0.021051
v 0.195185 -0.255727 0.023640
v 0.191439 -0.227004 0.001971
v 0.192093 -0.228599 0.006310
v 0.191327 -0.216947 0.004806
v 0.193000 -0.231598 0.010404
v 0.190531 -0.206018 0.004139
v 0.191575 -0.211767 0.008950
v 0.190234 -0.195804 0.004043
v 0.193924 -0.238414 0.018017
v 0.193455 -0.233458 0.014148
v 0.192646 -0.220211 0.012988
v 0.194065 -0.228940 0.022438
v 0.191911 -0.207986 0.014135
v 0.191122 -0.195812 0.014285
v 0.192341 -0.203135 0.019372
v 0.192490 -0.221146 0.027306
v 0.193279 -0.212192 0.023782
v 0.191697 -0.196753 0.025927
v 0.199723 -0.297320 0.038450
v 0.198295 -0.289279 0.042585
v 0.194587 -0.259605 0.041627
v 0.192684 -0.244424 0.043061
v 0.193592 -0.254299 0.046492
v 0.196439 -0.279390 0.045735
v 0.196431 -0.274552 0.042051
v 0.192056 -0.251404 0.051008
v 0.194271 -0.266227 0.048563
v 0.200904 -0.305963 0.028905
v 0.201751 -0.311548 0.031584
v 0.201139 -0.306276 0.026251
v 0.199324 -0.291794 0.028406
v 0.201381 -0.310177 0.024285
v 0.200393 -0.299322 0.023267
v 0.198101 -0.282994 0.024042
v 0.194858 -0.257322 0.033110
v 0.196767 -0.271884 0.034547
v 0.197168 -0.275310 0.030829
v 0.197654 -0.278036 0.027477
v 0.196117 -0.266045 0.025559
v 0.200779 -0.303510 0.034806
v 0.198192 -0.286239 0.036348
v 0.196254 -0.270380 0.038300
v 0.190031 -0.208668 0.041475
v 0.188169 -0.198336 0.044467
v 0.188662 -0.206206 0.046003
v 0.192013 -0.234229 0.040489
v 0.190897 -0.229076 0.045685
v 0.189995 -0.236742 0.053062
v 0.189774 -0.248305 0.055923
v 0.187516 -0.223372 0.055487
v 0.184844 -0.213131 0.060335
v 0.185870 -0.226444 0.060475
v 0.189541 -0.224634 0.050802
v 0.189007 -0.214656 0.048317
v 0.187777 -0.202484 0.050415
v 0.194150 -0.249100 0.027276
v 0.193775 -0.243499 0.031400
v 0.193034 -0.231837 0.029475
v 0.192866 -0.239120 0.035894
v 0.191237 -0.222854 0.038573
v 0.191709 -0.215658 0.032419
v 0.190597 -0.201111 0.035442
v 0.191036 -0.211593 0.036954
v 0.195401 -0.311394 0.060404
v 0.193411 -0.293967 0.061099
v 0.193364 -0.308601 0.065627
v 0.193811 -0.284860 0.055329
v 0.191231 -0.275924 0.060233
v 0.196964 -0.311641 0.054605
v 0.196483 -0.296900 0.051475
v 0.195297 -0.281537 0.050040
v 0.188271 -0.266614 0.066045
v 0.185177 -0.256256 0.070385
v 0.187464 -0.274781 0.072002
v 0.189624 -0.257741 0.060010
v 0.191307 -0.306971 0.072164
v 0.189251 -0.292400 0.075335
v 0.187121 -0.240986 0.060712
v 0.182370 -0.239816 0.071130
v 0.183806 -0.232456 0.066052
v 0.180353 -0.223779 0.072519
v 0.178237 -0.209147 0.074943
v 0.199720 -0.405760 0.009512
v 0.201277 -0.389130 0.010528
v 0.202118 -0.371181 0.012043
v 0.202058 -0.399823 0.016177
v 0.202258 -0.411860 0.017489
v 0.202155 -0.419192 0.018973
v 0.202502 -0.385451 0.015783
v 0.202997 -0.394349 0.017218
v 0.202480 -0.405818 0.018112
v 0.202796 -0.395712 0.018369
v 0.201926 -0.355934 0.012501
v 0.202496 -0.373150 0.013714
v 0.203043 -0.368652 0.015860
v 0.202794 -0.409144 0.021178
v 0.203033 -0.401939 0.019477
v 0.203449 -0.385281 0.018795
v 0.203271 -0.401029 0.021618
v 0.203723 -0.375399 0.019268
v 0.203572 -0.368007 0.017823
v 0.203746 -0.392970 0.022266
v 0.203900 -0.383899 0.020771
v 0.203768 -0.366293 0.020420
v 0.202218 -0.345570 0.013835
v 0.202846 -0.360058 0.016788
v 0.202835 -0.352052 0.015384
v 0.202030 -0.337459 0.014824
v 0.202361 -0.327849 0.015037
v 0.201734 -0.323787 0.012994
v 0.202992 -0.349155 0.017779
v 0.203079 -0.338058 0.018685
v 0.202590 -0.331145 0.016822
v 0.204274 -0.357559 0.021561
v 0.203688 -0.347596 0.019927
v 0.203026 -0.409108 0.024050
v 0.202172 -0.419038 0.025666
v 0.201954 -0.426022 0.026868
v 0.202681 -0.413194 0.026123
v 0.203920 -0.398436 0.023351
v 0.203502 -0.398418 0.023231
v 0.203991 -0.395083 0.024242
v 0.204245 -0.389743 0.023356
v 0.204294 -0.388417 0.022706
v 0.204609 -0.378945 0.022657
v 0.203495 -0.401867 0.025027
v 0.204206 -0.365483 0.022711
v 0.172635 -0.171471 -0.036566
v 0.182467 -0.179601 -0.018381
v 0.179736 -0.176028 -0.024405
v 0.177630 -0.174141 -0.025760
v 0.175901 -0.172395 -0.029571
v 0.180001 -0.173543 -0.019731
v 0.186961 -0.188612 -0.009860
v 0.184352 -0.183866 -0.013742
v 0.184134 -0.178057 -0.012781
v 0.187460 -0.185903 -0.005426
v 0.183338 -0.174416 -0.010968
v 0.186209 -0.180393 -0.005107
v 0.187359 -0.184017 -0.000845
v 0.185359 -0.175014 -0.003225
v 0.189217 -0.185681 0.028113
v 0.189532 -0.191138 0.032564
v 0.189430 -0.183080 0.015303
v 0.188012 -0.179865 0.017045
v 0.189476 -0.182860 0.021572
v 0.188787 -0.179811 0.027648
v 0.188819 -0.187766 0.004143
v 0.188242 -0.182574 0.003573
v 0.189837 -0.191369 0.009099
v 0.186872 -0.178911 0.004627
v 0.188749 -0.181951 0.009083
v 0.189335 -0.187226 0.013320
v 0.186767 -0.176167 0.008738
v 0.188108 -0.176961 0.020907
v 0.187460 -0.178015 0.031181
v 0.188244 -0.190197 0.038925
v 0.186238 -0.184244 0.044076
v 0.187532 -0.191039 0.043514
v 0.184715 -0.179726 0.045349
v 0.186674 -0.191654 0.046809
v 0.186246 -0.193612 0.050414
v 0.185615 -0.187335 0.049427
v 0.184540 -0.184297 0.053361
v 0.180822 -0.204921 0.067074
v 0.175942 -0.197995 0.074944
v 0.183152 -0.200872 0.060113
v 0.185576 -0.197426 0.054573
v 0.182842 -0.191747 0.060038
v 0.176392 -0.189704 0.073671
v 0.179608 -0.187221 0.065440
v 0.175381 -0.184627 0.071512
v 0.182061 -0.185670 0.058127
v 0.182339 -0.180381 0.055426
v 0.176404 -0.181961 0.068948
f 1884 1885 1886
f 3 1888 1887
f 9 1889 1890
f 5 1892 1891
f 277 282 279
f 279 278 277
f 4 1893 1894
f 1894 1892 1895
f 280 1896 277
f 278 1897 1898
f 1898 1899 1891
f 281 1900 1901
f 7 1902 1901
f 1903 1897 1904
f 284 1904 1905
f 281 1906 1900
f 1906 1903 1907
f 1908 285 1909
f 1896 280 1910
f 285 1908 283
f 1905 1909 1911
f 1912 1907 1913
f 1914 1911 1915
f 1913 1914 1916
f 1917 287 1918
f 285 1918 1919
f 1920 337 1916
f 1921 289 1922
f 1915 285 1919
f 26 1923 1924
f 1925 1922 1926
f 289 1921 1927
f 1928 1929 1930
f 1927 1923 1929
f 1926 1928 1931
f 1932 280 1893
f 290 4 1933
f 280 1932 1934
f 8 293 290
f 291 290 1935
f 8 1936 293
f 283 1910 1937
f 291 1938 1934
f 1939 1938 1940
f 1940 1935 1941
f 1942 1939 1943
f 294 1945 1944
f 296 1947 1946
f 1946 294 1944
f 295 22 1948
f 24 1949 1950
f 24 1950 23
f 1941 1947 1951
f 1952 1943 1953
f 1953 1951 1954
f 1955 1956 1949
f 1954 1956 1957
f 1958 1917 1959
f 1959 1937 1960
f 1960 1942 1961
f 1962 1963 1961
f 1964 1958 1965
f 1924 1964 1966
f 1965 1963 1967
f 1968 1969 1967
f 1970 1952 1971
f 1972 1962 1970
f 1973 1974 1971
f 1973 1957 1975
f 1976 1972 1977
f 1978 1968 1976
f 1979 1980 1981
f 1977 1974 1981
f 1982 1930 1983
f 1984 1982 1985
f 1986 1985 1987
f 1988 1989 1990
f 1991 1966 1992
f 1993 1994 1995
f 1992 1969 1995
f 1991 1996 1983
f 1997 1998 1999
f 2000 1999 1996
f 1998 2001 1987
f 2002 2000 2003
f 2003 1994 2004
f 2005 1997 2002
f 2006 1993 2007
f 2007 1978 2008
f 2009 2010 2011
f 2008 1980 2011
f 2012 2013 2014
f 2004 2006 2014
f 2012 2010 2015
f 2016 2017 2015
f 2018 2001 2019
f 2020 2021 2019
f 2022 2005 2023
f 2024 2020 2022
f 2025 2026 2021
f 1990 2025 2027
f 2028 2029 2024
f 2030 2031 2032
f 2023 2013 2032
f 2033 2034 2031
f 2030 2017 2035
f 2036 2033 2037
f 2037 2035 2038
f 2028 2034 2039
f 2040 2039 2041
f 2042 2043 2044
f 2041 2036 2044
f 1885 320 2045
f 2046 2045 2047
f 2048 2049 2047
f 2050 2051 2052
f 2049 2053 2054
f 2054 2055 2052
f 2056 2055 2057
f 2058 2059 2060
f 2061 2062 2060
f 2063 2064 2065
f 2066 2059 2065
f 2067 1884 2061
f 2067 2066 2068
f 2068 2069 2048
f 2070 2071 2064
f 2071 2072 2069
f 2073 2063 2074
f 1887 2075 2058
f 2075 2076 2077
f 2077 2078 2074
f 2079 2073 2080
f 2080 2078 2081
f 2082 2083 2084
f 2053 2072 2085
f 2086 2087 2088
f 2089 2090 2091
f 2091 2085 2086
f 2070 2079 2092
f 2093 2094 2095
f 2087 2092 2095
f 2084 2096 2081
f 2093 2096 2097
f 335 2099 2098
f 2100 2101 2102
f 335 2098 2102
f 2103 2104 2105
f 2076 1889 2106
f 2105 2107 2106
f 2103 2108 2101
f 2109 2110 1912
f 2100 2110 2111
f 2112 2082 2107
f 2104 2113 2112
f 334 10 2114
f 2115 2111 2116
f 2113 2115 2117
f 2118 2083 2119
f 2109 1920 2120
f 2121 2120 2122
f 2116 2121 2123
f 2124 2125 2126
f 2122 1925 2126
f 2123 2125 2127
f 2128 2129 2130
f 2057 2090 2129
f 2131 2132 2130
f 2133 2132 2134
f 2135 2136 2134
f 2137 2088 2138
f 2139 2140 2089
f 2137 2141 2139
f 2131 2140 2142
f 2143 2144 2141
f 2145 2138 2146
f 2147 2148 2149
f 2149 2097 2150
f 2148 2146 2094
f 2151 2143 2145
f 2152 2153 2147
f 2154 2142 2155
f 2156 2155 2144
f 2157 2156 2158
f 2135 2154 2159
f 2160 2161 2157
f 2162 2163 2151
f 2153 2164 2162
f 2163 2165 2158
f 2166 2167 2168
f 2169 2168 2164
f 2170 2171 2166
f 2165 2167 2172
f 2173 2160 2172
f 2174 2175 2117
f 2176 2177 2119
f 2178 2177 2179
f 2175 2180 2176
f 2181 2180 2182
f 2183 2124 2184
f 1931 1984 2184
f 2127 2185 2174
f 2185 2186 2187
f 2183 2188 2186
f 2188 1986 2189
f 2187 2190 2182
f 2150 2118 2191
f 2191 2178 2152
f 2192 2179 2193
f 2181 2194 2193
f 2194 2195 2196
f 2196 2197 2198
f 2199 2200 2197
f 2189 2201 2190
f 2201 2018 2202
f 2195 2202 2203
f 2204 2203 2026
f 2205 2204 2206
f 2206 1989 2207
f 2205 2208 2199
f 2198 2209 2210
f 2210 2169 2192
f 2211 2170 2209
f 2200 2212 2211
f 2213 2214 2215
f 2216 2217 2218
f 2219 2215 2218
f 2220 2221 2217
f 2222 2223 2216
f 2224 2225 2226
f 2220 2223 2226
f 2227 2228 2229
f 2229 2214 2230
f 2231 2227 2232
f 2222 2228 2233
f 2234 2224 2235
f 11 2236 2237
f 2238 2213 2237
f 2238 2046 2239
f 2230 2239 2051
f 2240 2241 2225
f 2242 2221 2243
f 2243 2244 2245
f 2246 2245 2247
f 2248 2249 2247
f 2244 2241 2250
f 2248 2250 2251
f 2240 2252 2253
f 2252 2234 2254
f 2255 2256 2251
f 2255 2257 2258
f 2259 2233 2260
f 2235 2259 2261
f 2262 2261 2263
f 2264 2231 2265
f 2260 2264 2266
f 2267 2268 2266
f 2263 2268 2269
f 2232 2270 2271
f 2270 2050 2272
f 2272 2056 2273
f 2257 2253 2274
f 2275 2254 2276
f 2275 2277 2274
f 2276 2262 2278
f 2279 2277 2280
f 2281 2279 2282
f 2258 2281 2283
f 2284 2278 2285
f 2280 2284 2286
f 2287 2288 2283
f 2289 2290 2265
f 2291 2269 2292
f 2293 2294 2290
f 2267 2294 2295
f 2296 2295 2297
f 2292 2296 2298
f 2299 2273 2300
f 2300 2128 2301
f 2289 2271 2299
f 2302 2301 2303
f 2285 2291 2304
f 2305 2306 2282
f 2287 2306 2307
f 2308 2304 2309
f 2286 2308 2310
f 2311 2305 2310
f 2312 2313 2293
f 2314 2312 2315
f 2297 2313 2316
f 2317 2298 2318
f 2319 2316 2320
f 2318 2319 2321
f 2322 2303 2133
f 2302 2323 2315
f 2324 2325 2322
f 2323 2325 2326
f 2327 2328 2329
f 2309 2317 2329
f 2330 2331 2332
f 2311 2328 2332
f 2307 2333 2334
f 2333 2331 2335
f 2336 2337 2327
f 2330 2337 2338
f 2339 2335 2340
f 2341 2340 2342
f 2343 2344 2345
f 2345 2249 2346
f 2347 2348 2346
f 2349 2350 2351
f 2351 2343 2352
f 2352 2348 2353
f 2256 2354 2347
f 2353 2355 2356
f 2357 2356 2358
f 2359 2349 2360
f 2361 2359 2362
f 2363 2362 2364
f 2365 2366 2367
f 2367 2363 2368
f 2360 2357 2369
f 2370 2371 2368
f 2372 2373 2370
f 2374 2375 2355
f 2376 2377 2358
f 2378 2379 2375
f 2376 2379 2380
f 2381 2382 2354
f 2374 2382 2383
f 2381 2288 2384
f 2385 2380 2386
f 2378 2383 2387
f 2388 2369 2389
f 2389 2377 2390
f 2364 2388 2391
f 2392 2393 2391
f 2372 2393 2394
f 2392 2395 2396
f 2397 2398 2394
f 2390 2385 2399
f 2395 2399 2400
f 2400 2401 2402
f 2397 2396 2403
f 2387 2404 2405
f 2406 2407 2408
f 2386 2405 2408
f 2409 2410 2411
f 2404 2384 2411
f 2409 2412 2413
f 2406 2410 2414
f 2401 2407 2415
f 2416 2417 2402
f 2418 2403 2419
f 2419 2417 2420
f 2415 2421 2422
f 2423 2424 2422
f 2425 2426 2427
f 2416 2424 2427
f 2428 2420 2429
f 2429 2426 2430
f 2412 2334 2431
f 2432 2433 2431
f 2413 2433 2434
f 2435 2436 2414
f 2421 2436 2437
f 2432 2339 2438
f 2439 2440 2434
f 2435 2440 2441
f 2442 2443 2437
f 2444 2430 2445
f 2446 2444 2447
f 2448 2449 2447
f 2450 2451 2452
f 2453 2425 2454
f 2454 2452 2455
f 2450 2423 2443
f 2456 2457 2458
f 2458 2445 2453
f 2448 2457 2459
f 2460 2459 2461
f 2462 1988 2463
f 2464 2463 2465
f 2465 2027 2466
f 2467 2464 2468
f 2469 2470 2471
f 2466 2029 2472
f 2472 2040 2471
f 2473 2468 2470
f 2474 2475 2467
f 2476 2474 2477
f 2478 2473 2479
f 2480 2477 2481
f 2481 2478 2482
f 2483 2484 2485
f 2469 2043 2485
f 2479 2484 2486
f 2487 2482 2486
f 2488 2489 2480
f 2490 2491 2492
f 2493 2494 2495
f 2488 2490 2495
f 2491 2487 2496
f 2497 2498 2493
f 2499 2500 2498
f 2501 2499 2502
f 2503 2504 2505
f 2505 2159 2506
f 2161 2507 2506
f 2508 2509 2510
f 2510 2503 2511
f 2512 2511 2507
f 2513 2512 2514
f 2515 2516 2171
f 2517 2518 2519
f 2520 2516 2519
f 2520 2521 2173
f 2522 2523 2524
f 2525 2518 2524
f 2526 2521 2527
f 2528 2529 2527
f 2514 2526 2530
f 2525 2531 2528
f 2532 2508 2533
f 2534 2535 2533
f 2536 2534 2513
f 2537 2536 2538
f 2539 2523 2540
f 2541 2529 2542
f 2541 2543 2530
f 2531 2539 2544
f 2545 2546 2547
f 2548 2549 2545
f 2550 2551 2542
f 2543 2552 2538
f 2544 2553 2550
f 2553 2549 2554
f 2555 2556 2557
f 2558 2559 2557
f 2560 2561 2556
f 2562 2561 2563
f 2564 2565 2207
f 2564 2566 2555
f 2559 2208 2565
f 47 2567 2566
f 476 2568 2569
f 2568 2570 2560
f 2567 2462 2571
f 2475 2572 2571
f 2569 2572 2573
f 2574 2515 2212
f 2575 2517 2576
f 2574 2558 2576
f 2575 2562 2522
f 2577 2578 2579
f 2580 2563 2578
f 2577 2581 2582
f 483 2584 2583
f 2585 501 2586
f 2584 2582 2587
f 2587 482 2588
f 486 2589 2585
f 2590 49 2589
f 2579 2570 2591
f 476 2592 2591
f 481 2593 2581
f 2594 488 2593
f 2595 2592 2596
f 2596 2573 2597
f 2595 2598 2594
f 2599 484 2588
f 2600 2599 2601
f 2601 2598 2602
f 2590 2600 2603
f 2580 2604 2540
f 2546 2604 2583
f 2597 2476 2605
f 2606 2605 2607
f 2489 2608 2607
f 2602 2606 2609
f 2609 2610 2611
f 2608 2494 2612
f 2610 2612 2613
f 2614 2615 2616
f 2617 2537 2616
f 2618 2551 2619
f 2552 2618 2620
f 2620 2621 2614
f 2554 2622 2619
f 2622 2548 2623
f 2624 2625 2626
f 2626 2627 2628
f 2621 2629 2630
f 2623 2624 2631
f 2631 2632 2629
f 496 2634 2633
f 2634 2628 2635
f 2636 511 2637
f 2630 2638 2639
f 2639 2640 2641
f 2642 2643 2640
f 2632 2633 2644
f 2644 2645 2638
f 2645 2637 2646
f 2647 2642 2646
f 2648 2649 2643
f 2650 2647 2651
f 485 2586 2652
f 503 502 2653
f 503 2653 2654
f 2655 2654 2656
f 2657 2658 2659
f 2660 2661 2603
f 2662 2660 2663
f 2656 2661 2664
f 2657 2664 2665
f 2662 2666 2665
f 2652 2667 2547
f 2625 2667 2668
f 494 2668 2669
f 2670 2627 2671
f 2669 2655 2671
f 2659 2672 2670
f 2666 2673 2674
f 2675 2674 2676
f 2672 2677 2635
f 2678 2658 2679
f 2680 2681 2682
f 2636 2677 2682
f 2680 2678 2683
f 2681 2684 2651
f 2679 2675 2685
f 2686 2683 2687
f 2688 2689 2685
f 2690 2687 2689
f 2663 2611 2691
f 2673 2691 2692
f 2693 2692 2694
f 2695 2694 2696
f 2696 2613 2697
f 2697 454 2500
f 516 2695 2698
f 2698 2501 2699
f 2700 2693 2701
f 2702 2703 2676
f 2704 2702 2700
f 2705 2706 2707
f 2707 2688 2703
f 2708 2709 2704
f 2709 2710 2705
f 2711 2701 2712
f 2712 2699 2713
f 2714 2711 2715
f 2714 2716 2717
f 2718 2708 2717
f 2719 2720 2718
f 2721 2719 2722
f 2723 2648 2724
f 2650 2725 2724
f 2725 2726 2727
f 2728 2729 2730
f 2730 2727 2731
f 2732 2733 2734
f 532 2734 2728
f 536 2735 2733
f 2736 2737 2686
f 2737 2738 2739
f 2726 2684 2739
f 2740 2741 2742
f 2740 2743 2744
f 2731 2738 2744
f 532 2743 2745
f 2736 2746 2747
f 2741 2747 2748
f 2746 2690 2749
f 2750 2742 2751
f 534 2752 2753
f 2753 531 2750
f 543 544 2754
f 2745 2755 2732
f 2755 2756 2757
f 2758 2710 2759
f 2760 2759 2761
f 2761 2720 2762
f 2763 2762 2721
f 2764 2760 2765
f 2766 2765 2767
f 2749 2706 2768
f 2769 2748 2770
f 2770 2768 2758
f 2751 2769 2771
f 2771 2764 2772
f 541 2773 2772
f 2774 541 2766
f 2775 2314 2776
f 2320 2775 2777
f 2778 2321 2779
f 2780 2777 2781
f 2779 2780 2782
f 2783 2781 2784
f 2785 2782 2786
f 2787 2324 2788
f 2326 2789 2776
f 2788 2136 2790
f 2504 2791 2790
f 2792 2789 2793
f 2791 2509 2794
f 2792 2795 2784
f 2336 2778 2796
f 2797 2338 2798
f 2342 2797 2799
f 2800 2341 2801
f 2802 2799 2803
f 2801 2802 2804
f 2805 2806 2807
f 2798 2796 2807
f 2808 2785 2809
f 2805 2808 2810
f 2803 2806 2811
f 2812 2811 2813
f 2804 2812 2814
f 2786 2783 2815
f 2816 2815 2817
f 2818 2787 2819
f 2793 2818 2820
f 2821 2819 2794
f 2822 2820 2823
f 2824 2821 2532
f 2823 2824 2825
f 2826 2817 2795
f 2827 2809 2828
f 2829 2810 2830
f 2830 2827 2831
f 2832 2833 2813
f 2834 2814 2835
f 2835 2833 2836
f 2832 2829 2837
f 2838 2831 2839
f 2840 2837 2841
f 2841 2838 2842
f 2843 2816 2844
f 2845 2846 2847
f 2847 2822 2848
f 2849 2850 2825
f 2848 2850 2851
f 2826 2846 2852
f 2853 2854 2844
f 2855 2845 2856
f 2857 2858 2851
f 2858 2859 2856
f 2860 2852 2861
f 2853 2860 2862
f 2861 2855 2863
f 2828 2843 2864
f 2839 2864 2865
f 2866 2842 2867
f 2868 2866 2869
f 2870 2865 2871
f 2867 2870 2872
f 2873 2869 2874
f 2875 2872 2876
f 2874 2875 2877
f 2878 2879 2880
f 2880 2859 2881
f 2882 2883 2863
f 2884 2862 2885
f 2885 2883 2886
f 2887 2882 2879
f 2888 2889 2878
f 2890 2887 2891
f 2892 2886 2893
f 2893 2890 2894
f 2891 2889 2895
f 2896 2897 2895
f 2898 2871 2899
f 2900 2901 2898
f 2902 2876 2903
f 2903 2901 2904
f 2905 2902 2906
f 2904 2907 2908
f 2909 2906 2910
f 2899 2854 2911
f 2911 2884 2912
f 2900 2912 2913
f 2913 2892 2914
f 2914 2915 2907
f 2916 2849 2535
f 2617 2917 2916
f 2918 2857 2917
f 2919 2920 2918
f 2881 2920 2921
f 2919 2615 2641
f 2888 2922 2923
f 2924 2921 2649
f 2922 2924 2925
f 2926 2438 2927
f 2927 2800 2928
f 2439 2926 2929
f 2930 2931 2929
f 2932 2933 2441
f 2934 2442 2933
f 2932 2931 2935
f 2936 2937 2930
f 2938 2934 2939
f 2940 2939 2941
f 2942 2937 2943
f 2935 2942 2941
f 2944 2945 2451
f 2946 2455 2947
f 2947 2945 2948
f 2949 2950 2951
f 2951 2456 2946
f 2461 2950 2952
f 2944 2938 2953
f 2954 2948 2955
f 2956 2957 2958
f 2958 2954 2959
f 2960 2949 2957
f 2961 2928 2834
f 2936 2961 2962
f 2963 2964 2940
f 2965 2943 2966
f 2963 2965 2967
f 2968 2836 2969
f 2969 2840 2970
f 2962 2968 2971
f 2970 2868 2972
f 2971 2973 2974
f 2975 2976 2966
f 2977 2967 2978
f 2978 2976 2979
f 2955 2953 2980
f 2980 2964 2981
f 2982 2983 2981
f 2984 2985 2983
f 2959 2985 2986
f 2986 2987 2988
f 2989 2990 2984
f 2991 2989 2992
f 2982 2977 2992
f 2993 2987 2990
f 2994 2974 2995
f 2973 2972 2996
f 2997 2998 2999
f 2975 2994 2999
f 3000 2979 3001
f 3001 2998 3002
f 3003 3004 2995
f 3005 3004 3006
f 3003 2996 2873
f 2997 3005 3007
f 3008 3009 3002
f 3010 3011 3012
f 2991 3000 3012
f 2993 3013 3014
f 3013 3011 3015
f 3016 3017 3014
f 3010 3009 3018
f 3019 3006 3020
f 3020 612 2877
f 3021 3007 3022
f 3008 3021 3023
f 621 3024 2905
f 3019 3024 3025
f 3022 3025 3026
f 3027 2909 3028
f 3026 3027 3029
f 3030 3031 3023
f 3032 3033 3018
f 3034 3035 3015
f 3016 3035 3036
f 3034 3033 3037
f 3038 3036 3039
f 3032 3031 3040
f 3041 3042 3040
f 3037 3042 3043
f 3044 3039 3045
f 3046 2894 3047
f 3047 2897 3048
f 3049 3048 3050
f 3050 3051 3052
f 2910 2908 3053
f 3053 3054 3055
f 3056 3055 3057
f 3058 3059 3046
f 3060 2915 3059
f 3061 3058 3062
f 633 3063 3061
f 3049 3064 3062
f 3054 3060 3065
f 634 3065 3066
f 3067 631 3052
f 642 3068 3067
f 631 3069 3064
f 635 3069 3070
f 632 3063 3071
f 3072 3073 2923
f 3072 2925 3074
f 3075 3074 3076
f 3073 3077 2896
f 3075 3078 3079
f 3078 3080 3081
f 3077 3079 3082
f 3082 3083 3051
f 3076 2723 3084
f 2729 3085 3084
f 3085 3086 3080
f 641 3087 3081
f 643 3087 3088
f 639 3089 3083
f 642 3089 3090
f 641 3086 3091
f 3091 527 3092
f 646 3092 3093
f 3094 3028 3095
f 3096 3094 3097
f 3098 3029 3099
f 3100 3101 3102
f 3030 3098 3102
f 3099 3096 3103
f 3095 63 3056
f 3104 3105 3103
f 3100 3105 3106
f 656 3104 3107
f 3041 3101 3108
f 3109 3110 3108
f 3045 3043 3111
f 3111 3110 3112
f 3113 3114 3106
f 3109 3114 3115
f 654 3116 3115
f 655 3116 3117
f 649 3118 3097
f 651 3118 3119
f 651 3120 3107
f 651 3121 3120
f 3122 654 3113
f 658 3123 3122
f 1379 3123 3124
f 3125 3126 3127
f 3128 3129 3130
f 662 3130 3131
f 3132 3133 3134
f 662 3134 3128
f 1955 24 3129
f 3135 673 3136
f 3137 3138 3139
f 673 3135 3138
f 667 3141 3140
f 3142 3143 3144
f 126 3143 3145
f 3146 125 3141
f 665 3133 3147
f 3140 3148 3149
f 3150 3151 3149
f 3148 3142 3152
f 3126 3153 3152
f 3139 3147 3151
f 3154 3125 3155
f 3156 3157 3154
f 3158 3156 3159
f 3160 3161 3158
f 3162 1975 3136
f 3163 3164 3162
f 3165 3166 3137
f 3163 3166 3167
f 1979 3164 3168
f 3169 3168 3170
f 674 3171 3170
f 3171 3167 3172
f 3173 3165 3174
f 3150 3175 3174
f 3175 3153 3176
f 3177 3176 3157
f 3178 3177 3179
f 3173 3178 3180
f 3181 3179 3182
f 3172 3180 3183
f 3161 3184 3182
f 3185 3186 3187
f 3187 3144 3188
f 3186 3189 3127
f 678 3190 3185
f 678 3191 3190
f 680 682 679
f 679 681 3189
f 682 681 679
f 683 681 682
f 684 3192 127
f 128 3194 3193
f 684 685 3195
f 682 680 3192
f 3196 3194 3197
f 3198 3199 3200
f 693 3200 3196
f 3201 3202 3203
f 685 3203 3195
f 3199 3204 3201
f 3205 3155 3206
f 686 3206 3207
f 3208 3205 3209
f 3210 3211 3212
f 686 3207 3212
f 3209 3211 3213
f 3214 3159 3208
f 3215 3214 3216
f 3217 3218 3213
f 3219 3220 3221
f 3216 3218 3221
f 3222 3210 3202
f 3223 3222 3224
f 3225 3226 3204
f 3227 3228 3229
f 3224 3226 3229
f 3228 3230 3231
f 3217 3223 3231
f 3232 3233 3234
f 3219 3230 3234
f 3232 3235 3236
f 693 3238 3237
f 3239 3198 3240
f 3240 693 3237
f 130 3242 3241
f 3243 3244 3239
f 3245 3243 3246
f 695 3242 3247
f 697 3248 3247
f 696 3248 3249
f 131 3251 3250
f 697 3251 3252
f 707 3253 3252
f 698 3253 3254
f 3249 3255 3246
f 3255 3254 3256
f 3257 3256 3258
f 3259 3260 3261
f 3262 3227 3263
f 3261 3263 3264
f 3225 3244 3265
f 3265 3266 3264
f 3267 3235 3262
f 3268 3267 3269
f 3260 3270 3269
f 3266 3245 3271
f 3271 3257 3272
f 3273 3272 3274
f 3275 3259 3276
f 3277 3278 3279
f 3270 3275 3279
f 3273 3280 3276
f 3281 3280 3282
f 3283 3277 3281
f 3284 132 3285
f 3286 707 3285
f 3287 709 3288
f 3287 3286 3289
f 3258 3288 3290
f 3291 3290 3292
f 3292 3289 3293
f 3294 3295 3293
f 3291 3296 3297
f 3274 3297 3298
f 3298 3299 3300
f 3282 3300 3301
f 3302 3303 3160
f 2009 3169 3304
f 3305 3306 3304
f 3307 3308 3309
f 716 3305 3309
f 3310 3311 3312
f 2016 3306 3312
f 3313 3310 3314
f 3314 3308 3315
f 3316 3317 3181
f 3307 3183 3318
f 3318 3317 3319
f 3303 3320 3184
f 3315 3319 3321
f 3321 3322 3323
f 3316 3320 3324
f 3325 3326 3324
f 3322 3326 3327
f 3328 3329 3330
f 3331 3332 3333
f 2038 3311 3333
f 3313 3334 3335
f 3335 3329 3331
f 3336 3337 3338
f 3338 3328 3339
f 3337 3340 3341
f 2042 3332 3341
f 3334 3323 3342
f 3343 3344 3342
f 3330 3344 3345
f 3346 3347 3345
f 3348 3343 3349
f 3349 3327 3350
f 3351 729 3346
f 730 3352 3348
f 3353 3354 3347
f 3355 3339 3354
f 3356 732 3353
f 731 3357 3351
f 733 3358 3356
f 3359 3302 3215
f 3360 3359 3361
f 3362 3363 3364
f 3361 3220 3364
f 712 3365 3325
f 3365 3360 3366
f 3367 3366 3363
f 3233 3368 3362
f 3369 3370 3367
f 3371 3368 3372
f 3236 3373 3372
f 3374 3375 3369
f 3374 3371 3376
f 3377 3376 3378
f 730 3350 3379
f 730 3380 3352
f 3380 3379 3381
f 3370 3382 3381
f 3383 3384 3382
f 733 3357 3385
f 3386 3385 3387
f 3387 3384 3388
f 3358 3386 3389
f 3390 3391 3388
f 3375 3392 3383
f 3393 3392 3394
f 3395 3396 3377
f 3397 3394 3396
f 3393 3398 3390
f 3399 3398 3400
f 3401 3397 3402
f 3400 3401 3403
f 3373 3268 3404
f 3405 3404 3406
f 3407 3406 3408
f 3409 3378 3405
f 3402 3395 3410
f 3407 3411 3409
f 3412 3410 3413
f 3413 3411 3414
f 3278 3415 3408
f 3416 3415 3417
f 3283 3418 3419
f 3419 3420 3417
f 3414 3416 3421
f 3422 3423 3412
f 3421 3424 3422
f 133 3426 3425
f 708 3426 3427
f 756 3429 3428
f 3427 3430 3294
f 3431 3430 3432
f 3431 3433 3434
f 3429 3435 3432
f 3436 3435 3437
f 3438 3439 3437
f 3440 3433 3441
f 3436 3442 3441
f 3443 3439 3444
f 3443 3445 3446
f 3447 3442 3446
f 3444 3448 3449
f 3449 3450 3451
f 3450 3452 3453
f 3453 3454 3455
f 3296 3295 3456
f 3434 3457 3456
f 3458 3459 3460
f 3461 3457 3460
f 3462 3299 3463
f 3464 3301 3462
f 3463 3461 3465
f 3466 3467 3465
f 3468 3466 3469
f 3459 3470 3469
f 3440 3471 3458
f 3447 3472 3473
f 3474 3471 3473
f 3445 3451 3475
f 3474 3476 3477
f 3478 3470 3477
f 3479 3472 3475
f 3479 3480 3481
f 3482 3480 3483
f 3455 3484 3483
f 3485 3486 3418
f 3487 3486 3488
f 3420 3487 3489
f 3489 3490 3491
f 3491 3492 3493
f 3424 3493 3494
f 3495 3492 3496
f 3464 3497 3498
f 3467 3499 3497
f 3485 3498 3500
f 3468 3501 3502
f 3503 3499 3502
f 3504 3505 3500
f 3506 3488 3505
f 3507 3504 3503
f 3508 3509 3507
f 3508 3510 3511
f 3512 3510 3501
f 3513 3514 3476
f 3515 3512 3478
f 3516 3513 3481
f 3515 3517 3518
f 3519 3517 3520
f 3520 3514 3521
f 3521 3516 3522
f 3522 3523 3524
f 3523 3482 3525
f 3525 3526 3527
f 3490 3506 3528
f 3529 3496 3528
f 3530 3531 3529
f 3530 3509 3532
f 3533 3511 3518
f 3524 3534 3519
f 3527 3535 3536
f 3533 3537 3538
f 3539 3537 3540
f 3539 3541 3542
f 3534 3543 3540
f 3543 3544 3545
f 3546 3544 3536
f 3541 3545 3547
f 3548 3452 3549
f 3550 3551 3549
f 3552 3551 3553
f 3554 3548 3555
f 3454 3554 3556
f 3552 3557 3558
f 3555 3558 3559
f 3560 3553 3561
f 3562 3561 3563
f 3564 3562 3565
f 3557 3566 3567
f 3566 3560 3568
f 3569 3564 3570
f 3571 3559 3572
f 3572 3573 3574
f 3556 3571 3575
f 3573 3567 3576
f 3484 3577 3578
f 3577 3575 3579
f 3579 3580 3581
f 3526 3578 3582
f 3582 3583 3584
f 3585 3583 3586
f 3586 3581 3587
f 3588 3580 3589
f 3590 3535 3584
f 3591 3546 3592
f 3590 3593 3592
f 3593 3585 3594
f 3594 3595 3596
f 803 3598 3597
f 3598 3599 3600
f 3601 3602 3603
f 3602 3600 3604
f 3604 3605 3606
f 3607 803 3608
f 806 3610 3609
f 3599 3607 3611
f 3610 3612 3613
f 3609 3614 3615
f 3615 3616 3617
f 3612 3617 3618
f 3605 3611 3619
f 3619 3620 3621
f 3620 3613 3622
f 3623 3624 3618
f 3624 3625 3622
f 3603 3626 3627
f 3606 3628 3629
f 3628 3630 3631
f 3632 3633 3626
f 3632 3629 3634
f 3634 3635 3636
f 3635 3631 3637
f 3630 3621 3638
f 3639 3640 3641
f 3639 3642 3643
f 3638 3625 3641
f 3637 3644 3645
f 3646 3647 3648
f 3636 3649 3648
f 3646 3650 3651
f 3650 3652 3653
f 3644 3654 3655
f 3656 3657 3658
f 3658 3659 3655
f 3649 3645 3660
f 3659 3652 3660
f 3654 3640 3661
f 3661 3662 3663
f 3662 3643 3664
f 3656 3663 3665
f 3664 3666 3667
f 3668 3657 3669
f 3669 3670 3671
f 3665 3672 3673
f 3672 3667 3674
f 3670 3673 3675
f 3676 3677 3678
f 3676 3653 3679
f 3679 3680 3681
f 3680 3668 3682
f 3677 3683 3684
f 3685 3681 3686
f 3683 3685 3687
f 3675 3688 3689
f 3688 3674 3690
f 3690 3691 3692
f 3693 3694 3695
f 3695 3689 3696
f 3696 3697 3698
f 3699 3697 3700
f 3692 3701 3700
f 3702 3682 3703
f 3703 3671 3704
f 3686 3702 3705
f 3705 3706 3707
f 3706 3704 3694
f 134 3708 3563
f 3709 3568 3569
f 3710 3711 3576
f 3710 3709 3712
f 3570 3713 3714
f 3712 3715 3716
f 3717 3715 3714
f 3717 3718 3719
f 3720 3721 3587
f 3574 3722 3589
f 3722 3711 3723
f 3723 3724 3725
f 3724 3716 3726
f 3726 3727 3728
f 3729 3727 3719
f 3730 3720 3588
f 3730 3725 3731
f 3731 3732 3733
f 3732 3728 3734
f 3729 3735 3736
f 3595 3721 3737
f 3737 3738 3739
f 3738 3733 3740
f 3734 3741 3742
f 3743 3741 3744
f 3736 3745 3744
f 3746 3739 3747
f 3747 3748 3749
f 3748 3740 3750
f 3750 3751 3752
f 3753 3751 3742
f 3753 3754 3755
f 3754 3743 3756
f 3756 3757 3758
f 150 3760 3759
f 848 3761 3759
f 3565 3762 3763
f 3762 3760 3601
f 3763 3627 3764
f 3765 3713 3764
f 3766 3718 3765
f 3766 3767 3768
f 3767 3633 3647
f 3769 3735 3770
f 3768 3651 3770
f 3745 3769 3771
f 3772 3771 3678
f 3757 3772 3773
f 3774 3775 3336
f 3776 3777 3775
f 3340 3777 3778
f 3778 3779 2483
f 3780 3779 3781
f 3782 3776 3783
f 3784 3781 3785
f 3785 3782 3786
f 3787 3774 3788
f 3788 3355 3789
f 859 3790 3787
f 138 3791 3792
f 859 3789 3792
f 868 3793 3794
f 860 3790 3794
f 860 3795 3796
f 858 3783 3796
f 3797 864 3786
f 861 3795 3798
f 862 3799 3798
f 3800 2496 3780
f 3801 2492 3802
f 3802 3800 3803
f 3804 3803 3805
f 3805 3784 3806
f 3807 3808 3801
f 3808 3809 2497
f 3810 3807 3811
f 3811 3804 3812
f 3813 3797 3814
f 3806 3813 3815
f 867 3814 3816
f 3815 3817 3818
f 3819 3812 3818
f 3820 3816 3821
f 3822 3817 3820
f 3389 3823 3791
f 743 3824 3823
f 3825 862 3793
f 3826 3824 3391
f 3827 3826 3828
f 3829 3830 3825
f 3830 3831 3799
f 3832 3829 3827
f 3833 3834 3835
f 3828 3399 3835
f 3836 3833 3403
f 3837 3821 3831
f 3838 3837 3832
f 3839 3840 3841
f 3841 3822 3842
f 3843 3844 3836
f 3845 2502 3846
f 3846 3809 3847
f 3848 3847 3810
f 3849 3848 3850
f 3851 3852 3819
f 3853 3851 3840
f 3850 3852 3854
f 3853 3855 3854
f 3856 3842 3857
f 3858 3834 3859
f 3860 3857 3861
f 3838 3858 3861
f 3862 3863 3864
f 3859 3865 3864
f 3860 3863 3866
f 3867 3868 3866
f 3869 3865 3844
f 3870 3871 3872
f 3843 3423 3872
f 3873 3874 3869
f 3873 3871 3875
f 3876 3877 3878
f 3878 3875 3879
f 3870 3494 3880
f 3880 3881 3882
f 3883 3884 3495
f 3882 3885 3879
f 3886 3881 3884
f 3886 3887 3888
f 3862 3874 3889
f 3877 3890 3889
f 3890 3891 3867
f 3892 3891 3893
f 3894 3895 3876
f 3893 3895 3896
f 3897 3898 3885
f 3888 3899 3897
f 3900 3899 3901
f 3901 3887 3902
f 3903 3894 3898
f 3904 3905 3900
f 3906 3883 3907
f 3907 3531 3908
f 3532 3909 3910
f 3910 3911 3908
f 3912 3902 3906
f 3913 3914 3912
f 3915 3913 3911
f 3916 3917 3909
f 3918 3919 3920
f 3915 3917 3920
f 3916 3538 3921
f 3922 3921 3923
f 3542 3924 3923
f 3925 3926 3547
f 3927 3918 3922
f 3928 3924 3929
f 3930 3927 3931
f 3928 3932 3931
f 3926 3933 3929
f 3932 3933 3934
f 3935 3936 3934
f 3937 3904 3938
f 3914 3939 3938
f 3940 3941 3937
f 3919 3942 3939
f 3943 3944 3942
f 3930 3945 3946
f 3947 3943 3946
f 3948 3949 3945
f 3948 3936 3950
f 3951 2713 3845
f 3952 3953 3954
f 3855 3955 3954
f 3956 2715 3951
f 3957 3958 3959
f 3956 3849 3959
f 3960 3958 3961
f 3960 3962 2716
f 2722 3962 3963
f 3957 3953 3964
f 3965 3966 3967
f 3964 3952 3967
f 3968 3961 3969
f 3969 3966 3970
f 3971 3972 3968
f 3973 3839 3974
f 3975 3976 3856
f 3974 3976 3977
f 3955 3973 3978
f 3979 3980 3978
f 3981 3979 3977
f 3982 3983 3984
f 3975 3868 3984
f 3985 3981 3983
f 3986 3985 3987
f 3988 3989 3990
f 3965 3980 3990
f 3991 3988 3992
f 3993 3994 3991
f 3995 3996 3997
f 3970 3989 3997
f 3971 3996 3998
f 3995 3994 3999
f 4000 3999 4001
f 3992 3986 4002
f 4003 4004 4002
f 4005 3993 4006
f 4007 4001 4005
f 4008 4006 4009
f 4009 4004 4010
f 3982 3892 4011
f 4012 4013 4011
f 4014 4015 3896
f 4016 4012 4015
f 3987 4013 4017
f 4018 4019 4017
f 4016 4020 4018
f 4021 4020 4022
f 3903 4023 4014
f 4024 4025 4023
f 4026 4024 3905
f 4027 4028 4026
f 4025 4029 4022
f 4028 4030 4031
f 4019 4032 4003
f 4033 4032 4034
f 4034 4021 4035
f 4036 4037 4038
f 4010 4033 4038
f 4035 4039 4036
f 4040 4039 4041
f 4042 4029 4031
f 4043 4042 4044
f 4043 4045 4041
f 4046 4047 4044
f 4048 4047 4049
f 4050 4051 4049
f 4027 3941 4052
f 3944 4053 4054
f 4055 3940 4054
f 4056 4057 4052
f 4057 4058 4030
f 4056 4055 4059
f 4060 4059 4061
f 4062 4061 4063
f 4063 4064 4065
f 3947 4066 4053
f 4067 3949 4068
f 4069 4064 4066
f 4070 4069 4071
f 4067 4072 4071
f 4065 4070 4073
f 4074 4046 4058
f 4074 4060 4075
f 4076 4075 4077
f 4077 4062 4078
f 4079 4080 4078
f 4081 4079 4082
f 4050 4076 4083
f 4084 4083 4080
f 4081 4085 4086
f 4073 4087 4082
f 4088 2763 4089
f 4090 4088 4091
f 4090 4092 2767
f 4089 3963 4093
f 4094 4091 4095
f 4096 4093 3972
f 945 4097 4095
f 4097 4096 4098
f 4099 953 4100
f 4101 4098 4102
f 949 4101 4099
f 951 4103 4104
f 4104 61 4092
f 952 4105 4106
f 4106 946 4094
f 953 4107 4100
f 952 4107 4108
f 4109 958 4110
f 958 4111 4110
f 4112 3998 4113
f 4113 4000 4114
f 4115 4116 4114
f 4102 4112 4117
f 4109 4117 4118
f 4116 4119 4118
f 4120 4119 4121
f 4122 4123 4124
f 4115 4007 4124
f 4008 4125 4122
f 4126 4127 4128
f 4121 4123 4128
f 4129 4125 4130
f 4126 4129 4131
f 954 4111 4132
f 962 4134 4133
f 961 4134 4120
f 4127 964 4135
f 4136 963 4135
f 4137 4131 4138
f 189 4139 4137
f 963 4136 4140
f 4139 189 4141
f 4142 4143 4037
f 4040 4144 4142
f 4130 4143 4145
f 4146 4145 4147
f 4148 4149 4144
f 4150 4147 4149
f 4045 4048 4151
f 4152 4153 4051
f 4154 4155 4152
f 4151 4156 4148
f 4153 4157 4156
f 4155 4158 4159
f 4160 4161 4158
f 4162 4138 4146
f 4163 4150 4164
f 4164 4157 4165
f 4166 4167 4165
f 977 4167 4168
f 979 4169 4170
f 4166 4159 4171
f 4172 4171 4161
f 4170 4172 4173
f 4174 977 4168
f 4175 4154 4084
f 4176 4175 4177
f 4086 4178 4177
f 4160 4176 4179
f 4180 4140 4181
f 1081 4182 980
f 4183 3925 4184
f 3591 4185 4184
f 4185 4186 4187
f 4187 4188 4189
f 4190 3935 4191
f 4183 4192 4191
f 4193 4192 4189
f 4193 4194 4195
f 4190 4196 4197
f 4198 4196 4195
f 4199 4194 4200
f 4201 4202 4203
f 4204 4199 4203
f 4205 3950 4197
f 4198 4204 4206
f 4205 4207 4068
f 4208 4207 4206
f 4209 4201 4210
f 4211 4212 4213
f 4214 4211 4215
f 4216 4217 4218
f 4219 4220 4072
f 4208 4221 4219
f 4202 4222 4223
f 4221 4224 4225
f 4226 4224 4223
f 4220 4227 4228
f 4229 4227 4225
f 4226 4230 4231
f 4232 4233 4231
f 4230 4222 4234
f 4209 4235 4234
f 4236 4235 4212
f 4214 4237 4238
f 4237 4218 4239
f 4236 4240 4241
f 4242 4232 4243
f 4244 4243 4241
f 4240 4238 4245
f 4245 4246 4247
f 4246 4239 4248
f 4248 4249 4250
f 4251 4085 4252
f 4253 4254 4252
f 4251 4255 4256
f 4257 4254 4258
f 4257 4259 4255
f 4260 4261 4259
f 4087 4228 4262
f 4229 4263 4264
f 4262 4264 4253
f 4233 4265 4263
f 4265 4266 4258
f 4267 4268 4244
f 4242 4268 4269
f 4270 4267 4271
f 4272 4273 4274
f 4247 4275 4271
f 4275 4250 4272
f 4269 4276 4266
f 4277 4276 4278
f 4277 4279 4260
f 4270 4280 4278
f 4281 4280 4282
f 4274 4283 4282
f 4284 4279 4285
f 4285 4281 4286
f 4287 3684 4288
f 4288 4289 4290
f 4291 4292 4293
f 4289 3687 4291
f 4290 4294 4295
f 4294 4293 4296
f 3693 4297 4298
f 4297 3698 4299
f 4299 4300 4301
f 4300 3699 4302
f 4302 4303 4304
f 4305 4306 4307
f 4306 4298 4308
f 4308 4309 4310
f 4301 4311 4312
f 4311 4304 4313
f 4309 4312 4314
f 4305 4292 3707
f 4313 4315 4316
f 4317 4318 4319
f 4317 4295 4320
f 4320 4321 4322
f 4321 4296 4323
f 4323 4324 4325
f 4318 4326 4327
f 4328 4326 4329
f 4217 4327 4330
f 4329 4322 4331
f 4332 4331 4333
f 4325 4334 4333
f 4307 4335 4336
f 4336 4337 4324
f 4338 4335 4310
f 4339 4340 4337
f 4341 4339 4342
f 4338 4343 4342
f 4314 4344 4345
f 4346 4343 4345
f 4316 4347 4344
f 4340 4348 4334
f 4341 4349 4350
f 4347 4351 4352
f 4349 4346 4353
f 4353 4354 4355
f 4354 4352 4356
f 4357 4330 4358
f 4328 4359 4360
f 4361 4359 4362
f 4332 4363 4362
f 4358 4360 4364
f 4364 4365 4366
f 4367 4365 4368
f 4361 4369 4368
f 4370 4371 4372
f 4249 4357 4370
f 4371 4366 4373
f 4373 4374 4375
f 4374 4367 4376
f 4376 4377 4378
f 4363 4348 4379
f 4379 4380 4381
f 4380 4350 4382
f 4369 4381 4383
f 4382 4384 4385
f 4386 4384 4355
f 4383 4387 4388
f 4389 4387 4385
f 4377 4388 4390
f 4391 4392 4389
f 4392 4393 4394
f 4386 4395 4396
f 4397 4391 4396
f 4393 4398 4399
f 4398 4400 4401
f 4273 4372 4402
f 4402 4375 4403
f 4283 4403 4404
f 4404 4378 4405
f 4406 4405 4407
f 4286 4406 4408
f 4408 4409 4410
f 4411 4407 4412
f 4411 4413 4414
f 4394 4415 4390
f 4416 4412 4415
f 4416 4417 4418
f 4401 4419 4420
f 4417 4399 4421
f 4421 4420 4422
f 4423 4418 4424
f 4413 4423 4425
f 4424 4426 4427
f 4426 4422 4428
f 4428 4429 4430
f 3596 3746 4431
f 4431 4432 4186
f 4433 4188 4434
f 4433 4435 4200
f 4432 3749 4436
f 4436 4437 4438
f 4439 4437 4440
f 3752 4441 4440
f 4442 4434 4438
f 4441 3755 4443
f 4442 4444 4445
f 4446 4444 4439
f 4447 4435 4445
f 3758 4448 4449
f 4446 4443 4450
f 4450 4451 4452
f 4451 4449 4453
f 4213 4210 4454
f 4447 4455 4454
f 4455 4452 4456
f 4456 4457 4215
f 4216 4457 4453
f 4458 3773 4287
f 4448 4458 4319
f 980 4169 4459
f 4256 4460 4178
f 4461 4460 4462
f 4463 4461 4464
f 4261 4465 4462
f 4466 4464 4467
f 4468 4179 4469
f 4463 4470 4469
f 973 4468 4471
f 4472 4473 4470
f 4466 4474 4472
f 4475 4476 4477
f 4478 4467 4476
f 4479 1076 4474
f 4478 1072 4480
f 4481 4482 4465
f 4482 4483 4477
f 4284 4484 4481
f 4483 4485 4486
f 4487 4475 4488
f 4489 4488 4490
f 4486 4491 4490
f 4492 4480 4487
f 4493 4173 4494
f 973 4471 4494
f 1076 4495 4473
f 1076 4496 4495
f 4493 4497 4498
f 1078 4499 4498
f 4479 4500 4501
f 4502 1077 4496
f 4501 1079 4503
f 1080 4503 4504
f 4492 4505 4500
f 191 4506 4459
f 4484 4410 4485
f 4409 4414 4507
f 4507 4508 4509
f 4508 4425 4510
f 4491 4509 4511
f 4511 4512 4513
f 4514 4513 4515
f 4510 4516 4512
f 4516 4517 4518
f 4505 4489 4519
f 4519 4520 4521
f 1088 4522 4521
f 1087 4522 4523
f 4514 4524 4520
f 4524 4525 4526
f 1094 4527 4526
f 4528 4527 4529
f 4427 4530 4517
f 4530 4430 4531
f 4531 4532 4533
f 4515 4518 4534
f 4534 4535 4536
f 4535 4533 4537
f 4525 4536 4538
f 1094 4538 4539
f 195 4540 4537
f 1096 4541 1149
f 77 4543 4542
f 4544 4545 4546
f 4547 4548 4549
f 4549 4545 4550
f 4551 4552 4553
f 4554 4546 4553
f 4551 4548 4555
f 4556 4547 4557
f 4558 4555 4559
f 4560 4556 4561
f 4559 4560 4562
f 4563 4564 4565
f 4566 4567 4565
f 4552 4568 4569
f 4566 1103 4570
f 4571 64 4569
f 4567 4568 4572
f 4573 4574 4575
f 4576 4570 4574
f 66 4573 4577
f 1106 1107 1104
f 1103 4564 4575
f 67 1104 1107
f 67 1107 68
f 4572 4558 4578
f 4579 4580 4578
f 4563 4580 4581
f 1106 1109 1107
f 1107 1109 68
f 4582 4583 4561
f 4584 4585 4583
f 4579 4562 4586
f 4587 4581 4588
f 1108 4589 4587
f 1110 4590 4591
f 1109 4589 4591
f 4592 4593 4588
f 4594 4586 4595
f 4595 4585 4596
f 4592 4594 4597
f 1110 4599 4598
f 1112 4599 4593
f 4600 4601 4597
f 1171 4602 4603
f 4601 4604 4603
f 4605 4606 4596
f 4600 4606 4607
f 4608 1114 4607
f 4609 2366 4610
f 1116 4611 4610
f 4612 2365 4613
f 4611 4612 4614
f 1121 4615 4616
f 4613 2371 4617
f 4618 4619 4617
f 4620 4614 4621
f 4622 4616 4620
f 4623 4621 4619
f 4624 4615 4625
f 4626 4625 4627
f 4628 4627 4629
f 4550 4628 4630
f 4631 4622 4632
f 4632 4623 4633
f 4629 4631 4634
f 4635 4636 4634
f 4630 4636 4637
f 4638 2373 4639
f 4640 4641 4642
f 4618 4638 4642
f 4643 4639 2398
f 4644 4641 4645
f 4640 4643 4646
f 4647 4646 4648
f 4649 4645 4650
f 4633 4644 4651
f 4652 4651 4653
f 4654 4637 4655
f 4652 4656 4635
f 4656 4657 4655
f 4653 4649 4658
f 4659 4657 4660
f 4661 4648 2418
f 4662 4661 4663
f 4663 2428 4664
f 4665 4666 4667
f 4647 4662 4667
f 4650 4666 4668
f 4664 2446 4669
f 4670 4671 4665
f 4672 4673 4671
f 4674 4658 4675
f 4675 4676 4677
f 4676 4668 4678
f 4679 4674 4680
f 4681 4660 4679
f 4678 4673 4682
f 4683 4677 4684
f 4680 4683 4685
f 4686 4670 4669
f 4686 2449 4687
f 4672 4688 4689
f 4690 4691 4687
f 4690 2460 4692
f 4688 4691 4693
f 4694 4695 4693
f 4696 4689 4697
f 4697 4695 4698
f 4699 4682 4700
f 4684 4699 4701
f 4702 4703 4701
f 4704 4705 4685
f 4706 4705 4707
f 4704 4703 4708
f 4709 4710 4707
f 4711 4702 4712
f 4700 4696 4712
f 4713 4626 4544
f 4714 4577 4715
f 4716 75 4715
f 67 68 4717
f 1196 88 67
f 75 4719 4718
f 75 4716 4719
f 76 4721 4720
f 1149 4721 4722
f 4723 4722 4724
f 4725 4726 4724
f 4727 4557 4728
f 4728 4654 4729
f 4582 4727 4730
f 4731 4729 4732
f 4730 4731 4733
f 4732 4659 4734
f 4735 4717 4736
f 68 4590 4736
f 4735 4737 4738
f 1155 4739 4740
f 1110 4598 4740
f 4741 4737 4742
f 4739 4743 4742
f 4744 4745 4746
f 4726 4746 4747
f 4747 4748 4749
f 4745 4741 4750
f 4750 4751 4752
f 4748 4752 4753
f 4723 4754 4755
f 4542 1149 4756
f 4756 4755 4757
f 4757 4758 4759
f 78 4760 4761
f 4761 4762 4763
f 4763 4764 4765
f 4766 4767 4765
f 4762 4759 4768
f 4768 4769 4770
f 4770 4771 4764
f 4754 4749 4772
f 4772 4773 4774
f 4758 4774 4775
f 4775 4776 4777
f 4773 4778 4779
f 4779 4780 4776
f 4777 4781 4769
f 4782 4781 4783
f 4784 4785 4782
f 4786 4733 4787
f 4787 4734 4788
f 4789 4790 4788
f 4681 4791 4789
f 4792 4584 4786
f 4793 4794 4795
f 4791 4706 4795
f 4796 4790 4797
f 4796 4798 4792
f 4799 4798 4800
f 1171 4801 4602
f 4801 4802 4803
f 4803 4804 4743
f 4605 4799 4805
f 4608 4806 4807
f 4808 4604 4807
f 4802 4808 4809
f 4810 4804 4811
f 4809 4812 4811
f 4753 4813 4778
f 4751 4810 4814
f 4814 4815 4816
f 4813 4816 4817
f 4817 4818 4819
f 4793 4710 4820
f 4821 4797 4822
f 4822 4794 4823
f 4800 4821 4824
f 4825 4824 4826
f 4827 4828 4820
f 4829 4823 4830
f 4826 4829 4831
f 4830 4828 4832
f 4833 4831 4834
f 4835 4836 4805
f 4836 4837 4838
f 1183 4839 4838
f 4835 4825 4840
f 1173 4842 4841
f 4806 4839 4842
f 4841 4843 4812
f 4843 4844 4845
f 4846 4847 4837
f 4840 4833 4848
f 1310 4849 4850
f 4847 4851 4850
f 4852 4844 4849
f 4853 4815 4854
f 4845 4855 4854
f 4818 4853 4856
f 4857 4855 4858
f 4857 4859 4860
f 4861 4780 4862
f 4819 4863 4862
f 4863 4864 4865
f 4861 4866 4783
f 4867 4866 4868
f 4865 4869 4868
f 4867 4870 4871
f 4856 4872 4873
f 4864 4873 4874
f 4872 4860 4875
f 4874 4876 4877
f 4878 4870 4879
f 4880 4879 4881
f 4882 4869 4883
f 4877 4884 4883
f 4881 4882 4885
f 4885 4886 4887
f 4888 4889 4784
f 94 4891 4890
f 4891 4888 4871
f 4878 96 4892
f 80 4893 4894
f 81 4896 4895
f 1147 88 4897
f 1147 4897 1197
f 1154 4898 4738
f 1197 1148 4725
f 1154 4744 4898
f 4771 4899 4900
f 4899 4785 4901
f 4902 4766 4903
f 4903 98 4904
f 1199 4893 4905
f 1198 1201 4905
f 4906 4904 4907
f 4900 4908 4907
f 4909 4910 4911
f 1200 4911 4906
f 4912 4913 4895
f 4914 4913 4915
f 1203 4912 4916
f 4917 4915 4918
f 4919 4920 4921
f 4921 4916 4910
f 4918 4920 4922
f 4923 4924 4925
f 1205 4923 4926
f 82 4928 4927
f 1207 4928 4929
f 4930 4929 4931
f 4930 4932 4933
f 4924 4917 4934
f 4925 4935 4936
f 4937 4934 4938
f 4935 4937 4939
f 4931 4936 4940
f 4941 4908 4942
f 4901 4943 4942
f 4909 4941 4944
f 4945 4944 4946
f 4947 4943 4948
f 4949 4946 4950
f 4950 4947 4951
f 4952 4949 4953
f 4954 4953 4955
f 4956 4922 4957
f 4952 4919 4945
f 4958 4959 4960
f 4957 4954 4959
f 4938 4956 4961
f 4962 4963 4939
f 4964 4965 4966
f 4963 4966 4940
f 4965 4967 4932
f 4968 4967 4969
f 4970 4961 4971
f 4962 4970 4972
f 4971 4958 4973
f 4974 4964 4975
f 1248 4977 4976
f 4933 4978 4979
f 4980 4976 4979
f 4981 4982 4978
f 4968 4983 4984
f 4985 4981 4984
f 4948 4889 4986
f 4986 4987 4988
f 4987 4890 4989
f 4951 4988 4990
f 4991 4955 4992
f 4960 4991 4993
f 4989 4994 4995
f 4994 95 4892
f 4996 4990 4997
f 4997 4995 4998
f 4992 4996 4999
f 5000 4999 5001
f 5002 5000 5003
f 4993 5002 5004
f 5005 4972 5006
f 5004 5007 4973
f 4975 5005 5008
f 5008 5009 5010
f 5010 5011 4974
f 5011 5012 4969
f 5013 5012 5014
f 5015 5016 5007
f 5017 5006 5018
f 5018 5016 5019
f 5009 5017 5020
f 5021 5020 5022
f 5023 5024 5014
f 5025 5023 5021
f 5026 5024 5027
f 97 5028 4880
f 5029 5028 5030
f 5031 4998 5032
f 5032 5029 5033
f 5001 5031 5034
f 5035 5030 5036
f 5036 4887 5037
f 5035 5038 5039
f 5039 5040 5033
f 5041 5040 5042
f 5043 5034 5044
f 5044 5041 5045
f 5046 5042 5047
f 5045 5048 5049
f 5050 5051 5015
f 5019 5051 5052
f 5003 5043 5050
f 5053 5054 5052
f 5054 5055 5022
f 5056 5057 5025
f 5058 5027 5059
f 5057 5060 5059
f 5061 5055 5062
f 5063 5056 5061
f 5060 5064 5065
f 5066 4983 5013
f 5067 5068 5066
f 5069 5067 5026
f 5070 5069 5071
f 5058 5072 5071
f 5073 5074 5075
f 5076 5072 5077
f 5065 5078 5077
f 5076 5079 5074
f 5080 5081 5082
f 1248 5084 5083
f 5084 4980 5085
f 4982 5086 5085
f 5087 5086 5088
f 85 5089 5090
f 5090 1250 5091
f 85 5093 5092
f 1583 5093 5094
f 5094 1251 5095
f 5096 5091 5097
f 5087 5098 5097
f 5095 5096 5099
f 4985 5100 5101
f 5088 5101 5102
f 5102 5103 5104
f 5098 5104 5105
f 5105 5106 5107
f 5099 5108 5109
f 5107 5110 5108
f 5106 5111 5112
f 5110 5113 5114
f 5113 5112 5115
f 5115 5116 5117
f 5100 5068 5118
f 5118 5119 5103
f 5120 5119 5121
f 5122 5111 5123
f 5120 5124 5123
f 5125 5116 5122
f 5126 5124 5127
f 5126 5128 5129
f 5121 5070 5130
f 5130 5073 5131
f 5131 5132 5127
f 5132 5075 5133
f 5134 5128 5135
f 5133 5080 5135
f 5136 5137 4698
f 5138 2952 5139
f 5139 2960 5140
f 5141 4692 5138
f 5142 5140 5143
f 5144 4694 5145
f 5145 5141 5146
f 5136 5144 5147
f 5146 5142 5148
f 5149 5150 5151
f 4711 5137 5151
f 5152 5153 5154
f 4708 5150 5154
f 5155 5156 5157
f 5155 4709 5158
f 5153 5159 5158
f 5160 5161 5149
f 5152 5161 5162
f 5163 5164 5165
f 5166 5167 5168
f 5156 5163 5168
f 5159 5169 5164
f 5170 2956 5171
f 5171 2988 5172
f 5143 5170 5173
f 5174 5148 5175
f 5176 5177 5178
f 5147 5174 5178
f 5179 5180 5172
f 5181 5173 5182
f 5182 5180 5183
f 5175 5181 5184
f 5185 5186 5176
f 5160 5177 5187
f 5188 5165 5189
f 5166 5188 5190
f 5162 5191 5169
f 5192 5193 5187
f 5192 5186 5194
f 5195 5196 5189
f 5197 5190 5198
f 5191 5193 5195
f 5179 3017 5199
f 5200 5201 5183
f 5202 5184 5203
f 5185 5202 5204
f 5203 5201 5205
f 5206 5207 5199
f 5208 5209 5210
f 5200 5207 5210
f 5211 5212 5205
f 5213 5214 5212
f 5211 5209 5215
f 5216 5217 5218
f 5219 5204 5220
f 5194 5219 5218
f 5221 5222 5223
f 5196 5217 5223
f 5222 5224 5198
f 5224 5225 5226
f 5227 5228 5216
f 5229 5228 5230
f 5231 5229 5232
f 5227 5220 5214
f 5233 5234 5235
f 5221 5231 5235
f 5234 5236 5225
f 5237 5208 5238
f 5206 3038 5238
f 5239 5240 5215
f 5241 5230 5242
f 5213 5240 5242
f 5243 5244 5237
f 5243 3044 5245
f 5246 5239 5244
f 5247 5241 5248
f 5248 5246 5249
f 5250 5251 5252
f 5232 5253 5252
f 5254 5233 5251
f 5255 5256 5236
f 5253 5247 5257
f 5250 5257 5258
f 5259 5254 5260
f 5255 5259 5261
f 5262 5263 5261
f 5264 5157 5265
f 4827 5264 5266
f 5267 5167 5268
f 5265 5267 5269
f 5270 5266 5271
f 5272 5271 5269
f 5273 4832 5274
f 5275 4834 5276
f 5276 5273 5277
f 5278 5277 5279
f 5270 5279 5274
f 5280 4848 5281
f 5282 5283 5284
f 4846 5280 5284
f 5283 5285 4851
f 5286 4852 5287
f 1310 5285 5287
f 5281 5275 5288
f 5289 5290 5282
f 5290 1312 5291
f 5292 5291 5293
f 4858 5286 5294
f 5294 5295 5296
f 5295 5292 5297
f 5298 4859 5299
f 5296 5300 5299
f 5301 5302 5272
f 5303 5304 5278
f 5305 1306 5302
f 5303 5305 5306
f 5197 5307 5268
f 5308 5301 5309
f 5310 5311 5312
f 5313 5306 5314
f 5314 5311 5315
f 1341 5312 5308
f 5316 5288 5317
f 5317 5304 5318
f 5319 5289 5320
f 5316 5321 5320
f 5322 5323 5318
f 5324 5321 5323
f 5293 5319 5325
f 5325 5326 5327
f 5322 5313 5328
f 5329 5326 5324
f 5330 5328 5331
f 5332 5333 5334
f 5329 5330 5334
f 5335 5297 5336
f 5327 5337 5336
f 5338 5339 5335
f 5300 5339 5340
f 5341 5337 5342
f 5333 5343 5342
f 5344 5338 5345
f 5341 5346 5345
f 5347 5346 5348
f 4875 5298 5349
f 5349 5350 5351
f 4876 5351 5352
f 5352 5353 5354
f 5355 4884 5356
f 5355 5357 4886
f 5358 5357 5359
f 5356 5354 5360
f 5360 5361 5362
f 5362 5363 5359
f 5340 5364 5350
f 5365 5364 5344
f 5353 5366 5367
f 5366 5365 5368
f 5368 5369 5370
f 5370 5371 5372
f 5361 5367 5373
f 5374 5363 5375
f 5373 5376 5377
f 5376 5372 5378
f 5379 5378 5380
f 5381 5375 5377
f 5382 5383 5307
f 5309 5383 5384
f 5382 5226 5385
f 5386 5387 5315
f 5388 5384 5389
f 5390 5310 5388
f 5391 5392 5393
f 5386 5390 5393
f 5394 5395 5396
f 5331 5387 5396
f 5397 5332 5395
f 5394 5392 5398
f 5343 5399 5400
f 5400 5401 5348
f 5402 5401 5403
f 5404 5397 5405
f 5406 5407 5405
f 5399 5404 5408
f 5408 5409 5403
f 5409 5410 5411
f 5256 5412 5385
f 5413 5389 5414
f 5414 5412 5415
f 5416 5417 5413
f 5418 5419 5420
f 5391 5417 5420
f 5421 5422 5423
f 5415 5263 5423
f 5424 5425 5426
f 5416 5422 5426
f 5427 5418 5425
f 5428 5398 5419
f 5428 5429 5406
f 5430 5407 5431
f 5432 5433 5430
f 5410 5433 5434
f 5435 5431 5429
f 5436 5437 5432
f 5438 5369 5347
f 5439 5440 5441
f 5441 5438 5402
f 5371 5442 5443
f 5442 5440 5444
f 5445 5446 5439
f 5445 5411 5447
f 5444 5446 5448
f 5448 5449 5450
f 5451 5452 5447
f 5453 5449 5454
f 5452 5455 5454
f 5443 5456 5380
f 5457 5456 5450
f 5434 5458 5451
f 5455 5459 5460
f 5461 5458 5462
f 5437 5463 5462
f 5464 5463 5465
f 5461 5466 5459
f 5467 5466 5468
f 5464 5469 5468
f 5470 5245 5471
f 1374 5472 5473
f 5471 3112 5473
f 5474 5249 5475
f 5475 5470 5476
f 1377 5476 5477
f 1376 5472 5478
f 5479 5258 5480
f 5480 5474 5481
f 5260 5479 5482
f 1378 5483 5484
f 5262 5482 5484
f 1356 5421 5485
f 5486 5424 5485
f 5487 5488 5427
f 5489 5435 5488
f 5489 5490 5491
f 5436 5491 5492
f 5492 1382 5493
f 1384 5465 5494
f 1383 5495 5494
f 1385 5469 5496
f 5497 5498 5496
f 5499 5374 5500
f 5500 5501 5502
f 5503 5501 5504
f 5504 5381 5505
f 5505 5379 5506
f 5507 5508 5038
f 5509 5510 5511
f 5511 5037 5358
f 5512 5507 5513
f 5513 5510 5514
f 5508 5515 5047
f 5516 5515 5517
f 5518 5509 5499
f 5519 5514 5520
f 5520 5518 5521
f 5512 5522 5523
f 5524 5519 5525
f 5522 5524 5526
f 5526 5527 5528
f 5529 5517 5523
f 5048 5046 5530
f 5531 5530 5516
f 5532 5529 5533
f 5533 5528 5534
f 5535 5053 5049
f 5536 5535 5531
f 5537 5536 5538
f 5537 5539 5062
f 5540 5064 5063
f 5541 5542 5540
f 5543 5538 5532
f 5544 5545 5543
f 5546 5539 5545
f 5541 5547 5548
f 5546 5549 5547
f 5550 5521 5551
f 5551 5502 5552
f 5525 5550 5553
f 5554 5555 5553
f 5556 5527 5557
f 5555 5558 5557
f 5559 5554 5560
f 5560 5552 5503
f 5561 5559 5562
f 5563 5558 5564
f 5564 5561 5565
f 5566 5563 5567
f 5568 5569 5534
f 5568 5556 5570
f 5571 5572 5570
f 5566 5573 5571
f 5574 5544 5569
f 5575 5574 5576
f 5575 5577 5549
f 5576 5572 5578
f 5579 5578 5580
f 5579 5581 5582
f 5577 5582 5583
f 5584 5078 5585
f 5542 5586 5585
f 5587 5079 5588
f 5584 5589 5588
f 5590 5589 5591
f 5586 5592 5591
f 5587 5593 5081
f 5594 5593 5595
f 5590 5596 5595
f 5597 5596 5598
f 5597 5599 5600
f 5601 5548 5602
f 5592 5601 5603
f 5604 5602 5605
f 5583 5606 5605
f 5604 5607 5608
f 5609 5607 5610
f 5603 5611 5598
f 5612 5611 5608
f 5612 5613 5599
f 5614 5615 5609
f 5613 5615 5616
f 5617 5618 5506
f 5562 5618 5619
f 5620 5619 5621
f 5617 5457 5622
f 5622 5623 5624
f 5623 5453 5625
f 5626 5621 5627
f 5624 5628 5627
f 5629 5628 5630
f 5631 5625 5632
f 5460 5633 5632
f 5634 5630 5635
f 5631 5636 5635
f 5637 5633 5638
f 5638 5467 5639
f 5639 5640 5641
f 5642 5636 5637
f 5643 5644 5620
f 5565 5644 5645
f 5646 5647 5648
f 5567 5645 5648
f 5649 5643 5650
f 5626 5651 5650
f 5652 5651 5653
f 5629 5654 5653
f 5646 5649 5655
f 5656 5655 5657
f 5652 5658 5657
f 5573 5659 5580
f 5647 5660 5659
f 5661 5581 5662
f 5663 5660 5664
f 5656 5665 5664
f 5666 5667 5663
f 5662 5667 5668
f 5669 5670 5634
f 5671 5672 5673
f 5673 5669 5642
f 5654 5670 5674
f 5675 5676 5674
f 5677 5658 5676
f 5675 5672 5678
f 5679 5671 5680
f 5641 5681 5680
f 5682 5665 5677
f 5683 5682 5684
f 5685 5686 5678
f 5684 5686 5687
f 5685 5679 5688
f 5689 5690 5687
f 5683 5691 5666
f 5691 5690 5692
f 5661 5693 5606
f 5693 5694 5695
f 5696 5610 5697
f 5695 5698 5697
f 5668 5699 5694
f 5698 5700 5701
f 5699 5702 5703
f 5704 5705 5706
f 5707 5703 5704
f 5702 5692 5708
f 5708 5709 5710
f 5710 5711 5705
f 5712 5700 5707
f 5713 5714 5706
f 5711 5715 5716
f 5717 5713 5718
f 5716 5719 5718
f 5640 5498 5720
f 5720 5721 5722
f 5681 5722 5723
f 5723 5724 5725
f 123 5725 5726
f 5727 5688 5726
f 5728 5729 5727
f 5689 5729 5730
f 1458 5731 5732
f 5732 1459 5728
f 1460 5734 5733
f 5735 5709 5730
f 5736 5715 5735
f 5737 5736 5734
f 1460 5738 5737
f 5739 1857 5719
f 5740 3616 5741
f 5742 5741 5743
f 196 5744 5743
f 1465 5745 5746
f 5746 197 5747
f 5745 5748 5749
f 5750 5748 5751
f 5740 5752 5753
f 5754 3623 5753
f 5755 5752 5756
f 5742 5757 5756
f 5757 5749 5758
f 5759 5758 5760
f 5750 5761 5760
f 211 5762 5763
f 5751 5762 5764
f 5765 1469 5764
f 5766 5761 5765
f 5767 3642 5768
f 5754 5769 5768
f 5770 5769 5771
f 5755 5772 5771
f 5772 5773 5774
f 5773 5759 5775
f 5767 5776 5777
f 5778 5776 5770
f 5778 5779 5780
f 5781 5779 5782
f 5783 5784 5766
f 5785 5784 5786
f 5787 5786 5788
f 5782 5774 5789
f 5790 5789 5791
f 5775 5785 5792
f 5791 5792 5793
f 5794 5787 5795
f 5794 5796 5793
f 3666 5777 5797
f 5780 5798 5799
f 5781 5800 5798
f 5800 5801 5802
f 5803 5797 5804
f 5799 5805 5804
f 5806 5807 5805
f 5808 5806 5809
f 5802 5810 5809
f 5811 5812 5790
f 5813 5801 5814
f 5812 5815 5814
f 5796 5816 5811
f 5815 5817 5818
f 5810 5819 5820
f 5821 5819 5813
f 5822 5821 5823
f 5823 5818 5824
f 5825 5822 5826
f 5803 5827 5828
f 5829 5827 5830
f 5807 5831 5830
f 5832 3691 5828
f 5832 5833 5834
f 5833 5829 5835
f 3701 5834 5836
f 5836 5837 5838
f 5808 5839 5840
f 5840 5841 5831
f 5839 5820 5842
f 5842 5843 5844
f 5845 5846 5841
f 5845 5844 5847
f 5846 5848 5835
f 5848 5849 5837
f 5850 5847 5851
f 5852 5853 5850
f 5854 5855 5851
f 5855 5856 5857
f 5825 5858 5843
f 5858 5859 5854
f 5859 5860 5861
f 5861 5862 5863
f 5860 5826 5864
f 5864 5865 5866
f 5867 5862 5868
f 5866 5869 5868
f 5863 5870 5871
f 5856 5871 5872
f 5872 5873 5874
f 5875 5873 5876
f 5877 5870 5878
f 5879 5878 5867
f 5880 5876 5877
f 5879 5881 5882
f 1511 5884 5883
f 5885 5883 5886
f 5887 5888 5889
f 5890 5891 5892
f 5893 5816 5894
f 5894 5887 5895
f 5817 5893 5896
f 5892 5897 5898
f 5897 218 5899
f 1531 5901 5900
f 5902 5903 5881
f 5904 5905 5906
f 5907 5908 5906
f 5909 5908 5910
f 5911 5912 5910
f 5763 5913 5914
f 241 5915 5916
f 5917 211 5914
f 5915 5918 5919
f 5920 243 5783
f 5921 5920 5917
f 5922 5921 5919
f 5923 5918 5924
f 241 5925 5924
f 1506 5926 5927
f 5927 5928 5929
f 5923 5930 5931
f 5926 5932 5933
f 5932 5934 5935
f 5936 5930 5933
f 1506 5929 5937
f 1509 5939 5938
f 5939 5940 5941
f 5942 5884 5943
f 5940 5943 5944
f 5934 5937 5945
f 5945 5941 5946
f 5944 5947 5948
f 5885 5949 5947
f 5950 5922 5951
f 5931 5952 5951
f 5950 5953 5788
f 5936 5954 5955
f 5956 5954 5957
f 5935 5958 5957
f 5959 5952 5955
f 5960 5888 5795
f 5953 5961 5960
f 5962 5961 5963
f 5959 5964 5963
f 5965 5964 5956
f 5962 5966 5889
f 5967 5966 5968
f 5965 5969 5968
f 5970 5958 5971
f 5946 5972 5971
f 5970 5973 5974
f 5975 5949 5976
f 5972 5948 5977
f 5977 5975 5978
f 5973 5979 5980
f 5981 5969 5982
f 5974 5983 5982
f 5984 5983 5980
f 5979 5978 5985
f 5890 5985 5986
f 5987 5988 5896
f 5989 5895 5990
f 5991 5990 5967
f 5987 5989 5992
f 5993 5992 5994
f 5991 5995 5994
f 5988 5996 5824
f 5997 5996 5998
f 5998 5993 5999
f 5999 6000 6001
f 5984 6002 6003
f 6004 5995 5981
f 6005 6002 5898
f 6004 6006 6007
f 6008 6006 6009
f 6003 6010 6009
f 6000 6007 6011
f 6012 6010 6013
f 6013 6005 5901
f 5865 5997 6014
f 6014 6015 6016
f 6015 6001 6017
f 5869 6018 6019
f 5902 6019 6020
f 6016 6021 6018
f 6022 6021 6017
f 6022 6023 6024
f 6008 6025 6026
f 6012 5904 6027
f 6028 6025 6027
f 6029 6023 6030
f 6011 6031 6030
f 6031 6026 6032
f 6032 6033 6034
f 6028 5909 6035
f 6033 6035 6036
f 204 6038 6037
f 1541 6038 6039
f 6039 6040 6041
f 6042 204 6043
f 1542 206 6044
f 6045 6044 6046
f 6042 1542 6047
f 6048 6040 6049
f 6049 6047 6045
f 6050 6041 6051
f 6050 6052 6053
f 6046 6054 6055
f 6052 6056 6057
f 6051 6058 6059
f 6055 6060 6061
f 6062 6058 6048
f 6063 6064 6065
f 6056 6066 6067
f 6066 6059 6068
f 6065 6069 6068
f 6061 6063 6062
f 6070 6071 6072
f 6070 6073 6074
f 6072 6075 6076
f 6077 6073 6078
f 6076 6079 6078
f 1554 6080 6081
f 240 6082 6081
f 1553 6083 6084
f 6085 6084 6086
f 6087 6088 6089
f 6090 5886 6091
f 6080 6092 6091
f 6093 6092 6094
f 6094 6083 6089
f 6095 6087 6096
f 6096 6085 6077
f 1549 6098 6097
f 6071 6097 6053
f 6057 6099 6075
f 6079 6100 6101
f 6102 6099 6103
f 6102 6104 6100
f 6105 6088 6106
f 6107 6108 6106
f 6109 5976 6110
f 6090 6111 6110
f 6112 6111 6113
f 6113 6093 6105
f 6114 6107 6115
f 6115 6095 6101
f 6108 6116 6117
f 5986 6109 6118
f 5891 6118 6119
f 6117 6120 6112
f 6067 6121 6122
f 6121 6123 6124
f 6125 6123 6069
f 6064 6126 6127
f 6126 6128 6129
f 6127 6130 6131
f 6132 6133 6134
f 6135 6124 6136
f 6137 6125 6134
f 6132 6138 6139
f 6138 6131 6140
f 6140 6141 6142
f 6143 6144 6145
f 6136 6137 6146
f 6147 6146 6148
f 6149 6150 6151
f 6151 6152 6133
f 6152 6153 6148
f 6154 6143 6153
f 6149 6139 6155
f 6142 6156 6157
f 6122 6158 6103
f 6104 6159 6160
f 6158 6135 6161
f 6162 6159 6163
f 6161 6164 6163
f 6116 6165 6166
f 5899 6119 6167
f 6167 6120 6168
f 5900 6168 6169
f 6160 6170 6114
f 6165 6170 6171
f 6166 6172 6173
f 5905 6169 6174
f 6175 6171 6162
f 6147 6176 6164
f 6177 6176 6178
f 6145 6179 6178
f 6180 6179 6181
f 6172 6182 6183
f 6183 6184 6185
f 6174 6173 6186
f 5907 6186 6187
f 6187 1575 6185
f 6182 6175 6188
f 6189 224 5911
f 6177 6190 6188
f 1585 6192 6191
f 1584 6194 6193
f 6192 6195 6193
f 6191 5109 6196
f 6197 6195 6198
f 6196 6199 6198
f 1584 6201 6200
f 200 6202 6203
f 6203 6204 6205
f 6197 6206 6201
f 6207 6206 6208
f 6204 6207 6209
f 6209 6210 6211
f 6199 6212 6213
f 6212 5114 6214
f 6214 6215 6216
f 6215 5117 6217
f 6208 6213 6218
f 1589 6218 6219
f 1589 6219 6220
f 6210 6220 6221
f 1594 6222 6216
f 1594 6223 6222
f 6221 6224 6225
f 6226 6224 6223
f 6227 6205 6228
f 6228 6229 6230
f 6230 6231 6232
f 6233 1596 6232
f 1601 6235 6234
f 6211 6236 6229
f 6231 6237 6238
f 6234 6238 6239
f 6239 6240 6241
f 6242 6243 6244
f 6235 6245 6243
f 6246 201 6244
f 225 6248 6247
f 6249 6245 6250
f 6250 6241 6251
f 6252 6247 6253
f 6249 6254 6253
f 6255 6256 6236
f 6256 6257 6237
f 6258 6240 6259
f 6260 6255 6225
f 6259 6257 6261
f 6262 6263 6258
f 6264 6262 6265
f 6266 6264 6267
f 6251 6263 6268
f 6268 6269 6254
f 6270 6269 6266
f 1610 6272 6271
f 6271 206 6273
f 1610 207 6274
f 6274 207 6275
f 6275 6276 6277
f 6277 209 6278
f 1609 1614 6279
f 1610 1608 6280
f 6054 6272 6281
f 6281 6280 6282
f 1611 1608 1609
f 1612 6284 6283
f 6283 1609 6279
f 6285 6248 6286
f 208 6286 6287
f 6288 6287 6289
f 209 6289 6278
f 1614 1613 1615
f 226 6290 6252
f 1613 6290 6291
f 1613 6291 1615
f 1618 1615 1616
f 1617 6293 6292
f 6292 1618 6294
f 6295 6296 6297
f 6298 1617 6299
f 1617 6300 6299
f 1647 6300 6295
f 6282 6301 6302
f 6060 6302 6303
f 6301 6284 6304
f 6304 6305 6306
f 1617 6305 6293
f 6128 6303 6307
f 6307 6308 6309
f 6298 6308 6306
f 1619 6311 6310
f 6310 6270 6296
f 6311 1619 6294
f 6312 6217 6313
f 6314 6313 6315
f 5125 6316 6315
f 6316 5129 6317
f 6317 6318 6319
f 6320 6226 6312
f 6321 6314 6322
f 6319 6323 6322
f 6321 6324 6320
f 6325 6324 6326
f 5134 6327 6318
f 6327 6328 6329
f 6330 6323 6331
f 6330 6332 6326
f 6333 6332 6334
f 6331 6329 6335
f 6336 6334 6337
f 6338 6260 6339
f 6340 6341 6342
f 6261 6338 6342
f 6339 6343 6344
f 6345 6343 6325
f 6344 6346 6347
f 6347 6348 6349
f 6350 6340 6351
f 6349 6352 6351
f 6341 6353 6265
f 1637 6353 6354
f 6355 6267 6356
f 6354 6357 6356
f 1634 6350 6358
f 1644 6359 6358
f 6360 6357 6361
f 6361 6359 6362
f 6363 6346 6345
f 6364 6363 6333
f 6365 6348 6366
f 6367 6352 6368
f 6365 6369 6368
f 6370 6371 6364
f 6371 6372 6366
f 6373 6370 6336
f 6374 6372 6375
f 6369 6374 6376
f 1641 6377 6367
f 6378 6377 6379
f 6362 6378 6380
f 6380 6381 6382
f 6376 6383 6379
f 6384 6383 6385
f 6386 6387 6385
f 6381 6384 6388
f 6388 6389 6390
f 6297 6355 6391
f 6392 6391 6393
f 1646 6394 6395
f 6395 232 6396
f 6392 1650 6396
f 6397 6398 6399
f 6400 6401 6402
f 6403 6400 6399
f 6404 6393 6360
f 6405 1650 6404
f 6406 1649 6398
f 1650 6405 6406
f 6129 6407 6130
f 6408 6407 6409
f 6409 6309 6394
f 6410 6408 6397
f 1648 6402 6411
f 6411 6141 6410
f 6403 1649 6412
f 6401 6413 6414
f 6415 1658 6413
f 1655 6417 6416
f 6416 6382 6418
f 1655 6412 6417
f 6419 6418 6420
f 6390 6421 6420
f 6422 6414 6423
f 6423 6424 6425
f 6424 6415 6419
f 6422 234 6156
f 4303 5838 6426
f 5853 6427 5849
f 5852 5857 6428
f 6428 6429 6430
f 6429 5874 6431
f 6431 6432 6433
f 6434 6435 6426
f 6434 6427 6436
f 4315 6435 6437
f 6438 6439 6436
f 6438 6430 6440
f 6440 1662 6441
f 6441 6433 6442
f 6442 6443 6444
f 6432 5875 6445
f 6445 6446 6447
f 5880 6448 6449
f 6450 6448 5882
f 6451 6446 6449
f 6450 6452 6453
f 6454 6455 6456
f 6443 6457 6458
f 6457 6447 6454
f 6459 6460 6461
f 6455 6451 6461
f 6459 6453 6462
f 4351 6437 6463
f 6464 6465 6439
f 6466 6467 6463
f 6466 6465 6468
f 6468 1673 6469
f 1664 6470 6464
f 1674 6470 6471
f 6471 6444 6472
f 1676 6469 6473
f 6473 1674 6474
f 6475 6474 6476
f 4356 6467 6477
f 6477 6478 6479
f 1675 6480 6478
f 1682 6480 6481
f 6475 6482 6483
f 1682 6481 6484
f 6484 6483 6485
f 6486 6487 6488
f 6487 6456 6489
f 6489 6490 6491
f 6476 6472 6492
f 6492 6458 6486
f 6493 6490 6460
f 6494 6495 6462
f 6482 6488 6496
f 6497 6495 6498
f 4395 6479 6499
f 6499 6500 6501
f 6502 1683 6500
f 4397 6501 6503
f 6502 6504 6505
f 6504 6485 6506
f 6507 6508 6506
f 6509 4400 6510
f 6503 6511 6510
f 6511 6505 6512
f 6509 6513 6514
f 6513 6512 6515
f 6515 6516 6517
f 6518 6516 6508
f 6519 6507 6520
f 6496 6521 6520
f 6522 6521 6523
f 6491 6524 6523
f 6524 6493 6525
f 6525 6526 6527
f 6526 6497 6528
f 6529 6530 6528
f 6531 6518 6519
f 6522 6532 6533
f 6531 6534 6535
f 6536 6534 6533
f 6537 6532 6538
f 6527 6539 6538
f 4419 6514 6540
f 6517 6541 6542
f 6540 6543 6544
f 6545 6543 6546
f 6542 6547 6546
f 6545 6548 6549
f 6550 4429 6551
f 6544 6552 6551
f 6553 6552 6549
f 6548 6554 6555
f 6556 6554 6557
f 6541 6535 6558
f 6559 6560 6561
f 6561 6562 6563
f 6547 6558 6563
f 6537 6564 6565
f 6536 6566 6559
f 6565 6567 6566
f 6568 6569 6560
f 6562 6570 6557
f 6571 6570 6569
f 6572 6568 6573
f 6574 6575 6576
f 6572 6577 6576
f 6578 6571 6575
f 5903 6579 6452
f 6580 6581 6579
f 5912 6582 6583
f 6583 6584 6585
f 6586 6494 6581
f 6586 6587 6588
f 6589 6498 6588
f 6589 6590 6529
f 6591 6590 6592
f 6593 6594 6595
f 6592 6596 6594
f 6597 6595 6598
f 6599 6600 6601
f 6599 6602 6603
f 6604 6600 6605
f 6605 6606 6607
f 6606 6603 6608
f 6609 6530 6610
f 6591 6611 6610
f 6612 6611 6593
f 6597 6613 6614
f 6539 6609 6615
f 6615 6616 6564
f 6617 6616 6618
f 6612 6619 6618
f 6620 6621 6622
f 6622 6619 6614
f 6623 6624 6625
f 6613 6626 6627
f 6627 6628 6629
f 6628 6625 6630
f 6631 6632 6633
f 6624 6607 6634
f 6632 6635 6634
f 6636 6637 6630
f 6638 6620 6629
f 6639 6636 6635
f 6640 6641 6642
f 6643 6644 6645
f 6641 6646 6643
f 6617 6647 6648
f 6567 6649 6650
f 6649 6648 6651
f 6647 6621 6652
f 6651 6653 6654
f 6653 6652 6655
f 6573 6650 6656
f 6656 6657 6658
f 6577 6658 6659
f 6659 6645 6660
f 6657 6654 6642
f 6631 6661 6662
f 6663 6664 6662
f 6665 6666 6640
f 6667 6668 6663
f 6666 6669 6670
f 6671 6646 6670
f 6638 6672 6673
f 6672 6637 6674
f 6665 6655 6673
f 6664 6675 6639
f 6674 6675 6669
f 6020 6676 6677
f 6678 6676 6679
f 6024 6680 6679
f 6681 6580 6677
f 6678 6682 6683
f 6684 6680 6029
f 6036 6585 6685
f 6684 6686 6687
f 6686 6034 6688
f 6688 6689 6690
f 6682 6687 6691
f 6689 6685 6692
f 6681 6693 6694
f 6695 6693 6683
f 6694 6596 6587
f 6695 6696 6598
f 6691 6697 6698
f 6697 6690 6699
f 6699 6700 6701
f 6601 6700 6692
f 6696 6698 6702
f 6702 6703 6626
f 6623 6703 6704
f 6701 6604 6704
f 6705 6556 6578
f 6706 6707 6708
f 6705 6709 6708
f 6574 6710 6711
f 6712 6711 6713
f 6712 6714 6709
f 1742 6715 6706
f 6716 6715 6717
f 6714 6718 6717
f 6719 6720 6718
f 1744 6720 6721
f 6716 6722 6723
f 6724 1745 6722
f 6721 1757 6725
f 6726 6727 6728
f 6729 6727 6730
f 1759 6730 6731
f 6644 6732 6733
f 6734 6735 6736
f 6736 6737 6738
f 6737 1748 6739
f 6710 6660 6740
f 6740 6733 6741
f 6742 6713 6743
f 6738 6743 6744
f 6741 6734 6744
f 6719 6742 6745
f 6746 1753 6745
f 6732 6747 6748
f 6735 6748 6749
f 6750 6749 6751
f 6752 6753 6754
f 6753 6668 6755
f 6751 6754 6756
f 6747 6671 6752
f 6756 6757 6758
f 6757 6755 6728
f 1749 6759 6746
f 6760 6761 6553
f 4532 6550 6762
f 6762 6763 6764
f 6765 6763 6761
f 6766 6760 6555
f 6767 6768 6766
f 6769 6767 6707
f 6770 6765 6768
f 6764 6771 6772
f 6773 6771 6774
f 6770 6775 6774
f 6776 1766 6775
f 6769 1764 6777
f 6778 1767 6777
f 6328 5082 6779
f 6780 6779 5594
f 6781 6780 6782
f 5600 6783 6782
f 6784 6785 6786
f 6786 6787 6788
f 6789 6781 6787
f 6790 6783 6791
f 5616 6792 6791
f 6790 6793 6788
f 6794 6793 6795
f 6794 6796 6784
f 6797 6795 6798
f 6799 6796 6800
f 6797 6801 6800
f 6802 6799 6803
f 6804 6805 6806
f 6807 6144 6808
f 6809 6810 6808
f 6811 6812 6810
f 6813 6814 6815
f 6814 6816 6817
f 6818 6819 6820
f 6818 6817 6821
f 6821 6822 6823
f 6824 6150 6825
f 6825 6826 6827
f 6828 6154 6824
f 6829 6809 6828
f 6155 6830 6831
f 6830 6157 6815
f 6826 6831 6832
f 1778 6833 6834
f 6833 6827 6835
f 6836 6829 6834
f 6837 6811 6836
f 6838 6832 6820
f 6839 6812 6840
f 6841 6842 6840
f 6843 6842 6844
f 6819 6845 6846
f 6847 6845 6848
f 6848 6823 6849
f 6850 6851 6852
f 6853 6854 6855
f 6804 6856 6855
f 6853 6857 6847
f 6850 6857 6858
f 1789 6860 6859
f 6859 6835 6861
f 6860 6862 6837
f 6846 6863 6864
f 6861 6838 6864
f 6862 6865 6866
f 6866 6867 6841
f 6852 6865 6863
f 6868 6869 6870
f 6181 6807 6868
f 6870 6871 6180
f 6871 6872 6873
f 6189 6184 6874
f 6874 6875 6876
f 6875 6190 6877
f 6582 6876 6878
f 6878 6879 6880
f 6873 6879 6877
f 6839 6881 6869
f 6872 6882 6883
f 6884 6881 6885
f 6843 6886 6885
f 6884 6887 6888
f 6889 6882 6888
f 6890 6880 6891
f 6891 6883 6892
f 6893 6584 6890
f 6894 6602 6893
f 6895 6896 6894
f 6897 6895 6898
f 6898 6892 6889
f 6608 6896 6899
f 6900 6792 6901
f 5614 6902 6901
f 5696 6903 6902
f 6904 6798 6900
f 6905 6903 5701
f 6905 6906 6907
f 6908 6904 6909
f 6909 6910 6911
f 6912 6801 6908
f 6913 6910 6907
f 6914 6915 6913
f 5712 6916 6917
f 6906 6917 6918
f 6916 5714 6919
f 6919 6920 6921
f 6922 6920 5717
f 6923 6915 6924
f 6914 6918 6925
f 6926 6925 6927
f 6921 6928 6927
f 6926 6929 6924
f 6930 6929 6931
f 6912 6932 6933
f 6934 6932 6911
f 6935 6936 6937
f 6933 6938 6937
f 6939 6938 6940
f 6934 6941 6942
f 6942 6943 6940
f 6944 6935 6945
f 6945 6946 6947
f 6948 6949 6950
f 6946 6951 6948
f 6806 6947 6952
f 6952 6950 6953
f 6951 6939 6954
f 6955 6956 6949
f 6941 6923 6957
f 6958 6957 6959
f 6960 6943 6958
f 6959 6961 6962
f 6930 6963 6961
f 6964 6954 6965
f 6960 6966 6965
f 6967 6955 6964
f 6968 6969 6970
f 6968 6966 6962
f 6971 6967 6972
f 6970 6973 6972
f 6974 6975 6844
f 6976 6977 6978
f 6979 6975 6980
f 6978 6981 6982
f 6851 6983 6984
f 6985 6986 6983
f 6987 6856 6988
f 6953 6989 6988
f 6985 6858 6987
f 6990 6991 6992
f 6992 6986 6993
f 6993 6989 6994
f 6867 6984 6995
f 6974 6995 6996
f 6976 6980 6997
f 6997 6996 6991
f 6998 6999 7000
f 6977 7001 7002
f 6981 7003 7004
f 7005 7006 7007
f 7008 7002 7009
f 7000 7010 7009
f 7008 7005 7003
f 6994 6956 7011
f 7012 7011 7013
f 6990 7012 7014
f 7001 7014 7015
f 7013 6971 7016
f 7016 7017 7018
f 6998 7015 7018
f 7019 7020 7021
f 7022 7023 7020
f 7024 6886 7025
f 7026 7022 7025
f 7019 6887 7024
f 7027 7028 7029
f 7030 7027 7023
f 6979 6982 7026
f 6899 7031 7032
f 7031 6897 7021
f 7029 6633 7032
f 7004 7033 7030
f 6661 7028 7034
f 7034 7035 7036
f 7037 6667 7036
f 7035 7033 7007
f 6335 6789 7038
f 7038 7039 6337
f 7040 7039 6785
f 7041 7042 6373
f 6386 6375 7043
f 7044 7045 7041
f 7043 7042 7046
f 7047 7046 7045
f 7040 7048 7049
f 7050 7044 7049
f 7051 6387 7052
f 7047 7053 7052
f 6389 7051 7054
f 7055 7053 7056
f 7057 7054 7058
f 7058 7055 7059
f 7060 7048 6802
f 7061 7050 7062
f 7060 7063 7062
f 7064 7063 7065
f 6803 6936 7065
f 7056 7061 7066
f 7067 7066 7068
f 7064 6944 7068
f 7069 7059 7070
f 7067 6805 7070
f 6421 7071 7072
f 6813 6425 7073
f 7073 7072 7074
f 7075 7071 7076
f 7077 7075 7078
f 7079 7080 7078
f 7079 7076 7057
f 7081 6816 7074
f 6822 7081 7077
f 6849 7080 7082
f 6854 7082 7069
f 1463 7083 5739
f 7084 6922 7085
f 1860 7085 7086
f 7087 7088 7086
f 7089 6928 7090
f 7084 7091 7090
f 6931 7089 7092
f 7091 1860 7093
f 7092 7094 7095
f 1870 7094 1866
f 1870 1866 7096
f 6973 7097 7098
f 7099 7100 7101
f 7097 7101 7102
f 7103 7095 7104
f 6963 7103 7105
f 1870 1864 7106
f 7107 7104 7106
f 6969 7105 7108
f 7099 7108 7107
f 1867 1864 7109
f 1868 7100 1872
f 1868 1872 7110
f 7111 1878 7102
f 7017 7098 7112
f 7112 7113 7114
f 1878 7115 7113
f 6999 7114 7116
f 7117 7116 7118
f 1875 7118 7119
f 7037 7120 7121
f 7120 7006 7122
f 7122 7123 7124
f 7125 7126 7127
f 7128 7126 7124
f 7125 6726 7121
f 7123 7010 7117
f 7128 7119 7129
f 1883 7130 7127
f 276 1884 1886
f 1884 320 1885
f 1886 1885 16
f 1 1887 1888
f 1887 1 2
f 1889 2 1890
f 1 1890 2
f 277 1891 1892
f 1891 277 278
f 1893 280 1894
f 277 1894 280
f 4 1894 1895
f 1894 277 1892
f 1895 1892 5
f 1896 282 277
f 1897 6 1898
f 6 1897 281
f 278 1898 1891
f 1898 6 1899
f 1891 1899 5
f 1900 7 1901
f 7 1900 334
f 1902 281 1901
f 281 1902 6
f 284 1903 1904
f 1903 281 1897
f 1904 1897 278
f 1904 279 1905
f 279 1904 278
f 336 1900 1906
f 1900 336 334
f 336 1906 1907
f 1906 281 1903
f 1907 1903 284
f 282 1908 279
f 1909 279 1908
f 282 1910 283
f 1910 282 1896
f 1908 282 283
f 284 1905 1911
f 1905 279 1909
f 1911 1909 285
f 337 1912 1913
f 1912 336 1907
f 1913 1907 284
f 286 1914 1915
f 1914 284 1911
f 1915 1911 285
f 337 1913 1916
f 1913 284 1914
f 1916 1914 286
f 283 1917 285
f 1918 285 1917
f 287 1919 1918
f 1919 287 288
f 20 1920 286
f 1916 286 1920
f 286 1921 20
f 1922 20 1921
f 286 1919 288
f 1919 286 1915
f 1923 288 1924
f 287 1924 288
f 30 1925 1926
f 1925 20 1922
f 1926 1922 289
f 1921 288 1927
f 288 1921 286
f 21 1928 1930
f 1928 289 1929
f 1930 1929 26
f 289 1927 1929
f 1927 288 1923
f 1929 1923 26
f 30 1926 1931
f 1926 289 1928
f 1931 1928 21
f 290 1932 4
f 1893 4 1932
f 290 1933 8
f 290 291 1932
f 1934 1932 291
f 1935 290 293
f 1936 294 293
f 280 292 1910
f 1937 1910 292
f 292 280 1938
f 1934 1938 280
f 297 1939 1940
f 1939 292 1938
f 1940 1938 291
f 297 1940 1941
f 1940 291 1935
f 1941 1935 293
f 301 1942 1943
f 1942 292 1939
f 1943 1939 297
f 22 1944 1945
f 1944 22 295
f 293 294 1947
f 1946 1947 294
f 296 1944 295
f 1944 296 1946
f 295 1948 23
f 1949 295 1950
f 295 1949 296
f 1950 295 23
f 297 1941 1951
f 1941 293 1947
f 1951 1947 296
f 298 1952 1953
f 1952 301 1943
f 1953 1943 297
f 298 1953 1954
f 1953 297 1951
f 1954 1951 296
f 24 1955 1949
f 1955 25 1956
f 1949 1956 296
f 298 1954 1957
f 1954 296 1956
f 1957 1956 25
f 299 1958 1959
f 1958 287 1917
f 1959 1917 283
f 299 1959 1960
f 1959 283 1937
f 1960 1937 292
f 299 1960 1961
f 1960 292 1942
f 1961 1942 301
f 301 1962 1961
f 1962 304 1963
f 1961 1963 299
f 300 1964 1965
f 1964 287 1958
f 1965 1958 299
f 26 1924 1966
f 1924 287 1964
f 1966 1964 300
f 300 1965 1967
f 1965 299 1963
f 1967 1963 304
f 304 1968 1967
f 1968 28 1969
f 1967 1969 300
f 302 1970 1971
f 1970 301 1952
f 1971 1952 298
f 302 1972 1970
f 1972 304 1962
f 1970 1962 301
f 298 1973 1971
f 1973 27 1974
f 1971 1974 302
f 27 1973 1975
f 1973 298 1957
f 1975 1957 25
f 303 1976 1977
f 1976 304 1972
f 1977 1972 302
f 303 1978 1976
f 1978 28 1968
f 1976 1968 304
f 27 1979 1981
f 1979 29 1980
f 1981 1980 303
f 303 1977 1981
f 1977 302 1974
f 1981 1974 27
f 305 1982 1983
f 1982 21 1930
f 1983 1930 26
f 360 1984 1985
f 1984 21 1982
f 1985 1982 305
f 367 1986 1987
f 1986 360 1985
f 1987 1985 305
f 31 1988 1990
f 1988 47 1989
f 1990 1989 306
f 307 1991 1992
f 1991 26 1966
f 1992 1966 300
f 28 1993 1995
f 1993 311 1994
f 1995 1994 307
f 307 1992 1995
f 1992 300 1969
f 1995 1969 28
f 26 1991 1983
f 1991 307 1996
f 1983 1996 305
f 308 1997 1999
f 1997 309 1998
f 1999 1998 305
f 307 2000 1996
f 2000 308 1999
f 1996 1999 305
f 305 1998 1987
f 1998 309 2001
f 1987 2001 367
f 310 2002 2003
f 2002 308 2000
f 2003 2000 307
f 310 2003 2004
f 2003 307 1994
f 2004 1994 311
f 310 2005 2002
f 2005 309 1997
f 2002 1997 308
f 312 2006 2007
f 2006 311 1993
f 2007 1993 28
f 312 2007 2008
f 2007 28 1978
f 2008 1978 303
f 29 2009 2011
f 2009 32 2010
f 2011 2010 312
f 312 2008 2011
f 2008 303 1980
f 2011 1980 29
f 312 2012 2014
f 2012 313 2013
f 2014 2013 310
f 310 2004 2014
f 2004 311 2006
f 2014 2006 312
f 313 2012 2015
f 2012 312 2010
f 2015 2010 32
f 32 2016 2015
f 2016 33 2017
f 2015 2017 313
f 368 2018 2019
f 2018 367 2001
f 2019 2001 309
f 309 2020 2019
f 2020 315 2021
f 2019 2021 368
f 314 2022 2023
f 2022 309 2005
f 2023 2005 310
f 314 2024 2022
f 2024 315 2020
f 2022 2020 309
f 315 2025 2021
f 2025 306 2026
f 2021 2026 368
f 31 1990 2027
f 1990 306 2025
f 2027 2025 315
f 314 2028 2024
f 2028 316 2029
f 2024 2029 315
f 313 2030 2032
f 2030 317 2031
f 2032 2031 314
f 314 2023 2032
f 2023 310 2013
f 2032 2013 313
f 317 2033 2031
f 2033 318 2034
f 2031 2034 314
f 317 2030 2035
f 2030 313 2017
f 2035 2017 33
f 34 2036 2037
f 2036 318 2033
f 2037 2033 317
f 34 2037 2038
f 2037 317 2035
f 2038 2035 33
f 316 2028 2039
f 2028 314 2034
f 2039 2034 318
f 449 2040 2041
f 2040 316 2039
f 2041 2039 318
f 34 2042 2044
f 2042 48 2043
f 2044 2043 449
f 449 2041 2044
f 2041 318 2036
f 2044 2036 34
f 16 2045 319
f 2045 16 1885
f 17 2046 2047
f 2046 319 2045
f 2047 2045 320
f 320 2048 2047
f 2048 321 2049
f 2047 2049 17
f 322 2050 2052
f 2050 375 2051
f 2052 2051 17
f 17 2049 2054
f 2049 321 2053
f 2054 2053 323
f 17 2054 2052
f 2054 323 2055
f 2052 2055 322
f 324 2056 2057
f 2056 322 2055
f 2057 2055 323
f 3 2058 2060
f 2058 328 2059
f 2060 2059 326
f 326 2061 2060
f 2061 276 2062
f 2060 2062 3
f 328 2063 2065
f 2063 330 2064
f 2065 2064 327
f 327 2066 2065
f 2066 326 2059
f 2065 2059 328
f 326 2067 2061
f 2067 320 1884
f 2061 1884 276
f 320 2067 2068
f 2067 326 2066
f 2068 2066 327
f 320 2068 2048
f 2068 327 2069
f 2048 2069 321
f 330 2070 2064
f 2070 332 2071
f 2064 2071 327
f 327 2071 2069
f 2071 332 2072
f 2069 2072 321
f 329 2073 2074
f 2073 330 2063
f 2074 2063 328
f 3 1887 2058
f 1887 2 2075
f 2058 2075 328
f 328 2075 2077
f 2075 2 2076
f 2077 2076 325
f 328 2077 2074
f 2077 325 2078
f 2074 2078 329
f 333 2079 2080
f 2079 330 2073
f 2080 2073 329
f 333 2080 2081
f 2080 329 2078
f 2081 2078 325
f 325 2082 2084
f 2082 356 2083
f 2084 2083 331
f 323 2053 2085
f 2053 321 2072
f 2085 2072 332
f 346 2086 2088
f 2086 332 2087
f 2088 2087 350
f 346 2089 2091
f 2089 343 2090
f 2091 2090 323
f 346 2091 2086
f 2091 323 2085
f 2086 2085 332
f 332 2070 2092
f 2070 330 2079
f 2092 2079 333
f 333 2093 2095
f 2093 349 2094
f 2095 2094 350
f 350 2087 2095
f 2087 332 2092
f 2095 2092 333
f 325 2084 2081
f 2084 331 2096
f 2081 2096 333
f 349 2093 2097
f 2093 333 2096
f 2097 2096 331
f 10 2098 2099
f 2098 10 334
f 336 2100 2102
f 2100 338 2101
f 2102 2101 335
f 2098 334 2102
f 336 2102 334
f 9 2103 2105
f 2103 338 2104
f 2105 2104 339
f 325 2076 2106
f 2076 2 1889
f 2106 1889 9
f 9 2105 2106
f 2105 339 2107
f 2106 2107 325
f 338 2103 2101
f 2103 9 2108
f 2101 2108 335
f 337 2109 1912
f 2109 341 2110
f 1912 2110 336
f 338 2100 2111
f 2100 336 2110
f 2111 2110 341
f 339 2112 2107
f 2112 356 2082
f 2107 2082 325
f 339 2104 2112
f 2104 338 2113
f 2112 2113 356
f 334 2114 7
f 340 2115 2116
f 2115 338 2111
f 2116 2111 341
f 356 2113 2117
f 2113 338 2115
f 2117 2115 340
f 357 2118 2119
f 2118 331 2083
f 2119 2083 356
f 341 2109 2120
f 2109 337 1920
f 2120 1920 20
f 342 2121 2122
f 2121 341 2120
f 2122 2120 20
f 340 2116 2123
f 2116 341 2121
f 2123 2121 342
f 30 2124 2126
f 2124 361 2125
f 2126 2125 342
f 342 2122 2126
f 2122 20 1925
f 2126 1925 30
f 340 2123 2127
f 2123 342 2125
f 2127 2125 361
f 403 2128 2130
f 2128 324 2129
f 2130 2129 343
f 324 2057 2129
f 2057 323 2090
f 2129 2090 343
f 343 2131 2130
f 2131 344 2132
f 2130 2132 403
f 404 2133 2134
f 2133 403 2132
f 2134 2132 344
f 344 2135 2134
f 2135 345 2136
f 2134 2136 404
f 347 2137 2138
f 2137 346 2088
f 2138 2088 350
f 346 2139 2089
f 2139 348 2140
f 2089 2140 343
f 346 2137 2139
f 2137 347 2141
f 2139 2141 348
f 344 2131 2142
f 2131 343 2140
f 2142 2140 348
f 347 2143 2141
f 2143 354 2144
f 2141 2144 348
f 351 2145 2146
f 2145 347 2138
f 2146 2138 350
f 18 2147 2149
f 2147 351 2148
f 2149 2148 349
f 18 2149 2150
f 2149 349 2097
f 2150 2097 331
f 349 2148 2094
f 2148 351 2146
f 2094 2146 350
f 351 2151 2145
f 2151 354 2143
f 2145 2143 347
f 18 2152 2147
f 2152 363 2153
f 2147 2153 351
f 352 2154 2155
f 2154 344 2142
f 2155 2142 348
f 354 2156 2144
f 2156 352 2155
f 2144 2155 348
f 353 2157 2158
f 2157 352 2156
f 2158 2156 354
f 345 2135 2159
f 2135 344 2154
f 2159 2154 352
f 353 2160 2157
f 2160 459 2161
f 2157 2161 352
f 351 2162 2151
f 2162 355 2163
f 2151 2163 354
f 351 2153 2162
f 2153 363 2164
f 2162 2164 355
f 354 2163 2158
f 2163 355 2165
f 2158 2165 353
f 371 2166 2168
f 2166 460 2167
f 2168 2167 355
f 363 2169 2164
f 2169 371 2168
f 2164 2168 355
f 371 2170 2166
f 2170 19 2171
f 2166 2171 460
f 353 2165 2172
f 2165 355 2167
f 2172 2167 460
f 460 2173 2172
f 2173 459 2160
f 2172 2160 353
f 340 2174 2117
f 2174 359 2175
f 2117 2175 356
f 356 2176 2119
f 2176 358 2177
f 2119 2177 357
f 363 2178 2179
f 2178 357 2177
f 2179 2177 358
f 356 2175 2176
f 2175 359 2180
f 2176 2180 358
f 366 2181 2182
f 2181 358 2180
f 2182 2180 359
f 360 2183 2184
f 2183 361 2124
f 2184 2124 30
f 30 1931 2184
f 1931 21 1984
f 2184 1984 360
f 340 2127 2174
f 2127 361 2185
f 2174 2185 359
f 359 2185 2187
f 2185 361 2186
f 2187 2186 362
f 361 2183 2186
f 2183 360 2188
f 2186 2188 362
f 362 2188 2189
f 2188 360 1986
f 2189 1986 367
f 359 2187 2182
f 2187 362 2190
f 2182 2190 366
f 18 2150 2191
f 2150 331 2118
f 2191 2118 357
f 18 2191 2152
f 2191 357 2178
f 2152 2178 363
f 364 2192 2193
f 2192 363 2179
f 2193 2179 358
f 358 2181 2193
f 2181 366 2194
f 2193 2194 364
f 364 2194 2196
f 2194 366 2195
f 2196 2195 369
f 364 2196 2198
f 2196 369 2197
f 2198 2197 365
f 369 2199 2197
f 2199 470 2200
f 2197 2200 365
f 362 2189 2190
f 2189 367 2201
f 2190 2201 366
f 366 2201 2202
f 2201 367 2018
f 2202 2018 368
f 369 2195 2203
f 2195 366 2202
f 2203 2202 368
f 306 2204 2026
f 2204 369 2203
f 2026 2203 368
f 370 2205 2206
f 2205 369 2204
f 2206 2204 306
f 370 2206 2207
f 2206 306 1989
f 2207 1989 47
f 369 2205 2199
f 2205 370 2208
f 2199 2208 470
f 364 2198 2210
f 2198 365 2209
f 2210 2209 371
f 364 2210 2192
f 2210 371 2169
f 2192 2169 363
f 365 2211 2209
f 2211 19 2170
f 2209 2170 371
f 365 2200 2211
f 2200 470 2212
f 2211 2212 19
f 11 2213 2215
f 2213 378 2214
f 2215 2214 372
f 372 2216 2218
f 2216 373 2217
f 2218 2217 12
f 12 2219 2218
f 2219 11 2215
f 2218 2215 372
f 373 2220 2217
f 2220 380 2221
f 2217 2221 12
f 372 2222 2216
f 2222 377 2223
f 2216 2223 373
f 377 2224 2226
f 2224 374 2225
f 2226 2225 380
f 380 2220 2226
f 2220 373 2223
f 2226 2223 377
f 375 2227 2229
f 2227 385 2228
f 2229 2228 372
f 375 2229 2230
f 2229 372 2214
f 2230 2214 378
f 384 2231 2232
f 2231 385 2227
f 2232 2227 375
f 377 2222 2233
f 2222 372 2228
f 2233 2228 385
f 376 2234 2235
f 2234 374 2224
f 2235 2224 377
f 2236 319 2237
f 319 2236 16
f 319 2238 2237
f 2238 378 2213
f 2237 2213 11
f 378 2238 2239
f 2238 319 2046
f 2239 2046 17
f 375 2230 2051
f 2230 378 2239
f 2051 2239 17
f 374 2240 2225
f 2240 383 2241
f 2225 2241 380
f 379 2242 2243
f 2242 12 2221
f 2243 2221 380
f 379 2243 2245
f 2243 380 2244
f 2245 2244 381
f 13 2246 2247
f 2246 379 2245
f 2247 2245 381
f 381 2248 2247
f 2248 35 2249
f 2247 2249 13
f 381 2244 2250
f 2244 380 2241
f 2250 2241 383
f 35 2248 2251
f 2248 381 2250
f 2251 2250 383
f 383 2240 2253
f 2240 374 2252
f 2253 2252 382
f 382 2252 2254
f 2252 374 2234
f 2254 2234 376
f 383 2255 2251
f 2255 36 2256
f 2251 2256 35
f 36 2255 2258
f 2255 383 2257
f 2258 2257 388
f 386 2259 2260
f 2259 377 2233
f 2260 2233 385
f 376 2235 2261
f 2235 377 2259
f 2261 2259 386
f 391 2262 2263
f 2262 376 2261
f 2263 2261 386
f 390 2264 2265
f 2264 385 2231
f 2265 2231 384
f 386 2260 2266
f 2260 385 2264
f 2266 2264 390
f 390 2267 2266
f 2267 394 2268
f 2266 2268 386
f 391 2263 2269
f 2263 386 2268
f 2269 2268 394
f 384 2232 2271
f 2232 375 2270
f 2271 2270 387
f 387 2270 2272
f 2270 375 2050
f 2272 2050 322
f 387 2272 2273
f 2272 322 2056
f 2273 2056 324
f 388 2257 2274
f 2257 383 2253
f 2274 2253 382
f 389 2275 2276
f 2275 382 2254
f 2276 2254 376
f 382 2275 2274
f 2275 389 2277
f 2274 2277 388
f 389 2276 2278
f 2276 376 2262
f 2278 2262 391
f 395 2279 2280
f 2279 388 2277
f 2280 2277 389
f 397 2281 2282
f 2281 388 2279
f 2282 2279 395
f 36 2258 2283
f 2258 388 2281
f 2283 2281 397
f 396 2284 2285
f 2284 389 2278
f 2285 2278 391
f 395 2280 2286
f 2280 389 2284
f 2286 2284 396
f 397 2287 2283
f 2287 430 2288
f 2283 2288 36
f 384 2289 2265
f 2289 392 2290
f 2265 2290 390
f 398 2291 2292
f 2291 391 2269
f 2292 2269 394
f 392 2293 2290
f 2293 393 2294
f 2290 2294 390
f 394 2267 2295
f 2267 390 2294
f 2295 2294 393
f 401 2296 2297
f 2296 394 2295
f 2297 2295 393
f 398 2292 2298
f 2292 394 2296
f 2298 2296 401
f 392 2299 2300
f 2299 387 2273
f 2300 2273 324
f 392 2300 2301
f 2300 324 2128
f 2301 2128 403
f 392 2289 2299
f 2289 384 2271
f 2299 2271 387
f 405 2302 2303
f 2302 392 2301
f 2303 2301 403
f 396 2285 2304
f 2285 391 2291
f 2304 2291 398
f 395 2305 2282
f 2305 407 2306
f 2282 2306 397
f 430 2287 2307
f 2287 397 2306
f 2307 2306 407
f 406 2308 2309
f 2308 396 2304
f 2309 2304 398
f 395 2286 2310
f 2286 396 2308
f 2310 2308 406
f 406 2311 2310
f 2311 407 2305
f 2310 2305 395
f 392 2312 2293
f 2312 400 2313
f 2293 2313 393
f 399 2314 2315
f 2314 400 2312
f 2315 2312 392
f 401 2297 2316
f 2297 393 2313
f 2316 2313 400
f 402 2317 2318
f 2317 398 2298
f 2318 2298 401
f 546 2319 2320
f 2319 401 2316
f 2320 2316 400
f 402 2318 2321
f 2318 401 2319
f 2321 2319 546
f 404 2322 2133
f 2322 405 2303
f 2133 2303 403
f 392 2302 2315
f 2302 405 2323
f 2315 2323 399
f 404 2324 2322
f 2324 549 2325
f 2322 2325 405
f 399 2323 2326
f 2323 405 2325
f 2326 2325 549
f 402 2327 2329
f 2327 409 2328
f 2329 2328 406
f 406 2309 2329
f 2309 398 2317
f 2329 2317 402
f 409 2330 2332
f 2330 410 2331
f 2332 2331 407
f 407 2311 2332
f 2311 406 2328
f 2332 2328 409
f 430 2307 2334
f 2307 407 2333
f 2334 2333 408
f 408 2333 2335
f 2333 407 2331
f 2335 2331 410
f 402 2336 2327
f 2336 551 2337
f 2327 2337 409
f 410 2330 2338
f 2330 409 2337
f 2338 2337 551
f 411 2339 2340
f 2339 408 2335
f 2340 2335 410
f 553 2341 2342
f 2341 411 2340
f 2342 2340 410
f 412 2343 2345
f 2343 14 2344
f 2345 2344 13
f 412 2345 2346
f 2345 13 2249
f 2346 2249 35
f 35 2347 2346
f 2347 413 2348
f 2346 2348 412
f 414 2349 2351
f 2349 15 2350
f 2351 2350 14
f 414 2351 2352
f 2351 14 2343
f 2352 2343 412
f 414 2352 2353
f 2352 412 2348
f 2353 2348 413
f 35 2256 2347
f 2256 36 2354
f 2347 2354 413
f 414 2353 2356
f 2353 413 2355
f 2356 2355 415
f 416 2357 2358
f 2357 414 2356
f 2358 2356 415
f 417 2359 2360
f 2359 15 2349
f 2360 2349 414
f 418 2361 2362
f 2361 15 2359
f 2362 2359 417
f 420 2363 2364
f 2363 418 2362
f 2364 2362 417
f 419 2365 2367
f 2365 1116 2366
f 2367 2366 418
f 419 2367 2368
f 2367 418 2363
f 2368 2363 420
f 417 2360 2369
f 2360 414 2357
f 2369 2357 416
f 420 2370 2368
f 2370 37 2371
f 2368 2371 419
f 420 2372 2370
f 2372 39 2373
f 2370 2373 37
f 413 2374 2355
f 2374 423 2375
f 2355 2375 415
f 415 2376 2358
f 2376 421 2377
f 2358 2377 416
f 423 2378 2375
f 2378 424 2379
f 2375 2379 415
f 421 2376 2380
f 2376 415 2379
f 2380 2379 424
f 36 2381 2354
f 2381 422 2382
f 2354 2382 413
f 423 2374 2383
f 2374 413 2382
f 2383 2382 422
f 422 2381 2384
f 2381 36 2288
f 2384 2288 430
f 38 2385 2386
f 2385 421 2380
f 2386 2380 424
f 424 2378 2387
f 2378 423 2383
f 2387 2383 422
f 425 2388 2389
f 2388 417 2369
f 2389 2369 416
f 425 2389 2390
f 2389 416 2377
f 2390 2377 421
f 420 2364 2391
f 2364 417 2388
f 2391 2388 425
f 425 2392 2391
f 2392 426 2393
f 2391 2393 420
f 39 2372 2394
f 2372 420 2393
f 2394 2393 426
f 426 2392 2396
f 2392 425 2395
f 2396 2395 427
f 426 2397 2394
f 2397 1128 2398
f 2394 2398 39
f 425 2390 2399
f 2390 421 2385
f 2399 2385 38
f 427 2395 2400
f 2395 425 2399
f 2400 2399 38
f 427 2400 2402
f 2400 38 2401
f 2402 2401 431
f 1128 2397 2403
f 2397 426 2396
f 2403 2396 427
f 424 2387 2405
f 2387 422 2404
f 2405 2404 428
f 428 2406 2408
f 2406 429 2407
f 2408 2407 38
f 38 2386 2408
f 2386 424 2405
f 2408 2405 428
f 430 2409 2411
f 2409 435 2410
f 2411 2410 428
f 428 2404 2411
f 2404 422 2384
f 2411 2384 430
f 435 2409 2413
f 2409 430 2412
f 2413 2412 434
f 429 2406 2414
f 2406 428 2410
f 2414 2410 435
f 431 2401 2415
f 2401 38 2407
f 2415 2407 429
f 431 2416 2402
f 2416 432 2417
f 2402 2417 427
f 1132 2418 2419
f 2418 1128 2403
f 2419 2403 427
f 1132 2419 2420
f 2419 427 2417
f 2420 2417 432
f 431 2415 2422
f 2415 429 2421
f 2422 2421 436
f 436 2423 2422
f 2423 440 2424
f 2422 2424 431
f 440 2425 2427
f 2425 441 2426
f 2427 2426 432
f 432 2416 2427
f 2416 431 2424
f 2427 2424 440
f 433 2428 2429
f 2428 1132 2420
f 2429 2420 432
f 433 2429 2430
f 2429 432 2426
f 2430 2426 441
f 434 2412 2431
f 2412 430 2334
f 2431 2334 408
f 408 2432 2431
f 2432 437 2433
f 2431 2433 434
f 435 2413 2434
f 2413 434 2433
f 2434 2433 437
f 435 2435 2414
f 2435 439 2436
f 2414 2436 429
f 436 2421 2437
f 2421 429 2436
f 2437 2436 439
f 437 2432 2438
f 2432 408 2339
f 2438 2339 411
f 437 2439 2434
f 2439 438 2440
f 2434 2440 435
f 439 2435 2441
f 2435 435 2440
f 2441 2440 438
f 439 2442 2437
f 2442 592 2443
f 2437 2443 436
f 442 2444 2445
f 2444 433 2430
f 2445 2430 441
f 1139 2446 2447
f 2446 433 2444
f 2447 2444 442
f 442 2448 2447
f 2448 41 2449
f 2447 2449 1139
f 440 2450 2452
f 2450 592 2451
f 2452 2451 443
f 40 2453 2454
f 2453 441 2425
f 2454 2425 440
f 40 2454 2455
f 2454 440 2452
f 2455 2452 443
f 592 2450 2443
f 2450 440 2423
f 2443 2423 436
f 40 2456 2458
f 2456 444 2457
f 2458 2457 442
f 40 2458 2453
f 2458 442 2445
f 2453 2445 441
f 41 2448 2459
f 2448 442 2457
f 2459 2457 444
f 1262 2460 2461
f 2460 41 2459
f 2461 2459 444
f 445 2462 2463
f 2462 47 1988
f 2463 1988 31
f 446 2464 2465
f 2464 445 2463
f 2465 2463 31
f 446 2465 2466
f 2465 31 2027
f 2466 2027 315
f 447 2467 2468
f 2467 445 2464
f 2468 2464 446
f 449 2469 2471
f 2469 450 2470
f 2471 2470 446
f 446 2466 2472
f 2466 315 2029
f 2472 2029 316
f 446 2472 2471
f 2472 316 2040
f 2471 2040 449
f 450 2473 2470
f 2473 447 2468
f 2470 2468 446
f 447 2474 2467
f 2474 477 2475
f 2467 2475 445
f 448 2476 2477
f 2476 477 2474
f 2477 2474 447
f 451 2478 2479
f 2478 447 2473
f 2479 2473 450
f 452 2480 2481
f 2480 448 2477
f 2481 2477 447
f 452 2481 2482
f 2481 447 2478
f 2482 2478 451
f 48 2483 2485
f 2483 857 2484
f 2485 2484 450
f 450 2469 2485
f 2469 449 2043
f 2485 2043 48
f 451 2479 2486
f 2479 450 2484
f 2486 2484 857
f 857 2487 2486
f 2487 452 2482
f 2486 2482 451
f 452 2488 2480
f 2488 453 2489
f 2480 2489 448
f 456 2490 2492
f 2490 452 2491
f 2492 2491 455
f 456 2493 2495
f 2493 454 2494
f 2495 2494 453
f 453 2488 2495
f 2488 452 2490
f 2495 2490 456
f 455 2491 2496
f 2491 452 2487
f 2496 2487 857
f 456 2497 2493
f 2497 50 2498
f 2493 2498 454
f 50 2499 2498
f 2499 518 2500
f 2498 2500 454
f 519 2501 2502
f 2501 518 2499
f 2502 2499 50
f 458 2503 2505
f 2503 42 2504
f 2505 2504 345
f 458 2505 2506
f 2505 345 2159
f 2506 2159 352
f 352 2161 2506
f 2161 459 2507
f 2506 2507 458
f 463 2508 2510
f 2508 457 2509
f 2510 2509 42
f 463 2510 2511
f 2510 42 2503
f 2511 2503 458
f 459 2512 2507
f 2512 463 2511
f 2507 2511 458
f 464 2513 2514
f 2513 463 2512
f 2514 2512 459
f 19 2515 2171
f 2515 478 2516
f 2171 2516 460
f 478 2517 2519
f 2517 479 2518
f 2519 2518 461
f 461 2520 2519
f 2520 460 2516
f 2519 2516 478
f 460 2520 2173
f 2520 461 2521
f 2173 2521 459
f 479 2522 2524
f 2522 480 2523
f 2524 2523 465
f 465 2525 2524
f 2525 461 2518
f 2524 2518 479
f 462 2526 2527
f 2526 459 2521
f 2527 2521 461
f 461 2528 2527
f 2528 466 2529
f 2527 2529 462
f 464 2514 2530
f 2514 459 2526
f 2530 2526 462
f 461 2525 2528
f 2525 465 2531
f 2528 2531 466
f 43 2532 2533
f 2532 457 2508
f 2533 2508 463
f 463 2534 2533
f 2534 586 2535
f 2533 2535 43
f 464 2536 2513
f 2536 586 2534
f 2513 2534 463
f 491 2537 2538
f 2537 586 2536
f 2538 2536 464
f 467 2539 2540
f 2539 465 2523
f 2540 2523 480
f 469 2541 2542
f 2541 462 2529
f 2542 2529 466
f 462 2541 2530
f 2541 469 2543
f 2530 2543 464
f 466 2531 2544
f 2531 465 2539
f 2544 2539 467
f 44 2545 2547
f 2545 467 2546
f 2547 2546 485
f 44 2548 2545
f 2548 493 2549
f 2545 2549 467
f 466 2550 2542
f 2550 468 2551
f 2542 2551 469
f 464 2543 2538
f 2543 469 2552
f 2538 2552 491
f 466 2544 2550
f 2544 467 2553
f 2550 2553 468
f 468 2553 2554
f 2553 467 2549
f 2554 2549 493
f 472 2555 2557
f 2555 475 2556
f 2557 2556 471
f 471 2558 2557
f 2558 470 2559
f 2557 2559 472
f 475 2560 2556
f 2560 473 2561
f 2556 2561 471
f 480 2562 2563
f 2562 471 2561
f 2563 2561 473
f 47 2564 2207
f 2564 472 2565
f 2207 2565 370
f 472 2564 2555
f 2564 47 2566
f 2555 2566 475
f 472 2559 2565
f 2559 470 2208
f 2565 2208 370
f 474 2566 2567
f 2566 474 475
f 2568 475 2569
f 474 2569 475
f 475 2568 2560
f 2568 476 2570
f 2560 2570 473
f 474 2567 2571
f 2567 47 2462
f 2571 2462 445
f 445 2475 2571
f 2475 477 2572
f 2571 2572 474
f 476 2569 2573
f 2569 474 2572
f 2573 2572 477
f 470 2574 2212
f 2574 478 2515
f 2212 2515 19
f 471 2575 2576
f 2575 479 2517
f 2576 2517 478
f 478 2574 2576
f 2574 470 2558
f 2576 2558 471
f 479 2575 2522
f 2575 471 2562
f 2522 2562 480
f 481 2577 2579
f 2577 483 2578
f 2579 2578 473
f 483 2580 2578
f 2580 480 2563
f 2578 2563 473
f 483 2577 2582
f 2577 481 2581
f 2582 2581 482
f 486 2583 2584
f 2583 486 485
f 486 2585 485
f 2586 485 2585
f 486 2584 2587
f 2584 483 2582
f 2587 2582 482
f 486 2587 484
f 2588 484 2587
f 49 501 2589
f 2585 2589 501
f 484 2590 486
f 2589 486 2590
f 481 2579 2591
f 2579 473 2570
f 2591 2570 476
f 2592 487 2591
f 481 2591 487
f 488 2581 2593
f 2581 488 482
f 487 2594 481
f 2593 481 2594
f 489 2595 2596
f 2595 487 2592
f 2596 2592 476
f 489 2596 2597
f 2596 476 2573
f 2597 2573 477
f 487 2595 2594
f 2595 489 2598
f 2594 2598 488
f 488 2599 482
f 2588 482 2599
f 505 2600 2601
f 2600 484 2599
f 2601 2599 488
f 505 2601 2602
f 2601 488 2598
f 2602 2598 489
f 49 2590 2603
f 2590 484 2600
f 2603 2600 505
f 480 2580 2540
f 2580 483 2604
f 2540 2604 467
f 485 2546 2583
f 2546 467 2604
f 2583 2604 483
f 489 2597 2605
f 2597 477 2476
f 2605 2476 448
f 490 2606 2607
f 2606 489 2605
f 2607 2605 448
f 448 2489 2607
f 2489 453 2608
f 2607 2608 490
f 505 2602 2609
f 2602 489 2606
f 2609 2606 490
f 505 2609 2611
f 2609 490 2610
f 2611 2610 513
f 490 2608 2612
f 2608 453 2494
f 2612 2494 454
f 513 2610 2613
f 2610 490 2612
f 2613 2612 454
f 491 2614 2616
f 2614 492 2615
f 2616 2615 45
f 45 2617 2616
f 2617 586 2537
f 2616 2537 491
f 495 2618 2619
f 2618 469 2551
f 2619 2551 468
f 491 2552 2620
f 2552 469 2618
f 2620 2618 495
f 491 2620 2614
f 2620 495 2621
f 2614 2621 492
f 468 2554 2619
f 2554 493 2622
f 2619 2622 495
f 495 2622 2623
f 2622 493 2548
f 2623 2548 44
f 496 2624 2626
f 2624 44 2625
f 2626 2625 494
f 496 2626 2628
f 2626 494 2627
f 2628 2627 508
f 492 2621 2630
f 2621 495 2629
f 2630 2629 497
f 495 2623 2631
f 2623 44 2624
f 2631 2624 496
f 495 2631 2629
f 2631 496 2632
f 2629 2632 497
f 46 498 2634
f 2633 2634 498
f 46 2634 2635
f 2634 496 2628
f 2635 2628 508
f 46 2637 498
f 2637 46 2636
f 492 2630 2639
f 2630 497 2638
f 2639 2638 499
f 492 2639 2641
f 2639 499 2640
f 2641 2640 588
f 499 2642 2640
f 2642 500 2643
f 2640 2643 588
f 497 2632 2644
f 2632 496 2633
f 2644 2633 498
f 497 2644 2638
f 2644 498 2645
f 2638 2645 499
f 499 2645 2646
f 2645 498 2637
f 2646 2637 511
f 511 2647 2646
f 2647 500 2642
f 2646 2642 499
f 500 2648 2643
f 2648 637 2649
f 2643 2649 588
f 525 2650 2651
f 2650 500 2647
f 2651 2647 511
f 501 2652 2586
f 2652 501 502
f 2653 502 501
f 2653 49 2654
f 49 2653 501
f 504 2655 2656
f 2655 503 2654
f 2656 2654 49
f 504 2657 2659
f 2657 510 2658
f 2659 2658 507
f 505 2660 2603
f 2660 506 2661
f 2603 2661 49
f 514 2662 2663
f 2662 506 2660
f 2663 2660 505
f 504 2656 2664
f 2656 49 2661
f 2664 2661 506
f 510 2657 2665
f 2657 504 2664
f 2665 2664 506
f 506 2662 2665
f 2662 514 2666
f 2665 2666 510
f 485 2652 2547
f 2652 502 2667
f 2547 2667 44
f 494 2625 2668
f 2625 44 2667
f 2668 2667 502
f 502 503 2668
f 2669 2668 503
f 504 2670 2671
f 2670 508 2627
f 2671 2627 494
f 494 2669 2671
f 2669 503 2655
f 2671 2655 504
f 504 2659 2670
f 2659 507 2672
f 2670 2672 508
f 510 2666 2674
f 2666 514 2673
f 2674 2673 517
f 520 2675 2676
f 2675 510 2674
f 2676 2674 517
f 508 2672 2635
f 2672 507 2677
f 2635 2677 46
f 512 2678 2679
f 2678 507 2658
f 2679 2658 510
f 507 2680 2682
f 2680 529 2681
f 2682 2681 511
f 511 2636 2682
f 2636 46 2677
f 2682 2677 507
f 529 2680 2683
f 2680 507 2678
f 2683 2678 512
f 511 2681 2651
f 2681 529 2684
f 2651 2684 525
f 512 2679 2685
f 2679 510 2675
f 2685 2675 520
f 51 2686 2687
f 2686 529 2683
f 2687 2683 512
f 520 2688 2685
f 2688 509 2689
f 2685 2689 512
f 509 2690 2689
f 2690 51 2687
f 2689 2687 512
f 514 2663 2691
f 2663 505 2611
f 2691 2611 513
f 517 2673 2692
f 2673 514 2691
f 2692 2691 513
f 516 2693 2694
f 2693 517 2692
f 2694 2692 513
f 515 2695 2696
f 2695 516 2694
f 2696 2694 513
f 515 2696 2697
f 2696 513 2613
f 2697 2613 454
f 515 2697 518
f 2500 518 2697
f 515 518 2695
f 2698 2695 518
f 516 2698 2699
f 2698 518 2501
f 2699 2501 519
f 521 2700 2701
f 2700 517 2693
f 2701 2693 516
f 517 2702 2676
f 2702 522 2703
f 2676 2703 520
f 521 2704 2700
f 2704 522 2702
f 2700 2702 517
f 522 2705 2707
f 2705 538 2706
f 2707 2706 509
f 522 2707 2703
f 2707 509 2688
f 2703 2688 520
f 521 2708 2704
f 2708 539 2709
f 2704 2709 522
f 522 2709 2705
f 2709 539 2710
f 2705 2710 538
f 523 2711 2712
f 2711 521 2701
f 2712 2701 516
f 523 2712 2713
f 2712 516 2699
f 2713 2699 519
f 907 2714 2715
f 2714 521 2711
f 2715 2711 523
f 521 2714 2717
f 2714 907 2716
f 2717 2716 909
f 909 2718 2717
f 2718 539 2708
f 2717 2708 521
f 909 2719 2718
f 2719 52 2720
f 2718 2720 539
f 167 2721 2722
f 2721 52 2719
f 2722 2719 909
f 524 2723 2724
f 2723 637 2648
f 2724 2648 500
f 500 2650 2724
f 2650 525 2725
f 2724 2725 524
f 524 2725 2727
f 2725 525 2726
f 2727 2726 60
f 532 2728 2730
f 2728 526 2729
f 2730 2729 524
f 532 2730 2731
f 2730 524 2727
f 2731 2727 60
f 532 2732 2734
f 2732 536 2733
f 2734 2733 527
f 527 2728 2734
f 2728 527 526
f 645 527 2735
f 2733 2735 527
f 51 2736 2686
f 2736 530 2737
f 2686 2737 529
f 529 2737 2739
f 2737 530 2738
f 2739 2738 60
f 60 2726 2739
f 2726 525 2684
f 2739 2684 529
f 531 2740 2742
f 2740 530 2741
f 2742 2741 528
f 530 2740 2744
f 2740 531 2743
f 2744 2743 532
f 532 2731 2744
f 2731 60 2738
f 2744 2738 530
f 531 535 2743
f 2745 2743 535
f 530 2736 2747
f 2736 51 2746
f 2747 2746 533
f 528 2741 2748
f 2741 530 2747
f 2748 2747 533
f 533 2746 2749
f 2746 51 2690
f 2749 2690 509
f 543 2750 2751
f 2750 531 2742
f 2751 2742 528
f 2752 531 2753
f 531 2752 535
f 534 2750 543
f 2750 534 2753
f 543 2754 534
f 532 2745 2732
f 2745 535 2755
f 2732 2755 536
f 536 2755 2757
f 2755 535 2756
f 2757 2756 537
f 542 2758 2759
f 2758 538 2710
f 2759 2710 539
f 540 2760 2761
f 2760 542 2759
f 2761 2759 539
f 540 2761 2762
f 2761 539 2720
f 2762 2720 52
f 167 2763 2721
f 2763 540 2762
f 2721 2762 52
f 541 2764 2765
f 2764 542 2760
f 2765 2760 540
f 61 2766 2767
f 2766 541 2765
f 2767 2765 540
f 533 2749 2768
f 2749 509 2706
f 2768 2706 538
f 542 2769 2770
f 2769 528 2748
f 2770 2748 533
f 542 2770 2758
f 2770 533 2768
f 2758 2768 538
f 543 2751 2771
f 2751 528 2769
f 2771 2769 542
f 543 2771 2772
f 2771 542 2764
f 2772 2764 541
f 544 2772 2773
f 2772 544 543
f 62 2766 61
f 2766 62 2774
f 545 2775 2776
f 2775 400 2314
f 2776 2314 399
f 546 2320 2777
f 2320 400 2775
f 2777 2775 545
f 548 2778 2779
f 2778 402 2321
f 2779 2321 546
f 547 2780 2781
f 2780 546 2777
f 2781 2777 545
f 548 2779 2782
f 2779 546 2780
f 2782 2780 547
f 556 2783 2784
f 2783 547 2781
f 2784 2781 545
f 557 2785 2786
f 2785 548 2782
f 2786 2782 547
f 550 2787 2788
f 2787 549 2324
f 2788 2324 404
f 399 2326 2776
f 2326 549 2789
f 2776 2789 545
f 550 2788 2790
f 2788 404 2136
f 2790 2136 345
f 345 2504 2790
f 2504 42 2791
f 2790 2791 550
f 559 2792 2793
f 2792 545 2789
f 2793 2789 549
f 550 2791 2794
f 2791 42 2509
f 2794 2509 457
f 545 2792 2784
f 2792 559 2795
f 2784 2795 556
f 551 2336 2796
f 2336 402 2778
f 2796 2778 548
f 552 2797 2798
f 2797 410 2338
f 2798 2338 551
f 553 2342 2799
f 2342 410 2797
f 2799 2797 552
f 53 2800 2801
f 2800 411 2341
f 2801 2341 553
f 554 2802 2803
f 2802 553 2799
f 2803 2799 552
f 53 2801 2804
f 2801 553 2802
f 2804 2802 554
f 548 2805 2807
f 2805 561 2806
f 2807 2806 552
f 552 2798 2807
f 2798 551 2796
f 2807 2796 548
f 560 2808 2809
f 2808 548 2785
f 2809 2785 557
f 561 2805 2810
f 2805 548 2808
f 2810 2808 560
f 554 2803 2811
f 2803 552 2806
f 2811 2806 561
f 555 2812 2813
f 2812 554 2811
f 2813 2811 561
f 53 2804 2814
f 2804 554 2812
f 2814 2812 555
f 557 2786 2815
f 2786 547 2783
f 2815 2783 556
f 567 2816 2817
f 2816 557 2815
f 2817 2815 556
f 558 2818 2819
f 2818 549 2787
f 2819 2787 550
f 559 2793 2820
f 2793 549 2818
f 2820 2818 558
f 457 2821 2794
f 2821 558 2819
f 2794 2819 550
f 566 2822 2823
f 2822 559 2820
f 2823 2820 558
f 43 2824 2532
f 2824 558 2821
f 2532 2821 457
f 566 2823 2825
f 2823 558 2824
f 2825 2824 43
f 559 2826 2795
f 2826 567 2817
f 2795 2817 556
f 573 2827 2828
f 2827 560 2809
f 2828 2809 557
f 563 2829 2830
f 2829 561 2810
f 2830 2810 560
f 563 2830 2831
f 2830 560 2827
f 2831 2827 573
f 561 2832 2813
f 2832 562 2833
f 2813 2833 555
f 54 2834 2835
f 2834 53 2814
f 2835 2814 555
f 54 2835 2836
f 2835 555 2833
f 2836 2833 562
f 562 2832 2837
f 2832 561 2829
f 2837 2829 563
f 574 2838 2839
f 2838 563 2831
f 2839 2831 573
f 564 2840 2841
f 2840 562 2837
f 2841 2837 563
f 564 2841 2842
f 2841 563 2838
f 2842 2838 574
f 565 2843 2844
f 2843 557 2816
f 2844 2816 567
f 569 2845 2847
f 2845 568 2846
f 2847 2846 559
f 569 2847 2848
f 2847 559 2822
f 2848 2822 566
f 43 2849 2825
f 2849 587 2850
f 2825 2850 566
f 569 2848 2851
f 2848 566 2850
f 2851 2850 587
f 567 2826 2852
f 2826 559 2846
f 2852 2846 568
f 567 2853 2844
f 2853 572 2854
f 2844 2854 565
f 576 2855 2856
f 2855 568 2845
f 2856 2845 569
f 587 2857 2851
f 2857 570 2858
f 2851 2858 569
f 569 2858 2856
f 2858 570 2859
f 2856 2859 576
f 571 2860 2861
f 2860 567 2852
f 2861 2852 568
f 572 2853 2862
f 2853 567 2860
f 2862 2860 571
f 571 2861 2863
f 2861 568 2855
f 2863 2855 576
f 573 2828 2864
f 2828 557 2843
f 2864 2843 565
f 574 2839 2865
f 2839 573 2864
f 2865 2864 565
f 575 2866 2867
f 2866 564 2842
f 2867 2842 574
f 55 2868 2869
f 2868 564 2866
f 2869 2866 575
f 581 2870 2871
f 2870 574 2865
f 2871 2865 565
f 575 2867 2872
f 2867 574 2870
f 2872 2870 581
f 612 2873 2874
f 2873 55 2869
f 2874 2869 575
f 582 2875 2876
f 2875 575 2872
f 2876 2872 581
f 612 2874 2877
f 2874 575 2875
f 2877 2875 582
f 589 2878 2880
f 2878 579 2879
f 2880 2879 576
f 589 2880 2881
f 2880 576 2859
f 2881 2859 570
f 576 2882 2863
f 2882 577 2883
f 2863 2883 571
f 578 2884 2885
f 2884 572 2862
f 2885 2862 571
f 578 2885 2886
f 2885 571 2883
f 2886 2883 577
f 579 2887 2879
f 2887 577 2882
f 2879 2882 576
f 589 2888 2878
f 2888 636 2889
f 2878 2889 579
f 625 2890 2891
f 2890 577 2887
f 2891 2887 579
f 580 2892 2893
f 2892 578 2886
f 2893 2886 577
f 580 2893 2894
f 2893 577 2890
f 2894 2890 625
f 625 2891 2895
f 2891 579 2889
f 2895 2889 636
f 636 2896 2895
f 2896 627 2897
f 2895 2897 625
f 584 2898 2899
f 2898 581 2871
f 2899 2871 565
f 584 2900 2898
f 2900 585 2901
f 2898 2901 581
f 583 2902 2903
f 2902 582 2876
f 2903 2876 581
f 583 2903 2904
f 2903 581 2901
f 2904 2901 585
f 621 2905 2906
f 2905 582 2902
f 2906 2902 583
f 583 2904 2908
f 2904 585 2907
f 2908 2907 629
f 63 2909 2910
f 2909 621 2906
f 2910 2906 583
f 584 2899 2911
f 2899 565 2854
f 2911 2854 572
f 584 2911 2912
f 2911 572 2884
f 2912 2884 578
f 585 2900 2913
f 2900 584 2912
f 2913 2912 578
f 585 2913 2914
f 2913 578 2892
f 2914 2892 580
f 585 2914 2907
f 2914 580 2915
f 2907 2915 629
f 586 2916 2535
f 2916 587 2849
f 2535 2849 43
f 586 2617 2916
f 2617 45 2917
f 2916 2917 587
f 45 2918 2917
f 2918 570 2857
f 2917 2857 587
f 45 2919 2918
f 2919 588 2920
f 2918 2920 570
f 589 2881 2921
f 2881 570 2920
f 2921 2920 588
f 588 2919 2641
f 2919 45 2615
f 2641 2615 492
f 636 2888 2923
f 2888 589 2922
f 2923 2922 590
f 637 2924 2649
f 2924 589 2921
f 2649 2921 588
f 590 2922 2925
f 2922 589 2924
f 2925 2924 637
f 593 2926 2927
f 2926 437 2438
f 2927 2438 411
f 593 2927 2928
f 2927 411 2800
f 2928 2800 53
f 438 2439 2929
f 2439 437 2926
f 2929 2926 593
f 593 2930 2929
f 2930 591 2931
f 2929 2931 438
f 438 2932 2441
f 2932 594 2933
f 2441 2933 439
f 594 2934 2933
f 2934 592 2442
f 2933 2442 439
f 594 2932 2935
f 2932 438 2931
f 2935 2931 591
f 593 2936 2930
f 2936 600 2937
f 2930 2937 591
f 595 2938 2939
f 2938 592 2934
f 2939 2934 594
f 599 2940 2941
f 2940 595 2939
f 2941 2939 594
f 599 2942 2943
f 2942 591 2937
f 2943 2937 600
f 594 2935 2941
f 2935 591 2942
f 2941 2942 599
f 592 2944 2451
f 2944 598 2945
f 2451 2945 443
f 597 2946 2947
f 2946 40 2455
f 2947 2455 443
f 597 2947 2948
f 2947 443 2945
f 2948 2945 598
f 597 2949 2951
f 2949 596 2950
f 2951 2950 444
f 597 2951 2946
f 2951 444 2456
f 2946 2456 40
f 1262 2461 2952
f 2461 444 2950
f 2952 2950 596
f 598 2944 2953
f 2944 592 2938
f 2953 2938 595
f 604 2954 2955
f 2954 597 2948
f 2955 2948 598
f 606 2956 2958
f 2956 1274 2957
f 2958 2957 597
f 606 2958 2959
f 2958 597 2954
f 2959 2954 604
f 1274 2960 2957
f 2960 596 2949
f 2957 2949 597
f 54 2961 2834
f 2961 593 2928
f 2834 2928 53
f 600 2936 2962
f 2936 593 2961
f 2962 2961 54
f 599 2963 2940
f 2963 603 2964
f 2940 2964 595
f 602 2965 2966
f 2965 599 2943
f 2966 2943 600
f 603 2963 2967
f 2963 599 2965
f 2967 2965 602
f 601 2968 2969
f 2968 54 2836
f 2969 2836 562
f 601 2969 2970
f 2969 562 2840
f 2970 2840 564
f 600 2962 2971
f 2962 54 2968
f 2971 2968 601
f 601 2970 2972
f 2970 564 2868
f 2972 2868 55
f 600 2971 2974
f 2971 601 2973
f 2974 2973 608
f 600 2975 2966
f 2975 609 2976
f 2966 2976 602
f 610 2977 2978
f 2977 603 2967
f 2978 2967 602
f 610 2978 2979
f 2978 602 2976
f 2979 2976 609
f 604 2955 2980
f 2955 598 2953
f 2980 2953 595
f 604 2980 2981
f 2980 595 2964
f 2981 2964 603
f 603 2982 2981
f 2982 607 2983
f 2981 2983 604
f 607 2984 2983
f 2984 605 2985
f 2983 2985 604
f 606 2959 2986
f 2959 604 2985
f 2986 2985 605
f 606 2986 2988
f 2986 605 2987
f 2988 2987 56
f 607 2989 2984
f 2989 614 2990
f 2984 2990 605
f 610 2991 2992
f 2991 614 2989
f 2992 2989 607
f 607 2982 2992
f 2982 603 2977
f 2992 2977 610
f 614 2993 2990
f 2993 56 2987
f 2990 2987 605
f 611 2994 2995
f 2994 600 2974
f 2995 2974 608
f 608 2973 2996
f 2973 601 2972
f 2996 2972 55
f 611 2997 2999
f 2997 618 2998
f 2999 2998 609
f 609 2975 2999
f 2975 600 2994
f 2999 2994 611
f 613 3000 3001
f 3000 610 2979
f 3001 2979 609
f 613 3001 3002
f 3001 609 2998
f 3002 2998 618
f 608 3003 2995
f 3003 612 3004
f 2995 3004 611
f 616 3005 3006
f 3005 611 3004
f 3006 3004 612
f 612 3003 2873
f 3003 608 2996
f 2873 2996 55
f 618 2997 3007
f 2997 611 3005
f 3007 3005 616
f 618 3008 3002
f 3008 620 3009
f 3002 3009 613
f 613 3010 3012
f 3010 622 3011
f 3012 3011 614
f 614 2991 3012
f 2991 610 3000
f 3012 3000 613
f 56 2993 3014
f 2993 614 3013
f 3014 3013 615
f 615 3013 3015
f 3013 614 3011
f 3015 3011 622
f 615 3016 3014
f 3016 57 3017
f 3014 3017 56
f 622 3010 3018
f 3010 613 3009
f 3018 3009 620
f 617 3019 3020
f 3019 616 3006
f 3020 3006 612
f 617 3020 582
f 2877 582 3020
f 619 3021 3022
f 3021 618 3007
f 3022 3007 616
f 620 3008 3023
f 3008 618 3021
f 3023 3021 619
f 3024 617 2905
f 582 2905 617
f 616 3019 3025
f 3019 617 3024
f 3025 3024 621
f 619 3022 3026
f 3022 616 3025
f 3026 3025 621
f 647 3027 3028
f 3027 621 2909
f 3028 2909 63
f 619 3026 3029
f 3026 621 3027
f 3029 3027 647
f 619 3030 3023
f 3030 58 3031
f 3023 3031 620
f 620 3032 3018
f 3032 623 3033
f 3018 3033 622
f 622 3034 3015
f 3034 624 3035
f 3015 3035 615
f 57 3016 3036
f 3016 615 3035
f 3036 3035 624
f 624 3034 3037
f 3034 622 3033
f 3037 3033 623
f 59 3038 3039
f 3038 57 3036
f 3039 3036 624
f 623 3032 3040
f 3032 620 3031
f 3040 3031 58
f 58 3041 3040
f 3041 653 3042
f 3040 3042 623
f 624 3037 3043
f 3037 623 3042
f 3043 3042 653
f 1373 3044 3045
f 3044 59 3039
f 3045 3039 624
f 626 3046 3047
f 3046 580 2894
f 3047 2894 625
f 626 3047 3048
f 3047 625 2897
f 3048 2897 627
f 631 3049 3050
f 3049 626 3048
f 3050 3048 627
f 631 3050 3052
f 3050 627 3051
f 3052 3051 628
f 63 2910 3053
f 2910 583 2908
f 3053 2908 629
f 63 3053 3055
f 3053 629 3054
f 3055 3054 634
f 657 3056 3057
f 3056 63 3055
f 3057 3055 634
f 626 3058 3046
f 3058 630 3059
f 3046 3059 580
f 630 3060 3059
f 3060 629 2915
f 3059 2915 580
f 633 3061 3062
f 3061 630 3058
f 3062 3058 626
f 632 630 3063
f 3061 3063 630
f 626 3049 3062
f 3049 631 3064
f 3062 3064 633
f 634 3054 3065
f 3054 629 3060
f 3065 3060 630
f 3065 632 3066
f 632 3065 630
f 642 3067 628
f 3052 628 3067
f 644 3067 3068
f 3067 644 631
f 635 3064 3069
f 3064 635 633
f 3069 631 3070
f 644 3070 631
f 3063 633 3071
f 635 3071 633
f 590 3072 2923
f 3072 638 3073
f 2923 3073 636
f 638 3072 3074
f 3072 590 2925
f 3074 2925 637
f 640 3075 3076
f 3075 638 3074
f 3076 3074 637
f 636 3073 2896
f 3073 638 3077
f 2896 3077 627
f 638 3075 3079
f 3075 640 3078
f 3079 3078 639
f 639 3078 3081
f 3078 640 3080
f 3081 3080 641
f 627 3077 3082
f 3077 638 3079
f 3082 3079 639
f 627 3082 3051
f 3082 639 3083
f 3051 3083 628
f 640 3076 3084
f 3076 637 2723
f 3084 2723 524
f 524 2729 3084
f 2729 526 3085
f 3084 3085 640
f 640 3085 3080
f 3085 526 3086
f 3080 3086 641
f 643 3081 3087
f 3081 643 639
f 3087 641 3088
f 646 3088 641
f 642 3083 3089
f 3083 642 628
f 639 3090 3089
f 3090 639 643
f 3086 526 3091
f 527 3091 526
f 641 3091 646
f 3092 646 3091
f 3092 527 3093
f 645 3093 527
f 649 3094 3095
f 3094 647 3028
f 3095 3028 63
f 650 3096 3097
f 3096 647 3094
f 3097 3094 649
f 648 3098 3099
f 3098 619 3029
f 3099 3029 647
f 648 3100 3102
f 3100 652 3101
f 3102 3101 58
f 58 3030 3102
f 3030 619 3098
f 3102 3098 648
f 648 3099 3103
f 3099 647 3096
f 3103 3096 650
f 649 3056 657
f 3056 649 3095
f 650 3104 3103
f 3104 656 3105
f 3103 3105 648
f 652 3100 3106
f 3100 648 3105
f 3106 3105 656
f 650 651 3104
f 3107 3104 651
f 653 3041 3108
f 3041 58 3101
f 3108 3101 652
f 652 3109 3108
f 3109 1374 3110
f 3108 3110 653
f 1373 3045 3111
f 3045 624 3043
f 3111 3043 653
f 1373 3111 3112
f 3111 653 3110
f 3112 3110 1374
f 656 3113 3106
f 3113 654 3114
f 3106 3114 652
f 1374 3109 3115
f 3109 652 3114
f 3115 3114 654
f 3116 1374 3115
f 1374 3116 655
f 654 1379 3116
f 3117 3116 1379
f 651 650 3118
f 3097 3118 650
f 649 3119 3118
f 3119 649 657
f 3120 656 3107
f 656 3120 658
f 659 3120 3121
f 3120 659 658
f 658 3113 656
f 3113 658 3122
f 3123 654 3122
f 654 3123 1379
f 3123 658 3124
f 659 3124 658
f 661 3125 3127
f 3125 670 3126
f 3127 3126 660
f 662 3128 3130
f 3128 664 3129
f 3130 3129 24
f 24 23 3130
f 3131 3130 23
f 662 3132 3134
f 3132 663 3133
f 3134 3133 665
f 3134 665 3128
f 664 3128 665
f 25 1955 664
f 3129 664 1955
f 664 3135 25
f 3136 25 3135
f 669 3137 3139
f 3137 673 3138
f 3139 3138 665
f 664 3138 3135
f 3138 664 665
f 125 3140 3141
f 3140 125 666
f 660 3142 3144
f 3142 666 3143
f 3144 3143 126
f 666 3145 3143
f 3145 666 125
f 663 3146 667
f 3141 667 3146
f 3133 667 3147
f 667 3133 663
f 667 3140 3149
f 3140 666 3148
f 3149 3148 668
f 668 3150 3149
f 3150 669 3151
f 3149 3151 667
f 668 3148 3152
f 3148 666 3142
f 3152 3142 660
f 660 3126 3152
f 3126 670 3153
f 3152 3153 668
f 669 3139 3151
f 3139 665 3147
f 3151 3147 667
f 671 3154 3155
f 3154 670 3125
f 3155 3125 661
f 671 3156 3154
f 3156 677 3157
f 3154 3157 670
f 672 3158 3159
f 3158 677 3156
f 3159 3156 671
f 672 3160 3158
f 3160 713 3161
f 3158 3161 677
f 673 3162 3136
f 3162 27 1975
f 3136 1975 25
f 673 3163 3162
f 3163 674 3164
f 3162 3164 27
f 669 3165 3137
f 3165 675 3166
f 3137 3166 673
f 674 3163 3167
f 3163 673 3166
f 3167 3166 675
f 29 1979 3168
f 1979 27 3164
f 3168 3164 674
f 714 3169 3170
f 3169 29 3168
f 3170 3168 674
f 718 3170 3171
f 3170 718 714
f 718 3171 3172
f 3171 674 3167
f 3172 3167 675
f 676 3173 3174
f 3173 675 3165
f 3174 3165 669
f 669 3150 3174
f 3150 668 3175
f 3174 3175 676
f 676 3175 3176
f 3175 668 3153
f 3176 3153 670
f 677 3177 3157
f 3177 676 3176
f 3157 3176 670
f 717 3178 3179
f 3178 676 3177
f 3179 3177 677
f 675 3173 3180
f 3173 676 3178
f 3180 3178 717
f 719 3181 3182
f 3181 717 3179
f 3182 3179 677
f 718 3172 3183
f 3172 675 3180
f 3183 3180 717
f 677 3161 3182
f 3161 713 3184
f 3182 3184 719
f 678 3185 3187
f 3185 679 3186
f 3187 3186 660
f 678 3187 3188
f 3187 660 3144
f 3188 3144 126
f 660 3186 3127
f 3186 679 3189
f 3127 3189 661
f 680 679 3190
f 3185 3190 679
f 127 3190 3191
f 3190 127 680
f 3189 681 661
f 3192 680 127
f 684 3193 3194
f 3193 684 127
f 684 3195 682
f 682 3192 684
f 693 3196 3197
f 3196 684 3194
f 3197 3194 128
f 693 3198 3200
f 3198 136 3199
f 3200 3199 685
f 685 3196 3200
f 3196 685 684
f 685 3201 3203
f 3201 690 3202
f 3203 3202 683
f 683 682 3203
f 3195 3203 682
f 685 3199 3201
f 3199 136 3204
f 3201 3204 690
f 686 3205 3206
f 3205 671 3155
f 3206 3155 661
f 661 3207 3206
f 3207 661 681
f 688 3208 3209
f 3208 671 3205
f 3209 3205 686
f 683 3210 3212
f 3210 687 3211
f 3212 3211 686
f 3207 683 3212
f 683 3207 681
f 688 3209 3213
f 3209 686 3211
f 3213 3211 687
f 688 3214 3208
f 3214 672 3159
f 3208 3159 671
f 734 3215 3216
f 3215 672 3214
f 3216 3214 688
f 687 3217 3213
f 3217 689 3218
f 3213 3218 688
f 689 3219 3221
f 3219 736 3220
f 3221 3220 734
f 734 3216 3221
f 3216 688 3218
f 3221 3218 689
f 690 3222 3202
f 3222 687 3210
f 3202 3210 683
f 691 3223 3224
f 3223 687 3222
f 3224 3222 690
f 136 3225 3204
f 3225 701 3226
f 3204 3226 690
f 701 3227 3229
f 3227 692 3228
f 3229 3228 691
f 691 3224 3229
f 3224 690 3226
f 3229 3226 701
f 691 3228 3231
f 3228 692 3230
f 3231 3230 689
f 689 3217 3231
f 3217 687 3223
f 3231 3223 691
f 692 3232 3234
f 3232 737 3233
f 3234 3233 736
f 736 3219 3234
f 3219 689 3230
f 3234 3230 692
f 737 3232 3236
f 3232 692 3235
f 3236 3235 137
f 129 3237 3238
f 3237 129 695
f 696 3239 3240
f 3239 136 3198
f 3240 3198 693
f 696 3240 695
f 3237 695 3240
f 695 129 3242
f 3241 3242 129
f 696 3243 3239
f 3243 694 3244
f 3239 3244 136
f 699 3245 3246
f 3245 694 3243
f 3246 3243 696
f 130 697 3242
f 3247 3242 697
f 696 3247 3248
f 3247 696 695
f 697 3249 3248
f 3249 697 698
f 697 130 3251
f 3250 3251 130
f 131 707 3251
f 3252 3251 707
f 698 3252 3253
f 3252 698 697
f 707 700 3253
f 3254 3253 700
f 696 3249 3246
f 3249 698 3255
f 3246 3255 699
f 699 3255 3256
f 3255 698 3254
f 3256 3254 700
f 711 3257 3258
f 3257 699 3256
f 3258 3256 700
f 703 3259 3261
f 3259 704 3260
f 3261 3260 702
f 702 3262 3263
f 3262 692 3227
f 3263 3227 701
f 703 3261 3264
f 3261 702 3263
f 3264 3263 701
f 701 3225 3265
f 3225 136 3244
f 3265 3244 694
f 701 3265 3264
f 3265 694 3266
f 3264 3266 703
f 702 3267 3262
f 3267 137 3235
f 3262 3235 692
f 140 3268 3269
f 3268 137 3267
f 3269 3267 702
f 702 3260 3269
f 3260 704 3270
f 3269 3270 140
f 703 3266 3271
f 3266 694 3245
f 3271 3245 699
f 703 3271 3272
f 3271 699 3257
f 3272 3257 711
f 705 3273 3274
f 3273 703 3272
f 3274 3272 711
f 706 3275 3276
f 3275 704 3259
f 3276 3259 703
f 706 3277 3279
f 3277 750 3278
f 3279 3278 140
f 140 3270 3279
f 3270 704 3275
f 3279 3275 706
f 703 3273 3276
f 3273 705 3280
f 3276 3280 706
f 771 3281 3282
f 3281 706 3280
f 3282 3280 705
f 771 3283 3281
f 3283 750 3277
f 3281 3277 706
f 131 3285 707
f 3285 131 3284
f 708 3286 132
f 3285 132 3286
f 707 3288 700
f 3288 707 3287
f 709 3287 3289
f 3287 707 3286
f 3289 3286 708
f 711 3258 3290
f 3258 700 3288
f 3290 3288 709
f 710 3291 3292
f 3291 711 3290
f 3292 3290 709
f 710 3292 3293
f 3292 709 3289
f 3293 3289 708
f 708 3294 3293
f 3294 755 3295
f 3293 3295 710
f 711 3291 3297
f 3291 710 3296
f 3297 3296 762
f 705 3274 3298
f 3274 711 3297
f 3298 3297 762
f 705 3298 3300
f 3298 762 3299
f 3300 3299 141
f 771 3282 3301
f 3282 705 3300
f 3301 3300 141
f 672 3302 3160
f 3302 712 3303
f 3160 3303 713
f 32 2009 3304
f 2009 29 3169
f 3304 3169 714
f 714 3305 3304
f 3305 716 3306
f 3304 3306 32
f 718 3307 3309
f 3307 721 3308
f 3309 3308 716
f 3305 714 3309
f 718 3309 714
f 716 3310 3312
f 3310 725 3311
f 3312 3311 33
f 33 2016 3312
f 2016 32 3306
f 3312 3306 716
f 715 3313 3314
f 3313 725 3310
f 3314 3310 716
f 715 3314 3315
f 3314 716 3308
f 3315 3308 721
f 719 3316 3181
f 3316 720 3317
f 3181 3317 717
f 721 3307 3318
f 3307 718 3183
f 3318 3183 717
f 721 3318 3319
f 3318 717 3317
f 3319 3317 720
f 713 3303 3184
f 3303 712 3320
f 3184 3320 719
f 715 3315 3321
f 3315 721 3319
f 3321 3319 720
f 715 3321 3323
f 3321 720 3322
f 3323 3322 722
f 720 3316 3324
f 3316 719 3320
f 3324 3320 712
f 712 3325 3324
f 3325 723 3326
f 3324 3326 720
f 722 3322 3327
f 3322 720 3326
f 3327 3326 723
f 726 3328 3330
f 3328 727 3329
f 3330 3329 724
f 725 3331 3333
f 3331 727 3332
f 3333 3332 34
f 34 2038 3333
f 2038 33 3311
f 3333 3311 725
f 725 3313 3335
f 3313 715 3334
f 3335 3334 724
f 725 3335 3331
f 3335 724 3329
f 3331 3329 727
f 139 3336 3338
f 3336 854 3337
f 3338 3337 727
f 139 3338 3339
f 3338 727 3328
f 3339 3328 726
f 727 3337 3341
f 3337 854 3340
f 3341 3340 48
f 48 2042 3341
f 2042 34 3332
f 3341 3332 727
f 724 3334 3342
f 3334 715 3323
f 3342 3323 722
f 722 3343 3342
f 3343 728 3344
f 3342 3344 724
f 726 3330 3345
f 3330 724 3344
f 3345 3344 728
f 728 3346 3345
f 3346 729 3347
f 3345 3347 726
f 730 3348 3349
f 3348 728 3343
f 3349 3343 722
f 730 3349 3350
f 3349 722 3327
f 3350 3327 723
f 731 3346 728
f 3346 731 3351
f 731 728 3352
f 3348 3352 728
f 729 3353 3347
f 3353 732 3354
f 3347 3354 726
f 732 3355 3354
f 3355 139 3339
f 3354 3339 726
f 733 3353 729
f 3353 733 3356
f 733 729 3357
f 3351 3357 729
f 138 732 3358
f 3356 3358 732
f 734 3359 3215
f 3359 712 3302
f 3215 3302 672
f 735 3360 3361
f 3360 712 3359
f 3361 3359 734
f 736 3362 3364
f 3362 739 3363
f 3364 3363 735
f 735 3361 3364
f 3361 734 3220
f 3364 3220 736
f 740 723 3365
f 3325 3365 723
f 740 3365 3366
f 3365 712 3360
f 3366 3360 735
f 739 3367 3363
f 3367 740 3366
f 3363 3366 735
f 736 3233 3362
f 3233 737 3368
f 3362 3368 739
f 739 3369 3367
f 3369 742 3370
f 3367 3370 740
f 738 3371 3372
f 3371 739 3368
f 3372 3368 737
f 737 3236 3372
f 3236 137 3373
f 3372 3373 738
f 739 3374 3369
f 3374 745 3375
f 3369 3375 742
f 745 3374 3376
f 3374 739 3371
f 3376 3371 738
f 748 3377 3378
f 3377 745 3376
f 3378 3376 738
f 3350 740 3379
f 740 3350 723
f 741 3352 3380
f 3352 741 731
f 741 3380 3381
f 3380 730 3379
f 3381 3379 740
f 740 3370 3381
f 3370 742 3382
f 3381 3382 741
f 742 3383 3382
f 3383 744 3384
f 3382 3384 741
f 731 3385 3357
f 3385 731 741
f 743 3386 3387
f 3386 733 3385
f 3387 3385 741
f 743 3387 3388
f 3387 741 3384
f 3388 3384 744
f 138 3358 3389
f 3358 733 3386
f 3389 3386 743
f 744 3390 3388
f 3390 870 3391
f 3388 3391 743
f 742 3375 3383
f 3375 745 3392
f 3383 3392 744
f 746 3393 3394
f 3393 744 3392
f 3394 3392 745
f 748 3395 3377
f 3395 752 3396
f 3377 3396 745
f 752 3397 3396
f 3397 746 3394
f 3396 3394 745
f 744 3393 3390
f 3393 746 3398
f 3390 3398 870
f 871 3399 3400
f 3399 870 3398
f 3400 3398 746
f 144 3401 3402
f 3401 746 3397
f 3402 3397 752
f 871 3400 3403
f 3400 746 3401
f 3403 3401 144
f 738 3373 3404
f 3373 137 3268
f 3404 3268 140
f 747 3405 3406
f 3405 738 3404
f 3406 3404 140
f 749 3407 3408
f 3407 747 3406
f 3408 3406 140
f 747 3409 3405
f 3409 748 3378
f 3405 3378 738
f 144 3402 3410
f 3402 752 3395
f 3410 3395 748
f 747 3407 3409
f 3407 749 3411
f 3409 3411 748
f 753 3412 3413
f 3412 144 3410
f 3413 3410 748
f 753 3413 3414
f 3413 748 3411
f 3414 3411 749
f 140 3278 3408
f 3278 750 3415
f 3408 3415 749
f 751 3416 3417
f 3416 749 3415
f 3417 3415 750
f 750 3283 3419
f 3283 771 3418
f 3419 3418 143
f 750 3419 3417
f 3419 143 3420
f 3417 3420 751
f 753 3414 3421
f 3414 749 3416
f 3421 3416 751
f 753 3422 3412
f 3422 772 3423
f 3412 3423 144
f 753 3421 3422
f 3421 751 3424
f 3422 3424 772
f 708 3425 3426
f 3425 708 132
f 3426 133 3427
f 754 3427 133
f 754 133 3429
f 3428 3429 133
f 708 3427 3294
f 3427 754 3430
f 3294 3430 755
f 758 3431 3432
f 3431 755 3430
f 3432 3430 754
f 755 3431 3434
f 3431 758 3433
f 3434 3433 763
f 754 3429 3432
f 3429 756 3435
f 3432 3435 758
f 759 3436 3437
f 3436 758 3435
f 3437 3435 756
f 756 3438 3437
f 3438 757 3439
f 3437 3439 759
f 766 3440 3441
f 3440 763 3433
f 3441 3433 758
f 758 3436 3441
f 3436 759 3442
f 3441 3442 766
f 761 3443 3444
f 3443 759 3439
f 3444 3439 757
f 759 3443 3446
f 3443 761 3445
f 3446 3445 768
f 768 3447 3446
f 3447 766 3442
f 3446 3442 759
f 761 3444 3449
f 3444 757 3448
f 3449 3448 760
f 761 3449 3451
f 3449 760 3450
f 3451 3450 770
f 770 3450 3453
f 3450 760 3452
f 3453 3452 792
f 770 3453 3455
f 3453 792 3454
f 3455 3454 799
f 762 3296 3456
f 3296 710 3295
f 3456 3295 755
f 755 3434 3456
f 3434 763 3457
f 3456 3457 762
f 763 3458 3460
f 3458 767 3459
f 3460 3459 765
f 765 3461 3460
f 3461 762 3457
f 3460 3457 763
f 764 3462 3463
f 3462 141 3299
f 3463 3299 762
f 764 3464 3462
f 3464 771 3301
f 3462 3301 141
f 764 3463 3465
f 3463 762 3461
f 3465 3461 765
f 765 3466 3465
f 3466 142 3467
f 3465 3467 764
f 780 3468 3469
f 3468 142 3466
f 3469 3466 765
f 765 3459 3469
f 3459 767 3470
f 3469 3470 780
f 763 3440 3458
f 3440 766 3471
f 3458 3471 767
f 766 3447 3473
f 3447 768 3472
f 3473 3472 769
f 769 3474 3473
f 3474 767 3471
f 3473 3471 766
f 768 3445 3475
f 3445 761 3451
f 3475 3451 770
f 767 3474 3477
f 3474 769 3476
f 3477 3476 784
f 784 3478 3477
f 3478 780 3470
f 3477 3470 767
f 770 3479 3475
f 3479 769 3472
f 3475 3472 768
f 769 3479 3481
f 3479 770 3480
f 3481 3480 783
f 145 3482 3483
f 3482 783 3480
f 3483 3480 770
f 770 3455 3483
f 3455 799 3484
f 3483 3484 145
f 771 3485 3418
f 3485 777 3486
f 3418 3486 143
f 773 3487 3488
f 3487 143 3486
f 3488 3486 777
f 751 3420 3489
f 3420 143 3487
f 3489 3487 773
f 751 3489 3491
f 3489 773 3490
f 3491 3490 774
f 751 3491 3493
f 3491 774 3492
f 3493 3492 775
f 772 3424 3494
f 3424 751 3493
f 3494 3493 775
f 146 3495 3496
f 3495 775 3492
f 3496 3492 774
f 771 3464 3498
f 3464 764 3497
f 3498 3497 776
f 764 3467 3497
f 3467 142 3499
f 3497 3499 776
f 777 3485 3500
f 3485 771 3498
f 3500 3498 776
f 142 3468 3502
f 3468 780 3501
f 3502 3501 779
f 779 3503 3502
f 3503 776 3499
f 3502 3499 142
f 776 3504 3500
f 3504 778 3505
f 3500 3505 777
f 778 3506 3505
f 3506 773 3488
f 3505 3488 777
f 779 3507 3503
f 3507 778 3504
f 3503 3504 776
f 779 3508 3507
f 3508 786 3509
f 3507 3509 778
f 786 3508 3511
f 3508 779 3510
f 3511 3510 781
f 780 3512 3501
f 3512 781 3510
f 3501 3510 779
f 769 3513 3476
f 3513 782 3514
f 3476 3514 784
f 784 3515 3478
f 3515 781 3512
f 3478 3512 780
f 783 3516 3481
f 3516 782 3513
f 3481 3513 769
f 781 3515 3518
f 3515 784 3517
f 3518 3517 787
f 785 3519 3520
f 3519 787 3517
f 3520 3517 784
f 785 3520 3521
f 3520 784 3514
f 3521 3514 782
f 785 3521 3522
f 3521 782 3516
f 3522 3516 783
f 785 3522 3524
f 3522 783 3523
f 3524 3523 788
f 788 3523 3525
f 3523 783 3482
f 3525 3482 145
f 788 3525 3527
f 3525 145 3526
f 3527 3526 148
f 774 3490 3528
f 3490 773 3506
f 3528 3506 778
f 778 3529 3528
f 3529 146 3496
f 3528 3496 774
f 778 3530 3529
f 3530 147 3531
f 3529 3531 146
f 147 3530 3532
f 3530 778 3509
f 3532 3509 786
f 787 3533 3518
f 3533 786 3511
f 3518 3511 781
f 785 3524 3519
f 3524 788 3534
f 3519 3534 787
f 788 3527 3536
f 3527 148 3535
f 3536 3535 149
f 786 3533 3538
f 3533 787 3537
f 3538 3537 789
f 790 3539 3540
f 3539 789 3537
f 3540 3537 787
f 789 3539 3542
f 3539 790 3541
f 3542 3541 895
f 787 3534 3540
f 3534 788 3543
f 3540 3543 790
f 790 3543 3545
f 3543 788 3544
f 3545 3544 791
f 149 3546 3536
f 3546 791 3544
f 3536 3544 788
f 895 3541 3547
f 3541 790 3545
f 3547 3545 791
f 794 3548 3549
f 3548 792 3452
f 3549 3452 760
f 760 3550 3549
f 3550 134 3551
f 3549 3551 794
f 793 3552 3553
f 3552 794 3551
f 3553 3551 134
f 797 3554 3555
f 3554 792 3548
f 3555 3548 794
f 799 3454 3556
f 3454 792 3554
f 3556 3554 797
f 794 3552 3558
f 3552 793 3557
f 3558 3557 795
f 797 3555 3559
f 3555 794 3558
f 3559 3558 795
f 796 3560 3561
f 3560 793 3553
f 3561 3553 134
f 849 3562 3563
f 3562 796 3561
f 3563 3561 134
f 159 3564 3565
f 3564 796 3562
f 3565 3562 849
f 795 3557 3567
f 3557 793 3566
f 3567 3566 832
f 832 3566 3568
f 3566 793 3560
f 3568 3560 796
f 833 3569 3570
f 3569 796 3564
f 3570 3564 159
f 800 3571 3572
f 3571 797 3559
f 3572 3559 795
f 800 3572 3574
f 3572 795 3573
f 3574 3573 798
f 799 3556 3575
f 3556 797 3571
f 3575 3571 800
f 798 3573 3576
f 3573 795 3567
f 3576 3567 832
f 145 3484 3578
f 3484 799 3577
f 3578 3577 801
f 801 3577 3579
f 3577 799 3575
f 3579 3575 800
f 801 3579 3581
f 3579 800 3580
f 3581 3580 152
f 148 3526 3582
f 3526 145 3578
f 3582 3578 801
f 148 3582 3584
f 3582 801 3583
f 3584 3583 802
f 835 3585 3586
f 3585 802 3583
f 3586 3583 801
f 835 3586 3587
f 3586 801 3581
f 3587 3581 152
f 836 3588 3589
f 3588 152 3580
f 3589 3580 800
f 802 3590 3584
f 3590 149 3535
f 3584 3535 148
f 1053 3591 3592
f 3591 791 3546
f 3592 3546 149
f 149 3590 3592
f 3590 802 3593
f 3592 3593 1053
f 1053 3593 3594
f 3593 802 3585
f 3594 3585 835
f 1053 3594 3596
f 3594 835 3595
f 3596 3595 840
f 150 3597 3598
f 3597 150 158
f 150 3598 3600
f 3598 803 3599
f 3600 3599 804
f 850 3601 3603
f 3601 150 3602
f 3603 3602 811
f 811 3602 3604
f 3602 150 3600
f 3604 3600 804
f 811 3604 3606
f 3604 804 3605
f 3606 3605 807
f 805 3607 135
f 3608 135 3607
f 805 3609 3610
f 3609 805 135
f 804 3599 3611
f 3599 803 3607
f 3611 3607 805
f 805 3610 3613
f 3610 806 3612
f 3613 3612 809
f 806 3609 3615
f 3609 135 3614
f 3615 3614 196
f 806 3615 3617
f 3615 196 3616
f 3617 3616 151
f 809 3612 3618
f 3612 806 3617
f 3618 3617 151
f 807 3605 3619
f 3605 804 3611
f 3619 3611 805
f 807 3619 3621
f 3619 805 3620
f 3621 3620 808
f 808 3620 3622
f 3620 805 3613
f 3622 3613 809
f 151 3623 3618
f 3623 810 3624
f 3618 3624 809
f 809 3624 3622
f 3624 810 3625
f 3622 3625 808
f 850 3603 3627
f 3603 811 3626
f 3627 3626 851
f 811 3606 3629
f 3606 807 3628
f 3629 3628 812
f 812 3628 3631
f 3628 807 3630
f 3631 3630 815
f 811 3632 3626
f 3632 813 3633
f 3626 3633 851
f 813 3632 3634
f 3632 811 3629
f 3634 3629 812
f 813 3634 3636
f 3634 812 3635
f 3636 3635 814
f 814 3635 3637
f 3635 812 3631
f 3637 3631 815
f 815 3630 3638
f 3630 807 3621
f 3638 3621 808
f 810 3639 3641
f 3639 817 3640
f 3641 3640 815
f 817 3639 3643
f 3639 810 3642
f 3643 3642 153
f 815 3638 3641
f 3638 808 3625
f 3641 3625 810
f 814 3637 3645
f 3637 815 3644
f 3645 3644 816
f 818 3646 3648
f 3646 852 3647
f 3648 3647 813
f 813 3636 3648
f 3636 814 3649
f 3648 3649 818
f 852 3646 3651
f 3646 818 3650
f 3651 3650 820
f 820 3650 3653
f 3650 818 3652
f 3653 3652 819
f 816 3644 3655
f 3644 815 3654
f 3655 3654 821
f 821 3656 3658
f 3656 823 3657
f 3658 3657 819
f 821 3658 3655
f 3658 819 3659
f 3655 3659 816
f 818 3649 3660
f 3649 814 3645
f 3660 3645 816
f 816 3659 3660
f 3659 819 3652
f 3660 3652 818
f 821 3654 3661
f 3654 815 3640
f 3661 3640 817
f 821 3661 3663
f 3661 817 3662
f 3663 3662 822
f 822 3662 3664
f 3662 817 3643
f 3664 3643 153
f 823 3656 3665
f 3656 821 3663
f 3665 3663 822
f 822 3664 3667
f 3664 153 3666
f 3667 3666 156
f 824 3668 3669
f 3668 819 3657
f 3669 3657 823
f 824 3669 3671
f 3669 823 3670
f 3671 3670 829
f 823 3665 3673
f 3665 822 3672
f 3673 3672 828
f 828 3672 3674
f 3672 822 3667
f 3674 3667 156
f 829 3670 3675
f 3670 823 3673
f 3675 3673 828
f 820 3676 3678
f 3676 825 3677
f 3678 3677 154
f 825 3676 3679
f 3676 820 3653
f 3679 3653 819
f 825 3679 3681
f 3679 819 3680
f 3681 3680 827
f 827 3680 3682
f 3680 819 3668
f 3682 3668 824
f 154 3677 3684
f 3677 825 3683
f 3684 3683 826
f 155 3685 3686
f 3685 825 3681
f 3686 3681 827
f 826 3683 3687
f 3683 825 3685
f 3687 3685 155
f 829 3675 3689
f 3675 828 3688
f 3689 3688 830
f 830 3688 3690
f 3688 828 3674
f 3690 3674 156
f 830 3690 3692
f 3690 156 3691
f 3692 3691 157
f 1011 3693 3695
f 3693 1012 3694
f 3695 3694 829
f 1011 3695 3696
f 3695 829 3689
f 3696 3689 830
f 1011 3696 3698
f 3696 830 3697
f 3698 3697 1013
f 178 3699 3700
f 3699 1013 3697
f 3700 3697 830
f 830 3692 3700
f 3692 157 3701
f 3700 3701 178
f 831 3702 3703
f 3702 827 3682
f 3703 3682 824
f 831 3703 3704
f 3703 824 3671
f 3704 3671 829
f 155 3686 3705
f 3686 827 3702
f 3705 3702 831
f 155 3705 3707
f 3705 831 3706
f 3707 3706 1012
f 1012 3706 3694
f 3706 831 3704
f 3694 3704 829
f 3708 848 3563
f 849 3563 848
f 833 3709 3569
f 3709 832 3568
f 3569 3568 796
f 832 3710 3576
f 3710 837 3711
f 3576 3711 798
f 837 3710 3712
f 3710 832 3709
f 3712 3709 833
f 833 3570 3714
f 3570 159 3713
f 3714 3713 160
f 837 3712 3716
f 3712 833 3715
f 3716 3715 834
f 160 3717 3714
f 3717 834 3715
f 3714 3715 833
f 834 3717 3719
f 3717 160 3718
f 3719 3718 161
f 152 3720 3587
f 3720 839 3721
f 3587 3721 835
f 800 3574 3589
f 3574 798 3722
f 3589 3722 836
f 836 3722 3723
f 3722 798 3711
f 3723 3711 837
f 836 3723 3725
f 3723 837 3724
f 3725 3724 838
f 838 3724 3726
f 3724 837 3716
f 3726 3716 834
f 838 3726 3728
f 3726 834 3727
f 3728 3727 844
f 161 3729 3719
f 3729 844 3727
f 3719 3727 834
f 836 3730 3588
f 3730 839 3720
f 3588 3720 152
f 839 3730 3731
f 3730 836 3725
f 3731 3725 838
f 839 3731 3733
f 3731 838 3732
f 3733 3732 843
f 843 3732 3734
f 3732 838 3728
f 3734 3728 844
f 844 3729 3736
f 3729 161 3735
f 3736 3735 162
f 840 3595 3737
f 3595 835 3721
f 3737 3721 839
f 840 3737 3739
f 3737 839 3738
f 3739 3738 842
f 842 3738 3740
f 3738 839 3733
f 3740 3733 843
f 843 3734 3742
f 3734 844 3741
f 3742 3741 847
f 853 3743 3744
f 3743 847 3741
f 3744 3741 844
f 844 3736 3744
f 3736 162 3745
f 3744 3745 853
f 841 3746 3747
f 3746 840 3739
f 3747 3739 842
f 841 3747 3749
f 3747 842 3748
f 3749 3748 845
f 845 3748 3750
f 3748 842 3740
f 3750 3740 843
f 845 3750 3752
f 3750 843 3751
f 3752 3751 846
f 847 3753 3742
f 3753 846 3751
f 3742 3751 843
f 846 3753 3755
f 3753 847 3754
f 3755 3754 1058
f 1058 3754 3756
f 3754 847 3743
f 3756 3743 853
f 1058 3756 3758
f 3756 853 3757
f 3758 3757 193
f 849 3759 3760
f 3759 849 848
f 3761 158 3759
f 150 3759 158
f 159 3565 3763
f 3565 849 3762
f 3763 3762 850
f 850 3762 3601
f 3762 849 3760
f 3601 3760 150
f 159 3763 3764
f 3763 850 3627
f 3764 3627 851
f 851 3765 3764
f 3765 160 3713
f 3764 3713 159
f 851 3766 3765
f 3766 161 3718
f 3765 3718 160
f 161 3766 3768
f 3766 851 3767
f 3768 3767 852
f 852 3767 3647
f 3767 851 3633
f 3647 3633 813
f 820 3769 3770
f 3769 162 3735
f 3770 3735 161
f 161 3768 3770
f 3768 852 3651
f 3770 3651 820
f 853 3745 3771
f 3745 162 3769
f 3771 3769 820
f 154 3772 3678
f 3772 853 3771
f 3678 3771 820
f 193 3757 3773
f 3757 853 3772
f 3773 3772 154
f 139 3774 3336
f 3774 855 3775
f 3336 3775 854
f 855 3776 3775
f 3776 856 3777
f 3775 3777 854
f 48 3340 3778
f 3340 854 3777
f 3778 3777 856
f 48 3778 2483
f 3778 856 3779
f 2483 3779 857
f 863 3780 3781
f 3780 857 3779
f 3781 3779 856
f 858 3782 3783
f 3782 856 3776
f 3783 3776 855
f 864 3784 3785
f 3784 863 3781
f 3785 3781 856
f 864 3785 3786
f 3785 856 3782
f 3786 3782 858
f 859 3787 3788
f 3787 855 3774
f 3788 3774 139
f 859 3788 3789
f 3788 139 3355
f 3789 3355 732
f 860 855 3790
f 3787 3790 855
f 3791 859 3792
f 859 3791 868
f 3789 138 3792
f 138 3789 732
f 3793 860 3794
f 860 3793 862
f 3790 868 3794
f 868 3790 859
f 3795 858 3796
f 858 3795 861
f 3783 860 3796
f 860 3783 855
f 861 3786 858
f 3786 861 3797
f 860 862 3795
f 3798 3795 862
f 872 861 3799
f 3798 3799 861
f 863 3800 3780
f 3800 455 2496
f 3780 2496 857
f 865 3801 3802
f 3801 456 2492
f 3802 2492 455
f 865 3802 3803
f 3802 455 3800
f 3803 3800 863
f 866 3804 3805
f 3804 865 3803
f 3805 3803 863
f 866 3805 3806
f 3805 863 3784
f 3806 3784 864
f 865 3807 3801
f 3807 874 3808
f 3801 3808 456
f 456 3808 2497
f 3808 874 3809
f 2497 3809 50
f 875 3810 3811
f 3810 874 3807
f 3811 3807 865
f 875 3811 3812
f 3811 865 3804
f 3812 3804 866
f 867 3813 3814
f 3813 864 3797
f 3814 3797 861
f 866 3806 3815
f 3806 864 3813
f 3815 3813 867
f 3814 872 3816
f 872 3814 861
f 866 3815 3818
f 3815 867 3817
f 3818 3817 877
f 877 3819 3818
f 3819 875 3812
f 3818 3812 866
f 880 3820 3821
f 3820 867 3816
f 3821 3816 872
f 880 3822 3820
f 3822 877 3817
f 3820 3817 867
f 138 3389 3791
f 3389 743 3823
f 3791 3823 868
f 869 868 3824
f 3823 3824 868
f 869 3793 868
f 3793 869 3825
f 870 3826 3391
f 3826 869 3824
f 3391 3824 743
f 879 3827 3828
f 3827 869 3826
f 3828 3826 870
f 869 3829 3825
f 3829 873 3830
f 3825 3830 862
f 862 3830 3799
f 3830 873 3831
f 3799 3831 872
f 879 3832 3827
f 3832 873 3829
f 3827 3829 869
f 871 3833 3835
f 3833 878 3834
f 3835 3834 879
f 879 3828 3835
f 3828 870 3399
f 3835 3399 871
f 144 3836 3403
f 3836 878 3833
f 3403 3833 871
f 873 3837 3831
f 3837 880 3821
f 3831 3821 872
f 879 3838 3832
f 3838 880 3837
f 3832 3837 873
f 914 3839 3841
f 3839 166 3840
f 3841 3840 877
f 914 3841 3842
f 3841 877 3822
f 3842 3822 880
f 144 3843 3836
f 3843 883 3844
f 3836 3844 878
f 905 3845 3846
f 3845 519 2502
f 3846 2502 50
f 905 3846 3847
f 3846 50 3809
f 3847 3809 874
f 875 3848 3810
f 3848 905 3847
f 3810 3847 874
f 906 3849 3850
f 3849 905 3848
f 3850 3848 875
f 877 3851 3819
f 3851 876 3852
f 3819 3852 875
f 166 3853 3840
f 3853 876 3851
f 3840 3851 877
f 906 3850 3854
f 3850 875 3852
f 3854 3852 876
f 876 3853 3854
f 3853 166 3855
f 3854 3855 906
f 882 3856 3857
f 3856 914 3842
f 3857 3842 880
f 881 3858 3859
f 3858 879 3834
f 3859 3834 878
f 881 3860 3861
f 3860 882 3857
f 3861 3857 880
f 880 3838 3861
f 3838 879 3858
f 3861 3858 881
f 163 3862 3864
f 3862 164 3863
f 3864 3863 881
f 881 3859 3864
f 3859 878 3865
f 3864 3865 163
f 882 3860 3866
f 3860 881 3863
f 3866 3863 164
f 164 3867 3866
f 3867 165 3868
f 3866 3868 882
f 883 3869 3844
f 3869 163 3865
f 3844 3865 878
f 772 3870 3872
f 3870 884 3871
f 3872 3871 883
f 883 3843 3872
f 3843 144 3423
f 3872 3423 772
f 883 3873 3869
f 3873 885 3874
f 3869 3874 163
f 885 3873 3875
f 3873 883 3871
f 3875 3871 884
f 886 3876 3878
f 3876 888 3877
f 3878 3877 885
f 886 3878 3879
f 3878 885 3875
f 3879 3875 884
f 884 3870 3880
f 3870 772 3494
f 3880 3494 775
f 884 3880 3882
f 3880 775 3881
f 3882 3881 887
f 146 3883 3495
f 3883 891 3884
f 3495 3884 775
f 884 3882 3879
f 3882 887 3885
f 3879 3885 886
f 891 3886 3884
f 3886 887 3881
f 3884 3881 775
f 887 3886 3888
f 3886 891 3887
f 3888 3887 890
f 164 3862 3889
f 3862 163 3874
f 3889 3874 885
f 885 3877 3889
f 3877 888 3890
f 3889 3890 164
f 164 3890 3867
f 3890 888 3891
f 3867 3891 165
f 924 3892 3893
f 3892 165 3891
f 3893 3891 888
f 886 3894 3876
f 3894 889 3895
f 3876 3895 888
f 924 3893 3896
f 3893 888 3895
f 3896 3895 889
f 887 3897 3885
f 3897 927 3898
f 3885 3898 886
f 887 3888 3897
f 3888 890 3899
f 3897 3899 927
f 900 3900 3901
f 3900 927 3899
f 3901 3899 890
f 900 3901 3902
f 3901 890 3887
f 3902 3887 891
f 927 3903 3898
f 3903 889 3894
f 3898 3894 886
f 900 3904 3900
f 3904 928 3905
f 3900 3905 927
f 893 3906 3907
f 3906 891 3883
f 3907 3883 146
f 893 3907 3908
f 3907 146 3531
f 3908 3531 147
f 147 3532 3910
f 3532 786 3909
f 3910 3909 892
f 147 3910 3908
f 3910 892 3911
f 3908 3911 893
f 893 3912 3906
f 3912 900 3902
f 3906 3902 891
f 893 3913 3912
f 3913 901 3914
f 3912 3914 900
f 892 3915 3911
f 3915 901 3913
f 3911 3913 893
f 786 3916 3909
f 3916 894 3917
f 3909 3917 892
f 894 3918 3920
f 3918 897 3919
f 3920 3919 901
f 901 3915 3920
f 3915 892 3917
f 3920 3917 894
f 894 3916 3921
f 3916 786 3538
f 3921 3538 789
f 896 3922 3923
f 3922 894 3921
f 3923 3921 789
f 789 3542 3923
f 3542 895 3924
f 3923 3924 896
f 791 3925 3547
f 3925 169 3926
f 3547 3926 895
f 896 3927 3922
f 3927 897 3918
f 3922 3918 894
f 898 3928 3929
f 3928 896 3924
f 3929 3924 895
f 899 3930 3931
f 3930 897 3927
f 3931 3927 896
f 896 3928 3931
f 3928 898 3932
f 3931 3932 899
f 895 3926 3929
f 3926 169 3933
f 3929 3933 898
f 899 3932 3934
f 3932 898 3933
f 3934 3933 169
f 169 3935 3934
f 3935 170 3936
f 3934 3936 899
f 902 3937 3938
f 3937 928 3904
f 3938 3904 900
f 900 3914 3938
f 3914 901 3939
f 3938 3939 902
f 902 3940 3937
f 3940 936 3941
f 3937 3941 928
f 901 3919 3939
f 3919 897 3942
f 3939 3942 902
f 897 3943 3942
f 3943 903 3944
f 3942 3944 902
f 897 3930 3946
f 3930 899 3945
f 3946 3945 904
f 904 3947 3946
f 3947 903 3943
f 3946 3943 897
f 899 3948 3945
f 3948 171 3949
f 3945 3949 904
f 171 3948 3950
f 3948 899 3936
f 3950 3936 170
f 905 3951 3845
f 3951 523 2713
f 3845 2713 519
f 916 3952 3954
f 3952 911 3953
f 3954 3953 906
f 906 3855 3954
f 3855 166 3955
f 3954 3955 916
f 905 3956 3951
f 3956 907 2715
f 3951 2715 523
f 906 3957 3959
f 3957 908 3958
f 3959 3958 907
f 907 3956 3959
f 3956 905 3849
f 3959 3849 906
f 910 3960 3961
f 3960 907 3958
f 3961 3958 908
f 907 3960 2716
f 3960 910 3962
f 2716 3962 909
f 167 2722 3963
f 2722 909 3962
f 3963 3962 910
f 908 3957 3964
f 3957 906 3953
f 3964 3953 911
f 916 3965 3967
f 3965 912 3966
f 3967 3966 908
f 908 3964 3967
f 3964 911 3952
f 3967 3952 916
f 913 3968 3969
f 3968 910 3961
f 3969 3961 908
f 913 3969 3970
f 3969 908 3966
f 3970 3966 912
f 913 3971 3968
f 3971 948 3972
f 3968 3972 910
f 917 3973 3974
f 3973 166 3839
f 3974 3839 914
f 882 3975 3856
f 3975 915 3976
f 3856 3976 914
f 917 3974 3977
f 3974 914 3976
f 3977 3976 915
f 916 3955 3978
f 3955 166 3973
f 3978 3973 917
f 917 3979 3978
f 3979 918 3980
f 3978 3980 916
f 915 3981 3977
f 3981 918 3979
f 3977 3979 917
f 165 3982 3984
f 3982 168 3983
f 3984 3983 915
f 915 3975 3984
f 3975 882 3868
f 3984 3868 165
f 168 3985 3983
f 3985 918 3981
f 3983 3981 915
f 919 3986 3987
f 3986 918 3985
f 3987 3985 168
f 918 3988 3990
f 3988 920 3989
f 3990 3989 912
f 912 3965 3990
f 3965 916 3980
f 3990 3980 918
f 922 3991 3992
f 3991 920 3988
f 3992 3988 918
f 922 3993 3991
f 3993 923 3994
f 3991 3994 920
f 920 3995 3997
f 3995 921 3996
f 3997 3996 913
f 913 3970 3997
f 3970 912 3989
f 3997 3989 920
f 948 3971 3998
f 3971 913 3996
f 3998 3996 921
f 921 3995 3999
f 3995 920 3994
f 3999 3994 923
f 955 4000 4001
f 4000 921 3999
f 4001 3999 923
f 922 3992 4002
f 3992 918 3986
f 4002 3986 919
f 919 4003 4002
f 4003 930 4004
f 4002 4004 922
f 959 4005 4006
f 4005 923 3993
f 4006 3993 922
f 959 4007 4005
f 4007 955 4001
f 4005 4001 923
f 188 4008 4009
f 4008 959 4006
f 4009 4006 922
f 188 4009 4010
f 4009 922 4004
f 4010 4004 930
f 168 3982 4011
f 3982 165 3892
f 4011 3892 924
f 924 4012 4011
f 4012 925 4013
f 4011 4013 168
f 889 4014 3896
f 4014 926 4015
f 3896 4015 924
f 926 4016 4015
f 4016 925 4012
f 4015 4012 924
f 919 3987 4017
f 3987 168 4013
f 4017 4013 925
f 925 4018 4017
f 4018 931 4019
f 4017 4019 919
f 925 4016 4018
f 4016 926 4020
f 4018 4020 931
f 933 4021 4022
f 4021 931 4020
f 4022 4020 926
f 889 3903 4014
f 3903 927 4023
f 4014 4023 926
f 927 4024 4023
f 4024 929 4025
f 4023 4025 926
f 928 4026 3905
f 4026 929 4024
f 3905 4024 927
f 928 4027 4026
f 4027 935 4028
f 4026 4028 929
f 926 4025 4022
f 4025 929 4029
f 4022 4029 933
f 929 4028 4031
f 4028 935 4030
f 4031 4030 934
f 919 4019 4003
f 4019 931 4032
f 4003 4032 930
f 932 4033 4034
f 4033 930 4032
f 4034 4032 931
f 932 4034 4035
f 4034 931 4021
f 4035 4021 933
f 932 4036 4038
f 4036 966 4037
f 4038 4037 188
f 188 4010 4038
f 4010 930 4033
f 4038 4033 932
f 932 4035 4036
f 4035 933 4039
f 4036 4039 966
f 173 4040 4041
f 4040 966 4039
f 4041 4039 933
f 934 4042 4031
f 4042 933 4029
f 4031 4029 929
f 172 4043 4044
f 4043 933 4042
f 4044 4042 934
f 933 4043 4041
f 4043 172 4045
f 4041 4045 173
f 934 4046 4044
f 4046 941 4047
f 4044 4047 172
f 970 4048 4049
f 4048 172 4047
f 4049 4047 941
f 941 4050 4049
f 4050 971 4051
f 4049 4051 970
f 935 4027 4052
f 4027 928 3941
f 4052 3941 936
f 902 3944 4054
f 3944 903 4053
f 4054 4053 937
f 937 4055 4054
f 4055 936 3940
f 4054 3940 902
f 936 4056 4052
f 4056 938 4057
f 4052 4057 935
f 935 4057 4030
f 4057 938 4058
f 4030 4058 934
f 938 4056 4059
f 4056 936 4055
f 4059 4055 937
f 939 4060 4061
f 4060 938 4059
f 4061 4059 937
f 942 4062 4063
f 4062 939 4061
f 4063 4061 937
f 942 4063 4065
f 4063 937 4064
f 4065 4064 940
f 903 3947 4053
f 3947 904 4066
f 4053 4066 937
f 990 4067 4068
f 4067 904 3949
f 4068 3949 171
f 904 4069 4066
f 4069 940 4064
f 4066 4064 937
f 174 4070 4071
f 4070 940 4069
f 4071 4069 904
f 904 4067 4071
f 4067 990 4072
f 4071 4072 174
f 942 4065 4073
f 4065 940 4070
f 4073 4070 174
f 938 4074 4058
f 4074 941 4046
f 4058 4046 934
f 941 4074 4075
f 4074 938 4060
f 4075 4060 939
f 943 4076 4077
f 4076 941 4075
f 4077 4075 939
f 943 4077 4078
f 4077 939 4062
f 4078 4062 942
f 942 4079 4078
f 4079 944 4080
f 4078 4080 943
f 175 4081 4082
f 4081 944 4079
f 4082 4079 942
f 971 4050 4083
f 4050 941 4076
f 4083 4076 943
f 944 4084 4080
f 4084 971 4083
f 4080 4083 943
f 944 4081 4086
f 4081 175 4085
f 4086 4085 176
f 942 4073 4082
f 4073 174 4087
f 4082 4087 175
f 945 4088 4089
f 4088 540 2763
f 4089 2763 167
f 946 4090 4091
f 4090 540 4088
f 4091 4088 945
f 540 4090 2767
f 4090 946 4092
f 2767 4092 61
f 945 4089 4093
f 4089 167 3963
f 4093 3963 910
f 947 4094 4095
f 4094 946 4091
f 4095 4091 945
f 948 4096 3972
f 4096 945 4093
f 3972 4093 910
f 949 947 4097
f 4095 4097 947
f 949 4097 4098
f 4097 945 4096
f 4098 4096 948
f 949 4100 947
f 4100 949 4099
f 950 4101 4102
f 4101 949 4098
f 4102 4098 948
f 950 4099 4101
f 4099 950 953
f 4103 61 4104
f 61 4103 62
f 951 4092 946
f 4092 951 4104
f 4105 946 4106
f 946 4105 951
f 952 4106 947
f 4094 947 4106
f 4107 947 4100
f 947 4107 952
f 953 4108 4107
f 4108 953 954
f 950 4110 953
f 4110 950 4109
f 954 4110 4111
f 4110 954 953
f 957 4112 4113
f 4112 948 3998
f 4113 3998 921
f 957 4113 4114
f 4113 921 4000
f 4114 4000 955
f 955 4115 4114
f 4115 956 4116
f 4114 4116 957
f 950 4102 4117
f 4102 948 4112
f 4117 4112 957
f 958 4109 4118
f 4109 950 4117
f 4118 4117 957
f 957 4116 4118
f 4116 956 4119
f 4118 4119 958
f 961 4120 4121
f 4120 958 4119
f 4121 4119 956
f 959 4122 4124
f 4122 960 4123
f 4124 4123 956
f 956 4115 4124
f 4115 955 4007
f 4124 4007 959
f 959 4008 4122
f 4008 188 4125
f 4122 4125 960
f 960 4126 4128
f 4126 964 4127
f 4128 4127 961
f 961 4121 4128
f 4121 956 4123
f 4128 4123 960
f 968 4129 4130
f 4129 960 4125
f 4130 4125 188
f 964 4126 4131
f 4126 960 4129
f 4131 4129 968
f 958 4132 4111
f 4132 958 962
f 961 963 4134
f 4133 4134 963
f 962 4120 4134
f 4120 962 958
f 961 4135 963
f 4135 961 4127
f 965 4136 964
f 4135 964 4136
f 189 4137 4138
f 4137 964 4131
f 4138 4131 968
f 4139 965 4137
f 964 4137 965
f 965 4140 4136
f 4140 965 190
f 965 4139 190
f 4141 190 4139
f 966 4142 4037
f 4142 967 4143
f 4037 4143 188
f 966 4040 4142
f 4040 173 4144
f 4142 4144 967
f 968 4130 4145
f 4130 188 4143
f 4145 4143 967
f 975 4146 4147
f 4146 968 4145
f 4147 4145 967
f 173 4148 4144
f 4148 969 4149
f 4144 4149 967
f 969 4150 4149
f 4150 975 4147
f 4149 4147 967
f 173 4045 4151
f 4045 172 4048
f 4151 4048 970
f 971 4152 4051
f 4152 972 4153
f 4051 4153 970
f 971 4154 4152
f 4154 981 4155
f 4152 4155 972
f 173 4151 4148
f 4151 970 4156
f 4148 4156 969
f 970 4153 4156
f 4153 972 4157
f 4156 4157 969
f 972 4155 4159
f 4155 981 4158
f 4159 4158 974
f 981 4160 4158
f 4160 973 4161
f 4158 4161 974
f 975 4162 4146
f 4162 189 4138
f 4146 4138 968
f 977 4163 4164
f 4163 975 4150
f 4164 4150 969
f 977 4164 4165
f 4164 969 4157
f 4165 4157 972
f 972 4166 4165
f 4166 978 4167
f 4165 4167 977
f 4167 980 4168
f 980 4167 978
f 4169 978 4170
f 978 4169 980
f 978 4166 4171
f 4166 972 4159
f 4171 4159 974
f 973 4172 4161
f 4172 978 4171
f 4161 4171 974
f 979 4170 4173
f 4170 978 4172
f 4173 4172 973
f 976 4168 980
f 4168 976 4174
f 944 4175 4084
f 4175 981 4154
f 4084 4154 971
f 1065 4176 4177
f 4176 981 4175
f 4177 4175 944
f 944 4086 4177
f 4086 176 4178
f 4177 4178 1065
f 973 4160 4179
f 4160 981 4176
f 4179 4176 1065
f 982 4180 4181
f 4180 963 4140
f 4181 4140 190
f 4182 976 980
f 983 4183 4184
f 4183 169 3925
f 4184 3925 791
f 791 3591 4184
f 3591 1053 4185
f 4184 4185 983
f 983 4185 4187
f 4185 1053 4186
f 4187 4186 1054
f 983 4187 4189
f 4187 1054 4188
f 4189 4188 984
f 985 4190 4191
f 4190 170 3935
f 4191 3935 169
f 169 4183 4191
f 4183 983 4192
f 4191 4192 985
f 984 4193 4189
f 4193 985 4192
f 4189 4192 983
f 985 4193 4195
f 4193 984 4194
f 4195 4194 986
f 170 4190 4197
f 4190 985 4196
f 4197 4196 988
f 986 4198 4195
f 4198 988 4196
f 4195 4196 985
f 1059 4199 4200
f 4199 986 4194
f 4200 4194 984
f 1059 4201 4203
f 4201 989 4202
f 4203 4202 987
f 987 4204 4203
f 4204 986 4199
f 4203 4199 1059
f 988 4205 4197
f 4205 171 3950
f 4197 3950 170
f 988 4198 4206
f 4198 986 4204
f 4206 4204 987
f 171 4205 4068
f 4205 988 4207
f 4068 4207 990
f 987 4208 4206
f 4208 990 4207
f 4206 4207 988
f 1061 4209 4210
f 4209 989 4201
f 4210 4201 1059
f 1062 4211 4213
f 4211 995 4212
f 4213 4212 1061
f 1064 4214 4215
f 4214 995 4211
f 4215 4211 1062
f 1064 4216 4218
f 4216 177 4217
f 4218 4217 1030
f 990 4219 4072
f 4219 991 4220
f 4072 4220 174
f 990 4208 4219
f 4208 987 4221
f 4219 4221 991
f 987 4202 4223
f 4202 989 4222
f 4223 4222 992
f 991 4221 4225
f 4221 987 4224
f 4225 4224 993
f 992 4226 4223
f 4226 993 4224
f 4223 4224 987
f 174 4220 4228
f 4220 991 4227
f 4228 4227 1000
f 993 4229 4225
f 4229 1000 4227
f 4225 4227 991
f 993 4226 4231
f 4226 992 4230
f 4231 4230 994
f 994 4232 4231
f 4232 1001 4233
f 4231 4233 993
f 994 4230 4234
f 4230 992 4222
f 4234 4222 989
f 989 4209 4234
f 4209 1061 4235
f 4234 4235 994
f 995 4236 4212
f 4236 994 4235
f 4212 4235 1061
f 995 4214 4238
f 4214 1064 4237
f 4238 4237 996
f 996 4237 4239
f 4237 1064 4218
f 4239 4218 1030
f 994 4236 4241
f 4236 995 4240
f 4241 4240 1004
f 1003 4242 4243
f 4242 1001 4232
f 4243 4232 994
f 1004 4244 4241
f 4244 1003 4243
f 4241 4243 994
f 1004 4240 4245
f 4240 995 4238
f 4245 4238 996
f 1004 4245 4247
f 4245 996 4246
f 4247 4246 997
f 997 4246 4248
f 4246 996 4239
f 4248 4239 1030
f 997 4248 4250
f 4248 1030 4249
f 4250 4249 181
f 999 4251 4252
f 4251 176 4085
f 4252 4085 175
f 175 4253 4252
f 4253 998 4254
f 4252 4254 999
f 176 4251 4256
f 4251 999 4255
f 4256 4255 182
f 1002 4257 4258
f 4257 999 4254
f 4258 4254 998
f 999 4257 4255
f 4257 1002 4259
f 4255 4259 182
f 1002 4260 4259
f 4260 183 4261
f 4259 4261 182
f 175 4087 4262
f 4087 174 4228
f 4262 4228 1000
f 1000 4229 4264
f 4229 993 4263
f 4264 4263 998
f 175 4262 4253
f 4262 1000 4264
f 4253 4264 998
f 993 4233 4263
f 4233 1001 4265
f 4263 4265 998
f 998 4265 4258
f 4265 1001 4266
f 4258 4266 1002
f 1004 4267 4244
f 4267 1005 4268
f 4244 4268 1003
f 1001 4242 4269
f 4242 1003 4268
f 4269 4268 1005
f 1006 4270 4271
f 4270 1005 4267
f 4271 4267 1004
f 1006 4272 4274
f 4272 181 4273
f 4274 4273 1044
f 1004 4247 4271
f 4247 997 4275
f 4271 4275 1006
f 1006 4275 4272
f 4275 997 4250
f 4272 4250 181
f 1001 4269 4266
f 4269 1005 4276
f 4266 4276 1002
f 1007 4277 4278
f 4277 1002 4276
f 4278 4276 1005
f 1002 4277 4260
f 4277 1007 4279
f 4260 4279 183
f 1005 4270 4278
f 4270 1006 4280
f 4278 4280 1007
f 1046 4281 4282
f 4281 1007 4280
f 4282 4280 1006
f 1006 4274 4282
f 4274 1044 4283
f 4282 4283 1046
f 184 4284 4285
f 4284 183 4279
f 4285 4279 1007
f 184 4285 4286
f 4285 1007 4281
f 4286 4281 1046
f 1008 4287 4288
f 4287 154 3684
f 4288 3684 826
f 1008 4288 4290
f 4288 826 4289
f 4290 4289 1009
f 1009 4291 4293
f 4291 155 4292
f 4293 4292 1016
f 1009 4289 4291
f 4289 826 3687
f 4291 3687 155
f 1008 4290 4295
f 4290 1009 4294
f 4295 4294 1010
f 1010 4294 4296
f 4294 1009 4293
f 4296 4293 1016
f 1012 3693 4298
f 3693 1011 4297
f 4298 4297 1015
f 1015 4297 4299
f 4297 1011 3698
f 4299 3698 1013
f 1015 4299 4301
f 4299 1013 4300
f 4301 4300 1014
f 1014 4300 4302
f 4300 1013 3699
f 4302 3699 178
f 1014 4302 4304
f 4302 178 4303
f 4304 4303 179
f 1016 4305 4307
f 4305 1012 4306
f 4307 4306 1017
f 1017 4306 4308
f 4306 1012 4298
f 4308 4298 1015
f 1017 4308 4310
f 4308 1015 4309
f 4310 4309 1024
f 1015 4301 4312
f 4301 1014 4311
f 4312 4311 1018
f 1018 4311 4313
f 4311 1014 4304
f 4313 4304 179
f 1024 4309 4314
f 4309 1015 4312
f 4314 4312 1018
f 1012 4305 3707
f 4305 1016 4292
f 3707 4292 155
f 1018 4313 4316
f 4313 179 4315
f 4316 4315 180
f 1008 4317 4319
f 4317 1019 4318
f 4319 4318 177
f 1019 4317 4320
f 4317 1008 4295
f 4320 4295 1010
f 1019 4320 4322
f 4320 1010 4321
f 4322 4321 1020
f 1020 4321 4323
f 4321 1010 4296
f 4323 4296 1016
f 1020 4323 4325
f 4323 1016 4324
f 4325 4324 1025
f 177 4318 4327
f 4318 1019 4326
f 4327 4326 1029
f 1021 4328 4329
f 4328 1029 4326
f 4329 4326 1019
f 1030 4217 4330
f 4217 177 4327
f 4330 4327 1029
f 1021 4329 4331
f 4329 1019 4322
f 4331 4322 1020
f 1022 4332 4333
f 4332 1021 4331
f 4333 4331 1020
f 1020 4325 4333
f 4325 1025 4334
f 4333 4334 1022
f 1016 4307 4336
f 4307 1017 4335
f 4336 4335 1023
f 1016 4336 4324
f 4336 1023 4337
f 4324 4337 1025
f 1024 4338 4310
f 4338 1023 4335
f 4310 4335 1017
f 1023 4339 4337
f 4339 1026 4340
f 4337 4340 1025
f 1027 4341 4342
f 4341 1026 4339
f 4342 4339 1023
f 1023 4338 4342
f 4338 1024 4343
f 4342 4343 1027
f 1024 4314 4345
f 4314 1018 4344
f 4345 4344 1028
f 1028 4346 4345
f 4346 1027 4343
f 4345 4343 1024
f 1018 4316 4344
f 4316 180 4347
f 4344 4347 1028
f 1025 4340 4334
f 4340 1026 4348
f 4334 4348 1022
f 1026 4341 4350
f 4341 1027 4349
f 4350 4349 1037
f 1028 4347 4352
f 4347 180 4351
f 4352 4351 1672
f 1037 4349 4353
f 4349 1027 4346
f 4353 4346 1028
f 1037 4353 4355
f 4353 1028 4354
f 4355 4354 1039
f 1039 4354 4356
f 4354 1028 4352
f 4356 4352 1672
f 1033 4357 4358
f 4357 1030 4330
f 4358 4330 1029
f 1029 4328 4360
f 4328 1021 4359
f 4360 4359 1031
f 1032 4361 4362
f 4361 1031 4359
f 4362 4359 1021
f 1021 4332 4362
f 4332 1022 4363
f 4362 4363 1032
f 1033 4358 4364
f 4358 1029 4360
f 4364 4360 1031
f 1033 4364 4366
f 4364 1031 4365
f 4366 4365 1035
f 1036 4367 4368
f 4367 1035 4365
f 4368 4365 1031
f 1031 4361 4368
f 4361 1032 4369
f 4368 4369 1036
f 181 4370 4372
f 4370 1033 4371
f 4372 4371 1034
f 181 4249 4370
f 4249 1030 4357
f 4370 4357 1033
f 1034 4371 4373
f 4371 1033 4366
f 4373 4366 1035
f 1034 4373 4375
f 4373 1035 4374
f 4375 4374 1045
f 1045 4374 4376
f 4374 1035 4367
f 4376 4367 1036
f 1045 4376 4378
f 4376 1036 4377
f 4378 4377 1047
f 1032 4363 4379
f 4363 1022 4348
f 4379 4348 1026
f 1032 4379 4381
f 4379 1026 4380
f 4381 4380 1038
f 1038 4380 4382
f 4380 1026 4350
f 4382 4350 1037
f 1036 4369 4383
f 4369 1032 4381
f 4383 4381 1038
f 1038 4382 4385
f 4382 1037 4384
f 4385 4384 1042
f 1039 4386 4355
f 4386 1042 4384
f 4355 4384 1037
f 1036 4383 4388
f 4383 1038 4387
f 4388 4387 1041
f 1042 4389 4385
f 4389 1041 4387
f 4385 4387 1038
f 1047 4377 4390
f 4377 1036 4388
f 4390 4388 1041
f 1042 4391 4389
f 4391 1043 4392
f 4389 4392 1041
f 1041 4392 4394
f 4392 1043 4393
f 4394 4393 1049
f 1042 4386 4396
f 4386 1039 4395
f 4396 4395 1040
f 1040 4397 4396
f 4397 1043 4391
f 4396 4391 1042
f 1049 4393 4399
f 4393 1043 4398
f 4399 4398 1051
f 1051 4398 4401
f 4398 1043 4400
f 4401 4400 185
f 1044 4273 4402
f 4273 181 4372
f 4402 4372 1034
f 1044 4402 4403
f 4402 1034 4375
f 4403 4375 1045
f 1046 4283 4404
f 4283 1044 4403
f 4404 4403 1045
f 1046 4404 4405
f 4404 1045 4378
f 4405 4378 1047
f 1048 4406 4407
f 4406 1046 4405
f 4407 4405 1047
f 184 4286 4408
f 4286 1046 4406
f 4408 4406 1048
f 184 4408 4410
f 4408 1048 4409
f 4410 4409 1082
f 1050 4411 4412
f 4411 1048 4407
f 4412 4407 1047
f 1048 4411 4414
f 4411 1050 4413
f 4414 4413 1083
f 1041 4394 4390
f 4394 1049 4415
f 4390 4415 1047
f 1049 4416 4415
f 4416 1050 4412
f 4415 4412 1047
f 1050 4416 4418
f 4416 1049 4417
f 4418 4417 1052
f 1051 4401 4420
f 4401 185 4419
f 4420 4419 186
f 1052 4417 4421
f 4417 1049 4399
f 4421 4399 1051
f 1052 4421 4422
f 4421 1051 4420
f 4422 4420 186
f 1086 4423 4424
f 4423 1050 4418
f 4424 4418 1052
f 1083 4413 4425
f 4413 1050 4423
f 4425 4423 1086
f 1086 4424 4427
f 4424 1052 4426
f 4427 4426 187
f 187 4426 4428
f 4426 1052 4422
f 4428 4422 186
f 187 4428 4430
f 4428 186 4429
f 4430 4429 194
f 1053 3596 4431
f 3596 840 3746
f 4431 3746 841
f 1053 4431 4186
f 4431 841 4432
f 4186 4432 1054
f 1055 4433 4434
f 4433 984 4188
f 4434 4188 1054
f 984 4433 4200
f 4433 1055 4435
f 4200 4435 1059
f 1054 4432 4436
f 4432 841 3749
f 4436 3749 845
f 1054 4436 4438
f 4436 845 4437
f 4438 4437 1056
f 1057 4439 4440
f 4439 1056 4437
f 4440 4437 845
f 845 3752 4440
f 3752 846 4441
f 4440 4441 1057
f 1056 4442 4438
f 4442 1055 4434
f 4438 4434 1054
f 1057 4441 4443
f 4441 846 3755
f 4443 3755 1058
f 1055 4442 4445
f 4442 1056 4444
f 4445 4444 1060
f 1057 4446 4439
f 4446 1060 4444
f 4439 4444 1056
f 1060 4447 4445
f 4447 1059 4435
f 4445 4435 1055
f 1058 3758 4449
f 3758 193 4448
f 4449 4448 177
f 1060 4446 4450
f 4446 1057 4443
f 4450 4443 1058
f 1060 4450 4452
f 4450 1058 4451
f 4452 4451 1063
f 1063 4451 4453
f 4451 1058 4449
f 4453 4449 177
f 1062 4213 4454
f 4213 1061 4210
f 4454 4210 1059
f 1059 4447 4454
f 4447 1060 4455
f 4454 4455 1062
f 1062 4455 4456
f 4455 1060 4452
f 4456 4452 1063
f 1062 4456 4215
f 4456 1063 4457
f 4215 4457 1064
f 177 4216 4453
f 4216 1064 4457
f 4453 4457 1063
f 1008 4458 4287
f 4458 193 3773
f 4287 3773 154
f 177 4448 4319
f 4448 193 4458
f 4319 4458 1008
f 4169 191 4459
f 191 4169 979
f 176 4256 4178
f 4256 182 4460
f 4178 4460 1065
f 1066 4461 4462
f 4461 1065 4460
f 4462 4460 182
f 1068 4463 4464
f 4463 1065 4461
f 4464 4461 1066
f 182 4261 4462
f 4261 183 4465
f 4462 4465 1066
f 1069 4466 4467
f 4466 1068 4464
f 4467 4464 1066
f 1067 4468 4469
f 4468 973 4179
f 4469 4179 1065
f 1065 4463 4469
f 4463 1068 4470
f 4469 4470 1067
f 4468 1067 4471
f 1075 4471 1067
f 1068 4472 4470
f 4472 1076 4473
f 4470 4473 1067
f 1068 4466 4472
f 4466 1069 4474
f 4472 4474 1076
f 1071 4475 4477
f 4475 1072 4476
f 4477 4476 1066
f 1072 4478 4476
f 4478 1069 4467
f 4476 4467 1066
f 1073 4479 1069
f 4474 1069 4479
f 1069 4480 1073
f 4480 1069 4478
f 183 4481 4465
f 4481 1070 4482
f 4465 4482 1066
f 1066 4482 4477
f 4482 1070 4483
f 4477 4483 1071
f 183 4284 4481
f 4284 184 4484
f 4481 4484 1070
f 1071 4483 4486
f 4483 1070 4485
f 4486 4485 1082
f 1074 4487 4488
f 4487 1072 4475
f 4488 4475 1071
f 192 4489 4490
f 4489 1074 4488
f 4490 4488 1071
f 1071 4486 4490
f 4486 1082 4491
f 4490 4491 192
f 1074 4492 4487
f 4492 1073 4480
f 4487 4480 1072
f 1077 4493 4494
f 4493 979 4173
f 4494 4173 973
f 4471 1075 4494
f 1077 4494 1075
f 1075 4473 4495
f 4473 1075 1067
f 4496 1077 4495
f 1075 4495 1077
f 979 4493 4498
f 4493 1077 4497
f 4498 4497 1078
f 191 979 4499
f 4498 4499 979
f 1076 4479 4501
f 4479 1073 4500
f 4501 4500 1079
f 1080 4502 1076
f 4496 1076 4502
f 1076 4501 1080
f 4503 1080 4501
f 1079 4504 4503
f 4504 1079 1087
f 1073 4492 4500
f 4492 1074 4505
f 4500 4505 1079
f 1081 4459 4506
f 4459 1081 980
f 1070 4484 4485
f 4484 184 4410
f 4485 4410 1082
f 1082 4409 4507
f 4409 1048 4414
f 4507 4414 1083
f 1082 4507 4509
f 4507 1083 4508
f 4509 4508 1084
f 1084 4508 4510
f 4508 1083 4425
f 4510 4425 1086
f 192 4491 4511
f 4491 1082 4509
f 4511 4509 1084
f 192 4511 4513
f 4511 1084 4512
f 4513 4512 1085
f 1091 4514 4515
f 4514 192 4513
f 4515 4513 1085
f 1084 4510 4512
f 4510 1086 4516
f 4512 4516 1085
f 1085 4516 4518
f 4516 1086 4517
f 4518 4517 1092
f 1079 4505 4519
f 4505 1074 4489
f 4519 4489 192
f 1079 4519 4521
f 4519 192 4520
f 4521 4520 1088
f 1087 4521 4522
f 4521 1087 1079
f 4522 1089 4523
f 1089 4522 1088
f 192 4514 4520
f 4514 1091 4524
f 4520 4524 1088
f 1088 4524 4526
f 4524 1091 4525
f 4526 4525 1094
f 1089 1088 4527
f 4526 4527 1088
f 1090 4528 4529
f 4528 1089 4527
f 4529 4527 1094
f 1086 4427 4517
f 4427 187 4530
f 4517 4530 1092
f 1092 4530 4531
f 4530 187 4430
f 4531 4430 194
f 1092 4531 4533
f 4531 194 4532
f 4533 4532 195
f 1091 4515 4534
f 4515 1085 4518
f 4534 4518 1092
f 1091 4534 4536
f 4534 1092 4535
f 4536 4535 1093
f 1093 4535 4537
f 4535 1092 4533
f 4537 4533 195
f 1094 4525 4538
f 4525 1091 4536
f 4538 4536 1093
f 4538 1093 4539
f 1095 4539 1093
f 1095 4537 4540
f 4537 1095 1093
f 4541 74 1149
f 1096 4542 4543
f 4542 1096 1149
f 73 4544 4546
f 4544 1122 4545
f 4546 4545 1097
f 86 4547 4549
f 4547 1099 4548
f 4549 4548 1097
f 86 4549 4550
f 4549 1097 4545
f 4550 4545 1122
f 1097 4551 4553
f 4551 1098 4552
f 4553 4552 64
f 64 4554 4553
f 4554 73 4546
f 4553 4546 1097
f 1098 4551 4555
f 4551 1097 4548
f 4555 4548 1099
f 1146 4556 4557
f 4556 1099 4547
f 4557 4547 86
f 1101 4558 4559
f 4558 1098 4555
f 4559 4555 1099
f 1100 4560 4561
f 4560 1099 4556
f 4561 4556 1146
f 1101 4559 4562
f 4559 1099 4560
f 4562 4560 1100
f 1105 4563 4565
f 4563 1106 4564
f 4565 4564 1103
f 1103 4566 4565
f 4566 1102 4567
f 4565 4567 1105
f 64 4552 4569
f 4552 1098 4568
f 4569 4568 1102
f 1102 4570 65
f 4570 1102 4566
f 65 4569 1102
f 4569 65 4571
f 1105 4567 4572
f 4567 1102 4568
f 4572 4568 1098
f 1104 4573 4575
f 4573 66 4574
f 4575 4574 1103
f 66 4576 4574
f 4576 65 4570
f 4574 4570 1103
f 4573 1104 4577
f 67 4577 1104
f 1106 4575 4564
f 4575 1106 1104
f 1105 4572 4578
f 4572 1098 4558
f 4578 4558 1101
f 1101 4579 4578
f 4579 1111 4580
f 4578 4580 1105
f 1106 4563 4581
f 4563 1105 4580
f 4581 4580 1111
f 1146 4582 4561
f 4582 89 4583
f 4561 4583 1100
f 89 4584 4583
f 4584 69 4585
f 4583 4585 1100
f 1111 4579 4586
f 4579 1101 4562
f 4586 4562 1100
f 1108 4587 4588
f 4587 1106 4581
f 4588 4581 1111
f 1109 4587 4589
f 4587 1109 1106
f 4590 1109 4591
f 1109 4590 68
f 1108 4591 4589
f 4591 1108 1110
f 1111 4592 4588
f 4592 1112 4593
f 4588 4593 1108
f 1113 4594 4595
f 4594 1111 4586
f 4595 4586 1100
f 1113 4595 4596
f 4595 1100 4585
f 4596 4585 69
f 1112 4592 4597
f 4592 1111 4594
f 4597 4594 1113
f 1112 4598 4599
f 4598 1112 90
f 1110 4593 4599
f 4593 1110 1108
f 1113 4600 4597
f 4600 1114 4601
f 4597 4601 1112
f 4602 1112 4603
f 1112 4602 90
f 1112 4601 4603
f 4601 1114 4604
f 4603 4604 1171
f 69 4605 4596
f 4605 1115 4606
f 4596 4606 1113
f 1114 4600 4607
f 4600 1113 4606
f 4607 4606 1115
f 70 4607 1115
f 4607 70 4608
f 71 4609 4610
f 4609 418 2366
f 4610 2366 1116
f 1117 71 4611
f 4610 4611 71
f 1118 4612 4613
f 4612 1116 2365
f 4613 2365 419
f 1117 4611 4614
f 4611 1116 4612
f 4614 4612 1118
f 4615 1117 4616
f 1117 4615 71
f 1118 4613 4617
f 4613 419 2371
f 4617 2371 37
f 37 4618 4617
f 4618 1120 4619
f 4617 4619 1118
f 1119 4620 4621
f 4620 1117 4614
f 4621 4614 1118
f 1119 4622 4620
f 4622 1121 4616
f 4620 4616 1117
f 1120 4623 4619
f 4623 1119 4621
f 4619 4621 1118
f 72 4624 4625
f 4624 71 4615
f 4625 4615 1121
f 1122 4626 4627
f 4626 72 4625
f 4627 4625 1121
f 1123 4628 4629
f 4628 1122 4627
f 4629 4627 1121
f 86 4550 4630
f 4550 1122 4628
f 4630 4628 1123
f 1129 4631 4632
f 4631 1121 4622
f 4632 4622 1119
f 1129 4632 4633
f 4632 1119 4623
f 4633 4623 1120
f 1123 4629 4634
f 4629 1121 4631
f 4634 4631 1129
f 1129 4635 4634
f 4635 1124 4636
f 4634 4636 1123
f 86 4630 4637
f 4630 1123 4636
f 4637 4636 1124
f 1125 4638 4639
f 4638 37 2373
f 4639 2373 39
f 1125 4640 4642
f 4640 1126 4641
f 4642 4641 1120
f 1120 4618 4642
f 4618 37 4638
f 4642 4638 1125
f 1128 4643 2398
f 4643 1125 4639
f 2398 4639 39
f 1127 4644 4645
f 4644 1120 4641
f 4645 4641 1126
f 1126 4640 4646
f 4640 1125 4643
f 4646 4643 1128
f 87 4647 4648
f 4647 1126 4646
f 4648 4646 1128
f 1134 4649 4650
f 4649 1127 4645
f 4650 4645 1126
f 1129 4633 4651
f 4633 1120 4644
f 4651 4644 1127
f 1130 4652 4653
f 4652 1129 4651
f 4653 4651 1127
f 1131 4654 4655
f 4654 86 4637
f 4655 4637 1124
f 1129 4652 4635
f 4652 1130 4656
f 4635 4656 1124
f 1124 4656 4655
f 4656 1130 4657
f 4655 4657 1131
f 1130 4653 4658
f 4653 1127 4649
f 4658 4649 1134
f 1166 4659 4660
f 4659 1131 4657
f 4660 4657 1130
f 1132 4661 2418
f 4661 87 4648
f 2418 4648 1128
f 1133 4662 4663
f 4662 87 4661
f 4663 4661 1132
f 1133 4663 4664
f 4663 1132 2428
f 4664 2428 433
f 1133 4665 4667
f 4665 1135 4666
f 4667 4666 1126
f 1126 4647 4667
f 4647 87 4662
f 4667 4662 1133
f 1134 4650 4668
f 4650 1126 4666
f 4668 4666 1135
f 1133 4664 4669
f 4664 433 2446
f 4669 2446 1139
f 1133 4670 4665
f 4670 1140 4671
f 4665 4671 1135
f 1140 4672 4671
f 4672 1142 4673
f 4671 4673 1135
f 1136 4674 4675
f 4674 1130 4658
f 4675 4658 1134
f 1136 4675 4677
f 4675 1134 4676
f 4677 4676 1137
f 1137 4676 4678
f 4676 1134 4668
f 4678 4668 1135
f 1138 4679 4680
f 4679 1130 4674
f 4680 4674 1136
f 1138 4681 4679
f 4681 1166 4660
f 4679 4660 1130
f 1137 4678 4682
f 4678 1135 4673
f 4682 4673 1142
f 1143 4683 4684
f 4683 1136 4677
f 4684 4677 1137
f 1138 4680 4685
f 4680 1136 4683
f 4685 4683 1143
f 1139 4686 4669
f 4686 1140 4670
f 4669 4670 1133
f 1140 4686 4687
f 4686 1139 2449
f 4687 2449 41
f 1142 4672 4689
f 4672 1140 4688
f 4689 4688 1141
f 41 4690 4687
f 4690 1263 4691
f 4687 4691 1140
f 1263 4690 4692
f 4690 41 2460
f 4692 2460 1262
f 1141 4688 4693
f 4688 1140 4691
f 4693 4691 1263
f 1263 4694 4693
f 4694 1265 4695
f 4693 4695 1141
f 1264 4696 4697
f 4696 1142 4689
f 4697 4689 1141
f 1264 4697 4698
f 4697 1141 4695
f 4698 4695 1265
f 1145 4699 4700
f 4699 1137 4682
f 4700 4682 1142
f 1143 4684 4701
f 4684 1137 4699
f 4701 4699 1145
f 1145 4702 4701
f 4702 1268 4703
f 4701 4703 1143
f 1143 4704 4685
f 4704 1144 4705
f 4685 4705 1138
f 92 4706 4707
f 4706 1138 4705
f 4707 4705 1144
f 1144 4704 4708
f 4704 1143 4703
f 4708 4703 1268
f 1144 4709 4707
f 4709 1181 4710
f 4707 4710 92
f 1264 4711 4712
f 4711 1268 4702
f 4712 4702 1145
f 1145 4700 4712
f 4700 1142 4696
f 4712 4696 1264
f 73 4713 4544
f 4713 72 4626
f 4544 4626 1122
f 75 4714 4715
f 4714 66 4577
f 4715 4577 67
f 88 4716 67
f 4715 67 4716
f 67 4717 1196
f 1147 76 4719
f 4718 4719 76
f 4716 88 4719
f 1147 4719 88
f 1149 74 4721
f 4720 4721 74
f 76 4722 4721
f 4722 76 1147
f 1150 4723 4724
f 4723 1149 4722
f 4724 4722 1147
f 1147 4725 4724
f 4725 1148 4726
f 4724 4726 1150
f 1151 4727 4728
f 4727 1146 4557
f 4728 4557 86
f 1151 4728 4729
f 4728 86 4654
f 4729 4654 1131
f 89 4582 4730
f 4582 1146 4727
f 4730 4727 1151
f 1152 4731 4732
f 4731 1151 4729
f 4732 4729 1131
f 89 4730 4733
f 4730 1151 4731
f 4733 4731 1152
f 1152 4732 4734
f 4732 1131 4659
f 4734 4659 1166
f 1153 4735 4736
f 4735 1196 4717
f 4736 4717 68
f 4590 1153 4736
f 1153 4590 1110
f 1196 4735 4738
f 4735 1153 4737
f 4738 4737 1154
f 4739 1110 4740
f 1110 4739 1153
f 4598 1155 4740
f 1155 4598 90
f 1170 4741 4742
f 4741 1154 4737
f 4742 4737 1153
f 1153 4739 4742
f 4739 1155 4743
f 4742 4743 1170
f 1148 4744 4746
f 4744 1154 4745
f 4746 4745 1156
f 1150 4726 4747
f 4726 1148 4746
f 4747 4746 1156
f 1150 4747 4749
f 4747 1156 4748
f 4749 4748 1157
f 1156 4745 4750
f 4745 1154 4741
f 4750 4741 1170
f 1156 4750 4752
f 4750 1170 4751
f 4752 4751 1174
f 1157 4748 4753
f 4748 1156 4752
f 4753 4752 1174
f 1149 4723 4755
f 4723 1150 4754
f 4755 4754 1159
f 77 4756 1158
f 4756 77 4542
f 1158 4756 4757
f 4756 1149 4755
f 4757 4755 1159
f 1158 4757 4759
f 4757 1159 4758
f 4759 4758 1160
f 4760 77 4761
f 1158 4761 77
f 78 4761 4763
f 4761 1158 4762
f 4763 4762 1161
f 78 4763 4765
f 4763 1161 4764
f 4765 4764 98
f 98 4766 4765
f 4766 79 4767
f 4765 4767 78
f 1161 4762 4768
f 4762 1158 4759
f 4768 4759 1160
f 1161 4768 4770
f 4768 1160 4769
f 4770 4769 1164
f 1161 4770 4764
f 4770 1164 4771
f 4764 4771 98
f 1159 4754 4772
f 4754 1150 4749
f 4772 4749 1157
f 1159 4772 4774
f 4772 1157 4773
f 4774 4773 1162
f 1160 4758 4775
f 4758 1159 4774
f 4775 4774 1162
f 1160 4775 4777
f 4775 1162 4776
f 4777 4776 1163
f 1162 4773 4779
f 4773 1157 4778
f 4779 4778 1175
f 1162 4779 4776
f 4779 1175 4780
f 4776 4780 1163
f 1160 4777 4769
f 4777 1163 4781
f 4769 4781 1164
f 1165 4782 4783
f 4782 1164 4781
f 4783 4781 1163
f 1165 4784 4782
f 4784 91 4785
f 4782 4785 1164
f 1167 4786 4787
f 4786 89 4733
f 4787 4733 1152
f 1167 4787 4788
f 4787 1152 4734
f 4788 4734 1166
f 1166 4789 4788
f 4789 1168 4790
f 4788 4790 1167
f 1166 4681 4789
f 4681 1138 4791
f 4789 4791 1168
f 1167 4792 4786
f 4792 69 4584
f 4786 4584 89
f 92 4793 4795
f 4793 1178 4794
f 4795 4794 1168
f 1168 4791 4795
f 4791 1138 4706
f 4795 4706 92
f 1169 4796 4797
f 4796 1167 4790
f 4797 4790 1168
f 1167 4796 4792
f 4796 1169 4798
f 4792 4798 69
f 1179 4799 4800
f 4799 69 4798
f 4800 4798 1169
f 1155 4602 4801
f 4602 1155 90
f 1155 4801 4803
f 4801 1171 4802
f 4803 4802 1172
f 1155 4803 4743
f 4803 1172 4804
f 4743 4804 1170
f 1115 4605 4805
f 4605 69 4799
f 4805 4799 1179
f 1114 4608 4807
f 4608 70 4806
f 4807 4806 1173
f 1173 4808 4807
f 4808 1171 4604
f 4807 4604 1114
f 1172 4802 4809
f 4802 1171 4808
f 4809 4808 1173
f 1184 4810 4811
f 4810 1170 4804
f 4811 4804 1172
f 1172 4809 4811
f 4809 1173 4812
f 4811 4812 1184
f 1157 4753 4778
f 4753 1174 4813
f 4778 4813 1175
f 1174 4751 4814
f 4751 1170 4810
f 4814 4810 1184
f 1174 4814 4816
f 4814 1184 4815
f 4816 4815 1176
f 1175 4813 4817
f 4813 1174 4816
f 4817 4816 1176
f 1175 4817 4819
f 4817 1176 4818
f 4819 4818 1177
f 1178 4793 4820
f 4793 92 4710
f 4820 4710 1181
f 1180 4821 4822
f 4821 1169 4797
f 4822 4797 1168
f 1180 4822 4823
f 4822 1168 4794
f 4823 4794 1178
f 1179 4800 4824
f 4800 1169 4821
f 4824 4821 1180
f 1182 4825 4826
f 4825 1179 4824
f 4826 4824 1180
f 1181 4827 4820
f 4827 1303 4828
f 4820 4828 1178
f 1304 4829 4830
f 4829 1180 4823
f 4830 4823 1178
f 1182 4826 4831
f 4826 1180 4829
f 4831 4829 1304
f 1304 4830 4832
f 4830 1178 4828
f 4832 4828 1303
f 1305 4833 4834
f 4833 1182 4831
f 4834 4831 1304
f 1179 4835 4805
f 4835 1185 4836
f 4805 4836 1115
f 1115 4836 4838
f 4836 1185 4837
f 4838 4837 1183
f 70 1115 4839
f 4838 4839 1115
f 1185 4835 4840
f 4835 1179 4825
f 4840 4825 1182
f 1183 1187 4842
f 4841 4842 1187
f 1173 4806 4842
f 4806 70 4839
f 4842 4839 1183
f 1173 4841 4812
f 4841 1187 4843
f 4812 4843 1184
f 1184 4843 4845
f 4843 1187 4844
f 4845 4844 1188
f 1185 4846 4837
f 4846 1186 4847
f 4837 4847 1183
f 1185 4840 4848
f 4840 1182 4833
f 4848 4833 1305
f 4849 1183 4850
f 1183 4849 1187
f 1183 4847 4850
f 4847 1186 4851
f 4850 4851 1310
f 1310 4852 4849
f 4852 1188 4844
f 4849 4844 1187
f 1189 4853 4854
f 4853 1176 4815
f 4854 4815 1184
f 1184 4845 4854
f 4845 1188 4855
f 4854 4855 1189
f 1177 4818 4856
f 4818 1176 4853
f 4856 4853 1189
f 1314 4857 4858
f 4857 1189 4855
f 4858 4855 1188
f 1189 4857 4860
f 4857 1314 4859
f 4860 4859 1315
f 1190 4861 4862
f 4861 1163 4780
f 4862 4780 1175
f 1175 4819 4862
f 4819 1177 4863
f 4862 4863 1190
f 1190 4863 4865
f 4863 1177 4864
f 4865 4864 1192
f 1163 4861 4783
f 4861 1190 4866
f 4783 4866 1165
f 1193 4867 4868
f 4867 1165 4866
f 4868 4866 1190
f 1190 4865 4868
f 4865 1192 4869
f 4868 4869 1193
f 1165 4867 4871
f 4867 1193 4870
f 4871 4870 93
f 1177 4856 4873
f 4856 1189 4872
f 4873 4872 1191
f 1192 4864 4874
f 4864 1177 4873
f 4874 4873 1191
f 1191 4872 4875
f 4872 1189 4860
f 4875 4860 1315
f 1192 4874 4877
f 4874 1191 4876
f 4877 4876 1329
f 96 4878 4879
f 4878 93 4870
f 4879 4870 1193
f 97 4880 4881
f 4880 96 4879
f 4881 4879 1193
f 1194 4882 4883
f 4882 1193 4869
f 4883 4869 1192
f 1192 4877 4883
f 4877 1329 4884
f 4883 4884 1194
f 97 4881 4885
f 4881 1193 4882
f 4885 4882 1194
f 97 4885 4887
f 4885 1194 4886
f 4887 4886 118
f 1165 4888 4784
f 4888 94 4889
f 4784 4889 91
f 93 4890 4891
f 4890 93 95
f 93 4891 4871
f 4891 94 4888
f 4871 4888 1165
f 93 4892 95
f 4892 93 4878
f 4893 1199 4894
f 1195 4894 1199
f 1195 4895 4896
f 4895 1195 1199
f 4897 88 1196
f 4897 1196 1197
f 1197 4738 4898
f 4738 1197 1196
f 1197 4725 1147
f 4744 1148 4898
f 1197 4898 1148
f 98 4771 4900
f 4771 1164 4899
f 4900 4899 99
f 99 4899 4901
f 4899 1164 4785
f 4901 4785 91
f 80 4902 4903
f 4902 79 4766
f 4903 4766 98
f 80 4904 1198
f 4904 80 4903
f 4893 1198 4905
f 1198 4893 80
f 4905 1201 1199
f 1200 4906 4907
f 4906 1198 4904
f 4907 4904 98
f 98 4900 4907
f 4900 99 4908
f 4907 4908 1200
f 1200 4909 4911
f 4909 1202 4910
f 4911 4910 1201
f 1201 1198 4911
f 4906 4911 1198
f 1199 4912 4895
f 4912 1203 4913
f 4895 4913 81
f 1205 4914 4915
f 4914 81 4913
f 4915 4913 1203
f 1199 4916 4912
f 4916 1199 1201
f 1204 4917 4918
f 4917 1205 4915
f 4918 4915 1203
f 1202 4919 4921
f 4919 1213 4920
f 4921 4920 1203
f 1202 4921 4910
f 4921 1203 4916
f 4910 4916 1201
f 1204 4918 4922
f 4918 1203 4920
f 4922 4920 1213
f 1206 4923 4925
f 4923 1205 4924
f 4925 4924 1208
f 4923 82 4926
f 82 4923 1206
f 1207 83 4928
f 4927 4928 83
f 4928 1206 4929
f 1206 4928 82
f 1210 4930 4931
f 4930 1207 4929
f 4931 4929 1206
f 1207 4930 4933
f 4930 1210 4932
f 4933 4932 1216
f 1208 4924 4934
f 4924 1205 4917
f 4934 4917 1204
f 1206 4925 4936
f 4925 1208 4935
f 4936 4935 1209
f 1215 4937 4938
f 4937 1208 4934
f 4938 4934 1204
f 1209 4935 4939
f 4935 1208 4937
f 4939 4937 1215
f 1210 4931 4940
f 4931 1206 4936
f 4940 4936 1209
f 1211 4941 4942
f 4941 1200 4908
f 4942 4908 99
f 99 4901 4942
f 4901 91 4943
f 4942 4943 1211
f 1202 4909 4944
f 4909 1200 4941
f 4944 4941 1211
f 1212 4945 4946
f 4945 1202 4944
f 4946 4944 1211
f 100 4947 4948
f 4947 1211 4943
f 4948 4943 91
f 1220 4949 4950
f 4949 1212 4946
f 4950 4946 1211
f 1220 4950 4951
f 4950 1211 4947
f 4951 4947 100
f 1213 4952 4953
f 4952 1212 4949
f 4953 4949 1220
f 1221 4954 4955
f 4954 1213 4953
f 4955 4953 1220
f 1214 4956 4957
f 4956 1204 4922
f 4957 4922 1213
f 1212 4952 4945
f 4952 1213 4919
f 4945 4919 1202
f 101 4958 4960
f 4958 1214 4959
f 4960 4959 1221
f 1214 4957 4959
f 4957 1213 4954
f 4959 4954 1221
f 1215 4938 4961
f 4938 1204 4956
f 4961 4956 1214
f 1215 4962 4939
f 4962 1217 4963
f 4939 4963 1209
f 1217 4964 4966
f 4964 1218 4965
f 4966 4965 1210
f 1209 4963 4940
f 4963 1217 4966
f 4940 4966 1210
f 1210 4965 4932
f 4965 1218 4967
f 4932 4967 1216
f 1227 4968 4969
f 4968 1216 4967
f 4969 4967 1218
f 1224 4970 4971
f 4970 1215 4961
f 4971 4961 1214
f 1217 4962 4972
f 4962 1215 4970
f 4972 4970 1224
f 1224 4971 4973
f 4971 1214 4958
f 4973 4958 101
f 1226 4974 4975
f 4974 1218 4964
f 4975 4964 1217
f 83 4976 4977
f 4976 83 1207
f 1207 4933 4979
f 4933 1216 4978
f 4979 4978 1249
f 1249 4980 4979
f 4980 1248 4976
f 4979 4976 1207
f 1216 4981 4978
f 4981 102 4982
f 4978 4982 1249
f 1216 4968 4984
f 4968 1227 4983
f 4984 4983 103
f 103 4985 4984
f 4985 102 4981
f 4984 4981 1216
f 100 4948 4986
f 4948 91 4889
f 4986 4889 94
f 100 4986 4988
f 4986 94 4987
f 4988 4987 1219
f 1219 4987 4989
f 4987 94 4890
f 4989 4890 95
f 1220 4951 4990
f 4951 100 4988
f 4990 4988 1219
f 1223 4991 4992
f 4991 1221 4955
f 4992 4955 1220
f 101 4960 4993
f 4960 1221 4991
f 4993 4991 1223
f 1219 4989 4995
f 4989 95 4994
f 4995 4994 1232
f 1232 4892 96
f 4892 1232 4994
f 1222 4996 4997
f 4996 1220 4990
f 4997 4990 1219
f 1222 4997 4998
f 4997 1219 4995
f 4998 4995 1232
f 1223 4992 4999
f 4992 1220 4996
f 4999 4996 1222
f 1237 5000 5001
f 5000 1223 4999
f 5001 4999 1222
f 1236 5002 5003
f 5002 1223 5000
f 5003 5000 1237
f 101 4993 5004
f 4993 1223 5002
f 5004 5002 1236
f 1225 5005 5006
f 5005 1217 4972
f 5006 4972 1224
f 101 5004 4973
f 5004 1236 5007
f 4973 5007 1224
f 1226 4975 5008
f 4975 1217 5005
f 5008 5005 1225
f 1226 5008 5010
f 5008 1225 5009
f 5010 5009 1229
f 1226 5010 4974
f 5010 1229 5011
f 4974 5011 1218
f 1218 5011 4969
f 5011 1229 5012
f 4969 5012 1227
f 1230 5013 5014
f 5013 1227 5012
f 5014 5012 1229
f 1236 5015 5007
f 5015 1228 5016
f 5007 5016 1224
f 1238 5017 5018
f 5017 1225 5006
f 5018 5006 1224
f 1238 5018 5019
f 5018 1224 5016
f 5019 5016 1228
f 1229 5009 5020
f 5009 1225 5017
f 5020 5017 1238
f 1242 5021 5022
f 5021 1229 5020
f 5022 5020 1238
f 1229 5023 5014
f 5023 1240 5024
f 5014 5024 1230
f 1242 5025 5021
f 5025 1240 5023
f 5021 5023 1229
f 1241 5026 5027
f 5026 1230 5024
f 5027 5024 1240
f 1232 4880 5028
f 4880 1232 96
f 1231 5029 5030
f 5029 1232 5028
f 5030 5028 97
f 1233 5031 5032
f 5031 1222 4998
f 5032 4998 1232
f 1233 5032 5033
f 5032 1232 5029
f 5033 5029 1231
f 1237 5001 5034
f 5001 1222 5031
f 5034 5031 1233
f 1387 5035 5036
f 5035 1231 5030
f 5036 5030 97
f 1387 5036 5037
f 5036 97 4887
f 5037 4887 118
f 1231 5035 5039
f 5035 1387 5038
f 5039 5038 1234
f 1231 5039 5033
f 5039 1234 5040
f 5033 5040 1233
f 1235 5041 5042
f 5041 1233 5040
f 5042 5040 1234
f 1239 5043 5044
f 5043 1237 5034
f 5044 5034 1233
f 1239 5044 5045
f 5044 1233 5041
f 5045 5041 1235
f 1389 5046 5047
f 5046 1235 5042
f 5047 5042 1234
f 1239 5045 5049
f 5045 1235 5048
f 5049 5048 1395
f 1236 5050 5015
f 5050 1239 5051
f 5015 5051 1228
f 1238 5019 5052
f 5019 1228 5051
f 5052 5051 1239
f 1236 5003 5050
f 5003 1237 5043
f 5050 5043 1239
f 1239 5053 5052
f 5053 1398 5054
f 5052 5054 1238
f 1238 5054 5022
f 5054 1398 5055
f 5022 5055 1242
f 1242 5056 5025
f 5056 1243 5057
f 5025 5057 1240
f 1244 5058 5059
f 5058 1241 5027
f 5059 5027 1240
f 1240 5057 5059
f 5057 1243 5060
f 5059 5060 1244
f 1399 5061 5062
f 5061 1242 5055
f 5062 5055 1398
f 1399 5063 5061
f 5063 1243 5056
f 5061 5056 1242
f 1244 5060 5065
f 5060 1243 5064
f 5065 5064 1400
f 1230 5066 5013
f 5066 103 4983
f 5013 4983 1227
f 1230 5067 5066
f 5067 1256 5068
f 5066 5068 103
f 1241 5069 5026
f 5069 1256 5067
f 5026 5067 1230
f 1245 5070 5071
f 5070 1256 5069
f 5071 5069 1241
f 1241 5058 5071
f 5058 1244 5072
f 5071 5072 1245
f 106 5073 5075
f 5073 1245 5074
f 5075 5074 1247
f 1246 5076 5077
f 5076 1245 5072
f 5077 5072 1244
f 1244 5065 5077
f 5065 1400 5078
f 5077 5078 1246
f 1245 5076 5074
f 5076 1246 5079
f 5074 5079 1247
f 228 5080 5082
f 5080 1247 5081
f 5082 5081 1417
f 1250 84 5084
f 5083 5084 84
f 1250 5084 5085
f 5084 1248 4980
f 5085 4980 1249
f 1249 4982 5085
f 4982 102 5086
f 5085 5086 1250
f 1253 5087 5088
f 5087 1250 5086
f 5088 5086 102
f 5089 84 5090
f 1250 5090 84
f 85 5090 1251
f 5091 1251 5090
f 1583 5092 5093
f 5092 1583 198
f 85 1251 5093
f 5094 5093 1251
f 1583 5094 104
f 5095 104 5094
f 1254 5096 5097
f 5096 1251 5091
f 5097 5091 1250
f 1250 5087 5097
f 5087 1253 5098
f 5097 5098 1254
f 104 5095 5099
f 5095 1251 5096
f 5099 5096 1254
f 102 4985 5101
f 4985 103 5100
f 5101 5100 1252
f 1253 5088 5102
f 5088 102 5101
f 5102 5101 1252
f 1253 5102 5104
f 5102 1252 5103
f 5104 5103 1257
f 1254 5098 5105
f 5098 1253 5104
f 5105 5104 1257
f 1254 5105 5107
f 5105 1257 5106
f 5107 5106 1255
f 104 5099 5109
f 5099 1254 5108
f 5109 5108 105
f 1254 5107 5108
f 5107 1255 5110
f 5108 5110 105
f 1255 5106 5112
f 5106 1257 5111
f 5112 5111 1259
f 105 5110 5114
f 5110 1255 5113
f 5114 5113 1591
f 1591 5113 5115
f 5113 1255 5112
f 5115 5112 1259
f 1591 5115 5117
f 5115 1259 5116
f 5117 5116 1624
f 1252 5100 5118
f 5100 103 5068
f 5118 5068 1256
f 1252 5118 5103
f 5118 1256 5119
f 5103 5119 1257
f 1258 5120 5121
f 5120 1257 5119
f 5121 5119 1256
f 1260 5122 5123
f 5122 1259 5111
f 5123 5111 1257
f 1257 5120 5123
f 5120 1258 5124
f 5123 5124 1260
f 1260 5125 5122
f 5125 1624 5116
f 5122 5116 1259
f 1261 5126 5127
f 5126 1260 5124
f 5127 5124 1258
f 1260 5126 5129
f 5126 1261 5128
f 5129 5128 107
f 1258 5121 5130
f 5121 1256 5070
f 5130 5070 1245
f 1258 5130 5131
f 5130 1245 5073
f 5131 5073 106
f 1258 5131 5127
f 5131 106 5132
f 5127 5132 1261
f 1261 5132 5133
f 5132 106 5075
f 5133 5075 1247
f 228 5134 5135
f 5134 107 5128
f 5135 5128 1261
f 1261 5133 5135
f 5133 1247 5080
f 5135 5080 228
f 1265 5136 4698
f 5136 1275 5137
f 4698 5137 1264
f 1266 5138 5139
f 5138 1262 2952
f 5139 2952 596
f 1266 5139 5140
f 5139 596 2960
f 5140 2960 1274
f 1266 5141 5138
f 5141 1263 4692
f 5138 4692 1262
f 1277 5142 5143
f 5142 1266 5140
f 5143 5140 1274
f 1267 5144 5145
f 5144 1265 4694
f 5145 4694 1263
f 1267 5145 5146
f 5145 1263 5141
f 5146 5141 1266
f 1275 5136 5147
f 5136 1265 5144
f 5147 5144 1267
f 1267 5146 5148
f 5146 1266 5142
f 5148 5142 1277
f 1275 5149 5151
f 5149 1269 5150
f 5151 5150 1268
f 1268 4711 5151
f 4711 1264 5137
f 5151 5137 1275
f 1269 5152 5154
f 5152 1270 5153
f 5154 5153 1144
f 1144 4708 5154
f 4708 1268 5150
f 5154 5150 1269
f 1181 5155 5157
f 5155 1271 5156
f 5157 5156 108
f 1271 5155 5158
f 5155 1181 4709
f 5158 4709 1144
f 1144 5153 5158
f 5153 1270 5159
f 5158 5159 1271
f 1275 5160 5149
f 5160 1280 5161
f 5149 5161 1269
f 1270 5152 5162
f 5152 1269 5161
f 5162 5161 1280
f 1273 5163 5165
f 5163 1271 5164
f 5165 5164 1272
f 1273 5166 5168
f 5166 1318 5167
f 5168 5167 108
f 108 5156 5168
f 5156 1271 5163
f 5168 5163 1273
f 1271 5159 5164
f 5159 1270 5169
f 5164 5169 1272
f 1276 5170 5171
f 5170 1274 2956
f 5171 2956 606
f 1276 5171 5172
f 5171 606 2988
f 5172 2988 56
f 1277 5143 5173
f 5143 1274 5170
f 5173 5170 1276
f 1278 5174 5175
f 5174 1267 5148
f 5175 5148 1277
f 1278 5176 5178
f 5176 1279 5177
f 5178 5177 1275
f 1275 5147 5178
f 5147 1267 5174
f 5178 5174 1278
f 56 5179 5172
f 5179 1284 5180
f 5172 5180 1276
f 1282 5181 5182
f 5181 1277 5173
f 5182 5173 1276
f 1282 5182 5183
f 5182 1276 5180
f 5183 5180 1284
f 1278 5175 5184
f 5175 1277 5181
f 5184 5181 1282
f 1278 5185 5176
f 5185 109 5186
f 5176 5186 1279
f 1280 5160 5187
f 5160 1275 5177
f 5187 5177 1279
f 110 5188 5189
f 5188 1273 5165
f 5189 5165 1272
f 1318 5166 5190
f 5166 1273 5188
f 5190 5188 110
f 1270 5162 5169
f 5162 1280 5191
f 5169 5191 1272
f 1279 5192 5187
f 5192 1281 5193
f 5187 5193 1280
f 1281 5192 5194
f 5192 1279 5186
f 5194 5186 109
f 1272 5195 5189
f 5195 1281 5196
f 5189 5196 110
f 1289 5197 5198
f 5197 1318 5190
f 5198 5190 110
f 1272 5191 5195
f 5191 1280 5193
f 5195 5193 1281
f 1284 5179 5199
f 5179 56 3017
f 5199 3017 57
f 1284 5200 5183
f 5200 1285 5201
f 5183 5201 1282
f 1283 5202 5203
f 5202 1278 5184
f 5203 5184 1282
f 109 5185 5204
f 5185 1278 5202
f 5204 5202 1283
f 1283 5203 5205
f 5203 1282 5201
f 5205 5201 1285
f 57 5206 5199
f 5206 1292 5207
f 5199 5207 1284
f 1292 5208 5210
f 5208 1293 5209
f 5210 5209 1285
f 1285 5200 5210
f 5200 1284 5207
f 5210 5207 1292
f 1285 5211 5205
f 5211 1286 5212
f 5205 5212 1283
f 1286 5213 5212
f 5213 1291 5214
f 5212 5214 1283
f 1286 5211 5215
f 5211 1285 5209
f 5215 5209 1293
f 1287 5216 5218
f 5216 1290 5217
f 5218 5217 1281
f 1287 5219 5220
f 5219 109 5204
f 5220 5204 1283
f 1281 5194 5218
f 5194 109 5219
f 5218 5219 1287
f 1290 5221 5223
f 5221 1288 5222
f 5223 5222 110
f 110 5196 5223
f 5196 1281 5217
f 5223 5217 1290
f 110 5222 5198
f 5222 1288 5224
f 5198 5224 1289
f 1289 5224 5226
f 5224 1288 5225
f 5226 5225 115
f 1287 5227 5216
f 5227 1291 5228
f 5216 5228 1290
f 1295 5229 5230
f 5229 1290 5228
f 5230 5228 1291
f 1297 5231 5232
f 5231 1290 5229
f 5232 5229 1295
f 1291 5227 5214
f 5227 1287 5220
f 5214 5220 1283
f 1297 5233 5235
f 5233 1298 5234
f 5235 5234 1288
f 1288 5221 5235
f 5221 1290 5231
f 5235 5231 1297
f 1288 5234 5225
f 5234 1298 5236
f 5225 5236 115
f 59 5237 5238
f 5237 1293 5208
f 5238 5208 1292
f 1292 5206 5238
f 5206 57 3038
f 5238 3038 59
f 1293 5239 5215
f 5239 1294 5240
f 5215 5240 1286
f 1294 5241 5242
f 5241 1295 5230
f 5242 5230 1291
f 1291 5213 5242
f 5213 1286 5240
f 5242 5240 1294
f 59 5243 5237
f 5243 1296 5244
f 5237 5244 1293
f 1296 5243 5245
f 5243 59 3044
f 5245 3044 1373
f 1296 5246 5244
f 5246 1294 5239
f 5244 5239 1293
f 116 5247 5248
f 5247 1295 5241
f 5248 5241 1294
f 116 5248 5249
f 5248 1294 5246
f 5249 5246 1296
f 1299 5250 5252
f 5250 1300 5251
f 5252 5251 1297
f 1297 5232 5252
f 5232 1295 5253
f 5252 5253 1299
f 1300 5254 5251
f 5254 1298 5233
f 5251 5233 1297
f 1298 5255 5236
f 5255 1351 5256
f 5236 5256 115
f 1299 5253 5257
f 5253 1295 5247
f 5257 5247 116
f 1300 5250 5258
f 5250 1299 5257
f 5258 5257 116
f 1301 5259 5260
f 5259 1298 5254
f 5260 5254 1300
f 1351 5255 5261
f 5255 1298 5259
f 5261 5259 1301
f 1301 5262 5261
f 5262 1355 5263
f 5261 5263 1351
f 1302 5264 5265
f 5264 1181 5157
f 5265 5157 108
f 1303 4827 5266
f 4827 1181 5264
f 5266 5264 1302
f 111 5267 5268
f 5267 108 5167
f 5268 5167 1318
f 1302 5265 5269
f 5265 108 5267
f 5269 5267 111
f 1306 5270 5271
f 5270 1303 5266
f 5271 5266 1302
f 111 5272 5269
f 5272 1306 5271
f 5269 5271 1302
f 1307 5273 5274
f 5273 1304 4832
f 5274 4832 1303
f 1308 5275 5276
f 5275 1305 4834
f 5276 4834 1304
f 1308 5276 5277
f 5276 1304 5273
f 5277 5273 1307
f 1306 5278 5279
f 5278 1308 5277
f 5279 5277 1307
f 1303 5270 5274
f 5270 1306 5279
f 5274 5279 1307
f 1309 5280 5281
f 5280 1185 4848
f 5281 4848 1305
f 1309 5282 5284
f 5282 1311 5283
f 5284 5283 1186
f 1186 4846 5284
f 4846 1185 5280
f 5284 5280 1309
f 1186 5283 4851
f 5283 1311 5285
f 4851 5285 1310
f 1313 5286 5287
f 5286 1188 4852
f 5287 4852 1310
f 5285 1311 5287
f 1313 5287 1311
f 1309 5281 5288
f 5281 1305 5275
f 5288 5275 1308
f 1309 5289 5282
f 5289 1312 5290
f 5282 5290 1311
f 1311 5290 1313
f 5291 1313 5290
f 1324 5292 5293
f 5292 1313 5291
f 5293 5291 1312
f 1314 4858 5294
f 4858 1188 5286
f 5294 5286 1313
f 1314 5294 5296
f 5294 1313 5295
f 5296 5295 1316
f 1316 5295 5297
f 5295 1313 5292
f 5297 5292 1324
f 1317 5298 5299
f 5298 1315 4859
f 5299 4859 1314
f 1314 5296 5299
f 5296 1316 5300
f 5299 5300 1317
f 111 5301 5272
f 5301 1319 5302
f 5272 5302 1306
f 1306 5303 5278
f 5303 1321 5304
f 5278 5304 1308
f 1320 5302 1319
f 5302 1320 5305
f 1321 5303 5306
f 5303 1306 5305
f 5306 5305 1320
f 1318 5197 5268
f 5197 1289 5307
f 5268 5307 111
f 1341 5308 5309
f 5308 1319 5301
f 5309 5301 111
f 1341 5310 5312
f 5310 1339 5311
f 5312 5311 1320
f 1338 5313 5314
f 5313 1321 5306
f 5314 5306 1320
f 1338 5314 5315
f 5314 1320 5311
f 5315 5311 1339
f 1320 5308 5312
f 5308 1320 1319
f 1322 5316 5317
f 5316 1309 5288
f 5317 5288 1308
f 1322 5317 5318
f 5317 1308 5304
f 5318 5304 1321
f 1323 5319 5320
f 5319 1312 5289
f 5320 5289 1309
f 1309 5316 5320
f 5316 1322 5321
f 5320 5321 1323
f 1321 5322 5318
f 5322 1326 5323
f 5318 5323 1322
f 1326 5324 5323
f 5324 1323 5321
f 5323 5321 1322
f 1324 5293 5325
f 5293 1312 5319
f 5325 5319 1323
f 1324 5325 5327
f 5325 1323 5326
f 5327 5326 1325
f 1326 5322 5328
f 5322 1321 5313
f 5328 5313 1338
f 1326 5329 5324
f 5329 1325 5326
f 5324 5326 1323
f 1345 5330 5331
f 5330 1326 5328
f 5331 5328 1338
f 1345 5332 5334
f 5332 1347 5333
f 5334 5333 1325
f 1325 5329 5334
f 5329 1326 5330
f 5334 5330 1345
f 1327 5335 5336
f 5335 1316 5297
f 5336 5297 1324
f 1324 5327 5336
f 5327 1325 5337
f 5336 5337 1327
f 1327 5338 5335
f 5338 1333 5339
f 5335 5339 1316
f 1317 5300 5340
f 5300 1316 5339
f 5340 5339 1333
f 1328 5341 5342
f 5341 1327 5337
f 5342 5337 1325
f 1325 5333 5342
f 5333 1347 5343
f 5342 5343 1328
f 1334 5344 5345
f 5344 1333 5338
f 5345 5338 1327
f 1327 5341 5345
f 5341 1328 5346
f 5345 5346 1334
f 1349 5347 5348
f 5347 1334 5346
f 5348 5346 1328
f 1191 4875 5349
f 4875 1315 5298
f 5349 5298 1317
f 1191 5349 5351
f 5349 1317 5350
f 5351 5350 1332
f 1329 4876 5352
f 4876 1191 5351
f 5352 5351 1332
f 1329 5352 5354
f 5352 1332 5353
f 5354 5353 1330
f 1331 5355 5356
f 5355 1194 4884
f 5356 4884 1329
f 1194 5355 4886
f 5355 1331 5357
f 4886 5357 118
f 112 5358 5359
f 5358 118 5357
f 5359 5357 1331
f 1331 5356 5360
f 5356 1329 5354
f 5360 5354 1330
f 1331 5360 5362
f 5360 1330 5361
f 5362 5361 1336
f 1331 5362 5359
f 5362 1336 5363
f 5359 5363 112
f 1317 5340 5350
f 5340 1333 5364
f 5350 5364 1332
f 1334 5365 5344
f 5365 1332 5364
f 5344 5364 1333
f 1330 5353 5367
f 5353 1332 5366
f 5367 5366 1335
f 1335 5366 5368
f 5366 1332 5365
f 5368 5365 1334
f 1335 5368 5370
f 5368 1334 5369
f 5370 5369 1363
f 1335 5370 5372
f 5370 1363 5371
f 5372 5371 113
f 1336 5361 5373
f 5361 1330 5367
f 5373 5367 1335
f 114 5374 5375
f 5374 112 5363
f 5375 5363 1336
f 1336 5373 5377
f 5373 1335 5376
f 5377 5376 1337
f 1337 5376 5378
f 5376 1335 5372
f 5378 5372 113
f 117 5379 5380
f 5379 1337 5378
f 5380 5378 113
f 1337 5381 5377
f 5381 114 5375
f 5377 5375 1336
f 1289 5382 5307
f 5382 1342 5383
f 5307 5383 111
f 1341 5309 5384
f 5309 111 5383
f 5384 5383 1342
f 1342 5382 5385
f 5382 1289 5226
f 5385 5226 115
f 1339 5386 5315
f 5386 1340 5387
f 5315 5387 1338
f 1343 5388 5389
f 5388 1341 5384
f 5389 5384 1342
f 1343 5390 5388
f 5390 1339 5310
f 5388 5310 1341
f 1343 5391 5393
f 5391 1344 5392
f 5393 5392 1340
f 1340 5386 5393
f 5386 1339 5390
f 5393 5390 1343
f 1340 5394 5396
f 5394 1346 5395
f 5396 5395 1345
f 1345 5331 5396
f 5331 1338 5387
f 5396 5387 1340
f 1346 5397 5395
f 5397 1347 5332
f 5395 5332 1345
f 1346 5394 5398
f 5394 1340 5392
f 5398 5392 1344
f 1328 5343 5400
f 5343 1347 5399
f 5400 5399 1348
f 1328 5400 5348
f 5400 1348 5401
f 5348 5401 1349
f 1350 5402 5403
f 5402 1349 5401
f 5403 5401 1348
f 1358 5404 5405
f 5404 1347 5397
f 5405 5397 1346
f 1346 5406 5405
f 5406 1359 5407
f 5405 5407 1358
f 1348 5399 5408
f 5399 1347 5404
f 5408 5404 1358
f 1348 5408 5403
f 5408 1358 5409
f 5403 5409 1350
f 1350 5409 5411
f 5409 1358 5410
f 5411 5410 1366
f 115 5256 5385
f 5256 1351 5412
f 5385 5412 1342
f 1352 5413 5414
f 5413 1343 5389
f 5414 5389 1342
f 1352 5414 5415
f 5414 1342 5412
f 5415 5412 1351
f 1352 5416 5413
f 5416 1353 5417
f 5413 5417 1343
f 1353 5418 5420
f 5418 1354 5419
f 5420 5419 1344
f 1344 5391 5420
f 5391 1343 5417
f 5420 5417 1353
f 1355 5421 5423
f 5421 1356 5422
f 5423 5422 1352
f 1352 5415 5423
f 5415 1351 5263
f 5423 5263 1355
f 1356 5424 5426
f 5424 1357 5425
f 5426 5425 1353
f 1353 5416 5426
f 5416 1352 5422
f 5426 5422 1356
f 1357 5427 5425
f 5427 1354 5418
f 5425 5418 1353
f 1354 5428 5419
f 5428 1346 5398
f 5419 5398 1344
f 1346 5428 5406
f 5428 1354 5429
f 5406 5429 1359
f 1361 5430 5431
f 5430 1358 5407
f 5431 5407 1359
f 1361 5432 5430
f 5432 1360 5433
f 5430 5433 1358
f 1366 5410 5434
f 5410 1358 5433
f 5434 5433 1360
f 1354 5435 5429
f 5435 1361 5431
f 5429 5431 1359
f 1361 5436 5432
f 5436 1362 5437
f 5432 5437 1360
f 1349 5438 5347
f 5438 1363 5369
f 5347 5369 1334
f 1350 5439 5441
f 5439 1364 5440
f 5441 5440 1363
f 1350 5441 5402
f 5441 1363 5438
f 5402 5438 1349
f 113 5371 5443
f 5371 1363 5442
f 5443 5442 1365
f 1365 5442 5444
f 5442 1363 5440
f 5444 5440 1364
f 1350 5445 5439
f 5445 1367 5446
f 5439 5446 1364
f 1367 5445 5447
f 5445 1350 5411
f 5447 5411 1366
f 1365 5444 5448
f 5444 1364 5446
f 5448 5446 1367
f 1365 5448 5450
f 5448 1367 5449
f 5450 5449 1368
f 1366 5451 5447
f 5451 1370 5452
f 5447 5452 1367
f 1369 5453 5454
f 5453 1368 5449
f 5454 5449 1367
f 1367 5452 5454
f 5452 1370 5455
f 5454 5455 1369
f 113 5443 5380
f 5443 1365 5456
f 5380 5456 117
f 1368 5457 5450
f 5457 117 5456
f 5450 5456 1365
f 1366 5434 5451
f 5434 1360 5458
f 5451 5458 1370
f 1369 5455 5460
f 5455 1370 5459
f 5460 5459 1372
f 1371 5461 5462
f 5461 1370 5458
f 5462 5458 1360
f 1360 5437 5462
f 5437 1362 5463
f 5462 5463 1371
f 1384 5464 5465
f 5464 1371 5463
f 5465 5463 1362
f 1370 5461 5459
f 5461 1371 5466
f 5459 5466 1372
f 1385 5467 5468
f 5467 1372 5466
f 5468 5466 1371
f 1371 5464 5468
f 5464 1384 5469
f 5468 5469 1385
f 1375 5470 5471
f 5470 1296 5245
f 5471 5245 1373
f 5472 1376 5473
f 1375 5473 1376
f 1375 5471 5473
f 5471 1373 3112
f 5473 3112 1374
f 1377 5474 5475
f 5474 116 5249
f 5475 5249 1296
f 1377 5475 5476
f 5475 1296 5470
f 5476 5470 1375
f 5476 1376 5477
f 1376 5476 1375
f 5472 655 5478
f 655 5472 1374
f 1378 5479 5480
f 5479 1300 5258
f 5480 5258 116
f 1378 5480 5481
f 5480 116 5474
f 5481 5474 1377
f 1301 5260 5482
f 5260 1300 5479
f 5482 5479 1378
f 5483 1355 5484
f 1355 5483 1380
f 1355 5262 5484
f 5262 1301 5482
f 5484 5482 1378
f 5421 1380 5485
f 1380 5421 1355
f 1380 5486 5485
f 5486 1357 5424
f 5485 5424 1356
f 1357 5487 5427
f 5487 1381 5488
f 5427 5488 1354
f 1381 5489 5488
f 5489 1361 5435
f 5488 5435 1354
f 1361 5489 5491
f 5489 1381 5490
f 5491 5490 1382
f 1362 5436 5492
f 5436 1361 5491
f 5492 5491 1382
f 1362 5493 1383
f 5493 1362 5492
f 5465 1383 5494
f 1383 5465 1362
f 5495 1384 5494
f 1384 5495 1386
f 5469 1386 5496
f 1386 5469 1384
f 1386 5497 5496
f 5497 1455 5498
f 5496 5498 1385
f 1391 5499 5500
f 5499 112 5374
f 5500 5374 114
f 1391 5500 5502
f 5500 114 5501
f 5502 5501 119
f 120 5503 5504
f 5503 119 5501
f 5504 5501 114
f 120 5504 5505
f 5504 114 5381
f 5505 5381 1337
f 120 5505 5506
f 5505 1337 5379
f 5506 5379 117
f 1387 5507 5038
f 5507 1388 5508
f 5038 5508 1234
f 112 5509 5511
f 5509 1390 5510
f 5511 5510 1387
f 112 5511 5358
f 5511 1387 5037
f 5358 5037 118
f 1393 5512 5513
f 5512 1388 5507
f 5513 5507 1387
f 1393 5513 5514
f 5513 1387 5510
f 5514 5510 1390
f 1234 5508 5047
f 5508 1388 5515
f 5047 5515 1389
f 1396 5516 5517
f 5516 1389 5515
f 5517 5515 1388
f 1391 5518 5499
f 5518 1390 5509
f 5499 5509 112
f 1392 5519 5520
f 5519 1393 5514
f 5520 5514 1390
f 1392 5520 5521
f 5520 1390 5518
f 5521 5518 1391
f 1388 5512 5523
f 5512 1393 5522
f 5523 5522 1394
f 1403 5524 5525
f 5524 1393 5519
f 5525 5519 1392
f 1394 5522 5526
f 5522 1393 5524
f 5526 5524 1403
f 1394 5526 5528
f 5526 1403 5527
f 5528 5527 1404
f 1394 5529 5523
f 5529 1396 5517
f 5523 5517 1388
f 1395 5048 5530
f 5048 1235 5046
f 5530 5046 1389
f 1396 5531 5516
f 5531 1395 5530
f 5516 5530 1389
f 1397 5532 5533
f 5532 1396 5529
f 5533 5529 1394
f 1397 5533 5534
f 5533 1394 5528
f 5534 5528 1404
f 1395 5535 5049
f 5535 1398 5053
f 5049 5053 1239
f 1396 5536 5531
f 5536 1398 5535
f 5531 5535 1395
f 1401 5537 5538
f 5537 1398 5536
f 5538 5536 1396
f 1398 5537 5062
f 5537 1401 5539
f 5062 5539 1399
f 1399 5540 5063
f 5540 1400 5064
f 5063 5064 1243
f 1399 5541 5540
f 5541 1415 5542
f 5540 5542 1400
f 1397 5543 5532
f 5543 1401 5538
f 5532 5538 1396
f 1397 5544 5543
f 5544 1409 5545
f 5543 5545 1401
f 1409 5546 5545
f 5546 1399 5539
f 5545 5539 1401
f 1415 5541 5548
f 5541 1399 5547
f 5548 5547 1410
f 1399 5546 5547
f 5546 1409 5549
f 5547 5549 1410
f 1402 5550 5551
f 5550 1392 5521
f 5551 5521 1391
f 1402 5551 5552
f 5551 1391 5502
f 5552 5502 119
f 1403 5525 5553
f 5525 1392 5550
f 5553 5550 1402
f 1402 5554 5553
f 5554 1405 5555
f 5553 5555 1403
f 1406 5556 5557
f 5556 1404 5527
f 5557 5527 1403
f 1403 5555 5557
f 5555 1405 5558
f 5557 5558 1406
f 120 5559 5560
f 5559 1405 5554
f 5560 5554 1402
f 120 5560 5503
f 5560 1402 5552
f 5503 5552 119
f 121 5561 5562
f 5561 1405 5559
f 5562 5559 120
f 1430 5563 5564
f 5563 1406 5558
f 5564 5558 1405
f 1430 5564 5565
f 5564 1405 5561
f 5565 5561 121
f 1438 5566 5567
f 5566 1406 5563
f 5567 5563 1430
f 1404 5568 5534
f 5568 1407 5569
f 5534 5569 1397
f 1407 5568 5570
f 5568 1404 5556
f 5570 5556 1406
f 1406 5571 5570
f 5571 1408 5572
f 5570 5572 1407
f 1406 5566 5571
f 5566 1438 5573
f 5571 5573 1408
f 1407 5574 5569
f 5574 1409 5544
f 5569 5544 1397
f 1411 5575 5576
f 5575 1409 5574
f 5576 5574 1407
f 1409 5575 5549
f 5575 1411 5577
f 5549 5577 1410
f 1411 5576 5578
f 5576 1407 5572
f 5578 5572 1408
f 1439 5579 5580
f 5579 1411 5578
f 5580 5578 1408
f 1411 5579 5582
f 5579 1439 5581
f 5582 5581 1412
f 1410 5577 5583
f 5577 1411 5582
f 5583 5582 1412
f 1413 5584 5585
f 5584 1246 5078
f 5585 5078 1400
f 1400 5542 5585
f 5542 1415 5586
f 5585 5586 1413
f 1414 5587 5588
f 5587 1247 5079
f 5588 5079 1246
f 1246 5584 5588
f 5584 1413 5589
f 5588 5589 1414
f 1416 5590 5591
f 5590 1414 5589
f 5591 5589 1413
f 1413 5586 5591
f 5586 1415 5592
f 5591 5592 1416
f 1247 5587 5081
f 5587 1414 5593
f 5081 5593 1417
f 1418 5594 5595
f 5594 1417 5593
f 5595 5593 1414
f 1414 5590 5595
f 5590 1416 5596
f 5595 5596 1418
f 1421 5597 5598
f 5597 1418 5596
f 5598 5596 1416
f 1418 5597 5600
f 5597 1421 5599
f 5600 5599 122
f 1419 5601 5602
f 5601 1415 5548
f 5602 5548 1410
f 1416 5592 5603
f 5592 1415 5601
f 5603 5601 1419
f 1420 5604 5605
f 5604 1419 5602
f 5605 5602 1410
f 1410 5583 5605
f 5583 1412 5606
f 5605 5606 1420
f 1419 5604 5608
f 5604 1420 5607
f 5608 5607 1422
f 1423 5609 5610
f 5609 1422 5607
f 5610 5607 1420
f 1416 5603 5598
f 5603 1419 5611
f 5598 5611 1421
f 1422 5612 5608
f 5612 1421 5611
f 5608 5611 1419
f 1421 5612 5599
f 5612 1422 5613
f 5599 5613 122
f 1423 5614 5609
f 5614 1771 5615
f 5609 5615 1422
f 122 5613 5616
f 5613 1422 5615
f 5616 5615 1771
f 117 5617 5506
f 5617 1424 5618
f 5506 5618 120
f 121 5562 5619
f 5562 120 5618
f 5619 5618 1424
f 1429 5620 5621
f 5620 121 5619
f 5621 5619 1424
f 1424 5617 5622
f 5617 117 5457
f 5622 5457 1368
f 1424 5622 5624
f 5622 1368 5623
f 5624 5623 1425
f 1425 5623 5625
f 5623 1368 5453
f 5625 5453 1369
f 1432 5626 5627
f 5626 1429 5621
f 5627 5621 1424
f 1424 5624 5627
f 5624 1425 5628
f 5627 5628 1432
f 1433 5629 5630
f 5629 1432 5628
f 5630 5628 1425
f 1426 5631 5632
f 5631 1425 5625
f 5632 5625 1369
f 1369 5460 5632
f 5460 1372 5633
f 5632 5633 1426
f 1427 5634 5635
f 5634 1433 5630
f 5635 5630 1425
f 1425 5631 5635
f 5631 1426 5636
f 5635 5636 1427
f 1428 5637 5638
f 5637 1426 5633
f 5638 5633 1372
f 1428 5638 5639
f 5638 1372 5467
f 5639 5467 1385
f 1428 5639 5641
f 5639 1385 5640
f 5641 5640 1454
f 1428 5642 5637
f 5642 1427 5636
f 5637 5636 1426
f 1429 5643 5620
f 5643 1431 5644
f 5620 5644 121
f 1430 5565 5645
f 5565 121 5644
f 5645 5644 1431
f 1431 5646 5648
f 5646 1436 5647
f 5648 5647 1438
f 1438 5567 5648
f 5567 1430 5645
f 5648 5645 1431
f 1434 5649 5650
f 5649 1431 5643
f 5650 5643 1429
f 1429 5626 5650
f 5626 1432 5651
f 5650 5651 1434
f 1435 5652 5653
f 5652 1434 5651
f 5653 5651 1432
f 1432 5629 5653
f 5629 1433 5654
f 5653 5654 1435
f 1436 5646 5655
f 5646 1431 5649
f 5655 5649 1434
f 1437 5656 5657
f 5656 1436 5655
f 5657 5655 1434
f 1434 5652 5657
f 5652 1435 5658
f 5657 5658 1437
f 1408 5573 5580
f 5573 1438 5659
f 5580 5659 1439
f 1438 5647 5659
f 5647 1436 5660
f 5659 5660 1439
f 1440 5661 5662
f 5661 1412 5581
f 5662 5581 1439
f 1444 5663 5664
f 5663 1439 5660
f 5664 5660 1436
f 1436 5656 5664
f 5656 1437 5665
f 5664 5665 1444
f 1444 5666 5663
f 5666 1447 5667
f 5663 5667 1439
f 1440 5662 5668
f 5662 1439 5667
f 5668 5667 1447
f 1427 5669 5634
f 5669 1441 5670
f 5634 5670 1433
f 1428 5671 5673
f 5671 1443 5672
f 5673 5672 1441
f 1428 5673 5642
f 5673 1441 5669
f 5642 5669 1427
f 1435 5654 5674
f 5654 1433 5670
f 5674 5670 1441
f 1441 5675 5674
f 5675 1442 5676
f 5674 5676 1435
f 1442 5677 5676
f 5677 1437 5658
f 5676 5658 1435
f 1442 5675 5678
f 5675 1441 5672
f 5678 5672 1443
f 123 5679 5680
f 5679 1443 5671
f 5680 5671 1428
f 1428 5641 5680
f 5641 1454 5681
f 5680 5681 123
f 1442 5682 5677
f 5682 1444 5665
f 5677 5665 1437
f 1445 5683 5684
f 5683 1444 5682
f 5684 5682 1442
f 1443 5685 5678
f 5685 1446 5686
f 5678 5686 1442
f 1445 5684 5687
f 5684 1442 5686
f 5687 5686 1446
f 1446 5685 5688
f 5685 1443 5679
f 5688 5679 123
f 1446 5689 5687
f 5689 1450 5690
f 5687 5690 1445
f 1444 5683 5666
f 5683 1445 5691
f 5666 5691 1447
f 1447 5691 5692
f 5691 1445 5690
f 5692 5690 1450
f 1412 5661 5606
f 5661 1440 5693
f 5606 5693 1420
f 1420 5693 5695
f 5693 1440 5694
f 5695 5694 1449
f 1448 5696 5697
f 5696 1423 5610
f 5697 5610 1420
f 1420 5695 5697
f 5695 1449 5698
f 5697 5698 1448
f 1440 5668 5694
f 5668 1447 5699
f 5694 5699 1449
f 1448 5698 5701
f 5698 1449 5700
f 5701 5700 1802
f 1449 5699 5703
f 5699 1447 5702
f 5703 5702 1451
f 124 5704 5706
f 5704 1451 5705
f 5706 5705 1453
f 124 5707 5704
f 5707 1449 5703
f 5704 5703 1451
f 1451 5702 5708
f 5702 1447 5692
f 5708 5692 1450
f 1451 5708 5710
f 5708 1450 5709
f 5710 5709 1452
f 1451 5710 5705
f 5710 1452 5711
f 5705 5711 1453
f 124 5712 5707
f 5712 1802 5700
f 5707 5700 1449
f 1453 5713 5706
f 5713 1807 5714
f 5706 5714 124
f 1453 5711 5716
f 5711 1452 5715
f 5716 5715 1462
f 1857 5717 5718
f 5717 1807 5713
f 5718 5713 1453
f 1453 5716 5718
f 5716 1462 5719
f 5718 5719 1857
f 1454 5640 5720
f 5640 1385 5498
f 5720 5498 1455
f 1454 5720 5722
f 5720 1455 5721
f 5722 5721 1456
f 123 5681 5723
f 5681 1454 5722
f 5723 5722 1456
f 123 5723 5725
f 5723 1456 5724
f 5725 5724 1458
f 1458 5726 5725
f 5726 1458 1457
f 1457 5727 5726
f 5727 1446 5688
f 5726 5688 123
f 1457 5728 5727
f 5728 1459 5729
f 5727 5729 1446
f 1450 5689 5730
f 5689 1446 5729
f 5730 5729 1459
f 5731 1461 5732
f 1459 5732 1461
f 1458 5732 1457
f 5728 1457 5732
f 1459 5733 5734
f 5733 1459 1461
f 1459 5735 5730
f 5735 1452 5709
f 5730 5709 1450
f 1459 5736 5735
f 5736 1462 5715
f 5735 5715 1452
f 1460 5737 5734
f 5737 1462 5736
f 5734 5736 1459
f 5738 1462 5737
f 1462 5738 1463
f 1463 5719 1462
f 5719 1463 5739
f 1466 5740 5741
f 5740 151 3616
f 5741 3616 196
f 1464 5742 5743
f 5742 1466 5741
f 5743 5741 196
f 5744 1464 5743
f 1464 5744 197
f 5745 197 5746
f 197 5745 1464
f 1465 5747 210
f 5747 1465 5746
f 1464 5745 5749
f 5745 1465 5748
f 5749 5748 1468
f 1469 5750 5751
f 5750 1468 5748
f 5751 5748 1465
f 151 5740 5753
f 5740 1466 5752
f 5753 5752 1467
f 1467 5754 5753
f 5754 810 3623
f 5753 3623 151
f 1473 5755 5756
f 5755 1467 5752
f 5756 5752 1466
f 1466 5742 5756
f 5742 1464 5757
f 5756 5757 1473
f 1473 5757 5758
f 5757 1464 5749
f 5758 5749 1468
f 1474 5759 5760
f 5759 1473 5758
f 5760 5758 1468
f 1468 5750 5760
f 5750 1469 5761
f 5760 5761 1474
f 5762 210 5763
f 210 5762 1465
f 1469 5751 5764
f 5751 1465 5762
f 5764 5762 211
f 1470 5764 211
f 5764 1470 5765
f 1470 5766 5765
f 5766 1474 5761
f 5765 5761 1469
f 1471 5767 5768
f 5767 153 3642
f 5768 3642 810
f 810 5754 5768
f 5754 1467 5769
f 5768 5769 1471
f 1472 5770 5771
f 5770 1471 5769
f 5771 5769 1467
f 1467 5755 5771
f 5755 1473 5772
f 5771 5772 1472
f 1472 5772 5774
f 5772 1473 5773
f 5774 5773 1476
f 1476 5773 5775
f 5773 1473 5759
f 5775 5759 1474
f 153 5767 5777
f 5767 1471 5776
f 5777 5776 1480
f 1472 5778 5770
f 5778 1480 5776
f 5770 5776 1471
f 1480 5778 5780
f 5778 1472 5779
f 5780 5779 1479
f 212 5781 5782
f 5781 1479 5779
f 5782 5779 1472
f 1470 5783 5766
f 5783 243 5784
f 5766 5784 1474
f 1475 5785 5786
f 5785 1474 5784
f 5786 5784 243
f 1513 5787 5788
f 5787 1475 5786
f 5788 5786 243
f 212 5782 5789
f 5782 1472 5774
f 5789 5774 1476
f 213 5790 5791
f 5790 212 5789
f 5791 5789 1476
f 1476 5775 5792
f 5775 1474 5785
f 5792 5785 1475
f 213 5791 5793
f 5791 1476 5792
f 5793 5792 1475
f 1477 5794 5795
f 5794 1475 5787
f 5795 5787 1513
f 1475 5794 5793
f 5794 1477 5796
f 5793 5796 213
f 156 3666 5797
f 3666 153 5777
f 5797 5777 1480
f 1480 5780 5799
f 5780 1479 5798
f 5799 5798 1481
f 1479 5781 5798
f 5781 212 5800
f 5798 5800 1481
f 1481 5800 5802
f 5800 212 5801
f 5802 5801 1484
f 1478 5803 5804
f 5803 156 5797
f 5804 5797 1480
f 1480 5799 5804
f 5799 1481 5805
f 5804 5805 1478
f 1481 5806 5805
f 5806 1482 5807
f 5805 5807 1478
f 1483 5808 5809
f 5808 1482 5806
f 5809 5806 1481
f 1481 5802 5809
f 5802 1484 5810
f 5809 5810 1483
f 213 5811 5790
f 5811 1485 5812
f 5790 5812 212
f 1486 5813 5814
f 5813 1484 5801
f 5814 5801 212
f 212 5812 5814
f 5812 1485 5815
f 5814 5815 1486
f 213 5796 5811
f 5796 1477 5816
f 5811 5816 1485
f 1486 5815 5818
f 5815 1485 5817
f 5818 5817 219
f 1483 5810 5820
f 5810 1484 5819
f 5820 5819 1487
f 1486 5821 5813
f 5821 1487 5819
f 5813 5819 1484
f 1526 5822 5823
f 5822 1487 5821
f 5823 5821 1486
f 1526 5823 5824
f 5823 1486 5818
f 5824 5818 219
f 1494 5825 5826
f 5825 1487 5822
f 5826 5822 1526
f 156 5803 5828
f 5803 1478 5827
f 5828 5827 1488
f 1489 5829 5830
f 5829 1488 5827
f 5830 5827 1478
f 1478 5807 5830
f 5807 1482 5831
f 5830 5831 1489
f 1488 5832 5828
f 5832 157 3691
f 5828 3691 156
f 157 5832 5834
f 5832 1488 5833
f 5834 5833 1490
f 1490 5833 5835
f 5833 1488 5829
f 5835 5829 1489
f 178 3701 5836
f 3701 157 5834
f 5836 5834 1490
f 178 5836 5838
f 5836 1490 5837
f 5838 5837 220
f 1482 5808 5840
f 5808 1483 5839
f 5840 5839 1491
f 1482 5840 5831
f 5840 1491 5841
f 5831 5841 1489
f 1491 5839 5842
f 5839 1483 5820
f 5842 5820 1487
f 1491 5842 5844
f 5842 1487 5843
f 5844 5843 1492
f 1491 5845 5841
f 5845 221 5846
f 5841 5846 1489
f 221 5845 5847
f 5845 1491 5844
f 5847 5844 1492
f 1489 5846 5835
f 5846 221 5848
f 5835 5848 1490
f 1490 5848 5837
f 5848 221 5849
f 5837 5849 220
f 1493 5850 5851
f 5850 221 5847
f 5851 5847 1492
f 1493 5852 5850
f 5852 1659 5853
f 5850 5853 221
f 1492 5854 5851
f 5854 1495 5855
f 5851 5855 1493
f 1493 5855 5857
f 5855 1495 5856
f 5857 5856 1660
f 1487 5825 5843
f 5825 1494 5858
f 5843 5858 1492
f 1492 5858 5854
f 5858 1494 5859
f 5854 5859 1495
f 1495 5859 5861
f 5859 1494 5860
f 5861 5860 1496
f 1495 5861 5863
f 5861 1496 5862
f 5863 5862 1497
f 1496 5860 5864
f 5860 1494 5826
f 5864 5826 1526
f 1496 5864 5866
f 5864 1526 5865
f 5866 5865 1533
f 1532 5867 5868
f 5867 1497 5862
f 5868 5862 1496
f 1496 5866 5868
f 5866 1533 5869
f 5868 5869 1532
f 1495 5863 5871
f 5863 1497 5870
f 5871 5870 1498
f 1660 5856 5872
f 5856 1495 5871
f 5872 5871 1498
f 1660 5872 5874
f 5872 1498 5873
f 5874 5873 1661
f 1667 5875 5876
f 5875 1661 5873
f 5876 5873 1498
f 1499 5877 5878
f 5877 1498 5870
f 5878 5870 1497
f 1532 5879 5867
f 5879 1499 5878
f 5867 5878 1497
f 1499 5880 5877
f 5880 1667 5876
f 5877 5876 1498
f 1499 5879 5882
f 5879 1532 5881
f 5882 5881 247
f 240 5883 5884
f 5883 240 214
f 215 5885 5886
f 5885 1511 5883
f 5886 5883 214
f 244 5887 5889
f 5887 1477 5888
f 5889 5888 216
f 245 5890 5892
f 5890 217 5891
f 5892 5891 218
f 1500 5893 5894
f 5893 1485 5816
f 5894 5816 1477
f 1500 5894 5895
f 5894 1477 5887
f 5895 5887 244
f 219 5817 5896
f 5817 1485 5893
f 5896 5893 1500
f 245 5892 5898
f 5892 218 5897
f 5898 5897 1501
f 1501 5897 1502
f 5899 1502 5897
f 1501 5900 5901
f 5900 1501 1502
f 1532 5902 5881
f 5902 1724 5903
f 5881 5903 247
f 1537 5904 5906
f 5904 1531 5905
f 5906 5905 222
f 222 5907 5906
f 5907 223 5908
f 5906 5908 1537
f 246 5909 5910
f 5909 1537 5908
f 5910 5908 223
f 223 5911 5910
f 5911 224 5912
f 5910 5912 246
f 211 5763 5914
f 5763 210 5913
f 5914 5913 238
f 5915 1503 5916
f 238 5916 1503
f 1503 5917 238
f 5914 238 5917
f 1503 5915 5919
f 5915 241 5918
f 5919 5918 242
f 211 5920 1470
f 5783 1470 5920
f 1503 5921 5917
f 5921 243 5920
f 5917 5920 211
f 242 5922 5919
f 5922 243 5921
f 5919 5921 1503
f 1505 5923 5924
f 5923 242 5918
f 5924 5918 241
f 5925 1505 5924
f 1505 5925 1504
f 5926 1504 5927
f 1504 5926 1505
f 1506 5927 5929
f 5927 1504 5928
f 5929 5928 239
f 242 5923 5931
f 5923 1505 5930
f 5931 5930 1507
f 1505 5926 5933
f 5926 1506 5932
f 5933 5932 1508
f 1508 5932 5935
f 5932 1506 5934
f 5935 5934 1512
f 1508 5936 5933
f 5936 1507 5930
f 5933 5930 1505
f 5929 239 5937
f 1510 5937 239
f 1510 5938 5939
f 5938 1510 239
f 1510 5939 5941
f 5939 1509 5940
f 5941 5940 1518
f 1509 5942 5943
f 5942 240 5884
f 5943 5884 1511
f 1518 5940 5944
f 5940 1509 5943
f 5944 5943 1511
f 1512 5934 5945
f 5934 1506 5937
f 5945 5937 1510
f 1512 5945 5946
f 5945 1510 5941
f 5946 5941 1518
f 1518 5944 5948
f 5944 1511 5947
f 5948 5947 1520
f 1511 5885 5947
f 5885 215 5949
f 5947 5949 1520
f 1514 5950 5951
f 5950 243 5922
f 5951 5922 242
f 242 5931 5951
f 5931 1507 5952
f 5951 5952 1514
f 243 5950 5788
f 5950 1514 5953
f 5788 5953 1513
f 1507 5936 5955
f 5936 1508 5954
f 5955 5954 1515
f 1517 5956 5957
f 5956 1515 5954
f 5957 5954 1508
f 1508 5935 5957
f 5935 1512 5958
f 5957 5958 1517
f 1515 5959 5955
f 5959 1514 5952
f 5955 5952 1507
f 1513 5960 5795
f 5960 216 5888
f 5795 5888 1477
f 1513 5953 5960
f 5953 1514 5961
f 5960 5961 216
f 1516 5962 5963
f 5962 216 5961
f 5963 5961 1514
f 1514 5959 5963
f 5959 1515 5964
f 5963 5964 1516
f 1517 5965 5956
f 5965 1516 5964
f 5956 5964 1515
f 216 5962 5889
f 5962 1516 5966
f 5889 5966 244
f 1524 5967 5968
f 5967 244 5966
f 5968 5966 1516
f 1516 5965 5968
f 5965 1517 5969
f 5968 5969 1524
f 1519 5970 5971
f 5970 1517 5958
f 5971 5958 1512
f 1512 5946 5971
f 5946 1518 5972
f 5971 5972 1519
f 1517 5970 5974
f 5970 1519 5973
f 5974 5973 1522
f 1521 5975 5976
f 5975 1520 5949
f 5976 5949 215
f 1519 5972 5977
f 5972 1518 5948
f 5977 5948 1520
f 1519 5977 5978
f 5977 1520 5975
f 5978 5975 1521
f 1522 5973 5980
f 5973 1519 5979
f 5980 5979 245
f 1529 5981 5982
f 5981 1524 5969
f 5982 5969 1517
f 1517 5974 5982
f 5974 1522 5983
f 5982 5983 1529
f 245 5984 5980
f 5984 1529 5983
f 5980 5983 1522
f 245 5979 5985
f 5979 1519 5978
f 5985 5978 1521
f 217 5890 5986
f 5890 245 5985
f 5986 5985 1521
f 1500 5987 5896
f 5987 1525 5988
f 5896 5988 219
f 1523 5989 5990
f 5989 1500 5895
f 5990 5895 244
f 1524 5991 5967
f 5991 1523 5990
f 5967 5990 244
f 1525 5987 5992
f 5987 1500 5989
f 5992 5989 1523
f 1527 5993 5994
f 5993 1525 5992
f 5994 5992 1523
f 1523 5991 5994
f 5991 1524 5995
f 5994 5995 1527
f 219 5988 5824
f 5988 1525 5996
f 5824 5996 1526
f 1528 5997 5998
f 5997 1526 5996
f 5998 5996 1525
f 1528 5998 5999
f 5998 1525 5993
f 5999 5993 1527
f 1528 5999 6001
f 5999 1527 6000
f 6001 6000 1535
f 1529 5984 6003
f 5984 245 6002
f 6003 6002 1530
f 1529 6004 5981
f 6004 1527 5995
f 5981 5995 1524
f 1501 6005 5898
f 6005 1530 6002
f 5898 6002 245
f 1527 6004 6007
f 6004 1529 6006
f 6007 6006 1538
f 1536 6008 6009
f 6008 1538 6006
f 6009 6006 1529
f 1529 6003 6009
f 6003 1530 6010
f 6009 6010 1536
f 1535 6000 6011
f 6000 1527 6007
f 6011 6007 1538
f 1531 6012 6013
f 6012 1536 6010
f 6013 6010 1530
f 1531 6013 5901
f 6013 1530 6005
f 5901 6005 1501
f 1533 5865 6014
f 5865 1526 5997
f 6014 5997 1528
f 1533 6014 6016
f 6014 1528 6015
f 6016 6015 1534
f 1534 6015 6017
f 6015 1528 6001
f 6017 6001 1535
f 1532 5869 6019
f 5869 1533 6018
f 6019 6018 1725
f 1724 5902 6020
f 5902 1532 6019
f 6020 6019 1725
f 1533 6016 6018
f 6016 1534 6021
f 6018 6021 1725
f 1535 6022 6017
f 6022 1725 6021
f 6017 6021 1534
f 1725 6022 6024
f 6022 1535 6023
f 6024 6023 1726
f 1538 6008 6026
f 6008 1536 6025
f 6026 6025 1539
f 1536 6012 6027
f 6012 1531 5904
f 6027 5904 1537
f 1537 6028 6027
f 6028 1539 6025
f 6027 6025 1536
f 1729 6029 6030
f 6029 1726 6023
f 6030 6023 1535
f 1535 6011 6030
f 6011 1538 6031
f 6030 6031 1729
f 1729 6031 6032
f 6031 1538 6026
f 6032 6026 1539
f 1729 6032 6034
f 6032 1539 6033
f 6034 6033 1730
f 1539 6028 6035
f 6028 1537 5909
f 6035 5909 246
f 1730 6033 6036
f 6033 1539 6035
f 6036 6035 246
f 1541 6037 6038
f 6037 1541 203
f 6038 204 6039
f 1540 6039 204
f 1541 6039 6041
f 6039 1540 6040
f 6041 6040 1543
f 1542 6043 206
f 6043 1542 6042
f 6044 206 230
f 1545 6045 6046
f 6045 1542 6044
f 6046 6044 230
f 204 6042 1540
f 6047 1540 6042
f 1545 6048 6049
f 6048 1543 6040
f 6049 6040 1540
f 1545 6049 6045
f 6049 1540 6047
f 6045 6047 1542
f 1544 6050 6051
f 6050 1541 6041
f 6051 6041 1543
f 1541 6050 6053
f 6050 1544 6052
f 6053 6052 1552
f 1545 6046 6055
f 6046 230 6054
f 6055 6054 1620
f 1552 6052 6057
f 6052 1544 6056
f 6057 6056 231
f 1544 6051 6059
f 6051 1543 6058
f 6059 6058 1546
f 1545 6055 6061
f 6055 1620 6060
f 6061 6060 1548
f 1545 6062 6048
f 6062 1546 6058
f 6048 6058 1543
f 1546 6063 6065
f 6063 1548 6064
f 6065 6064 1565
f 231 6056 6067
f 6056 1544 6066
f 6067 6066 1547
f 1547 6066 6068
f 6066 1544 6059
f 6068 6059 1546
f 1546 6065 6068
f 6065 1565 6069
f 6068 6069 1547
f 1545 6061 6062
f 6061 1548 6063
f 6062 6063 1546
f 1550 6070 6072
f 6070 1549 6071
f 6072 6071 1552
f 1549 6070 6074
f 6070 1550 6073
f 6074 6073 1551
f 1550 6072 6076
f 6072 1552 6075
f 6076 6075 1560
f 1558 6077 6078
f 6077 1551 6073
f 6078 6073 1550
f 1550 6076 6078
f 6076 1560 6079
f 6078 6079 1558
f 6080 214 6081
f 240 6081 214
f 6082 1554 6081
f 1554 6082 205
f 6083 205 6084
f 205 6083 1554
f 1551 6085 6086
f 6085 1553 6084
f 6086 6084 205
f 1553 6087 6089
f 6087 1556 6088
f 6089 6088 1555
f 1557 6090 6091
f 6090 215 5886
f 6091 5886 214
f 214 6080 6091
f 6080 1554 6092
f 6091 6092 1557
f 1555 6093 6094
f 6093 1557 6092
f 6094 6092 1554
f 1555 6094 6089
f 6094 1554 6083
f 6089 6083 1553
f 1558 6095 6096
f 6095 1556 6087
f 6096 6087 1553
f 1558 6096 6077
f 6096 1553 6085
f 6077 6085 1551
f 203 6097 6098
f 6097 203 1541
f 1552 6071 6053
f 6071 1549 6097
f 6053 6097 1541
f 1552 6057 6075
f 6057 231 6099
f 6075 6099 1560
f 1558 6079 6101
f 6079 1560 6100
f 6101 6100 1559
f 1573 6102 6103
f 6102 1560 6099
f 6103 6099 231
f 1560 6102 6100
f 6102 1573 6104
f 6100 6104 1559
f 1561 6105 6106
f 6105 1555 6088
f 6106 6088 1556
f 1556 6107 6106
f 6107 1562 6108
f 6106 6108 1561
f 1563 6109 6110
f 6109 1521 5976
f 6110 5976 215
f 215 6090 6110
f 6090 1557 6111
f 6110 6111 1563
f 1561 6112 6113
f 6112 1563 6111
f 6113 6111 1557
f 1561 6113 6105
f 6113 1557 6093
f 6105 6093 1555
f 1559 6114 6115
f 6114 1562 6107
f 6115 6107 1556
f 1559 6115 6101
f 6115 1556 6095
f 6101 6095 1558
f 1561 6108 6117
f 6108 1562 6116
f 6117 6116 1576
f 217 5986 6118
f 5986 1521 6109
f 6118 6109 1563
f 218 5891 6119
f 5891 217 6118
f 6119 6118 1563
f 1561 6117 6112
f 6117 1576 6120
f 6112 6120 1563
f 231 6067 6122
f 6067 1547 6121
f 6122 6121 1564
f 1564 6121 6124
f 6121 1547 6123
f 6124 6123 1566
f 1565 6125 6069
f 6125 1566 6123
f 6069 6123 1547
f 1565 6064 6127
f 6064 1548 6126
f 6127 6126 1567
f 1567 6126 6129
f 6126 1548 6128
f 6129 6128 1622
f 1565 6127 6131
f 6127 1567 6130
f 6131 6130 1653
f 1565 6132 6134
f 6132 1569 6133
f 6134 6133 1570
f 1568 6135 6136
f 6135 1564 6124
f 6136 6124 1566
f 1570 6137 6134
f 6137 1566 6125
f 6134 6125 1565
f 1569 6132 6139
f 6132 1565 6138
f 6139 6138 1572
f 1572 6138 6140
f 6138 1565 6131
f 6140 6131 1653
f 1572 6140 6142
f 6140 1653 6141
f 6142 6141 233
f 1577 6143 6145
f 6143 1774 6144
f 6145 6144 1579
f 1568 6136 6146
f 6136 1566 6137
f 6146 6137 1570
f 1577 6147 6148
f 6147 1568 6146
f 6148 6146 1570
f 1569 6149 6151
f 6149 1777 6150
f 6151 6150 1571
f 1569 6151 6133
f 6151 1571 6152
f 6133 6152 1570
f 1570 6152 6148
f 6152 1571 6153
f 6148 6153 1577
f 1571 6154 6153
f 6154 1774 6143
f 6153 6143 1577
f 1777 6149 6155
f 6149 1569 6139
f 6155 6139 1572
f 1572 6142 6157
f 6142 233 6156
f 6157 6156 234
f 231 6122 6103
f 6122 1564 6158
f 6103 6158 1573
f 1559 6104 6160
f 6104 1573 6159
f 6160 6159 1574
f 1573 6158 6161
f 6158 1564 6135
f 6161 6135 1568
f 1578 6162 6163
f 6162 1574 6159
f 6163 6159 1573
f 1573 6161 6163
f 6161 1568 6164
f 6163 6164 1578
f 1576 6116 6166
f 6116 1562 6165
f 6166 6165 1581
f 1502 5899 6167
f 5899 218 6119
f 6167 6119 1563
f 1502 6167 6168
f 6167 1563 6120
f 6168 6120 1576
f 1531 5900 6169
f 5900 1502 6168
f 6169 6168 1576
f 1559 6160 6114
f 6160 1574 6170
f 6114 6170 1562
f 1581 6165 6171
f 6165 1562 6170
f 6171 6170 1574
f 1576 6166 6173
f 6166 1581 6172
f 6173 6172 1575
f 222 5905 6174
f 5905 1531 6169
f 6174 6169 1576
f 1578 6175 6162
f 6175 1581 6171
f 6162 6171 1574
f 1568 6147 6164
f 6147 1577 6176
f 6164 6176 1578
f 1580 6177 6178
f 6177 1578 6176
f 6178 6176 1577
f 1577 6145 6178
f 6145 1579 6179
f 6178 6179 1580
f 235 6180 6181
f 6180 1580 6179
f 6181 6179 1579
f 1575 6172 6183
f 6172 1581 6182
f 6183 6182 236
f 1575 6183 6185
f 6183 236 6184
f 6185 6184 1582
f 222 6174 6186
f 6174 1576 6173
f 6186 6173 1575
f 223 5907 6187
f 5907 222 6186
f 6187 6186 1575
f 223 6185 1582
f 6185 223 6187
f 236 6182 6188
f 6182 1581 6175
f 6188 6175 1578
f 1582 6189 223
f 5911 223 6189
f 1578 6177 6188
f 6177 1580 6190
f 6188 6190 236
f 1583 104 6192
f 6191 6192 104
f 198 6193 6194
f 6193 198 1583
f 1583 6192 6193
f 6192 1585 6195
f 6193 6195 1584
f 1585 6191 6196
f 6191 104 5109
f 6196 5109 105
f 1586 6197 6198
f 6197 1584 6195
f 6198 6195 1585
f 1585 6196 6198
f 6196 105 6199
f 6198 6199 1586
f 1587 199 6201
f 6200 6201 199
f 6202 1587 6203
f 1587 6202 199
f 200 6203 6205
f 6203 1587 6204
f 6205 6204 1588
f 1584 6197 6201
f 6197 1586 6206
f 6201 6206 1587
f 1589 6207 6208
f 6207 1587 6206
f 6208 6206 1586
f 1588 6204 6209
f 6204 1587 6207
f 6209 6207 1589
f 1588 6209 6211
f 6209 1589 6210
f 6211 6210 1593
f 1586 6199 6213
f 6199 105 6212
f 6213 6212 1590
f 1590 6212 6214
f 6212 105 5114
f 6214 5114 1591
f 1590 6214 6216
f 6214 1591 6215
f 6216 6215 1594
f 1594 6215 6217
f 6215 1591 5117
f 6217 5117 1624
f 1589 6208 6218
f 6208 1586 6213
f 6218 6213 1590
f 6218 1590 6219
f 1592 6219 1590
f 1592 6220 6219
f 6220 1592 1595
f 1593 6210 6221
f 6210 1589 6220
f 6221 6220 1595
f 1592 6216 6222
f 6216 1592 1590
f 6223 1595 6222
f 1592 6222 1595
f 1593 6221 6225
f 6221 1595 6224
f 6225 6224 1628
f 1594 6226 6223
f 6226 1628 6224
f 6223 6224 1595
f 1596 6227 6228
f 6227 200 6205
f 6228 6205 1588
f 1596 6228 6230
f 6228 1588 6229
f 6230 6229 1597
f 1596 6230 6232
f 6230 1597 6231
f 6232 6231 1598
f 1600 6233 1598
f 6232 1598 6233
f 1600 1598 6235
f 6234 6235 1598
f 1588 6211 6229
f 6211 1593 6236
f 6229 6236 1597
f 1598 6231 6238
f 6231 1597 6237
f 6238 6237 1599
f 1601 6234 6239
f 6234 1598 6238
f 6239 6238 1599
f 1601 6239 6241
f 6239 1599 6240
f 6241 6240 1606
f 201 6242 6244
f 6242 1600 6243
f 6244 6243 1602
f 1600 6235 6243
f 6235 1601 6245
f 6243 6245 1602
f 202 6246 1602
f 6244 1602 6246
f 202 1602 6248
f 6247 6248 1602
f 1603 6249 6250
f 6249 1602 6245
f 6250 6245 1601
f 1603 6250 6251
f 6250 1601 6241
f 6251 6241 1606
f 226 6252 6253
f 6252 225 6247
f 6253 6247 1602
f 1602 6249 6253
f 6249 1603 6254
f 6253 6254 226
f 1593 6255 6236
f 6255 1605 6256
f 6236 6256 1597
f 1597 6256 6237
f 6256 1605 6257
f 6237 6257 1599
f 1604 6258 6259
f 6258 1606 6240
f 6259 6240 1599
f 1628 6260 6225
f 6260 1605 6255
f 6225 6255 1593
f 1604 6259 6261
f 6259 1599 6257
f 6261 6257 1605
f 1604 6262 6258
f 6262 1607 6263
f 6258 6263 1606
f 1637 6264 6265
f 6264 1607 6262
f 6265 6262 1604
f 227 6266 6267
f 6266 1607 6264
f 6267 6264 1637
f 1603 6251 6268
f 6251 1606 6263
f 6268 6263 1607
f 1603 6268 6254
f 6268 1607 6269
f 6254 6269 226
f 227 6270 6266
f 6270 226 6269
f 6266 6269 1607
f 230 6271 6272
f 6271 230 206
f 1610 6271 207
f 6273 207 6271
f 1610 6274 1608
f 1608 6275 1609
f 6275 1608 6274
f 1609 6275 6277
f 6275 207 6276
f 6277 6276 209
f 1609 6278 1614
f 6278 1609 6277
f 6279 1614 1615
f 6280 1608 1611
f 1620 6054 6281
f 6054 230 6272
f 6281 6272 1610
f 1620 6281 6282
f 6281 1610 6280
f 6282 6280 1611
f 1611 6283 6284
f 6283 1611 1609
f 1612 6279 1615
f 6279 1612 6283
f 208 6285 6286
f 6285 202 6248
f 6286 6248 225
f 6286 225 6287
f 1613 6287 225
f 209 6288 6289
f 6288 208 6287
f 6289 6287 1613
f 6289 1614 6278
f 1614 6289 1613
f 1613 225 6290
f 6252 6290 225
f 6290 1616 6291
f 1616 6290 226
f 6291 1616 1615
f 1615 1618 6293
f 6292 6293 1618
f 1617 6292 1619
f 6294 1619 6292
f 1647 6295 6297
f 6295 1619 6296
f 6297 6296 227
f 1623 6299 232
f 6299 1623 6298
f 1647 6299 6300
f 6299 1647 232
f 6300 1617 6295
f 1619 6295 1617
f 1620 6282 6302
f 6282 1611 6301
f 6302 6301 1621
f 1548 6060 6303
f 6060 1620 6302
f 6303 6302 1621
f 1621 6301 6304
f 6301 1611 6284
f 6304 6284 1612
f 1621 6304 6306
f 6304 1612 6305
f 6306 6305 1617
f 6305 1612 6293
f 1615 6293 1612
f 1622 6128 6307
f 6128 1548 6303
f 6307 6303 1621
f 1622 6307 6309
f 6307 1621 6308
f 6309 6308 1623
f 1617 6298 6306
f 6298 1623 6308
f 6306 6308 1621
f 1616 226 6311
f 6310 6311 226
f 1619 6310 6296
f 6310 226 6270
f 6296 6270 227
f 1616 6311 1618
f 6294 1618 6311
f 1625 6312 6313
f 6312 1594 6217
f 6313 6217 1624
f 1626 6314 6315
f 6314 1625 6313
f 6315 6313 1624
f 1624 5125 6315
f 5125 1260 6316
f 6315 6316 1626
f 1626 6316 6317
f 6316 1260 5129
f 6317 5129 107
f 1626 6317 6319
f 6317 107 6318
f 6319 6318 1629
f 1625 6320 6312
f 6320 1628 6226
f 6312 6226 1594
f 1627 6321 6322
f 6321 1625 6314
f 6322 6314 1626
f 1626 6319 6322
f 6319 1629 6323
f 6322 6323 1627
f 1625 6321 6320
f 6321 1627 6324
f 6320 6324 1628
f 1630 6325 6326
f 6325 1628 6324
f 6326 6324 1627
f 107 5134 6318
f 5134 228 6327
f 6318 6327 1629
f 1629 6327 6329
f 6327 228 6328
f 6329 6328 1768
f 1631 6330 6331
f 6330 1627 6323
f 6331 6323 1629
f 1627 6330 6326
f 6330 1631 6332
f 6326 6332 1630
f 1632 6333 6334
f 6333 1630 6332
f 6334 6332 1631
f 1631 6331 6335
f 6331 1629 6329
f 6335 6329 1768
f 1844 6336 6337
f 6336 1632 6334
f 6337 6334 1631
f 1633 6338 6339
f 6338 1605 6260
f 6339 6260 1628
f 1633 6340 6342
f 6340 1634 6341
f 6342 6341 1604
f 1604 6261 6342
f 6261 1605 6338
f 6342 6338 1633
f 1633 6339 6344
f 6339 1628 6343
f 6344 6343 1635
f 1630 6345 6325
f 6345 1635 6343
f 6325 6343 1628
f 1633 6344 6347
f 6344 1635 6346
f 6347 6346 1639
f 1633 6347 6349
f 6347 1639 6348
f 6349 6348 1640
f 1636 6350 6351
f 6350 1634 6340
f 6351 6340 1633
f 1633 6349 6351
f 6349 1640 6352
f 6351 6352 1636
f 1604 6341 6265
f 6341 1634 6353
f 6265 6353 1637
f 6353 1634 6354
f 1638 6354 1634
f 229 6355 6356
f 6355 227 6267
f 6356 6267 1637
f 1637 6354 6356
f 6354 1638 6357
f 6356 6357 229
f 1636 6358 6350
f 6358 1636 1644
f 1638 6358 6359
f 6358 1638 1634
f 1651 6360 6361
f 6360 229 6357
f 6361 6357 1638
f 1651 6361 6362
f 6361 1638 6359
f 6362 6359 1644
f 1630 6363 6345
f 6363 1639 6346
f 6345 6346 1635
f 1632 6364 6333
f 6364 1639 6363
f 6333 6363 1630
f 1642 6365 6366
f 6365 1640 6348
f 6366 6348 1639
f 1641 6367 6368
f 6367 1636 6352
f 6368 6352 1640
f 1640 6365 6368
f 6365 1642 6369
f 6368 6369 1641
f 1632 6370 6364
f 6370 1841 6371
f 6364 6371 1639
f 1639 6371 6366
f 6371 1841 6372
f 6366 6372 1642
f 1844 6373 6336
f 6373 1841 6370
f 6336 6370 1632
f 1643 6374 6375
f 6374 1642 6372
f 6375 6372 1841
f 1641 6369 6376
f 6369 1642 6374
f 6376 6374 1643
f 1644 6367 6377
f 6367 1644 1636
f 1645 6378 6379
f 6378 1644 6377
f 6379 6377 1641
f 1651 6362 6380
f 6362 1644 6378
f 6380 6378 1645
f 1651 6380 6382
f 6380 1645 6381
f 6382 6381 1656
f 1641 6376 6379
f 6376 1643 6383
f 6379 6383 1645
f 1847 6384 6385
f 6384 1645 6383
f 6385 6383 1643
f 1643 6386 6385
f 6386 1843 6387
f 6385 6387 1847
f 1656 6381 6388
f 6381 1645 6384
f 6388 6384 1847
f 1656 6388 6390
f 6388 1847 6389
f 6390 6389 264
f 1647 6297 6391
f 6297 227 6355
f 6391 6355 229
f 1650 6392 6393
f 6392 1647 6391
f 6393 6391 229
f 6394 232 6395
f 232 6394 1623
f 1646 6396 1650
f 6396 1646 6395
f 1647 6392 232
f 6396 232 6392
f 1648 6397 6399
f 6397 1646 6398
f 6399 6398 1649
f 1648 6400 6402
f 6400 1654 6401
f 6402 6401 1657
f 1649 6403 6399
f 6403 1654 6400
f 6399 6400 1648
f 1651 6404 6360
f 6404 1650 6393
f 6360 6393 229
f 1652 6405 1651
f 6404 1651 6405
f 1650 6398 1646
f 6398 1650 6406
f 1652 1649 6405
f 6406 6405 1649
f 1567 6129 6130
f 6129 1622 6407
f 6130 6407 1653
f 1646 6408 6409
f 6408 1653 6407
f 6409 6407 1622
f 1646 6409 6394
f 6409 1622 6309
f 6394 6309 1623
f 1648 6410 6397
f 6410 1653 6408
f 6397 6408 1646
f 6402 233 6411
f 233 6402 1657
f 1648 6411 6410
f 6411 233 6141
f 6410 6141 1653
f 1654 6412 1655
f 6412 1654 6403
f 1657 6401 6414
f 6401 1654 6413
f 6414 6413 1658
f 1655 6413 1654
f 6413 1655 6415
f 1652 1651 6417
f 6416 6417 1651
f 1655 6416 6418
f 6416 1651 6382
f 6418 6382 1656
f 6412 1649 6417
f 1652 6417 1649
f 237 6419 6420
f 6419 1655 6418
f 6420 6418 1656
f 1656 6390 6420
f 6390 264 6421
f 6420 6421 237
f 234 6422 6423
f 6422 1657 6414
f 6423 6414 1658
f 234 6423 6425
f 6423 1658 6424
f 6425 6424 237
f 237 6424 6419
f 6424 1658 6415
f 6419 6415 1655
f 1657 6156 233
f 6156 1657 6422
f 179 4303 6426
f 4303 178 5838
f 6426 5838 220
f 221 5853 5849
f 5853 1659 6427
f 5849 6427 220
f 1659 5852 6428
f 5852 1493 5857
f 6428 5857 1660
f 1659 6428 6430
f 6428 1660 6429
f 6430 6429 1662
f 1662 6429 6431
f 6429 1660 5874
f 6431 5874 1661
f 1662 6431 6433
f 6431 1661 6432
f 6433 6432 1663
f 220 6434 6426
f 6434 1671 6435
f 6426 6435 179
f 1671 6434 6436
f 6434 220 6427
f 6436 6427 1659
f 180 4315 6437
f 4315 179 6435
f 6437 6435 1671
f 1659 6438 6436
f 6438 1664 6439
f 6436 6439 1671
f 1664 6438 6440
f 6438 1659 6430
f 6440 6430 1662
f 1664 6441 1665
f 6441 1664 6440
f 1665 6441 6442
f 6441 1662 6433
f 6442 6433 1663
f 1665 6442 6444
f 6442 1663 6443
f 6444 6443 1666
f 1663 6432 6445
f 6432 1661 5875
f 6445 5875 1667
f 1663 6445 6447
f 6445 1667 6446
f 6447 6446 1669
f 1667 5880 6449
f 5880 1499 6448
f 6449 6448 1668
f 247 6450 5882
f 6450 1668 6448
f 5882 6448 1499
f 1668 6451 6449
f 6451 1669 6446
f 6449 6446 1667
f 1668 6450 6453
f 6450 247 6452
f 6453 6452 1700
f 1679 6454 6456
f 6454 1669 6455
f 6456 6455 1680
f 1666 6443 6458
f 6443 1663 6457
f 6458 6457 1679
f 1679 6457 6454
f 6457 1663 6447
f 6454 6447 1669
f 1668 6459 6461
f 6459 1670 6460
f 6461 6460 1680
f 1680 6455 6461
f 6455 1669 6451
f 6461 6451 1668
f 1670 6459 6462
f 6459 1668 6453
f 6462 6453 1700
f 1672 4351 6463
f 4351 180 6437
f 6463 6437 1671
f 1664 6464 6439
f 6464 1673 6465
f 6439 6465 1671
f 1671 6466 6463
f 6466 1675 6467
f 6463 6467 1672
f 1675 6466 6468
f 6466 1671 6465
f 6468 6465 1673
f 1675 6468 1676
f 6469 1676 6468
f 1674 1673 6470
f 6464 6470 1673
f 1664 1665 6470
f 6471 6470 1665
f 1674 6471 6472
f 6471 1665 6444
f 6472 6444 1666
f 6469 1674 6473
f 1674 6469 1673
f 1676 6474 1677
f 6474 1676 6473
f 1678 6475 6476
f 6475 1677 6474
f 6476 6474 1674
f 1039 4356 6477
f 4356 1672 6467
f 6477 6467 1675
f 1039 6477 6479
f 6477 1675 6478
f 6479 6478 248
f 1682 6478 6480
f 6478 1682 248
f 1675 6481 6480
f 6481 1675 1676
f 1677 6475 6483
f 6475 1678 6482
f 6483 6482 249
f 6481 1677 6484
f 1677 6481 1676
f 1682 6484 6485
f 6484 1677 6483
f 6485 6483 249
f 1678 6486 6488
f 6486 1679 6487
f 6488 6487 251
f 251 6487 6489
f 6487 1679 6456
f 6489 6456 1680
f 251 6489 6491
f 6489 1680 6490
f 6491 6490 1681
f 1678 6476 6492
f 6476 1674 6472
f 6492 6472 1666
f 1678 6492 6486
f 6492 1666 6458
f 6486 6458 1679
f 1670 6493 6460
f 6493 1681 6490
f 6460 6490 1680
f 1700 6494 6462
f 6494 250 6495
f 6462 6495 1670
f 249 6482 6496
f 6482 1678 6488
f 6496 6488 251
f 252 6497 6498
f 6497 1670 6495
f 6498 6495 250
f 1040 4395 6499
f 4395 1039 6479
f 6499 6479 248
f 1040 6499 6501
f 6499 248 6500
f 6501 6500 1683
f 1682 6502 248
f 6500 248 6502
f 1043 4397 6503
f 4397 1040 6501
f 6503 6501 1683
f 1683 6502 6505
f 6502 1682 6504
f 6505 6504 1687
f 1687 6504 6506
f 6504 1682 6485
f 6506 6485 249
f 249 6507 6506
f 6507 1684 6508
f 6506 6508 1687
f 1685 6509 6510
f 6509 185 4400
f 6510 4400 1043
f 1043 6503 6510
f 6503 1683 6511
f 6510 6511 1685
f 1685 6511 6512
f 6511 1683 6505
f 6512 6505 1687
f 185 6509 6514
f 6509 1685 6513
f 6514 6513 1691
f 1691 6513 6515
f 6513 1685 6512
f 6515 6512 1687
f 1691 6515 6517
f 6515 1687 6516
f 6517 6516 1686
f 1684 6518 6508
f 6518 1686 6516
f 6508 6516 1687
f 1690 6519 6520
f 6519 1684 6507
f 6520 6507 249
f 249 6496 6520
f 6496 251 6521
f 6520 6521 1690
f 1688 6522 6523
f 6522 1690 6521
f 6523 6521 251
f 251 6491 6523
f 6491 1681 6524
f 6523 6524 1688
f 1688 6524 6525
f 6524 1681 6493
f 6525 6493 1670
f 1688 6525 6527
f 6525 1670 6526
f 6527 6526 1689
f 1689 6526 6528
f 6526 1670 6497
f 6528 6497 252
f 252 6529 6528
f 6529 1704 6530
f 6528 6530 1689
f 1690 6531 6519
f 6531 1686 6518
f 6519 6518 1684
f 1690 6522 6533
f 6522 1688 6532
f 6533 6532 1697
f 1686 6531 6535
f 6531 1690 6534
f 6535 6534 1696
f 1697 6536 6533
f 6536 1696 6534
f 6533 6534 1690
f 254 6537 6538
f 6537 1697 6532
f 6538 6532 1688
f 1688 6527 6538
f 6527 1689 6539
f 6538 6539 254
f 186 4419 6540
f 4419 185 6514
f 6540 6514 1691
f 1691 6517 6542
f 6517 1686 6541
f 6542 6541 1692
f 186 6540 6544
f 6540 1691 6543
f 6544 6543 1694
f 1693 6545 6546
f 6545 1694 6543
f 6546 6543 1691
f 1691 6542 6546
f 6542 1692 6547
f 6546 6547 1693
f 1694 6545 6549
f 6545 1693 6548
f 6549 6548 1695
f 1760 6550 6551
f 6550 194 4429
f 6551 4429 186
f 186 6544 6551
f 6544 1694 6552
f 6551 6552 1760
f 1695 6553 6549
f 6553 1760 6552
f 6549 6552 1694
f 1695 6548 6555
f 6548 1693 6554
f 6555 6554 1740
f 255 6556 6557
f 6556 1740 6554
f 6557 6554 1693
f 1692 6541 6558
f 6541 1686 6535
f 6558 6535 1696
f 1696 6559 6561
f 6559 256 6560
f 6561 6560 1698
f 1696 6561 6563
f 6561 1698 6562
f 6563 6562 1693
f 1693 6547 6563
f 6547 1692 6558
f 6563 6558 1696
f 1697 6537 6565
f 6537 254 6564
f 6565 6564 1714
f 1696 6536 6559
f 6536 1697 6566
f 6559 6566 256
f 1697 6565 6566
f 6565 1714 6567
f 6566 6567 256
f 256 6568 6560
f 6568 1699 6569
f 6560 6569 1698
f 1693 6562 6557
f 6562 1698 6570
f 6557 6570 255
f 1699 6571 6569
f 6571 255 6570
f 6569 6570 1698
f 1719 6572 6573
f 6572 1699 6568
f 6573 6568 256
f 259 6574 6576
f 6574 1741 6575
f 6576 6575 1699
f 1699 6572 6576
f 6572 1719 6577
f 6576 6577 259
f 1741 6578 6575
f 6578 255 6571
f 6575 6571 1699
f 247 5903 6452
f 5903 1724 6579
f 6452 6579 1700
f 1724 6580 6579
f 6580 1701 6581
f 6579 6581 1700
f 246 5912 6583
f 5912 224 6582
f 6583 6582 1793
f 246 6583 6585
f 6583 1793 6584
f 6585 6584 1731
f 1701 6586 6581
f 6586 250 6494
f 6581 6494 1700
f 250 6586 6588
f 6586 1701 6587
f 6588 6587 1702
f 1702 6589 6588
f 6589 252 6498
f 6588 6498 250
f 252 6589 6529
f 6589 1702 6590
f 6529 6590 1704
f 1705 6591 6592
f 6591 1704 6590
f 6592 6590 1702
f 1706 6593 6595
f 6593 1705 6594
f 6595 6594 1734
f 1705 6592 6594
f 6592 1702 6596
f 6594 6596 1734
f 1736 6597 6598
f 6597 1706 6595
f 6598 6595 1734
f 1731 6599 6601
f 6599 1703 6600
f 6601 6600 1737
f 1703 6599 6603
f 6599 1731 6602
f 6603 6602 1798
f 253 6604 6605
f 6604 1737 6600
f 6605 6600 1703
f 253 6605 6607
f 6605 1703 6606
f 6607 6606 257
f 257 6606 6608
f 6606 1703 6603
f 6608 6603 1798
f 1708 6609 6610
f 6609 1689 6530
f 6610 6530 1704
f 1704 6591 6610
f 6591 1705 6611
f 6610 6611 1708
f 1706 6612 6593
f 6612 1708 6611
f 6593 6611 1705
f 1706 6597 6614
f 6597 1736 6613
f 6614 6613 1707
f 254 6539 6615
f 6539 1689 6609
f 6615 6609 1708
f 254 6615 6564
f 6615 1708 6616
f 6564 6616 1714
f 1709 6617 6618
f 6617 1714 6616
f 6618 6616 1708
f 1708 6612 6618
f 6612 1706 6619
f 6618 6619 1709
f 1707 6620 6622
f 6620 1717 6621
f 6622 6621 1709
f 1707 6622 6614
f 6622 1709 6619
f 6614 6619 1706
f 1739 6623 6625
f 6623 253 6624
f 6625 6624 1710
f 1707 6613 6627
f 6613 1736 6626
f 6627 6626 1739
f 1707 6627 6629
f 6627 1739 6628
f 6629 6628 1712
f 1712 6628 6630
f 6628 1739 6625
f 6630 6625 1710
f 1837 6631 6633
f 6631 1713 6632
f 6633 6632 257
f 1710 6624 6634
f 6624 253 6607
f 6634 6607 257
f 257 6632 6634
f 6632 1713 6635
f 6634 6635 1710
f 1710 6636 6630
f 6636 1711 6637
f 6630 6637 1712
f 1712 6638 6629
f 6638 1717 6620
f 6629 6620 1707
f 1713 6639 6635
f 6639 1711 6636
f 6635 6636 1710
f 1718 6640 6642
f 6640 1721 6641
f 6642 6641 1720
f 1720 6643 6645
f 6643 260 6644
f 6645 6644 258
f 1720 6641 6643
f 6641 1721 6646
f 6643 6646 260
f 1714 6617 6648
f 6617 1709 6647
f 6648 6647 1716
f 256 6567 6650
f 6567 1714 6649
f 6650 6649 1715
f 1715 6649 6651
f 6649 1714 6648
f 6651 6648 1716
f 1716 6647 6652
f 6647 1709 6621
f 6652 6621 1717
f 1715 6651 6654
f 6651 1716 6653
f 6654 6653 1718
f 1718 6653 6655
f 6653 1716 6652
f 6655 6652 1717
f 1719 6573 6656
f 6573 256 6650
f 6656 6650 1715
f 1719 6656 6658
f 6656 1715 6657
f 6658 6657 1720
f 259 6577 6659
f 6577 1719 6658
f 6659 6658 1720
f 259 6659 6660
f 6659 1720 6645
f 6660 6645 258
f 1720 6657 6642
f 6657 1715 6654
f 6642 6654 1718
f 1713 6631 6662
f 6631 1837 6661
f 6662 6661 1838
f 1838 6663 6662
f 6663 1722 6664
f 6662 6664 1713
f 1718 6665 6640
f 6665 1723 6666
f 6640 6666 1721
f 1838 6667 6663
f 6667 1879 6668
f 6663 6668 1722
f 1721 6666 6670
f 6666 1723 6669
f 6670 6669 1722
f 1722 6671 6670
f 6671 260 6646
f 6670 6646 1721
f 1717 6638 6673
f 6638 1712 6672
f 6673 6672 1723
f 1723 6672 6674
f 6672 1712 6637
f 6674 6637 1711
f 1723 6665 6673
f 6665 1718 6655
f 6673 6655 1717
f 1713 6664 6639
f 6664 1722 6675
f 6639 6675 1711
f 1723 6674 6669
f 6674 1711 6675
f 6669 6675 1722
f 1724 6020 6677
f 6020 1725 6676
f 6677 6676 1728
f 1727 6678 6679
f 6678 1728 6676
f 6679 6676 1725
f 1725 6024 6679
f 6024 1726 6680
f 6679 6680 1727
f 1728 6681 6677
f 6681 1701 6580
f 6677 6580 1724
f 1728 6678 6683
f 6678 1727 6682
f 6683 6682 1735
f 1729 6684 6029
f 6684 1727 6680
f 6029 6680 1726
f 1730 6036 6685
f 6036 246 6585
f 6685 6585 1731
f 1727 6684 6687
f 6684 1729 6686
f 6687 6686 1732
f 1732 6686 6688
f 6686 1729 6034
f 6688 6034 1730
f 1732 6688 6690
f 6688 1730 6689
f 6690 6689 1733
f 1735 6682 6691
f 6682 1727 6687
f 6691 6687 1732
f 1733 6689 6692
f 6689 1730 6685
f 6692 6685 1731
f 1701 6681 6694
f 6681 1728 6693
f 6694 6693 1734
f 1735 6695 6683
f 6695 1734 6693
f 6683 6693 1728
f 1701 6694 6587
f 6694 1734 6596
f 6587 6596 1702
f 1734 6695 6598
f 6695 1735 6696
f 6598 6696 1736
f 1735 6691 6698
f 6691 1732 6697
f 6698 6697 1738
f 1738 6697 6699
f 6697 1732 6690
f 6699 6690 1733
f 1738 6699 6701
f 6699 1733 6700
f 6701 6700 1737
f 1731 6601 6692
f 6601 1737 6700
f 6692 6700 1733
f 1736 6696 6702
f 6696 1735 6698
f 6702 6698 1738
f 1736 6702 6626
f 6702 1738 6703
f 6626 6703 1739
f 253 6623 6704
f 6623 1739 6703
f 6704 6703 1738
f 1738 6701 6704
f 6701 1737 6604
f 6704 6604 253
f 1741 6705 6578
f 6705 1740 6556
f 6578 6556 255
f 1742 6706 6708
f 6706 1764 6707
f 6708 6707 1740
f 1740 6705 6708
f 6705 1741 6709
f 6708 6709 1742
f 1741 6574 6711
f 6574 259 6710
f 6711 6710 1750
f 273 6712 6713
f 6712 1741 6711
f 6713 6711 1750
f 1741 6712 6709
f 6712 273 6714
f 6709 6714 1742
f 1743 6706 6715
f 6706 1743 1764
f 1744 6716 6717
f 6716 1743 6715
f 6717 6715 1742
f 1742 6714 6717
f 6714 273 6718
f 6717 6718 1744
f 273 6719 6718
f 6719 1753 6720
f 6718 6720 1744
f 6720 1757 6721
f 1757 6720 1753
f 1743 6716 6723
f 6716 1744 6722
f 6723 6722 1745
f 1758 6724 1744
f 6722 1744 6724
f 1744 6721 1758
f 6725 1758 6721
f 1879 6726 6728
f 6726 274 6727
f 6728 6727 1746
f 1759 6729 6730
f 6729 1746 6727
f 6730 6727 274
f 6730 274 6731
f 275 6731 274
f 258 6644 6733
f 6644 260 6732
f 6733 6732 1747
f 1751 6734 6736
f 6734 1747 6735
f 6736 6735 1748
f 1751 6736 6738
f 6736 1748 6737
f 6738 6737 1752
f 1752 6737 1749
f 6739 1749 6737
f 1750 6710 6740
f 6710 259 6660
f 6740 6660 258
f 1750 6740 6741
f 6740 258 6733
f 6741 6733 1747
f 1752 6742 6743
f 6742 273 6713
f 6743 6713 1750
f 1751 6738 6744
f 6738 1752 6743
f 6744 6743 1750
f 1750 6741 6744
f 6741 1747 6734
f 6744 6734 1751
f 1753 6719 6745
f 6719 273 6742
f 6745 6742 1752
f 1749 6746 1752
f 6745 1752 6746
f 1747 6732 6748
f 6732 260 6747
f 6748 6747 1754
f 1748 6735 6749
f 6735 1747 6748
f 6749 6748 1754
f 1756 6750 6751
f 6750 1748 6749
f 6751 6749 1754
f 1754 6752 6754
f 6752 1722 6753
f 6754 6753 1755
f 1755 6753 6755
f 6753 1722 6668
f 6755 6668 1879
f 1756 6751 6756
f 6751 1754 6754
f 6756 6754 1755
f 1754 6747 6752
f 6747 260 6671
f 6752 6671 1722
f 1756 6756 6758
f 6756 1755 6757
f 6758 6757 1746
f 1746 6757 6728
f 6757 1755 6755
f 6728 6755 1879
f 1757 1753 6759
f 6746 6759 1753
f 1695 6760 6553
f 6760 1762 6761
f 6553 6761 1760
f 195 4532 6762
f 4532 194 6550
f 6762 6550 1760
f 195 6762 6764
f 6762 1760 6763
f 6764 6763 1761
f 1762 6765 6761
f 6765 1761 6763
f 6761 6763 1760
f 1740 6766 6555
f 6766 1762 6760
f 6555 6760 1695
f 1740 6767 6766
f 6767 1763 6768
f 6766 6768 1762
f 1764 6769 6707
f 6769 1763 6767
f 6707 6767 1740
f 1763 6770 6768
f 6770 1761 6765
f 6768 6765 1762
f 195 6764 6772
f 6764 1761 6771
f 6772 6771 1765
f 1766 6773 6774
f 6773 1765 6771
f 6774 6771 1761
f 1761 6770 6774
f 6770 1763 6775
f 6774 6775 1766
f 1767 6776 1763
f 6775 1763 6776
f 1763 6769 1767
f 6777 1767 6769
f 1743 6778 1764
f 6777 1764 6778
f 1768 6328 6779
f 6328 228 5082
f 6779 5082 1417
f 1418 6780 5594
f 6780 1768 6779
f 5594 6779 1417
f 1769 6781 6782
f 6781 1768 6780
f 6782 6780 1418
f 1418 5600 6782
f 5600 122 6783
f 6782 6783 1769
f 1772 6784 6786
f 6784 261 6785
f 6786 6785 1840
f 1772 6786 6788
f 6786 1840 6787
f 6788 6787 1769
f 1840 6789 6787
f 6789 1768 6781
f 6787 6781 1769
f 1770 6790 6791
f 6790 1769 6783
f 6791 6783 122
f 122 5616 6791
f 5616 1771 6792
f 6791 6792 1770
f 1769 6790 6788
f 6790 1770 6793
f 6788 6793 1772
f 1773 6794 6795
f 6794 1772 6793
f 6795 6793 1770
f 1772 6794 6784
f 6794 1773 6796
f 6784 6796 261
f 1800 6797 6798
f 6797 1773 6795
f 6798 6795 1770
f 262 6799 6800
f 6799 261 6796
f 6800 6796 1773
f 1773 6797 6800
f 6797 1800 6801
f 6800 6801 262
f 1850 6802 6803
f 6802 261 6799
f 6803 6799 262
f 271 6804 6806
f 6804 263 6805
f 6806 6805 1854
f 1776 6807 6808
f 6807 1579 6144
f 6808 6144 1774
f 1774 6809 6808
f 6809 1775 6810
f 6808 6810 1776
f 1775 6811 6810
f 6811 1788 6812
f 6810 6812 1776
f 234 6813 6815
f 6813 267 6814
f 6815 6814 1779
f 1779 6814 6817
f 6814 267 6816
f 6817 6816 268
f 1779 6818 6820
f 6818 1783 6819
f 6820 6819 1782
f 1783 6818 6821
f 6818 1779 6817
f 6821 6817 268
f 1783 6821 6823
f 6821 268 6822
f 6823 6822 269
f 1778 6824 6825
f 6824 1571 6150
f 6825 6150 1777
f 1778 6825 6827
f 6825 1777 6826
f 6827 6826 1780
f 1778 6828 6824
f 6828 1774 6154
f 6824 6154 1571
f 1778 6829 6828
f 6829 1775 6809
f 6828 6809 1774
f 1777 6155 6831
f 6155 1572 6830
f 6831 6830 1779
f 1779 6830 6815
f 6830 1572 6157
f 6815 6157 234
f 1780 6826 6832
f 6826 1777 6831
f 6832 6831 1779
f 6833 1781 6834
f 1787 6834 1781
f 1781 6833 6835
f 6833 1778 6827
f 6835 6827 1780
f 1787 6836 6834
f 6836 1775 6829
f 6834 6829 1778
f 1787 6837 6836
f 6837 1788 6811
f 6836 6811 1775
f 1782 6838 6820
f 6838 1780 6832
f 6820 6832 1779
f 1795 6839 6840
f 6839 1776 6812
f 6840 6812 1788
f 1788 6841 6840
f 6841 1820 6842
f 6840 6842 1795
f 1822 6843 6844
f 6843 1795 6842
f 6844 6842 1820
f 1782 6819 6846
f 6819 1783 6845
f 6846 6845 1784
f 1785 6847 6848
f 6847 1784 6845
f 6848 6845 1783
f 1785 6848 6849
f 6848 1783 6823
f 6849 6823 269
f 1784 6850 6852
f 6850 1824 6851
f 6852 6851 270
f 1786 6853 6855
f 6853 1785 6854
f 6855 6854 263
f 263 6804 6855
f 6804 271 6856
f 6855 6856 1786
f 1785 6853 6847
f 6853 1786 6857
f 6847 6857 1784
f 1824 6850 6858
f 6850 1784 6857
f 6858 6857 1786
f 1787 6859 6860
f 6859 1787 1781
f 1789 6859 6861
f 6859 1781 6835
f 6861 6835 1780
f 1787 6860 6837
f 6860 1789 6862
f 6837 6862 1788
f 1782 6846 6864
f 6846 1784 6863
f 6864 6863 1789
f 1789 6861 6864
f 6861 1780 6838
f 6864 6838 1782
f 1788 6862 6866
f 6862 1789 6865
f 6866 6865 270
f 1788 6866 6841
f 6866 270 6867
f 6841 6867 1820
f 1784 6852 6863
f 6852 270 6865
f 6863 6865 1789
f 235 6868 6870
f 6868 1776 6869
f 6870 6869 1790
f 235 6181 6868
f 6181 1579 6807
f 6868 6807 1776
f 235 6870 6180
f 6870 1790 6871
f 6180 6871 1580
f 1580 6871 6873
f 6871 1790 6872
f 6873 6872 1791
f 224 6189 6874
f 6189 1582 6184
f 6874 6184 236
f 224 6874 6876
f 6874 236 6875
f 6876 6875 1792
f 1792 6875 6877
f 6875 236 6190
f 6877 6190 1580
f 1793 6582 6878
f 6582 224 6876
f 6878 6876 1792
f 1793 6878 6880
f 6878 1792 6879
f 6880 6879 1791
f 1580 6873 6877
f 6873 1791 6879
f 6877 6879 1792
f 1776 6839 6869
f 6839 1795 6881
f 6869 6881 1790
f 1791 6872 6883
f 6872 1790 6882
f 6883 6882 1796
f 1794 6884 6885
f 6884 1790 6881
f 6885 6881 1795
f 1795 6843 6885
f 6843 1822 6886
f 6885 6886 1794
f 1790 6884 6888
f 6884 1794 6887
f 6888 6887 272
f 272 6889 6888
f 6889 1796 6882
f 6888 6882 1790
f 1797 6890 6891
f 6890 1793 6880
f 6891 6880 1791
f 1797 6891 6892
f 6891 1791 6883
f 6892 6883 1796
f 1797 6893 6890
f 6893 1731 6584
f 6890 6584 1793
f 1797 6894 6893
f 6894 1798 6602
f 6893 6602 1731
f 1797 6895 6894
f 6895 1799 6896
f 6894 6896 1798
f 272 6897 6898
f 6897 1799 6895
f 6898 6895 1797
f 272 6898 6889
f 6898 1797 6892
f 6889 6892 1796
f 257 6608 6899
f 6608 1798 6896
f 6899 6896 1799
f 1801 6900 6901
f 6900 1770 6792
f 6901 6792 1771
f 1771 5614 6901
f 5614 1423 6902
f 6901 6902 1801
f 1423 5696 6902
f 5696 1448 6903
f 6902 6903 1801
f 1801 6904 6900
f 6904 1800 6798
f 6900 6798 1770
f 1802 6905 5701
f 6905 1801 6903
f 5701 6903 1448
f 1801 6905 6907
f 6905 1802 6906
f 6907 6906 1804
f 1803 6908 6909
f 6908 1800 6904
f 6909 6904 1801
f 1803 6909 6911
f 6909 1801 6910
f 6911 6910 1805
f 1803 6912 6908
f 6912 262 6801
f 6908 6801 1800
f 1804 6913 6907
f 6913 1805 6910
f 6907 6910 1801
f 1804 6914 6913
f 6914 1808 6915
f 6913 6915 1805
f 1802 5712 6917
f 5712 124 6916
f 6917 6916 1806
f 1804 6906 6918
f 6906 1802 6917
f 6918 6917 1806
f 1806 6916 6919
f 6916 124 5714
f 6919 5714 1807
f 1806 6919 6921
f 6919 1807 6920
f 6921 6920 1858
f 1857 6922 5717
f 6922 1858 6920
f 5717 6920 1807
f 1817 6923 6924
f 6923 1805 6915
f 6924 6915 1808
f 1808 6914 6925
f 6914 1804 6918
f 6925 6918 1806
f 1861 6926 6927
f 6926 1808 6925
f 6927 6925 1806
f 1806 6921 6927
f 6921 1858 6928
f 6927 6928 1861
f 1808 6926 6924
f 6926 1861 6929
f 6924 6929 1817
f 1862 6930 6931
f 6930 1817 6929
f 6931 6929 1861
f 262 6912 6933
f 6912 1803 6932
f 6933 6932 1809
f 1805 6934 6911
f 6934 1809 6932
f 6911 6932 1803
f 1810 6935 6937
f 6935 1852 6936
f 6937 6936 262
f 262 6933 6937
f 6933 1809 6938
f 6937 6938 1810
f 1811 6939 6940
f 6939 1810 6938
f 6940 6938 1809
f 1809 6934 6942
f 6934 1805 6941
f 6942 6941 1816
f 1809 6942 6940
f 6942 1816 6943
f 6940 6943 1811
f 1854 6944 6945
f 6944 1852 6935
f 6945 6935 1810
f 1854 6945 6947
f 6945 1810 6946
f 6947 6946 1813
f 1813 6948 6950
f 6948 1819 6949
f 6950 6949 1812
f 1813 6946 6948
f 6946 1810 6951
f 6948 6951 1819
f 271 6806 6952
f 6806 1854 6947
f 6952 6947 1813
f 271 6952 6953
f 6952 1813 6950
f 6953 6950 1812
f 1819 6951 6954
f 6951 1810 6939
f 6954 6939 1811
f 1819 6955 6949
f 6955 1814 6956
f 6949 6956 1812
f 1816 6941 6957
f 6941 1805 6923
f 6957 6923 1817
f 1815 6958 6959
f 6958 1816 6957
f 6959 6957 1817
f 1815 6960 6958
f 6960 1811 6943
f 6958 6943 1816
f 1815 6959 6962
f 6959 1817 6961
f 6962 6961 265
f 1817 6930 6961
f 6930 1862 6963
f 6961 6963 265
f 1818 6964 6965
f 6964 1819 6954
f 6965 6954 1811
f 1811 6960 6965
f 6960 1815 6966
f 6965 6966 1818
f 1818 6967 6964
f 6967 1814 6955
f 6964 6955 1819
f 1818 6968 6970
f 6968 265 6969
f 6970 6969 1871
f 265 6968 6962
f 6968 1818 6966
f 6962 6966 1815
f 266 6971 6972
f 6971 1814 6967
f 6972 6967 1818
f 1818 6970 6972
f 6970 1871 6973
f 6972 6973 266
f 1820 6974 6844
f 6974 1821 6975
f 6844 6975 1822
f 1823 6976 6978
f 6976 1827 6977
f 6978 6977 1831
f 1823 6979 6980
f 6979 1822 6975
f 6980 6975 1821
f 1823 6978 6982
f 6978 1831 6981
f 6982 6981 1836
f 270 6851 6984
f 6851 1824 6983
f 6984 6983 1825
f 1824 6985 6983
f 6985 1826 6986
f 6983 6986 1825
f 1826 6987 6988
f 6987 1786 6856
f 6988 6856 271
f 271 6953 6988
f 6953 1812 6989
f 6988 6989 1826
f 1826 6985 6987
f 6985 1824 6858
f 6987 6858 1786
f 1828 6990 6992
f 6990 1827 6991
f 6992 6991 1825
f 1828 6992 6993
f 6992 1825 6986
f 6993 6986 1826
f 1828 6993 6994
f 6993 1826 6989
f 6994 6989 1812
f 1820 6867 6995
f 6867 270 6984
f 6995 6984 1825
f 1821 6974 6996
f 6974 1820 6995
f 6996 6995 1825
f 1827 6976 6997
f 6976 1823 6980
f 6997 6980 1821
f 1827 6997 6991
f 6997 1821 6996
f 6991 6996 1825
f 1832 6998 7000
f 6998 1877 6999
f 7000 6999 1874
f 1831 6977 7002
f 6977 1827 7001
f 7002 7001 1832
f 1836 6981 7004
f 6981 1831 7003
f 7004 7003 1829
f 1829 7005 7007
f 7005 1830 7006
f 7007 7006 1880
f 1830 7008 7009
f 7008 1831 7002
f 7009 7002 1832
f 1832 7000 7009
f 7000 1874 7010
f 7009 7010 1830
f 1831 7008 7003
f 7008 1830 7005
f 7003 7005 1829
f 1828 6994 7011
f 6994 1812 6956
f 7011 6956 1814
f 1833 7012 7013
f 7012 1828 7011
f 7013 7011 1814
f 1827 6990 7014
f 6990 1828 7012
f 7014 7012 1833
f 1832 7001 7015
f 7001 1827 7014
f 7015 7014 1833
f 1833 7013 7016
f 7013 1814 6971
f 7016 6971 266
f 1833 7016 7018
f 7016 266 7017
f 7018 7017 1877
f 1877 6998 7018
f 6998 1832 7015
f 7018 7015 1833
f 272 7019 7021
f 7019 1835 7020
f 7021 7020 1834
f 1835 7022 7020
f 7022 1836 7023
f 7020 7023 1834
f 1835 7024 7025
f 7024 1794 6886
f 7025 6886 1822
f 1822 7026 7025
f 7026 1836 7022
f 7025 7022 1835
f 1835 7019 7024
f 7019 272 6887
f 7024 6887 1794
f 1834 7027 7029
f 7027 1839 7028
f 7029 7028 1837
f 1836 7030 7023
f 7030 1839 7027
f 7023 7027 1834
f 1822 6979 7026
f 6979 1823 6982
f 7026 6982 1836
f 257 6899 7032
f 6899 1799 7031
f 7032 7031 1834
f 1834 7031 7021
f 7031 1799 6897
f 7021 6897 272
f 1834 7029 7032
f 7029 1837 6633
f 7032 6633 257
f 1836 7004 7030
f 7004 1829 7033
f 7030 7033 1839
f 1838 6661 7034
f 6661 1837 7028
f 7034 7028 1839
f 1838 7034 7036
f 7034 1839 7035
f 7036 7035 1880
f 1880 7037 7036
f 7037 1879 6667
f 7036 6667 1838
f 1880 7035 7007
f 7035 1839 7033
f 7007 7033 1829
f 1631 6335 7038
f 6335 1768 6789
f 7038 6789 1840
f 1631 7038 6337
f 7038 1840 7039
f 6337 7039 1844
f 261 7040 6785
f 7040 1844 7039
f 6785 7039 1840
f 1844 7041 6373
f 7041 1842 7042
f 6373 7042 1841
f 1843 6386 7043
f 6386 1643 6375
f 7043 6375 1841
f 1844 7044 7041
f 7044 1846 7045
f 7041 7045 1842
f 1843 7043 7046
f 7043 1841 7042
f 7046 7042 1842
f 1846 7047 7045
f 7047 1843 7046
f 7045 7046 1842
f 1844 7040 7049
f 7040 261 7048
f 7049 7048 1845
f 1845 7050 7049
f 7050 1846 7044
f 7049 7044 1844
f 1848 7051 7052
f 7051 1847 6387
f 7052 6387 1843
f 1843 7047 7052
f 7047 1846 7053
f 7052 7053 1848
f 264 6389 7054
f 6389 1847 7051
f 7054 7051 1848
f 1853 7055 7056
f 7055 1848 7053
f 7056 7053 1846
f 1849 7057 7058
f 7057 264 7054
f 7058 7054 1848
f 1849 7058 7059
f 7058 1848 7055
f 7059 7055 1853
f 1850 7060 6802
f 7060 1845 7048
f 6802 7048 261
f 1851 7061 7062
f 7061 1846 7050
f 7062 7050 1845
f 1845 7060 7062
f 7060 1850 7063
f 7062 7063 1851
f 1852 7064 7065
f 7064 1851 7063
f 7065 7063 1850
f 1850 6803 7065
f 6803 262 6936
f 7065 6936 1852
f 1853 7056 7066
f 7056 1846 7061
f 7066 7061 1851
f 1854 7067 7068
f 7067 1853 7066
f 7068 7066 1851
f 1851 7064 7068
f 7064 1852 6944
f 7068 6944 1854
f 263 7069 7070
f 7069 1849 7059
f 7070 7059 1853
f 1853 7067 7070
f 7067 1854 6805
f 7070 6805 263
f 237 6421 7072
f 6421 264 7071
f 7072 7071 1855
f 267 6813 7073
f 6813 234 6425
f 7073 6425 237
f 267 7073 7074
f 7073 237 7072
f 7074 7072 1855
f 1856 7075 7076
f 7075 1855 7071
f 7076 7071 264
f 269 7077 7078
f 7077 1855 7075
f 7078 7075 1856
f 1856 7079 7078
f 7079 1849 7080
f 7078 7080 269
f 1849 7079 7057
f 7079 1856 7076
f 7057 7076 264
f 1855 7081 7074
f 7081 268 6816
f 7074 6816 267
f 269 6822 7077
f 6822 268 7081
f 7077 7081 1855
f 1785 6849 7082
f 6849 269 7080
f 7082 7080 1849
f 263 6854 7069
f 6854 1785 7082
f 7069 7082 1849
f 1859 5739 7083
f 5739 1859 1857
f 1860 7084 7085
f 7084 1858 6922
f 7085 6922 1857
f 1857 7086 7085
f 7086 1857 1859
f 1859 7087 7086
f 7087 1865 7088
f 7086 7088 1860
f 1863 7089 7090
f 7089 1861 6928
f 7090 6928 1858
f 1858 7084 7090
f 7084 1860 7091
f 7090 7091 1863
f 1862 6931 7092
f 6931 1861 7089
f 7092 7089 1863
f 1863 7093 1866
f 7093 1863 7091
f 1862 7092 7095
f 7092 1863 7094
f 7095 7094 1870
f 7094 1863 1866
f 1870 7096 1864
f 266 6973 7098
f 6973 1871 7097
f 7098 7097 1878
f 1871 7099 7101
f 7099 1867 7100
f 7101 7100 1868
f 1878 7097 7102
f 7097 1871 7101
f 7102 7101 1868
f 1869 7103 7104
f 7103 1862 7095
f 7104 7095 1870
f 265 6963 7105
f 6963 1862 7103
f 7105 7103 1869
f 7106 1864 1867
f 1867 7107 7106
f 7107 1869 7104
f 7106 7104 1870
f 1871 6969 7108
f 6969 265 7105
f 7108 7105 1869
f 1867 7099 7107
f 7099 1871 7108
f 7107 7108 1869
f 1867 7109 1872
f 7100 1867 1872
f 1868 7110 1873
f 1873 7102 1868
f 7102 1873 7111
f 1877 7017 7112
f 7017 266 7098
f 7112 7098 1878
f 1877 7112 7114
f 7112 1878 7113
f 7114 7113 1876
f 1882 7113 7115
f 7113 1882 1876
f 1874 6999 7116
f 6999 1877 7114
f 7116 7114 1876
f 1875 7117 7118
f 7117 1874 7116
f 7118 7116 1876
f 1876 7119 7118
f 7119 1876 1882
f 1879 7037 7121
f 7037 1880 7120
f 7121 7120 1881
f 1881 7120 7122
f 7120 1880 7006
f 7122 7006 1830
f 1881 7122 7124
f 7122 1830 7123
f 7124 7123 1875
f 274 7125 7127
f 7125 1881 7126
f 7127 7126 1883
f 1875 7128 7124
f 7128 1883 7126
f 7124 7126 1881
f 1881 7125 7121
f 7125 274 6726
f 7121 6726 1879
f 1875 7123 7117
f 7123 1830 7010
f 7117 7010 1874
f 1883 7128 7129
f 7128 1875 7119
f 7129 7119 1882
f 275 7127 7130
f 7127 275 274
