v 0.064606 0.266531 0.034763
v 0.075631 0.278242 0.021614
v 0.072344 0.287822 0.017977
v 0.063969 0.276474 0.028191
v 0.073535 0.243352 0.050087
v 0.076723 0.226639 0.061956
v 0.095497 0.232060 0.057708
v 0.093104 0.253781 0.040382
v 0.095682 0.213866 0.072181
v 0.076758 0.209336 0.074345
v 0.090690 0.159686 0.111979
v 0.092288 0.177601 0.098073
v 0.074408 0.174876 0.101147
v 0.072767 0.157146 0.114905
v 0.116684 0.073620 0.150613
v 0.103259 0.074223 0.157044
v 0.096707 0.059901 0.158940
v 0.111036 0.055729 0.152204
v 0.161587 0.170106 0.073085
v 0.167080 0.154638 0.070564
v 0.170588 0.176942 0.065343
v 0.164513 0.193051 0.066167
v 0.101983 0.292813 -0.006386
v 0.089286 0.297080 -0.006926
v 0.088228 0.284017 0.011651
v 0.102416 0.276872 0.018239
v 0.159135 0.079737 0.088110
v 0.154817 0.094051 0.097708
v 0.152059 0.082404 0.104779
v 0.155848 0.069718 0.095885
v 0.137553 -0.012355 0.099658
v 0.125759 -0.014902 0.122166
v 0.124297 -0.037793 0.122858
v 0.137210 -0.035577 0.100916
v 0.158096 0.010504 0.022448
v 0.157084 -0.006319 0.018777
v 0.158208 -0.002071 -0.005776
v 0.159836 0.012589 -0.008222
v 0.124005 0.158856 0.105290
v 0.126519 0.176712 0.094433
v 0.110016 0.178282 0.097107
v 0.108303 0.160472 0.108824
v 0.243952 0.052480 0.025311
v 0.233596 0.069942 0.026270
v 0.219729 0.060355 0.026667
v 0.228787 0.044713 0.024698
v 0.164638 -0.105851 0.043324
v 0.169101 -0.124301 0.047096
v 0.171518 -0.117943 0.021101
v 0.168940 -0.099459 0.017728
v 0.208388 0.198825 0.031734
v 0.216707 0.213701 0.013964
v 0.209429 0.230123 0.012206
v 0.202659 0.215677 0.031016
v 0.161853 0.124630 0.079338
v 0.164034 0.137988 0.075248
v 0.159516 0.151883 0.078437
v 0.156262 0.136760 0.085060
v 0.164342 0.032933 -0.012345
v 0.164187 0.041890 -0.013504
v 0.167903 0.042095 0.009236
v 0.166258 0.033051 0.012757
v 0.163011 0.023191 0.016469
v 0.162971 0.023105 -0.010361
v 0.147697 0.148019 0.092315
v 0.151757 0.164482 0.083527
v 0.140550 0.172227 0.089264
v 0.137242 0.154825 0.099477
v 0.092616 0.044379 0.159271
v 0.110619 0.039311 0.149751
v 0.158604 -0.132772 0.071473
v 0.156782 -0.113067 0.066661
v 0.145070 -0.121875 0.090318
v 0.144801 -0.141998 0.093159
v 0.113750 0.005490 0.138179
v 0.128257 0.006142 0.119855
v 0.126085 0.023025 0.129787
v 0.111161 0.024210 0.145247
v 0.130082 -0.150434 0.114607
v 0.130155 -0.128353 0.111568
v 0.111369 -0.133833 0.131121
v 0.112474 -0.157731 0.134162
v 0.095096 0.195929 0.085253
v 0.076181 0.192225 0.087141
v 0.137601 0.072729 0.130306
v 0.128268 0.072599 0.140704
v 0.123695 0.055149 0.142469
v 0.135902 0.054318 0.129464
v 0.170555 0.110586 0.058866
v 0.173601 0.123168 0.058560
v 0.173170 0.155505 0.062614
v 0.169842 0.135019 0.066372
v 0.174033 -0.135767 0.024792
v 0.171715 -0.142684 0.051919
v 0.132673 -0.171096 0.118145
v 0.114511 -0.180530 0.135712
v 0.160115 0.079846 -0.022297
v 0.166787 0.081740 -0.000083
v 0.168757 0.080803 0.003920
v 0.164449 0.077425 -0.018368
v 0.064329 0.078888 0.163067
v 0.075589 0.058170 0.162638
v 0.085782 0.071677 0.162614
v 0.077486 0.088217 0.161636
v 0.135628 0.037867 0.124306
v 0.125306 0.038819 0.137545
v 0.137500 0.024728 0.114134
v 0.048878 0.065154 0.162128
v 0.065282 0.038965 0.161723
v 0.057501 0.187335 0.090140
v 0.056397 0.171810 0.103745
v 0.058371 0.203780 0.077492
v 0.057684 0.220045 0.066196
v 0.040308 0.214863 0.071430
v 0.040563 0.198718 0.081452
v 0.056545 0.235855 0.056681
v 0.040407 0.229969 0.063046
v 0.049166 0.259722 0.044731
v 0.045369 0.269035 0.040173
v 0.167898 0.121167 0.069411
v 0.165084 0.109914 0.072931
v 0.148029 -0.161968 0.097328
v 0.112018 0.222477 -0.100518
v 0.128711 0.225082 -0.094952
v 0.127571 0.206319 -0.099202
v 0.112586 0.202163 -0.103997
v 0.121529 0.279351 0.019738
v 0.117565 0.292267 -0.006189
v 0.159869 0.136543 -0.077244
v 0.159465 0.125159 -0.073506
v 0.160679 0.116669 -0.075127
v 0.161151 0.132298 -0.081609
v 0.157183 0.100116 -0.055103
v 0.156203 0.112955 -0.062670
v 0.156990 0.111267 -0.063821
v 0.156350 0.099830 -0.057474
v 0.166451 -0.111801 -0.004377
v 0.164466 -0.092068 -0.008037
v 0.141954 0.039773 -0.072502
v 0.150207 0.049874 -0.068485
v 0.157795 0.037555 -0.054161
v 0.154116 0.026253 -0.055003
v 0.020020 0.199388 -0.105848
v 0.040553 0.203006 -0.107400
v 0.040717 0.184768 -0.110782
v 0.020338 0.181508 -0.109380
v 0.075786 0.232588 -0.103281
v 0.057977 0.225825 -0.103118
v 0.054979 0.244098 -0.098016
v 0.073185 0.250744 -0.097212
v 0.094503 0.218111 -0.105524
v 0.096396 0.197189 -0.109064
v 0.163541 0.038083 -0.034169
v 0.162867 0.046991 -0.033590
v 0.161659 0.060940 -0.031905
v 0.161747 0.065992 -0.031961
v 0.165848 0.063709 -0.011935
v 0.164400 0.057523 -0.012569
v 0.080828 0.304819 -0.008872
v 0.084674 0.303186 -0.024754
v 0.075299 0.310213 -0.021865
v 0.047515 0.306976 -0.057459
v 0.054718 0.308726 -0.051577
v 0.056099 0.302654 -0.058001
v 0.045365 0.300403 -0.063344
v 0.047193 0.111040 -0.117804
v 0.052751 0.088875 -0.115454
v 0.025554 0.090709 -0.116435
v 0.023954 0.110567 -0.117894
v 0.160728 0.079700 -0.048268
v 0.160306 0.090356 -0.059852
v 0.159585 0.098160 -0.060067
v 0.159804 0.086182 -0.049196
v 0.160660 0.084700 -0.059886
v 0.160357 0.073708 -0.047762
v 0.160220 0.068680 -0.047272
v 0.160529 0.078901 -0.059200
v 0.157061 0.057105 -0.064444
v 0.159139 0.066710 -0.063140
v 0.161479 0.056617 -0.049138
v 0.161482 0.047294 -0.051977
v 0.028804 0.025157 -0.108578
v 0.027549 0.048260 -0.111002
v 0.052412 0.046352 -0.109157
v 0.053314 0.023062 -0.105269
v 0.170115 0.100716 0.031248
v 0.168876 0.089583 0.024808
v 0.174706 0.102560 0.041121
v 0.174125 0.114427 0.047278
v 0.168067 0.129066 -0.074830
v 0.173288 0.136472 -0.078348
v 0.177253 0.127402 -0.080181
v 0.171748 0.122341 -0.077626
v 0.165225 0.067926 -0.003976
v 0.163247 0.057717 -0.011329
v 0.168990 0.063265 0.009315
v 0.168226 0.076084 0.017167
v 0.128235 0.292581 -0.034031
v 0.111210 0.295631 -0.032179
v 0.133904 0.292047 -0.006635
v 0.159746 0.077382 -0.037915
v 0.157074 0.085620 -0.051797
v 0.159565 0.079427 -0.055886
v 0.158271 0.071514 -0.043144
v 0.255854 0.062148 0.021295
v 0.246102 0.081544 0.020847
v 0.165477 0.048730 -0.033633
v 0.160195 0.057976 -0.031109
v 0.162554 0.063836 -0.046265
v 0.169702 0.052993 -0.047991
v 0.150291 0.012755 -0.052985
v 0.136955 0.024816 -0.071395
v 0.144231 -0.101161 -0.048462
v 0.140313 -0.078934 -0.052276
v 0.153672 -0.084782 -0.032276
v 0.155771 -0.106060 -0.027855
v 0.169191 -0.131671 -0.000933
v 0.149999 -0.122737 -0.046544
v 0.161529 -0.126421 -0.025927
v 0.068392 0.318203 -0.019498
v 0.060833 0.321701 -0.030010
v 0.193927 -0.236313 0.007274
v 0.194158 -0.237059 0.037020
v 0.196346 -0.256167 0.029829
v 0.193681 -0.258409 0.001597
v 0.034907 0.319600 -0.058839
v 0.048111 0.324145 -0.044906
v 0.191609 -0.214947 0.007850
v 0.191650 -0.220422 0.035942
v 0.073639 0.312354 -0.007545
v 0.075150 0.302907 0.004386
v 0.189942 -0.245180 0.058154
v 0.192939 -0.265084 0.054955
v 0.177628 -0.153650 0.029043
v 0.175160 -0.148700 0.001578
v 0.041287 -0.233914 -0.116164
v 0.044335 -0.213519 -0.111213
v 0.079591 -0.213028 -0.108401
v 0.076202 -0.231069 -0.113763
v 0.166300 -0.145954 -0.022752
v 0.155066 -0.143012 -0.045091
v 0.173741 -0.160007 0.055095
v 0.093575 -0.188914 0.148954
v 0.096360 -0.212286 0.149130
v 0.117524 -0.203189 0.135332
v 0.024833 -0.211154 0.174806
v 0.023954 -0.234076 0.171065
v 0.049654 -0.228868 0.167113
v 0.048652 -0.204060 0.169205
v 0.044226 -0.299026 0.149469
v 0.026796 -0.300181 0.151187
v 0.180685 -0.254229 0.081067
v 0.177617 -0.239199 0.083548
v 0.162809 -0.249222 0.104019
v 0.164054 -0.265300 0.102903
v 0.136978 -0.141278 -0.062557
v 0.131697 -0.119873 -0.064155
v 0.110708 -0.116760 -0.074534
v 0.107449 -0.092046 -0.076609
v 0.126947 -0.096632 -0.065192
v 0.100926 0.051023 -0.097299
v 0.104985 0.069902 -0.100354
v 0.124021 0.054700 -0.087462
v 0.120266 0.038010 -0.084605
v 0.059706 0.207266 -0.108739
v 0.060491 0.188287 -0.112304
v 0.123546 -0.287046 0.128157
v 0.047250 -0.176745 0.169562
v 0.025018 -0.184947 0.175402
v 0.091192 -0.164261 0.148526
v 0.069202 -0.170207 0.160521
v 0.071519 -0.197042 0.160868
v 0.051477 -0.066757 0.163870
v 0.046545 -0.092893 0.166811
v 0.072719 -0.090617 0.158491
v 0.077061 -0.064972 0.155701
v 0.082451 -0.039839 0.153971
v 0.055964 -0.040984 0.161189
v 0.064292 0.010685 0.158393
v 0.093098 0.007318 0.151568
v 0.089827 0.027758 0.157303
v 0.039837 0.182616 0.094031
v 0.039424 0.166397 0.107706
v 0.184466 -0.269889 0.078510
v 0.187110 -0.228699 0.060930
v 0.160632 -0.151924 0.075214
v 0.164728 -0.168661 0.079368
v 0.156310 0.017947 0.056821
v 0.153076 -0.004701 0.048243
v 0.092447 0.082488 0.160165
v 0.089465 0.095194 0.157778
v 0.135689 -0.055940 -0.054992
v 0.148599 -0.064198 -0.035933
v 0.151779 0.047066 0.098337
v 0.143905 0.042068 0.111753
v 0.147271 0.027877 0.097407
v 0.155127 0.033721 0.081419
v 0.160265 0.041569 0.068571
v 0.158096 0.054574 0.086762
v 0.164268 0.051388 0.058973
v 0.162088 0.064651 0.076943
v 0.171369 0.095719 0.045425
v 0.173004 0.102739 0.044071
v 0.034599 0.006471 0.158720
v 0.031124 -0.018816 0.161015
v 0.059553 -0.015584 0.159069
v 0.073357 -0.221489 0.159558
v 0.099407 -0.291478 0.137274
v 0.075553 -0.294570 0.143868
v 0.077090 0.017997 -0.099653
v 0.076753 0.041368 -0.103846
v 0.020092 0.216851 -0.103131
v 0.039846 0.221136 -0.102662
v 0.036009 0.255667 -0.092889
v 0.019351 0.251920 -0.093779
v 0.018126 0.267155 -0.087510
v 0.033608 0.270972 -0.086276
v 0.018986 0.319566 -0.063721
v 0.188717 0.025608 -0.050046
v 0.179687 0.039828 -0.049471
v 0.188726 0.042424 -0.059767
v 0.197941 0.024438 -0.059166
v 0.074879 0.110656 -0.115040
v 0.081867 0.086064 -0.110320
v 0.079837 0.295354 0.006756
v 0.168177 0.283149 -0.002424
v 0.150943 0.289369 -0.004822
v 0.154748 0.279094 0.020124
v 0.167399 0.271407 0.024089
v 0.145851 0.241363 -0.081896
v 0.130647 0.243230 -0.087202
v 0.133874 0.261105 -0.075651
v 0.149803 0.257532 -0.069446
v 0.072209 -0.249471 -0.117443
v 0.038324 -0.253352 -0.119336
v 0.057009 -0.054474 -0.093518
v 0.055221 -0.027503 -0.096505
v 0.078715 -0.033012 -0.091012
v 0.081637 -0.060000 -0.087921
v 0.103142 0.097053 -0.104738
v 0.120282 0.078411 -0.094564
v 0.043216 0.093196 0.158030
v 0.058831 0.101131 0.157349
v 0.056014 0.121016 0.146227
v 0.040208 0.115973 0.148734
v 0.199137 0.078013 -0.073895
v 0.190479 0.061235 -0.068265
v 0.176440 0.076437 -0.066940
v 0.179212 0.087687 -0.073223
v 0.158173 -0.032013 -0.024391
v 0.158474 -0.052705 -0.019144
v 0.147680 -0.042558 -0.040991
v 0.147524 -0.022125 -0.046960
v 0.159121 0.016957 -0.032839
v 0.156680 0.003834 -0.031386
v 0.161820 0.028500 -0.034070
v 0.158080 0.087600 -0.042954
v 0.159748 0.082435 -0.037977
v 0.158531 0.094337 -0.052054
v 0.161630 0.066724 -0.026285
v 0.159911 0.075101 -0.017815
v 0.166516 0.068274 -0.013756
v 0.164803 0.072279 -0.015189
v 0.169945 0.076585 0.006221
v 0.170288 0.072575 0.008597
v 0.162363 0.070937 -0.033432
v 0.160661 0.076278 -0.034469
v 0.154924 0.183992 0.074730
v 0.155318 0.204462 0.065516
v 0.143202 0.215796 0.066839
v 0.142970 0.192788 0.078571
v 0.128454 0.195852 0.083093
v 0.128697 0.215958 0.070900
v 0.112443 0.216408 0.072181
v 0.112221 0.197120 0.085366
v 0.081262 0.268013 0.028749
v 0.068341 0.256202 0.041251
v 0.053090 0.248608 0.049972
v 0.038184 0.242948 0.055700
v 0.021233 0.309004 -0.065622
v 0.037668 0.309708 -0.060411
v 0.033218 0.298040 -0.068946
v 0.018468 0.295887 -0.072967
v 0.003511 0.292961 -0.076413
v 0.004780 0.306182 -0.069761
v 0.034213 0.264710 0.046137
v 0.268724 0.065460 0.010120
v 0.259728 0.086099 0.009788
v 0.275095 0.068017 -0.008224
v 0.265164 0.085874 -0.006041
v 0.134400 0.258290 0.041108
v 0.150489 0.260327 0.039149
v 0.139115 0.279872 0.020506
v 0.161583 -0.086708 0.038783
v 0.155211 -0.093608 0.062996
v -0.004808 -0.073143 0.168841
v -0.006167 -0.094885 0.171620
v 0.017573 -0.097736 0.170197
v 0.022876 -0.068417 0.168185
v 0.004159 0.000141 0.158088
v 0.001202 -0.023711 0.161266
v 0.044779 -0.148716 0.168596
v 0.044119 -0.120142 0.168357
v 0.018038 -0.127373 0.171843
v 0.020509 -0.156898 0.175061
v 0.008775 -0.185427 0.178210
v 0.007926 -0.198450 0.177805
v 0.210055 0.127116 0.035734
v 0.224444 0.142052 0.026393
v 0.218400 0.162239 0.028391
v 0.204691 0.145668 0.038982
v 0.090775 -0.138419 0.147881
v 0.068578 -0.143025 0.160499
v 0.169585 0.102924 0.061234
v 0.170513 0.087551 0.046901
v 0.035352 0.034272 0.159921
v 0.073374 0.106270 0.154270
v 0.072565 0.123736 0.143701
v 0.089042 0.110062 0.149787
v 0.089067 0.126049 0.139492
v 0.207966 0.164169 -0.071468
v 0.202556 0.154818 -0.075786
v 0.193838 0.165064 -0.079121
v 0.199895 0.175047 -0.074433
v 0.273812 0.066097 -0.022538
v 0.270253 0.062000 -0.035701
v 0.258741 0.080091 -0.040683
v 0.262626 0.087948 -0.024844
v 0.165886 0.047286 -0.016141
v 0.172741 0.036855 -0.020221
v 0.177583 0.038232 -0.001872
v 0.171893 0.050068 0.003176
v 0.180263 0.025348 -0.024620
v 0.174223 0.037856 -0.036519
v 0.182964 0.026231 -0.039539
v 0.212663 0.026823 -0.066623
v 0.199916 0.043573 -0.066279
v 0.214032 0.053440 -0.071736
v 0.227581 0.034292 -0.068587
v 0.258531 0.055106 -0.052597
v 0.242794 0.043343 -0.065111
v 0.236738 0.062905 -0.067405
v 0.252095 0.071997 -0.053160
v 0.210248 0.037006 0.020676
v 0.204278 0.051810 0.023244
v 0.189479 0.043535 0.013888
v 0.194033 0.029557 0.010320
v 0.235800 0.154202 0.011164
v 0.229067 0.176089 0.012810
v 0.174262 0.125087 0.055079
v 0.173652 0.123423 0.052459
v 0.179210 0.141806 0.057727
v 0.176456 0.149301 0.059458
v 0.237111 0.103388 0.022470
v 0.250000 0.105699 0.011472
v 0.241912 0.129719 0.011506
v 0.228364 0.121626 0.025492
v 0.197328 0.067504 0.027168
v 0.189837 0.084148 0.031887
v 0.178746 0.071995 0.025248
v 0.183572 0.057644 0.018517
v 0.167184 0.070508 -0.057186
v 0.177276 0.057249 -0.059492
v 0.191667 0.129565 0.045164
v 0.196884 0.113092 0.039372
v 0.168968 0.093246 0.061253
v 0.169155 0.066959 0.010158
v 0.168913 0.059204 0.009128
v 0.145095 0.058059 0.117303
v 0.144834 0.072755 0.119560
v 0.169361 0.049228 0.032338
v 0.165831 0.039260 0.037028
v 0.149329 0.073132 0.110897
v 0.150764 0.061955 0.105869
v 0.109450 -0.015900 0.139498
v 0.035257 0.253950 0.050390
v 0.203420 0.095813 0.034712
v 0.216611 0.107911 0.032505
v 0.168885 0.097627 -0.070998
v 0.164763 0.088141 -0.064569
v 0.158320 0.095853 -0.060673
v 0.161446 0.105907 -0.066783
v 0.136147 0.109437 -0.092442
v 0.146012 0.092379 -0.084895
v 0.133835 0.087281 -0.089373
v 0.121291 0.102785 -0.098150
v 0.220851 0.173708 -0.055316
v 0.215068 0.187252 -0.056921
v 0.222786 0.189894 -0.043248
v 0.228951 0.172807 -0.042762
v 0.228526 0.189425 -0.026832
v 0.232300 0.184412 -0.007579
v 0.239128 0.162716 -0.008655
v 0.235151 0.168617 -0.026765
v 0.136122 -0.192037 0.118900
v 0.151974 -0.180341 0.099930
v 0.123995 -0.273284 0.129786
v 0.133124 -0.106432 0.109732
v 0.114811 -0.109746 0.129218
v 0.136550 -0.058943 0.103385
v 0.134615 -0.082882 0.106113
v 0.147335 -0.077150 0.083363
v 0.146942 -0.055302 0.078780
v 0.157663 -0.044733 0.027866
v 0.159934 -0.065339 0.033257
v 0.161720 -0.060265 0.007007
v 0.160535 -0.039172 0.001574
v 0.160593 -0.073265 -0.013997
v 0.166377 -0.079648 0.012267
v 0.099092 -0.013533 -0.086601
v 0.098484 0.010661 -0.090488
v 0.116581 0.001482 -0.078842
v 0.117617 -0.022794 -0.074449
v 0.166875 0.079034 0.004306
v 0.160617 0.109163 -0.077967
v 0.158519 0.123851 -0.084566
v 0.246673 0.139294 -0.009767
v 0.242014 0.147205 -0.028704
v 0.186151 0.100712 0.039582
v 0.213329 0.180839 0.031061
v 0.196369 0.179451 0.044157
v 0.200647 0.162959 0.041865
v 0.146107 -0.276046 0.117061
v 0.166611 -0.281856 0.102606
v 0.116753 0.257335 0.040758
v 0.172113 0.082451 0.029208
v 0.172163 0.087755 0.027283
v 0.183377 0.116032 0.046741
v 0.240076 0.088821 -0.060666
v 0.246986 0.101893 -0.048473
v 0.175481 0.087942 0.033514
v 0.173075 0.107473 0.042334
v 0.171330 0.107047 0.038080
v 0.197285 0.008421 -0.050776
v 0.207319 0.008385 -0.058404
v 0.190570 0.010364 -0.041336
v 0.186683 0.011838 -0.029757
v 0.213780 0.022373 0.017968
v 0.198982 0.016825 0.008362
v 0.230978 0.034776 0.023750
v 0.251475 0.038785 0.026007
v 0.282719 0.051557 0.006410
v 0.286192 0.052393 -0.007114
v 0.284834 0.051245 -0.020278
v 0.264471 0.044287 -0.051939
v 0.280280 0.049404 -0.032821
v 0.252593 0.038037 -0.061455
v 0.266775 0.045358 0.022919
v 0.224745 0.013409 -0.065861
v 0.237640 0.020417 -0.066565
v 0.189763 0.014259 -0.007048
v 0.183745 0.026764 -0.005714
v 0.019625 0.234689 -0.099074
v 0.000745 0.212497 -0.104924
v 0.001200 0.230048 -0.101513
v 0.161596 0.029042 0.044375
v 0.139366 0.008895 0.100532
v 0.148740 0.011756 0.079702
v 0.170650 0.075318 0.029824
v 0.170665 0.067006 0.029220
v 0.168407 0.092318 0.020012
v 0.171474 0.091960 0.024046
v 0.168486 0.057753 0.050922
v 0.005789 -0.170606 0.177977
v -0.006552 -0.200775 0.177256
v -0.005825 -0.216746 0.174880
v 0.065513 -0.134670 -0.089932
v 0.071951 -0.155398 -0.092288
v 0.038977 -0.152730 -0.094530
v 0.035021 -0.131536 -0.092669
v 0.004749 -0.166267 -0.099127
v 0.003486 -0.145956 -0.095579
v 0.043518 -0.173895 -0.099662
v 0.174095 -0.220438 -0.046002
v 0.169957 -0.199497 -0.045501
v 0.183867 -0.197395 -0.019652
v 0.185780 -0.218451 -0.020693
v 0.186218 -0.182785 0.004665
v 0.189847 -0.198082 0.009474
v 0.180275 -0.178133 -0.020262
v 0.185942 -0.187582 0.033608
v 0.189188 -0.204222 0.035714
v 0.180855 -0.194255 0.059677
v 0.184074 -0.212331 0.060804
v 0.175105 -0.223195 0.084287
v 0.160342 -0.234282 0.103754
v 0.144134 -0.261185 0.119120
v 0.143222 -0.246019 0.120225
v 0.122858 -0.258955 0.131924
v 0.101692 -0.270366 0.141165
v 0.078754 -0.278597 0.147506
v 0.051591 -0.283360 0.152231
v 0.024765 -0.286504 0.156023
v -0.002790 -0.288455 0.155322
v 0.003983 -0.300789 0.151222
v 0.113606 0.236231 0.057786
v 0.075696 0.305219 -0.039589
v 0.096781 0.298088 -0.027795
v 0.086352 0.299497 -0.045899
v 0.112578 0.242341 -0.093720
v 0.094063 0.238055 -0.100365
v 0.093721 0.257454 -0.092000
v 0.114203 0.261903 -0.082955
v 0.066733 0.304128 -0.050591
v 0.060724 0.309151 -0.045663
v 0.073741 0.297280 -0.059930
v 0.060977 0.294559 -0.066725
v 0.046436 0.290817 -0.072452
v 0.163472 0.282756 -0.029361
v 0.178369 0.273607 -0.024301
v 0.169850 0.265329 -0.047310
v 0.156360 0.271852 -0.053080
v 0.143463 0.225571 -0.090003
v 0.156622 0.223968 -0.086657
v 0.154504 0.208298 -0.092643
v 0.141883 0.207653 -0.094248
v 0.208792 0.237131 -0.010647
v 0.217144 0.221364 -0.008693
v 0.211892 0.223172 -0.029614
v 0.203052 0.236316 -0.031726
v 0.158710 0.238784 -0.077615
v 0.094316 0.116848 -0.110239
v 0.111564 0.119484 -0.104265
v 0.126982 0.123679 -0.098641
v 0.156528 0.140085 -0.090851
v 0.153922 0.117186 -0.087540
v 0.149935 0.134530 -0.092866
v 0.161694 0.148873 -0.088072
v 0.161599 0.148078 -0.081640
v 0.192010 0.195625 0.045348
v 0.181520 0.172344 0.054375
v 0.185085 0.160348 0.053124
v 0.160693 0.142849 -0.073038
v 0.158161 0.133828 -0.070134
v 0.158363 0.135497 -0.072468
v 0.159822 0.145216 -0.075641
v 0.145500 0.288277 -0.033102
v 0.203661 0.220812 -0.046317
v 0.199134 0.211021 -0.060419
v 0.190245 0.222187 -0.062218
v 0.195598 0.231906 -0.047362
v 0.191253 0.204616 -0.071389
v 0.184908 0.196480 -0.079148
v 0.178198 0.201142 -0.082074
v 0.184023 0.212135 -0.075323
v 0.163760 0.152047 -0.075373
v 0.162072 0.156068 -0.079067
v 0.223101 0.195370 0.013898
v 0.193119 0.259149 0.006361
v 0.182191 0.271988 0.001841
v 0.179279 0.259414 0.026084
v 0.189367 0.246303 0.027964
v 0.166686 0.087489 0.012972
v 0.162476 0.080060 -0.009044
v 0.157151 0.080750 -0.030831
v 0.157343 0.108638 -0.061468
v 0.158527 0.088245 -0.047836
v 0.181283 0.130069 0.053131
v 0.188225 0.145700 0.049732
v 0.173237 0.239046 0.042778
v 0.180670 0.226287 0.043513
v 0.225293 0.203488 -0.007897
v 0.221248 0.206834 -0.028144
v 0.164488 0.121513 -0.072166
v 0.160210 0.128512 -0.069778
v 0.163438 0.136980 -0.072446
v 0.159878 0.111481 -0.068160
v 0.156926 0.122700 -0.068934
v 0.190842 0.262273 -0.018938
v 0.206567 0.198930 -0.060153
v 0.212787 0.205763 -0.046240
v 0.174340 0.218052 -0.078835
v 0.166973 0.221682 -0.083180
v 0.170519 0.234697 -0.073437
v 0.179675 0.229459 -0.067433
v 0.185763 0.175478 -0.080441
v 0.192458 0.187192 -0.075958
v 0.164259 0.207258 -0.090193
v 0.169283 0.205204 -0.085207
v 0.168579 0.145429 -0.075452
v 0.163301 0.250594 0.041320
v 0.146136 0.237426 0.053849
v 0.158913 0.227792 0.054684
v 0.167825 0.216006 0.055286
v 0.174475 0.202052 0.055931
v 0.178754 0.185233 0.055333
v 0.130785 0.236065 0.056779
v 0.163385 0.114330 -0.070877
v 0.169755 0.115081 -0.076040
v 0.169082 0.106528 -0.073415
v 0.222714 0.081885 -0.071638
v 0.023540 0.210392 0.075628
v 0.023018 0.194104 0.086101
v 0.224401 0.088587 0.028970
v 0.211020 0.077760 0.030785
v 0.254993 0.110454 -0.007583
v 0.249860 0.119378 -0.033064
v 0.069251 -0.116040 0.159748
v 0.133405 -0.032499 -0.058542
v 0.132343 -0.010212 -0.063402
v 0.054855 -0.001378 -0.100916
v 0.076849 -0.006424 -0.095220
v 0.153301 -0.050232 0.053887
v 0.152971 -0.072051 0.058237
v 0.121203 -0.061967 0.124068
v 0.117637 -0.086477 0.125373
v 0.146599 -0.100124 0.087122
v 0.104257 -0.065851 -0.079243
v 0.101210 -0.040169 -0.083191
v 0.119864 -0.047295 -0.070588
v 0.123298 -0.072010 -0.067737
v 0.030868 -0.024091 -0.101230
v 0.029964 0.001046 -0.105101
v 0.156779 -0.025165 0.023845
v 0.159076 -0.019880 -0.003245
v 0.147945 -0.002675 -0.050301
v 0.133913 0.008962 -0.067822
v 0.098880 0.032559 -0.094566
v 0.117657 0.021991 -0.082254
v 0.105541 -0.039177 0.139527
v 0.085811 -0.014701 0.152081
v 0.153728 -0.027821 0.050961
v 0.027313 -0.043456 0.163538
v 0.049559 0.067367 -0.112285
v 0.075791 0.064278 -0.107833
v 0.157721 -0.012229 -0.028957
v 0.039189 0.150603 0.122861
v 0.039466 0.134488 0.136350
v 0.055900 0.137580 0.133273
v 0.055859 0.154388 0.118528
v 0.072639 0.140542 0.129618
v 0.089713 0.142696 0.126303
v 0.105815 0.143426 0.121401
v 0.144762 0.133219 0.101038
v 0.133904 0.138601 0.109879
v 0.158977 0.113933 0.083976
v 0.152547 0.124931 0.093478
v 0.164476 0.098946 0.074813
v 0.168318 0.084165 0.063916
v 0.169357 0.067630 0.048682
v 0.170386 0.077187 0.046366
v 0.165674 0.072872 0.067879
v 0.161034 0.091887 0.081331
v 0.155863 0.105674 0.091214
v 0.026441 0.086388 0.157951
v 0.027360 0.061505 0.159780
v 0.023086 0.225034 0.066361
v 0.032390 0.286152 -0.077536
v 0.017288 0.282596 -0.080510
v 0.001928 0.264100 -0.090307
v 0.002860 0.278743 -0.083717
v 0.099068 0.293455 -0.054323
v 0.082690 0.289443 -0.068937
v 0.065381 0.283825 -0.078251
v 0.048105 0.276764 -0.083095
v 0.146367 -0.009171 0.076094
v 0.038817 0.238655 -0.098480
v 0.052068 0.261525 -0.092019
v 0.069785 0.268303 -0.089558
v 0.090569 0.276576 -0.079590
v 0.117678 0.282745 -0.062692
v 0.139025 0.277655 -0.057158
v 0.163607 0.252760 -0.064980
v 0.175708 0.247142 -0.058913
v 0.183226 0.256942 -0.041193
v 0.193861 0.246866 -0.035237
v 0.186384 0.239091 -0.052696
v 0.234372 0.154695 -0.044116
v 0.237551 0.136460 -0.048594
v 0.235300 0.120136 -0.057037
v 0.228376 0.105484 -0.066100
v 0.211180 0.099344 -0.074189
v 0.194440 0.096879 -0.076677
v 0.179809 0.099831 -0.075970
v 0.159302 0.119556 -0.068254
v 0.157026 0.124969 -0.067181
v 0.160945 0.102643 -0.068579
v 0.160460 0.096152 -0.069000
v 0.147038 0.070460 -0.077817
v 0.154619 0.077701 -0.073371
v 0.135406 0.063218 -0.082502
v 0.132071 -0.182097 -0.077358
v 0.125310 -0.161491 -0.075266
v 0.146217 -0.161365 -0.059107
v 0.148697 -0.180741 -0.063616
v 0.032990 -0.106668 -0.093735
v 0.060951 -0.109760 -0.089955
v 0.182344 -0.170628 0.031634
v 0.180489 -0.166087 0.003441
v 0.173964 -0.162970 -0.021891
v 0.162229 -0.160592 -0.041653
v 0.177160 -0.176714 0.058010
v 0.097949 -0.233857 0.148094
v 0.119670 -0.222932 0.135441
v 0.023931 -0.254859 0.166185
v 0.050398 -0.250638 0.162840
v 0.168307 -0.186372 0.081405
v 0.075221 -0.242712 0.156664
v 0.138718 -0.211369 0.120621
v 0.154884 -0.198958 0.102661
v 0.115901 -0.138262 -0.074800
v 0.092770 -0.135754 -0.084074
v 0.086814 -0.113412 -0.083060
v 0.043217 0.130561 -0.118080
v 0.065882 0.131907 -0.117700
v 0.085641 0.132475 -0.114291
v 0.099600 0.156067 -0.110020
v 0.116479 0.160823 -0.105121
v 0.120049 0.140903 -0.102754
v 0.101020 0.137475 -0.108574
v 0.143835 0.170436 -0.095608
v 0.153467 0.174923 -0.094210
v 0.154264 0.157971 -0.093408
v 0.146705 0.152401 -0.094171
v 0.161553 0.163564 -0.091829
v 0.162407 0.164855 -0.086398
v 0.165163 0.165751 -0.080656
v 0.168325 0.161618 -0.078671
v 0.179790 0.185900 -0.081417
v 0.172173 0.189309 -0.083537
v 0.142433 0.189238 -0.095356
v 0.128515 0.185999 -0.100494
v 0.040693 0.166419 -0.113981
v 0.020047 0.163049 -0.112430
v 0.170686 0.057926 0.029825
v 0.169088 0.050467 0.008286
v 0.164750 0.049745 -0.013454
v 0.161511 0.054572 -0.032506
v 0.160121 0.062634 -0.048090
v 0.160426 0.073045 -0.060485
v 0.158519 0.084645 -0.071859
v 0.159513 0.090819 -0.070480
v 0.154489 0.096456 -0.080869
v 0.158249 0.102590 -0.079982
v 0.148391 0.110013 -0.088731
v 0.140233 0.128378 -0.094033
v 0.134454 0.146935 -0.096661
v 0.130933 0.166286 -0.099310
v 0.097019 0.176247 -0.109645
v 0.114394 0.180948 -0.105724
v 0.078500 0.192838 -0.112485
v 0.077766 0.212999 -0.107805
v 0.081298 0.151189 -0.115740
v 0.079592 0.172126 -0.114877
v 0.065216 0.313281 -0.035391
v 0.051813 0.315828 -0.047070
v 0.185352 0.120184 -0.080308
v 0.190179 0.110240 -0.078160
v 0.178302 0.110506 -0.078170
v 0.176980 0.118531 -0.079656
v 0.202704 0.111587 -0.077044
v 0.205635 0.134278 -0.075534
v 0.216184 0.120519 -0.071864
v 0.197057 0.124058 -0.077936
v 0.223970 0.133684 -0.065117
v 0.212287 0.144982 -0.071243
v 0.226378 0.146324 -0.059735
v 0.216259 0.155020 -0.066464
v 0.217667 0.162909 -0.062997
v 0.225676 0.160182 -0.055902
v 0.198950 0.195686 -0.068813
v 0.205822 0.184051 -0.067711
v 0.212493 0.172700 -0.065156
v 0.173675 0.154179 -0.078413
v 0.180169 0.145126 -0.080015
v 0.188243 0.134616 -0.079735
v 0.196419 0.144903 -0.078736
v 0.187596 0.154768 -0.080233
v 0.179530 0.164174 -0.081048
v 0.037804 0.148403 -0.115959
v 0.059160 0.150239 -0.116925
v 0.161590 0.177515 -0.093134
v 0.164221 0.179394 -0.088074
v 0.166808 0.177541 -0.083695
v 0.173314 0.173736 -0.081100
v 0.165276 0.191838 -0.087213
v 0.162562 0.192167 -0.092331
v 0.153907 0.191727 -0.093595
v 0.060680 0.169181 -0.115327
v 0.017362 0.146390 -0.115404
v 0.187468 0.210724 0.044339
v 0.196570 0.231707 0.029691
v 0.202118 0.244915 0.008967
v 0.200705 0.250195 -0.014143
v 0.006101 0.317870 -0.065605
v 0.002847 0.092870 -0.116197
v 0.001966 0.112693 -0.118570
v 0.005619 0.028966 -0.109619
v 0.004486 0.051554 -0.111540
v 0.057533 -0.082173 -0.090641
v 0.032323 -0.078329 -0.096174
v 0.031658 -0.051029 -0.098728
v 0.003041 -0.125950 -0.094921
v 0.004110 -0.101545 -0.096179
v 0.006680 -0.045480 -0.101096
v 0.007293 -0.018171 -0.103237
v 0.026652 0.069850 -0.113129
v 0.021517 0.129831 -0.117360
v 0.001062 0.146046 -0.114793
v 0.000402 0.160105 -0.112534
v 0.000301 0.177261 -0.110576
v 0.118063 0.109231 0.138318
v 0.118635 0.125943 0.127635
v 0.104854 0.126990 0.134232
v 0.104579 0.110967 0.145123
v 0.139304 0.104846 0.119790
v 0.140782 0.119874 0.110872
v 0.130661 0.123586 0.120082
v 0.129071 0.107143 0.129937
v 0.149902 0.112603 0.101282
v 0.147437 0.100431 0.109203
v 0.118283 0.092410 0.146494
v 0.128619 0.090990 0.136983
v 0.103574 0.092291 0.153506
v 0.145516 0.087151 0.116398
v 0.138543 0.089498 0.127021
v 0.021223 0.261869 0.050608
v 0.021210 0.250030 0.054631
v 0.023753 0.110259 0.150171
v 0.022175 0.159965 0.111701
v 0.022626 0.145481 0.126287
v 0.022478 0.176851 0.098022
v 0.022196 0.238547 0.060086
v 0.007714 0.206310 0.079264
v 0.007142 0.189149 0.089663
v 0.023001 0.129834 0.138766
v 0.007811 0.079232 0.156761
v 0.007127 0.052032 0.158169
v 0.007340 0.221236 0.070182
v 0.006460 0.025193 0.158160
v 0.186659 -0.264779 -0.025542
v 0.187325 -0.241241 -0.021678
v 0.176356 -0.242677 -0.046380
v 0.174449 -0.263506 -0.049455
v 0.080093 -0.178600 -0.095545
v 0.084179 -0.197405 -0.102002
v 0.052142 -0.195090 -0.104395
v 0.167025 -0.178678 -0.043475
v 0.153031 -0.199672 -0.066054
v 0.105604 -0.231513 -0.105390
v 0.131901 -0.233388 -0.090905
v 0.123748 -0.250721 -0.098447
v 0.099580 -0.249209 -0.110334
v 0.157730 -0.238119 -0.071562
v 0.157454 -0.219467 -0.067959
v 0.109229 -0.214371 -0.099672
v 0.134474 -0.216907 -0.085938
v 0.133542 -0.198968 -0.081691
v 0.148538 -0.253061 -0.079685
v 0.003480 -0.261132 -0.122117
v 0.108469 -0.196719 -0.094419
v 0.100189 -0.157071 -0.086577
v 0.109963 -0.179091 -0.086715
v 0.083325 -0.086345 -0.084513
v 0.100154 -0.252520 0.144319
v 0.121820 -0.242019 0.134169
v 0.024303 -0.271536 0.160706
v 0.051805 -0.268309 0.157848
v 0.172064 -0.205365 0.083599
v 0.077181 -0.261772 0.151809
v 0.140856 -0.229372 0.120572
v 0.157795 -0.217823 0.103840
v 0.005864 -0.217433 -0.112369
v 0.005958 -0.192758 -0.104849
v -0.002761 -0.272973 0.160225
v 0.005125 0.260279 0.052735
v 0.005584 0.246187 0.057905
v 0.006375 0.234597 0.063702
v 0.006177 0.005414 -0.106972
v 0.001722 0.247474 -0.096700
v 0.092999 -0.112892 0.145978
v 0.101992 -0.063614 0.141257
v 0.097331 -0.088379 0.144655
v 0.146669 -0.031671 0.076880
v 0.000494 0.194358 -0.107795
v 0.120876 0.142241 0.115828
v 0.004713 -0.240440 -0.117704
v 0.006362 0.170718 0.101897
v 0.006968 0.155130 0.115742
v 0.007000 0.140768 0.129927
v 0.007160 0.124513 0.141205
v -0.007592 -0.184878 0.177768
v -0.008315 -0.167339 0.177450
v 0.005554 -0.072866 -0.099217
v -0.003825 -0.239557 0.169972
v -0.008609 -0.148033 0.175041
v 0.003829 0.073022 -0.113665
v 0.007471 0.103736 0.150925
v -0.002868 -0.257076 0.164276
v 0.001463 0.131465 -0.116679
v -0.007921 -0.118042 0.172918
v -0.001435 -0.048606 0.164093
v -0.054981 0.266834 0.034918
v -0.055313 0.278640 0.028936
v -0.064804 0.289535 0.018309
v -0.068409 0.278753 0.020837
v -0.062679 0.241081 0.050796
v -0.086486 0.250715 0.040647
v -0.085559 0.228956 0.057665
v -0.064952 0.224128 0.062232
v -0.084103 0.209906 0.071609
v -0.064496 0.206417 0.074778
v -0.080574 0.156658 0.112776
v -0.061504 0.155497 0.116088
v -0.062694 0.172570 0.102375
v -0.082365 0.173966 0.099176
v -0.102573 0.071265 0.150354
v -0.095897 0.054017 0.151294
v -0.082028 0.057613 0.156186
v -0.089175 0.071557 0.155203
v -0.158393 0.167818 0.074865
v -0.159252 0.188791 0.065881
v -0.165377 0.172735 0.062647
v -0.163550 0.151482 0.070997
v -0.097333 0.290886 -0.006707
v -0.097632 0.274632 0.017263
v -0.083005 0.282549 0.009723
v -0.083790 0.295999 -0.008112
v -0.153847 0.079977 0.099633
v -0.149181 0.067917 0.107995
v -0.144639 0.080438 0.116011
v -0.148838 0.092830 0.107724
v -0.132011 -0.010001 0.101606
v -0.132377 -0.030619 0.098127
v -0.118491 -0.033900 0.117256
v -0.118940 -0.012191 0.121029
v -0.156883 0.010708 0.029111
v -0.158752 0.010905 -0.001528
v -0.157505 -0.001802 -0.002108
v -0.157239 -0.004790 0.022760
v -0.115214 0.155751 0.106473
v -0.099728 0.157394 0.110067
v -0.100906 0.174923 0.097536
v -0.117961 0.172879 0.094570
v -0.238761 0.053751 0.017133
v -0.222887 0.049028 0.018657
v -0.215723 0.062047 0.021849
v -0.229272 0.069488 0.019889
v -0.167347 -0.095144 0.025698
v -0.165512 -0.087452 0.000068
v -0.167086 -0.107433 0.003925
v -0.167452 -0.115432 0.030085
v -0.204821 0.199502 0.027323
v -0.198517 0.216054 0.027099
v -0.204653 0.231875 0.007789
v -0.212600 0.215711 0.008949
v -0.159567 0.124165 0.083590
v -0.153296 0.135773 0.090696
v -0.156743 0.150195 0.081885
v -0.161995 0.136204 0.077873
v -0.164180 0.033795 -0.002814
v -0.163303 0.035459 0.021862
v -0.166852 0.045277 0.018389
v -0.165762 0.043304 -0.004014
v -0.160067 0.023428 0.024977
v -0.160875 0.022155 -0.001445
v -0.143170 0.144440 0.097250
v -0.129991 0.150917 0.101270
v -0.133183 0.168121 0.090787
v -0.147736 0.161362 0.086518
v -0.095881 0.037916 0.148707
v -0.077324 0.042965 0.156174
v -0.162571 -0.124095 0.055927
v -0.153816 -0.133661 0.079028
v -0.151891 -0.112563 0.076155
v -0.161820 -0.103979 0.052260
v -0.103801 0.006363 0.138073
v -0.097586 0.023183 0.145012
v -0.114402 0.022246 0.132727
v -0.119817 0.007149 0.123221
v -0.138962 -0.142155 0.100688
v -0.119903 -0.149856 0.119685
v -0.119612 -0.127602 0.117725
v -0.138152 -0.119909 0.097601
v -0.083459 0.191674 0.086073
v -0.063938 0.189166 0.088594
v -0.125919 0.069570 0.136732
v -0.123547 0.051419 0.135412
v -0.109582 0.052646 0.144707
v -0.115049 0.069557 0.144548
v -0.168848 0.110220 0.062076
v -0.167819 0.131706 0.067959
v -0.169931 0.151853 0.061711
v -0.170588 0.120409 0.058779
v -0.170394 -0.126830 0.007772
v -0.170249 -0.134448 0.033683
v -0.139202 -0.164102 0.103541
v -0.121144 -0.174311 0.123571
v -0.158251 0.080989 -0.026940
v -0.163768 0.081187 -0.020221
v -0.166744 0.084092 0.002977
v -0.165376 0.085075 -0.004761
v -0.049927 0.076721 0.156815
v -0.064028 0.086591 0.156667
v -0.071321 0.069522 0.158286
v -0.060435 0.056075 0.157850
v -0.123649 0.035909 0.129552
v -0.128153 0.023519 0.120760
v -0.111409 0.036122 0.139509
v -0.034338 0.064135 0.156985
v -0.050652 0.038092 0.157396
v -0.044710 0.185043 0.091824
v -0.043827 0.169352 0.105548
v -0.044399 0.201600 0.079055
v -0.025943 0.197287 0.083956
v -0.025354 0.213329 0.073508
v -0.043965 0.218499 0.068005
v -0.025195 0.229269 0.065580
v -0.043519 0.234793 0.059971
v -0.039511 0.259217 0.045876
v -0.037503 0.271326 0.042377
v -0.164928 0.120468 0.072331
v -0.163549 0.111066 0.076957
v -0.154643 -0.153229 0.082734
v -0.107820 0.223548 -0.102628
v -0.107528 0.202663 -0.108005
v -0.124213 0.206187 -0.104384
v -0.125442 0.226109 -0.098815
v -0.114068 0.290849 -0.006160
v -0.117513 0.277129 0.019069
v -0.157900 0.138217 -0.083056
v -0.158271 0.131443 -0.086031
v -0.158292 0.114680 -0.076581
v -0.156712 0.124939 -0.077183
v -0.156152 0.101802 -0.057821
v -0.155246 0.101248 -0.060982
v -0.155247 0.113881 -0.069094
v -0.154253 0.115822 -0.066705
v -0.161909 -0.100318 -0.021522
v -0.157266 -0.082256 -0.025584
v -0.137014 0.034431 -0.070478
v -0.148197 0.021968 -0.049906
v -0.152712 0.032767 -0.046481
v -0.145903 0.043985 -0.064359
v -0.019111 0.199341 -0.107287
v -0.018881 0.180752 -0.109917
v -0.038284 0.184446 -0.110685
v -0.038125 0.203223 -0.107432
v -0.071567 0.234507 -0.103925
v -0.069817 0.252885 -0.097468
v -0.052478 0.246502 -0.098872
v -0.054297 0.228276 -0.103612
v -0.089798 0.219713 -0.106384
v -0.090666 0.198826 -0.111138
v -0.163855 0.046590 -0.024550
v -0.162304 0.036766 -0.024641
v -0.164287 0.059474 -0.023964
v -0.167510 0.058095 -0.005253
v -0.167719 0.062826 -0.006746
v -0.164742 0.064485 -0.025754
v -0.074697 0.305746 -0.010028
v -0.070593 0.311382 -0.022761
v -0.080493 0.303004 -0.024963
v -0.043894 0.306325 -0.058356
v -0.041116 0.300549 -0.064707
v -0.052125 0.301107 -0.059640
v -0.051134 0.307857 -0.053761
v -0.043049 0.109669 -0.117726
v -0.019273 0.109731 -0.117733
v -0.019649 0.089847 -0.116719
v -0.046683 0.087264 -0.115271
v -0.159444 0.075551 -0.045055
v -0.157670 0.084210 -0.049222
v -0.158095 0.095843 -0.060174
v -0.159166 0.085900 -0.056280
v -0.159737 0.078477 -0.055378
v -0.159237 0.072791 -0.053483
v -0.161605 0.064511 -0.040101
v -0.161523 0.069806 -0.041838
v -0.152219 0.051630 -0.058971
v -0.158190 0.043306 -0.043644
v -0.161280 0.052370 -0.041544
v -0.155870 0.060629 -0.057051
v -0.016781 0.025032 -0.108405
v -0.039475 0.022311 -0.106118
v -0.041494 0.045514 -0.109160
v -0.017389 0.048402 -0.110707
v -0.170828 0.100318 0.027566
v -0.173830 0.113974 0.041384
v -0.174785 0.101134 0.033825
v -0.167958 0.089499 0.017439
v -0.166827 0.132198 -0.082888
v -0.170729 0.125755 -0.083308
v -0.176861 0.131426 -0.085134
v -0.172802 0.139838 -0.086045
v -0.164215 0.069074 -0.010710
v -0.165621 0.076444 0.010736
v -0.168116 0.063885 0.004590
v -0.161387 0.058904 -0.016023
v -0.125858 0.292905 -0.034638
v -0.131537 0.291604 -0.006863
v -0.108383 0.295458 -0.031029
v -0.158095 0.077717 -0.043421
v -0.156493 0.073626 -0.047257
v -0.156925 0.081950 -0.059881
v -0.154957 0.087337 -0.056166
v -0.251471 0.061914 0.011632
v -0.241873 0.080404 0.013434
v -0.164332 0.049376 -0.035741
v -0.166695 0.053596 -0.049456
v -0.158886 0.064471 -0.048789
v -0.158691 0.059741 -0.034641
v -0.130592 0.020696 -0.071177
v -0.144051 0.009890 -0.051303
v -0.136877 -0.093908 -0.064732
v -0.153098 -0.096405 -0.046012
v -0.147708 -0.077207 -0.050373
v -0.132187 -0.073066 -0.068858
v -0.166173 -0.121102 -0.017431
v -0.140964 -0.114563 -0.059877
v -0.157808 -0.116276 -0.041626
v -0.056442 0.324090 -0.033407
v -0.063995 0.320639 -0.021666
v -0.188665 -0.227848 -0.001392
v -0.190432 -0.248601 -0.005391
v -0.191906 -0.246110 0.022532
v -0.190113 -0.229129 0.027094
v -0.032436 0.320793 -0.057952
v -0.047445 0.325313 -0.044834
v -0.188064 -0.213389 0.024610
v -0.185855 -0.207497 -0.004428
v -0.069308 0.314559 -0.009051
v -0.069661 0.305857 0.003174
v -0.186502 -0.253081 0.049910
v -0.185362 -0.235192 0.051111
v -0.171793 -0.139195 -0.013803
v -0.174621 -0.146036 0.011902
v -0.030547 -0.234144 -0.117065
v -0.062249 -0.231707 -0.115214
v -0.064933 -0.212733 -0.109993
v -0.032361 -0.213139 -0.111259
v -0.146041 -0.135257 -0.055174
v -0.163328 -0.136486 -0.037826
v -0.172983 -0.153117 0.037062
v -0.101993 -0.183925 0.141164
v -0.121299 -0.196006 0.125954
v -0.100675 -0.206376 0.141511
v -0.034805 -0.208197 0.171221
v -0.058546 -0.199959 0.164779
v -0.055827 -0.224354 0.162636
v -0.030933 -0.231820 0.168348
v -0.025594 -0.298262 0.149127
v -0.042657 -0.295407 0.146748
v -0.176321 -0.242009 0.074293
v -0.159839 -0.249533 0.096144
v -0.158861 -0.238297 0.096321
v -0.174563 -0.228153 0.074568
v -0.119407 -0.112680 -0.071460
v -0.125696 -0.135884 -0.069541
v -0.098650 -0.110736 -0.080930
v -0.114611 -0.090753 -0.075518
v -0.093198 -0.087107 -0.083831
v -0.094259 0.046033 -0.101819
v -0.114479 0.033112 -0.089245
v -0.119879 0.048493 -0.088969
v -0.099768 0.064528 -0.103215
v -0.057246 0.189024 -0.112840
v -0.055826 0.208270 -0.108975
v -0.111880 -0.277445 0.126639
v -0.038690 -0.182781 0.171542
v -0.059895 -0.173860 0.163443
v -0.081113 -0.192764 0.154508
v -0.080965 -0.165902 0.153180
v -0.101183 -0.158905 0.138543
v -0.053661 -0.065045 0.160961
v -0.077158 -0.063286 0.151332
v -0.077560 -0.086386 0.151594
v -0.054830 -0.090017 0.161715
v -0.052276 -0.040435 0.158626
v -0.077251 -0.038210 0.150625
v -0.052080 0.011898 0.154819
v -0.075906 0.027400 0.153675
v -0.081999 0.007839 0.149566
v -0.025660 0.180670 0.095103
v -0.025502 0.164437 0.108650
v -0.178073 -0.256933 0.073145
v -0.183982 -0.219751 0.051015
v -0.164429 -0.143818 0.059086
v -0.167186 -0.162434 0.063370
v -0.152303 0.017229 0.064791
v -0.152120 -0.003845 0.053686
v -0.076525 0.093021 0.155296
v -0.079245 0.079775 0.156838
v -0.141899 -0.058658 -0.053058
v -0.128199 -0.052422 -0.070654
v -0.144548 0.044889 0.109230
v -0.149164 0.032007 0.090708
v -0.139428 0.026799 0.106511
v -0.133886 0.039391 0.120157
v -0.155477 0.041567 0.077973
v -0.151786 0.053557 0.098131
v -0.157411 0.064894 0.088203
v -0.161215 0.052978 0.068546
v -0.168583 0.095004 0.048281
v -0.168441 0.101349 0.044389
v -0.051950 -0.015472 0.156063
v -0.025433 -0.018447 0.158389
v -0.023560 0.006558 0.155606
v -0.078582 -0.216346 0.154413
v -0.091477 -0.283958 0.133258
v -0.069797 -0.289063 0.140008
v -0.062006 0.016004 -0.101343
v -0.065078 0.038479 -0.105858
v -0.036649 0.221859 -0.103185
v -0.018259 0.217265 -0.103865
v -0.032688 0.256735 -0.092563
v -0.029832 0.272749 -0.085479
v -0.014546 0.268145 -0.088741
v -0.016166 0.252441 -0.095222
v -0.018629 0.321605 -0.063482
v -0.186087 0.026451 -0.052656
v -0.194826 0.030104 -0.063321
v -0.184081 0.045209 -0.062967
v -0.176506 0.040748 -0.050934
v -0.069450 0.108279 -0.115444
v -0.076943 0.082455 -0.111592
v -0.074308 0.296290 0.005035
v -0.164630 0.282261 -0.002335
v -0.162845 0.268137 0.022664
v -0.150733 0.276500 0.018747
v -0.148233 0.288965 -0.004871
v -0.143034 0.243139 -0.085331
v -0.147586 0.259788 -0.072178
v -0.131717 0.263045 -0.076851
v -0.127434 0.244970 -0.090102
v -0.030120 -0.252000 -0.120684
v -0.060896 -0.250052 -0.119680
v -0.040828 -0.055285 -0.098794
v -0.064235 -0.059941 -0.092683
v -0.061429 -0.035083 -0.095263
v -0.038503 -0.029859 -0.101220
v -0.099655 0.092591 -0.107370
v -0.117570 0.073268 -0.095246
v -0.029060 0.092313 0.152212
v -0.026218 0.114908 0.144842
v -0.043397 0.119239 0.142521
v -0.045299 0.099228 0.151790
v -0.195017 0.084144 -0.077705
v -0.176206 0.093270 -0.076715
v -0.172252 0.080107 -0.071135
v -0.185543 0.066752 -0.071895
v -0.152168 -0.028727 -0.031498
v -0.139544 -0.021195 -0.054281
v -0.140128 -0.040587 -0.054244
v -0.152166 -0.046882 -0.031947
v -0.155620 0.013995 -0.027018
v -0.153131 0.002310 -0.027936
v -0.158385 0.025646 -0.025603
v -0.157611 0.095683 -0.053400
v -0.161651 0.085980 -0.040150
v -0.159093 0.089258 -0.046327
v -0.159776 0.075242 -0.023560
v -0.160295 0.068173 -0.031370
v -0.167172 0.067922 -0.009382
v -0.169053 0.072172 0.011671
v -0.168353 0.077356 0.007939
v -0.164306 0.073696 -0.014153
v -0.161536 0.076687 -0.034340
v -0.161597 0.068439 -0.029275
v -0.149694 0.180652 0.077043
v -0.135914 0.187229 0.078950
v -0.135576 0.210423 0.065824
v -0.149482 0.200303 0.068643
v -0.119567 0.191538 0.082694
v -0.102160 0.193526 0.084861
v -0.103280 0.212137 0.071014
v -0.120673 0.211156 0.069346
v -0.074001 0.266256 0.026727
v -0.058274 0.254655 0.041613
v -0.042114 0.247820 0.052560
v -0.025523 0.242609 0.059468
v -0.016101 0.311398 -0.066726
v -0.012725 0.297116 -0.073707
v -0.028966 0.299033 -0.068908
v -0.034682 0.310424 -0.061027
v -0.023979 0.265685 0.049743
v -0.266159 0.067332 0.003136
v -0.256148 0.085942 0.002137
v -0.264637 0.090223 -0.011861
v -0.274740 0.073989 -0.013359
v -0.127899 0.254560 0.039118
v -0.135610 0.278278 0.019679
v -0.144705 0.256459 0.036529
v -0.160239 -0.082478 0.050063
v -0.164320 -0.076812 0.023207
v -0.029071 -0.068326 0.165421
v -0.028808 -0.095704 0.168808
v -0.057710 -0.145234 0.163531
v -0.035680 -0.154554 0.171789
v -0.032508 -0.125415 0.170730
v -0.056768 -0.117054 0.163364
v -0.024143 -0.184421 0.175313
v -0.021391 -0.197803 0.175131
v -0.209479 0.125309 0.028763
v -0.204902 0.144921 0.033232
v -0.216110 0.162803 0.022587
v -0.221424 0.140874 0.020359
v -0.080035 -0.138480 0.151092
v -0.099707 -0.132924 0.135811
v -0.167169 0.104347 0.065011
v -0.168365 0.089103 0.051623
v -0.021556 0.034345 0.156813
v -0.061419 0.104596 0.151157
v -0.060813 0.122078 0.141389
v -0.078091 0.123468 0.139050
v -0.077603 0.107052 0.149375
v -0.206774 0.169183 -0.076780
v -0.199819 0.178959 -0.078945
v -0.193656 0.169823 -0.083857
v -0.201843 0.160405 -0.080257
v -0.271791 0.073281 -0.029167
v -0.261114 0.094161 -0.031619
v -0.255489 0.086895 -0.047432
v -0.265850 0.068123 -0.043064
v -0.165472 0.047352 -0.018770
v -0.171411 0.050779 -0.000107
v -0.177421 0.037288 -0.003163
v -0.171732 0.035437 -0.020857
v -0.178685 0.022286 -0.024837
v -0.180783 0.023876 -0.041397
v -0.172406 0.037318 -0.037506
v -0.207852 0.036297 -0.071342
v -0.222734 0.043862 -0.073817
v -0.210450 0.062100 -0.075859
v -0.195834 0.050510 -0.071106
v -0.254476 0.060793 -0.057473
v -0.247781 0.077835 -0.058964
v -0.232413 0.069290 -0.071197
v -0.237700 0.049777 -0.070831
v -0.207939 0.041074 0.016389
v -0.194216 0.031423 0.007907
v -0.188190 0.045374 0.011027
v -0.201446 0.054451 0.019169
v -0.225168 0.177909 0.006796
v -0.232363 0.155372 0.004673
v -0.171282 0.123594 0.052971
v -0.174420 0.145947 0.057224
v -0.176893 0.140044 0.051210
v -0.172095 0.123057 0.047602
v -0.232704 0.101236 0.016403
v -0.225819 0.119858 0.019336
v -0.238881 0.129339 0.004334
v -0.246293 0.104892 0.003333
v -0.194664 0.068615 0.022967
v -0.182108 0.059174 0.016096
v -0.177725 0.073154 0.019904
v -0.188348 0.083928 0.027349
v -0.173157 0.059376 -0.061100
v -0.162266 0.071697 -0.060554
v -0.192435 0.127995 0.037894
v -0.196613 0.111628 0.032566
v -0.166638 0.095813 0.067224
v -0.168877 0.061523 0.016202
v -0.168773 0.067532 0.014323
v -0.134126 0.054977 0.126170
v -0.134539 0.069857 0.128000
v -0.162286 0.042560 0.046333
v -0.166061 0.052570 0.040444
v -0.142244 0.059512 0.116497
v -0.141055 0.070201 0.121287
v -0.101778 -0.012961 0.137795
v -0.024966 0.253952 0.054227
v -0.214804 0.106569 0.026235
v -0.201357 0.095564 0.028324
v -0.166289 0.101703 -0.076594
v -0.158738 0.109639 -0.073479
v -0.156142 0.098296 -0.065742
v -0.161251 0.091938 -0.070455
v -0.131964 0.104034 -0.093469
v -0.118240 0.098946 -0.099692
v -0.130747 0.080937 -0.088771
v -0.142643 0.085053 -0.082420
v -0.219831 0.178368 -0.060602
v -0.227303 0.177637 -0.049089
v -0.220973 0.194832 -0.049056
v -0.213414 0.191137 -0.062128
v -0.226354 0.193589 -0.032203
v -0.233905 0.173260 -0.033172
v -0.236880 0.165819 -0.014528
v -0.229362 0.188331 -0.012958
v -0.156479 -0.173772 0.086931
v -0.140283 -0.184882 0.107619
v -0.115224 -0.266896 0.125441
v -0.118958 -0.104206 0.116576
v -0.136452 -0.098269 0.096078
v -0.133508 -0.052269 0.096226
v -0.146714 -0.047741 0.074903
v -0.149098 -0.068841 0.073967
v -0.134974 -0.075818 0.094714
v -0.158923 -0.038998 0.022650
v -0.158555 -0.034730 -0.004799
v -0.159522 -0.053560 -0.005418
v -0.160155 -0.058007 0.021548
v -0.161916 -0.070641 -0.004006
v -0.154023 -0.065188 -0.030471
v -0.083299 -0.017108 -0.092676
v -0.105682 -0.024980 -0.085307
v -0.106385 -0.003042 -0.087751
v -0.084969 0.006773 -0.096335
v -0.165268 0.079120 -0.002231
v -0.155452 0.121823 -0.086758
v -0.158693 0.105148 -0.076493
v -0.241035 0.150697 -0.035151
v -0.245065 0.141807 -0.016122
v -0.185155 0.100453 0.032838
v -0.209867 0.181793 0.025945
v -0.199298 0.162291 0.037273
v -0.193584 0.179427 0.040818
v -0.140976 -0.263679 0.111473
v -0.162204 -0.261301 0.094442
v -0.110275 0.253606 0.039858
v -0.169327 0.082309 0.031897
v -0.168739 0.088057 0.028572
v -0.183006 0.115081 0.038528
v -0.237355 0.094711 -0.064983
v -0.244198 0.108168 -0.054266
v -0.175132 0.088135 0.026952
v -0.168698 0.107396 0.040872
v -0.168926 0.108087 0.035399
v -0.205761 0.016276 -0.063368
v -0.195919 0.011628 -0.054083
v -0.188512 0.009263 -0.043203
v -0.184711 0.008649 -0.030536
v -0.201067 0.016889 0.006389
v -0.215295 0.024967 0.014478
v -0.228532 0.038828 0.017755
v -0.243876 0.043617 0.016826
v -0.280622 0.055422 0.001674
v -0.285830 0.057984 -0.013427
v -0.282354 0.057024 -0.028745
v -0.262719 0.050509 -0.054797
v -0.275371 0.052616 -0.041732
v -0.247876 0.043844 -0.066732
v -0.261059 0.046176 0.014259
v -0.232214 0.029540 -0.072023
v -0.217871 0.022020 -0.070514
v -0.189533 0.011200 -0.007507
v -0.183746 0.024487 -0.005654
v -0.017722 0.235545 -0.100157
v -0.158219 0.030212 0.053178
v -0.132431 0.009008 0.106322
v -0.143405 0.011840 0.086723
v -0.169038 0.070037 0.035735
v -0.169457 0.077335 0.033975
v -0.167434 0.094220 0.024270
v -0.167352 0.095206 0.018034
v -0.164657 0.061535 0.059902
v -0.022252 -0.169416 0.175186
v -0.056856 -0.131344 -0.094314
v -0.027554 -0.130200 -0.095172
v -0.030358 -0.150541 -0.096963
v -0.061626 -0.152659 -0.094637
v -0.032374 -0.172267 -0.101324
v -0.164541 -0.216837 -0.056992
v -0.178634 -0.211961 -0.031146
v -0.174975 -0.189432 -0.030091
v -0.160276 -0.193065 -0.054884
v -0.180517 -0.175103 -0.007430
v -0.172161 -0.170971 -0.030313
v -0.183630 -0.190240 -0.003543
v -0.185144 -0.196475 0.022248
v -0.182511 -0.179984 0.019673
v -0.182013 -0.204302 0.048853
v -0.179644 -0.187506 0.045883
v -0.172937 -0.213749 0.073166
v -0.158815 -0.224705 0.095324
v -0.138709 -0.250437 0.112446
v -0.117294 -0.250968 0.127200
v -0.139207 -0.237601 0.112734
v -0.073225 -0.271663 0.143582
v -0.094967 -0.263614 0.136706
v -0.027009 -0.283571 0.153343
v -0.051682 -0.279153 0.149060
v -0.105871 0.231663 0.056589
v -0.070895 0.304454 -0.040723
v -0.082149 0.298951 -0.046346
v -0.092607 0.297655 -0.027619
v -0.109569 0.243581 -0.094626
v -0.111518 0.262623 -0.082775
v -0.090197 0.258597 -0.091372
v -0.089914 0.239710 -0.099971
v -0.062151 0.303238 -0.052500
v -0.057868 0.308129 -0.048569
v -0.069317 0.296946 -0.060030
v -0.042135 0.290711 -0.072723
v -0.055933 0.294368 -0.067093
v -0.160579 0.283846 -0.030172
v -0.154061 0.274004 -0.054274
v -0.168155 0.267886 -0.048716
v -0.175044 0.276055 -0.025326
v -0.139773 0.226235 -0.095319
v -0.137737 0.208272 -0.100490
v -0.150600 0.208176 -0.097977
v -0.153267 0.224769 -0.091205
v -0.206538 0.240789 -0.014698
v -0.201549 0.240793 -0.035167
v -0.210310 0.227802 -0.033443
v -0.214491 0.225545 -0.012487
v -0.156838 0.240728 -0.081029
v -0.090020 0.114349 -0.113112
v -0.108197 0.116598 -0.107702
v -0.122758 0.119552 -0.101583
v -0.153253 0.139392 -0.094411
v -0.145732 0.132118 -0.094370
v -0.150580 0.113527 -0.088163
v -0.158010 0.148601 -0.093696
v -0.159872 0.149111 -0.088303
v -0.183565 0.159190 0.048002
v -0.178496 0.170433 0.051987
v -0.188180 0.194676 0.041687
v -0.159927 0.145087 -0.080702
v -0.158868 0.148218 -0.082261
v -0.156471 0.137559 -0.078613
v -0.156965 0.136306 -0.076906
v -0.143919 0.289554 -0.033794
v -0.203078 0.224100 -0.051087
v -0.195226 0.235588 -0.051954
v -0.189429 0.224621 -0.066651
v -0.198676 0.213591 -0.065212
v -0.191048 0.205935 -0.075989
v -0.182911 0.213430 -0.079940
v -0.177548 0.201801 -0.087338
v -0.185008 0.197240 -0.083213
v -0.163412 0.154026 -0.085196
v -0.161687 0.158098 -0.086108
v -0.218500 0.197863 0.009017
v -0.188089 0.260922 0.004095
v -0.182153 0.245771 0.026522
v -0.173498 0.258079 0.024413
v -0.177556 0.273032 0.001212
v -0.161681 0.081124 -0.014449
v -0.166818 0.088755 0.008491
v -0.156221 0.081328 -0.035061
v -0.155784 0.109290 -0.063845
v -0.156951 0.089603 -0.051970
v -0.180060 0.128847 0.045448
v -0.188440 0.144640 0.044527
v -0.175089 0.223270 0.041352
v -0.167018 0.236024 0.040858
v -0.221936 0.207920 -0.011679
v -0.219162 0.211665 -0.032311
v -0.162588 0.138987 -0.081817
v -0.159080 0.130979 -0.077643
v -0.163007 0.124890 -0.080421
v -0.156661 0.110351 -0.068905
v -0.154529 0.124969 -0.072379
v -0.187644 0.266698 -0.021401
v -0.211831 0.210369 -0.050961
v -0.205789 0.201959 -0.064354
v -0.174340 0.218658 -0.084456
v -0.179216 0.231013 -0.072194
v -0.168866 0.235945 -0.076683
v -0.164718 0.222018 -0.088779
v -0.191901 0.189124 -0.081153
v -0.185796 0.178354 -0.085623
v -0.161229 0.207154 -0.095516
v -0.169745 0.205262 -0.091749
v -0.167199 0.147729 -0.085486
v -0.157683 0.246220 0.040423
v -0.152269 0.223156 0.054736
v -0.139593 0.232551 0.051837
v -0.168944 0.198587 0.053291
v -0.161983 0.212417 0.054896
v -0.172851 0.182488 0.052341
v -0.122985 0.231773 0.055484
v -0.161047 0.118145 -0.077738
v -0.167015 0.111097 -0.079444
v -0.168706 0.119242 -0.081298
v -0.219016 0.089057 -0.075473
v -0.008484 0.209613 0.076896
v -0.008758 0.192995 0.087116
v -0.206918 0.077733 0.024663
v -0.220059 0.087932 0.022762
v -0.253899 0.114446 -0.014561
v -0.247842 0.124359 -0.039644
v -0.079562 -0.112253 0.151960
v -0.125400 -0.032674 -0.072649
v -0.124063 -0.012223 -0.072804
v -0.038226 -0.003093 -0.102903
v -0.061228 -0.009420 -0.098080
v -0.156851 -0.063082 0.048925
v -0.154627 -0.043161 0.050504
v -0.119045 -0.080750 0.115387
v -0.119133 -0.057209 0.116924
v -0.149314 -0.090887 0.073816
v -0.087747 -0.063662 -0.086041
v -0.110397 -0.067923 -0.079069
v -0.107045 -0.047640 -0.083455
v -0.084737 -0.040662 -0.089643
v -0.016107 0.000629 -0.105565
v -0.015746 -0.024980 -0.103083
v -0.157990 -0.020463 0.023924
v -0.157228 -0.016650 -0.004322
v -0.140836 -0.003923 -0.052463
v -0.126414 0.005718 -0.071569
v -0.109482 0.016917 -0.089088
v -0.088416 0.028232 -0.100125
v -0.100395 -0.036700 0.136341
v -0.078222 -0.014253 0.150389
v -0.153162 -0.023761 0.052182
v -0.026930 -0.043198 0.162034
v -0.068227 0.061681 -0.109221
v -0.041215 0.066067 -0.112622
v -0.152362 -0.011957 -0.029801
v -0.024726 0.149956 0.122008
v -0.043076 0.152792 0.118934
v -0.042881 0.136623 0.131281
v -0.025054 0.132980 0.134780
v -0.060583 0.138914 0.129253
v -0.079018 0.139782 0.125631
v -0.096754 0.140241 0.123130
v -0.138010 0.129967 0.107228
v -0.125518 0.135534 0.113092
v -0.155875 0.114108 0.091098
v -0.147424 0.123439 0.100145
v -0.161756 0.101222 0.081824
v -0.165581 0.087106 0.071425
v -0.167696 0.079602 0.053305
v -0.166753 0.071187 0.056798
v -0.162341 0.075724 0.077225
v -0.157866 0.093514 0.090981
v -0.150838 0.105357 0.100501
v -0.012409 0.060587 0.157612
v -0.010809 0.085437 0.154594
v -0.008335 0.224515 0.068317
v -0.012800 0.283522 -0.081012
v -0.027493 0.286769 -0.077896
v -0.078839 0.289906 -0.067419
v -0.095691 0.292651 -0.052497
v -0.061089 0.284403 -0.076970
v -0.044651 0.277760 -0.082323
v -0.142978 -0.006569 0.081014
v -0.035307 0.240118 -0.098183
v -0.049001 0.263837 -0.091392
v -0.066583 0.269843 -0.088071
v -0.088115 0.276993 -0.078104
v -0.114574 0.282480 -0.062454
v -0.136585 0.278715 -0.058513
v -0.161777 0.255822 -0.067179
v -0.174350 0.249434 -0.061941
v -0.185041 0.243238 -0.057287
v -0.192207 0.251762 -0.039422
v -0.181209 0.261205 -0.044038
v -0.232730 0.159329 -0.050122
v -0.234970 0.141287 -0.054475
v -0.232726 0.126733 -0.062091
v -0.226030 0.112993 -0.070516
v -0.208272 0.106576 -0.077447
v -0.192420 0.103207 -0.080392
v -0.178022 0.105646 -0.080022
v -0.157350 0.122306 -0.074163
v -0.155089 0.127008 -0.072981
v -0.158511 0.099292 -0.067517
v -0.159123 0.091135 -0.066005
v -0.149397 0.071194 -0.069250
v -0.142595 0.063632 -0.074724
v -0.131887 0.056248 -0.081361
v -0.119434 -0.177958 -0.086271
v -0.137842 -0.175005 -0.072961
v -0.136058 -0.154937 -0.067464
v -0.114379 -0.156911 -0.082924
v -0.050701 -0.107292 -0.094349
v -0.024165 -0.106128 -0.095998
v -0.177293 -0.158313 -0.010320
v -0.178898 -0.163648 0.015767
v -0.152546 -0.151996 -0.051132
v -0.168351 -0.154879 -0.034329
v -0.177192 -0.171226 0.041913
v -0.120629 -0.215490 0.128214
v -0.098800 -0.227372 0.141722
v -0.053680 -0.244514 0.159869
v -0.028814 -0.251297 0.164058
v -0.169333 -0.180751 0.067153
v -0.076098 -0.236734 0.152329
v -0.157850 -0.192293 0.091074
v -0.140520 -0.204291 0.110352
v -0.076626 -0.108620 -0.089840
v -0.082643 -0.132722 -0.090905
v -0.104688 -0.134500 -0.082375
v -0.039080 0.129135 -0.117198
v -0.060901 0.129744 -0.118141
v -0.080860 0.130432 -0.116776
v -0.095570 0.155554 -0.114774
v -0.098278 0.135142 -0.114006
v -0.115722 0.138299 -0.106814
v -0.112220 0.159696 -0.109734
v -0.138012 0.170455 -0.101904
v -0.141263 0.151223 -0.099485
v -0.150806 0.157056 -0.099016
v -0.149436 0.174177 -0.100505
v -0.157252 0.162572 -0.098003
v -0.161498 0.165542 -0.093368
v -0.164029 0.167932 -0.089443
v -0.167978 0.163338 -0.088476
v -0.178984 0.187331 -0.087582
v -0.172038 0.190462 -0.090858
v -0.137140 0.190226 -0.102398
v -0.124465 0.185981 -0.106065
v -0.037542 0.165780 -0.112964
v -0.018219 0.162888 -0.112384
v -0.168161 0.061495 0.038322
v -0.167959 0.054173 0.017320
v -0.167321 0.051476 -0.004947
v -0.163841 0.053416 -0.023040
v -0.161281 0.058923 -0.039838
v -0.158112 0.067877 -0.054104
v -0.157440 0.084192 -0.065942
v -0.153902 0.077934 -0.067668
v -0.154923 0.097629 -0.077618
v -0.150220 0.090091 -0.078295
v -0.144238 0.104637 -0.088420
v -0.136032 0.123316 -0.096979
v -0.129677 0.144846 -0.102015
v -0.126162 0.165603 -0.104928
v -0.109501 0.181480 -0.109749
v -0.092975 0.176941 -0.114157
v -0.074059 0.193767 -0.114031
v -0.072785 0.214165 -0.109869
v -0.075918 0.172246 -0.116902
v -0.076320 0.151012 -0.118228
v -0.060614 0.313476 -0.037817
v -0.048980 0.315221 -0.048819
v -0.183670 0.125551 -0.083913
v -0.175943 0.122475 -0.083212
v -0.177246 0.115415 -0.082264
v -0.188428 0.115954 -0.081858
v -0.200421 0.118226 -0.080042
v -0.204230 0.140293 -0.080301
v -0.195756 0.130060 -0.082489
v -0.212890 0.127049 -0.075920
v -0.221258 0.140665 -0.069988
v -0.210893 0.150758 -0.076235
v -0.224499 0.152339 -0.064841
v -0.215183 0.160552 -0.071752
v -0.223750 0.165645 -0.061286
v -0.217026 0.168883 -0.068269
v -0.198695 0.197392 -0.073774
v -0.204531 0.187774 -0.072133
v -0.211705 0.176837 -0.070451
v -0.173394 0.156646 -0.087396
v -0.180415 0.149055 -0.087369
v -0.187054 0.139475 -0.085479
v -0.194886 0.150563 -0.083102
v -0.187340 0.159417 -0.086321
v -0.179421 0.167115 -0.087960
v -0.034994 0.147556 -0.114633
v -0.054980 0.149779 -0.116647
v -0.158000 0.176936 -0.099676
v -0.163965 0.178940 -0.095608
v -0.167145 0.178233 -0.091926
v -0.173270 0.175300 -0.089268
v -0.166545 0.191806 -0.094670
v -0.159070 0.191828 -0.099368
v -0.149337 0.191530 -0.100860
v -0.057234 0.168717 -0.115956
v -0.015239 0.146164 -0.114074
v -0.181925 0.209195 0.041287
v -0.190769 0.231321 0.026497
v -0.197072 0.247077 0.006175
v -0.197386 0.254400 -0.017542
v -0.016728 -0.051847 -0.101180
v -0.020015 -0.078492 -0.098840
v -0.046032 -0.081449 -0.095753
v -0.018570 0.069808 -0.113800
v -0.018499 0.129357 -0.116592
v -0.108431 0.106240 0.141187
v -0.093352 0.108087 0.146416
v -0.094511 0.124397 0.136004
v -0.110062 0.123149 0.130670
v -0.130952 0.102203 0.126033
v -0.120722 0.104557 0.133837
v -0.122584 0.120478 0.123485
v -0.133176 0.116156 0.116316
v -0.139437 0.098030 0.117771
v -0.142795 0.110530 0.108225
v -0.117871 0.086983 0.141440
v -0.106529 0.088581 0.147816
v -0.091617 0.089594 0.153816
v -0.137204 0.083832 0.125545
v -0.128276 0.086165 0.134515
v -0.009732 0.250079 0.057227
v -0.009863 0.261433 0.052711
v -0.008962 0.108991 0.147894
v -0.008108 0.145488 0.125391
v -0.008789 0.159856 0.111524
v -0.008685 0.175465 0.098779
v -0.008950 0.237824 0.061872
v -0.008265 0.128573 0.137469
v -0.182459 -0.257907 -0.031393
v -0.182087 -0.237136 -0.030421
v -0.166649 -0.241157 -0.059509
v -0.163259 -0.258967 -0.065035
v -0.067901 -0.175381 -0.100460
v -0.039998 -0.193181 -0.105985
v -0.070272 -0.195221 -0.103914
v -0.156819 -0.171472 -0.051864
v -0.142291 -0.195308 -0.075042
v -0.089846 -0.231109 -0.110701
v -0.086264 -0.250133 -0.115899
v -0.109645 -0.250857 -0.107592
v -0.116830 -0.231192 -0.100460
v -0.144814 -0.216916 -0.079434
v -0.143635 -0.235932 -0.082680
v -0.093633 -0.213206 -0.104385
v -0.120493 -0.214732 -0.094758
v -0.119745 -0.195571 -0.089628
v -0.135332 -0.250524 -0.091887
v -0.095057 -0.194705 -0.099044
v -0.097342 -0.175751 -0.094364
v -0.088852 -0.153838 -0.091156
v -0.070539 -0.083923 -0.091190
v -0.118437 -0.234353 0.127989
v -0.096361 -0.245580 0.140022
v -0.052697 -0.261765 0.154669
v -0.028175 -0.267430 0.158627
v -0.171478 -0.198061 0.070782
v -0.074401 -0.255326 0.148488
v -0.158029 -0.209976 0.092642
v -0.139426 -0.222068 0.111861
v -0.099737 -0.108274 0.135727
v -0.099826 -0.060165 0.135319
v -0.099994 -0.084252 0.135903
v -0.144257 -0.027057 0.077166
v -0.112056 0.139108 0.118889
v 0.070858 0.271754 0.028442
v 0.073998 0.283063 0.020064
v 0.064275 0.271171 0.031777
v 0.070027 0.276158 0.026715
v 0.068953 0.281444 0.023656
v 0.075130 0.234928 0.056090
v 0.084532 0.238833 0.052971
v 0.086040 0.229460 0.059800
v 0.082715 0.247877 0.045600
v 0.095197 0.242659 0.049843
v 0.086178 0.220559 0.066398
v 0.095762 0.222692 0.064894
v 0.077229 0.217685 0.067996
v 0.086223 0.211996 0.073301
v 0.091253 0.168268 0.105220
v 0.082177 0.167151 0.106551
v 0.083456 0.176511 0.099102
v 0.081850 0.158612 0.113772
v 0.073233 0.166198 0.108166
v 0.110045 0.074332 0.153896
v 0.101044 0.065895 0.158057
v 0.115078 0.064739 0.150727
v 0.108493 0.065193 0.154450
v 0.104017 0.057697 0.155866
v 0.164526 0.162743 0.071932
v 0.166301 0.173918 0.069296
v 0.168527 0.165180 0.068256
v 0.163706 0.181658 0.069644
v 0.167688 0.185441 0.066271
v 0.095450 0.294242 -0.006756
v 0.081501 0.280517 0.017501
v 0.095417 0.287913 0.003949
v 0.089488 0.291260 0.002020
v 0.098092 0.265263 0.030710
v 0.102541 0.286449 0.005505
v 0.094004 0.280082 0.013925
v 0.157216 0.086371 0.093145
v 0.155700 0.080985 0.096977
v 0.153351 0.087866 0.101416
v 0.157498 0.074608 0.091737
v 0.153887 0.075904 0.100262
v 0.132156 -0.013944 0.111349
v 0.125373 -0.026321 0.122942
v 0.137334 -0.023870 0.100457
v 0.132112 -0.025298 0.112593
v 0.131413 -0.036343 0.112968
v 0.156872 0.001284 0.020391
v 0.157928 0.003816 0.006652
v 0.157582 -0.003993 0.007189
v 0.159176 0.011343 0.005980
v 0.158552 0.005479 -0.007296
v 0.125504 0.167541 0.099453
v 0.101555 0.177811 0.097289
v 0.117734 0.168303 0.101853
v 0.118589 0.177373 0.095891
v 0.099566 0.160268 0.110371
v 0.100324 0.168839 0.104090
v 0.116422 0.160027 0.107150
v 0.109075 0.169531 0.102835
v 0.238885 0.060969 0.025874
v 0.231950 0.056796 0.025620
v 0.226351 0.065520 0.026795
v 0.236785 0.048489 0.025285
v 0.224857 0.052517 0.025518
v 0.165917 -0.115056 0.044980
v 0.168394 -0.111811 0.032321
v 0.170647 -0.120761 0.034235
v 0.166794 -0.102745 0.030828
v 0.169674 -0.108568 0.019133
v 0.213434 0.207078 0.023717
v 0.213228 0.222173 0.012907
v 0.205822 0.207299 0.031535
v 0.210753 0.215243 0.023334
v 0.207095 0.224176 0.022339
v 0.165468 0.145700 0.072907
v 0.162908 0.131006 0.077587
v 0.160569 0.160241 0.076060
v 0.163035 0.153391 0.075163
v 0.161826 0.145266 0.077554
v 0.159756 0.129546 0.081759
v 0.160387 0.137755 0.080421
v 0.158069 0.146071 0.081697
v 0.165044 0.037695 -0.012909
v 0.165999 0.036815 -0.001232
v 0.165989 0.041367 -0.002393
v 0.165100 0.032343 -0.000111
v 0.167459 0.037616 0.010342
v 0.160863 0.017605 0.018492
v 0.160793 0.016979 0.004523
v 0.165166 0.028169 0.014540
v 0.161517 0.017936 -0.009495
v 0.164727 0.028464 -0.011140
v 0.165250 0.027431 0.001098
v 0.162898 0.022633 0.002585
v 0.152445 0.143085 0.088641
v 0.156167 0.167391 0.077764
v 0.155843 0.156504 0.080826
v 0.154001 0.150277 0.085255
v 0.149866 0.155997 0.088463
v 0.133976 0.174802 0.091242
v 0.144999 0.159880 0.090861
v 0.146656 0.169072 0.086860
v 0.130760 0.156948 0.102280
v 0.132379 0.165315 0.096877
v 0.143233 0.152022 0.095519
v 0.138823 0.163316 0.094247
v 0.095482 0.052665 0.159142
v 0.103207 0.049231 0.155726
v 0.110966 0.047183 0.151458
v 0.101956 0.041048 0.155157
v 0.163759 -0.128193 0.059720
v 0.161558 -0.109162 0.054991
v 0.162277 -0.118977 0.057128
v 0.157870 -0.122910 0.069319
v 0.151629 -0.127148 0.080469
v 0.151191 -0.117462 0.078562
v 0.151755 -0.137374 0.082245
v 0.144684 -0.131052 0.091401
v 0.119360 -0.004796 0.130729
v 0.132673 -0.002753 0.111196
v 0.126636 -0.003473 0.121280
v 0.121262 0.005043 0.129450
v 0.119209 0.014614 0.134505
v 0.126976 0.014721 0.125910
v 0.110600 0.032031 0.148312
v 0.111150 0.014661 0.142156
v 0.119358 0.023415 0.137973
v 0.137429 -0.146130 0.103791
v 0.138796 -0.124747 0.101278
v 0.137913 -0.135021 0.102620
v 0.129389 -0.139164 0.112930
v 0.120672 -0.142825 0.123294
v 0.120908 -0.131142 0.121792
v 0.121270 -0.154079 0.124827
v 0.111656 -0.145750 0.132937
v 0.095538 0.204366 0.078824
v 0.086212 0.203247 0.079538
v 0.093856 0.186454 0.091250
v 0.102508 0.187290 0.091372
v 0.076504 0.201420 0.080760
v 0.084597 0.185414 0.091961
v 0.075190 0.183878 0.094056
v 0.085535 0.194343 0.085892
v 0.122942 0.073229 0.146160
v 0.133732 0.072526 0.135721
v 0.120873 0.064133 0.146727
v 0.117850 0.055187 0.147888
v 0.118377 0.046349 0.146101
v 0.127017 0.063370 0.141351
v 0.137139 0.063723 0.130232
v 0.132298 0.063746 0.135484
v 0.129856 0.054809 0.136888
v 0.172177 0.116644 0.058806
v 0.169983 0.154874 0.066503
v 0.171553 0.167238 0.063687
v 0.174131 0.139456 0.062541
v 0.168703 0.145180 0.068230
v 0.167528 0.136994 0.070733
v 0.170681 0.123107 0.063124
v 0.172288 0.130573 0.062373
v 0.171401 0.143285 0.065547
v 0.172365 -0.129446 0.036540
v 0.172163 -0.127024 0.022600
v 0.169720 -0.133182 0.049187
v 0.165942 -0.137798 0.061572
v 0.173859 -0.138465 0.038466
v 0.130591 -0.160806 0.116307
v 0.122970 -0.165020 0.126495
v 0.113611 -0.169180 0.135361
v 0.123891 -0.175751 0.126998
v 0.162936 0.079347 -0.011247
v 0.166798 0.081505 0.001963
v 0.161390 0.078646 -0.019639
v 0.165791 0.078621 -0.009290
v 0.165894 0.077996 -0.007098
v 0.087399 0.057809 0.161178
v 0.083212 0.050089 0.160871
v 0.069448 0.067703 0.163431
v 0.095354 0.072367 0.160077
v 0.092087 0.065397 0.160767
v 0.075350 0.074410 0.163605
v 0.080613 0.065189 0.162594
v 0.071214 0.083558 0.162811
v 0.080764 0.079701 0.163048
v 0.131661 0.031091 0.126428
v 0.136049 0.044914 0.126281
v 0.118572 0.038793 0.144257
v 0.125814 0.030955 0.134141
v 0.118590 0.031571 0.141630
v 0.124570 0.046492 0.139692
v 0.130858 0.046627 0.133129
v 0.131319 0.038804 0.130653
v 0.133199 0.015971 0.117150
v 0.132346 0.023642 0.122044
v 0.136661 0.032035 0.119358
v 0.057712 0.072890 0.162590
v 0.062505 0.060927 0.163004
v 0.079497 0.041730 0.161123
v 0.069765 0.049625 0.162572
v 0.055968 0.050470 0.162251
v 0.065789 0.181798 0.095432
v 0.067104 0.190423 0.088477
v 0.064963 0.173425 0.102560
v 0.064758 0.164750 0.109366
v 0.057024 0.179720 0.096889
v 0.067386 0.206821 0.076055
v 0.067080 0.198796 0.082164
v 0.058317 0.196149 0.083588
v 0.066879 0.223255 0.064546
v 0.067176 0.214693 0.069978
v 0.058246 0.212494 0.071644
v 0.049364 0.209579 0.073990
v 0.048794 0.217535 0.068867
v 0.048878 0.193598 0.085719
v 0.049301 0.201668 0.079515
v 0.040319 0.207271 0.076300
v 0.064742 0.239202 0.053840
v 0.066404 0.231808 0.058905
v 0.057751 0.227999 0.061937
v 0.048735 0.225385 0.064404
v 0.040485 0.222174 0.067125
v 0.048720 0.232685 0.060210
v 0.056512 0.262847 0.040185
v 0.055551 0.266767 0.037704
v 0.057266 0.271543 0.034287
v 0.047635 0.264436 0.042141
v 0.164972 0.123677 0.074642
v 0.166381 0.129885 0.072885
v 0.169708 0.116878 0.064064
v 0.168821 0.127642 0.067891
v 0.163513 0.118047 0.076884
v 0.166213 0.115577 0.070917
v 0.145878 -0.152382 0.094791
v 0.139095 -0.156634 0.105927
v 0.140075 -0.166691 0.107786
v 0.120701 0.224101 -0.098328
v 0.120288 0.214680 -0.100607
v 0.128056 0.216160 -0.097582
v 0.111908 0.212799 -0.102779
v 0.120237 0.204186 -0.101489
v 0.112747 0.277926 0.018821
v 0.109513 0.291682 -0.006419
v 0.110991 0.286377 0.006271
v 0.118690 0.286755 0.006519
v 0.159840 0.131061 -0.075792
v 0.159943 0.120588 -0.074222
v 0.160295 0.134309 -0.078998
v 0.160331 0.127394 -0.076918
v 0.160811 0.123724 -0.078461
v 0.156250 0.106551 -0.059077
v 0.156453 0.112834 -0.062854
v 0.156976 0.100892 -0.055653
v 0.156602 0.106641 -0.059875
v 0.156523 0.105607 -0.060838
v 0.169919 -0.114590 0.008445
v 0.168619 -0.104699 0.006751
v 0.167077 -0.096251 0.004932
v 0.164717 -0.101883 -0.006260
v 0.146634 0.045001 -0.069867
v 0.151860 0.037470 -0.063193
v 0.153846 0.042735 -0.061919
v 0.149415 0.031940 -0.063096
v 0.155896 0.031840 -0.054588
v 0.030209 0.201119 -0.106386
v 0.030759 0.191968 -0.108264
v 0.041116 0.193971 -0.108946
v 0.020077 0.190359 -0.107588
v 0.030337 0.182970 -0.109655
v 0.067031 0.229120 -0.102786
v 0.065319 0.238937 -0.100626
v 0.056447 0.235381 -0.100721
v 0.074167 0.241671 -0.100255
v 0.064194 0.247446 -0.097649
v 0.103029 0.220411 -0.103170
v 0.103602 0.210313 -0.105230
v 0.085188 0.225817 -0.104681
v 0.104619 0.199751 -0.106771
v 0.095545 0.207653 -0.107678
v 0.164652 0.034852 -0.023519
v 0.164462 0.039356 -0.023311
v 0.162370 0.038046 -0.044030
v 0.163999 0.043917 -0.024051
v 0.163421 0.042810 -0.033538
v 0.161304 0.063897 -0.032364
v 0.163388 0.061236 -0.022594
v 0.163343 0.063972 -0.022808
v 0.162849 0.058938 -0.022682
v 0.165357 0.061065 -0.012694
v 0.083965 0.300692 -0.007207
v 0.087194 0.300532 -0.016215
v 0.082562 0.304374 -0.015493
v 0.078372 0.308089 -0.015395
v 0.079269 0.306346 -0.023613
v 0.051654 0.308221 -0.053978
v 0.051256 0.304692 -0.057601
v 0.055556 0.306542 -0.053442
v 0.046297 0.304035 -0.060060
v 0.050039 0.300360 -0.061884
v 0.049504 0.100770 -0.116849
v 0.036355 0.100652 -0.117667
v 0.038169 0.090583 -0.116170
v 0.035108 0.110576 -0.117952
v 0.024148 0.100426 -0.117474
v 0.160155 0.084982 -0.054531
v 0.159811 0.093714 -0.059521
v 0.159830 0.082517 -0.048630
v 0.160217 0.087877 -0.054509
v 0.159362 0.091848 -0.055142
v 0.160167 0.082110 -0.054338
v 0.160201 0.087381 -0.059757
v 0.160943 0.069279 -0.040636
v 0.160721 0.076214 -0.048037
v 0.160295 0.078957 -0.053939
v 0.160243 0.064195 -0.040006
v 0.160230 0.067086 -0.040045
v 0.160343 0.071066 -0.047436
v 0.160483 0.081965 -0.059454
v 0.160475 0.075674 -0.053705
v 0.160803 0.073165 -0.053911
v 0.154119 0.053655 -0.067477
v 0.158395 0.062598 -0.064367
v 0.161967 0.051789 -0.041983
v 0.160474 0.056954 -0.057590
v 0.160175 0.061226 -0.056305
v 0.156978 0.047158 -0.060849
v 0.160101 0.042721 -0.053504
v 0.162652 0.043050 -0.043383
v 0.162586 0.047264 -0.042739
v 0.159417 0.052329 -0.059275
v 0.161568 0.052116 -0.050476
v 0.028158 0.036952 -0.109819
v 0.040694 0.036320 -0.108816
v 0.039924 0.048173 -0.110402
v 0.041406 0.024464 -0.107367
v 0.053408 0.035350 -0.107411
v 0.169657 0.095510 0.028124
v 0.172132 0.102182 0.036694
v 0.171341 0.096284 0.033571
v 0.172165 0.107966 0.039754
v 0.174662 0.108818 0.044427
v 0.170482 0.132726 -0.076326
v 0.172759 0.128675 -0.077873
v 0.176002 0.131740 -0.079071
v 0.169652 0.125003 -0.076568
v 0.174074 0.124759 -0.078881
v 0.163718 0.062735 -0.007805
v 0.165002 0.065660 0.003559
v 0.165352 0.059366 -0.000251
v 0.168306 0.083335 0.021375
v 0.166017 0.071364 0.007267
v 0.168501 0.069829 0.013547
v 0.123136 0.294258 -0.019853
v 0.106803 0.295610 -0.018556
v 0.114683 0.294972 -0.019451
v 0.119682 0.294647 -0.033606
v 0.127585 0.287335 0.006794
v 0.125838 0.292069 -0.006572
v 0.131382 0.293411 -0.020470
v 0.156317 0.092927 -0.054915
v 0.158099 0.081354 -0.045457
v 0.158293 0.082715 -0.053317
v 0.158486 0.074526 -0.041112
v 0.157348 0.078520 -0.048011
v 0.158733 0.075457 -0.050132
v 0.250543 0.056540 0.023752
v 0.245239 0.064695 0.023590
v 0.240271 0.074480 0.024306
v 0.250630 0.071830 0.021313
v 0.161576 0.057235 -0.021783
v 0.158011 0.064546 -0.038074
v 0.162571 0.053929 -0.032307
v 0.160308 0.070787 -0.051766
v 0.158472 0.067174 -0.045235
v 0.163101 0.055971 -0.040231
v 0.160682 0.060686 -0.039294
v 0.167567 0.050919 -0.040942
v 0.165909 0.058420 -0.046859
v 0.152577 0.019573 -0.054398
v 0.139322 0.031986 -0.071914
v 0.146456 0.025639 -0.062955
v 0.144087 0.018742 -0.062303
v 0.142353 -0.090022 -0.050398
v 0.158867 -0.088573 -0.020923
v 0.148101 -0.092601 -0.040618
v 0.146332 -0.082618 -0.042307
v 0.161842 -0.109444 -0.016553
v 0.160176 -0.099064 -0.018510
v 0.150063 -0.103918 -0.038064
v 0.154545 -0.095755 -0.029836
v 0.169990 -0.124713 0.009695
v 0.171708 -0.133841 0.011637
v 0.167440 -0.122150 -0.002986
v 0.146641 -0.112115 -0.047251
v 0.151819 -0.114886 -0.036979
v 0.163506 -0.119293 -0.014871
v 0.158004 -0.116875 -0.026007
v 0.165527 -0.128860 -0.013460
v 0.156087 -0.124565 -0.036882
v 0.071600 0.314071 -0.020003
v 0.065266 0.319964 -0.025050
v 0.056542 0.321966 -0.035691
v 0.195927 -0.236538 0.023965
v 0.195993 -0.245911 0.017701
v 0.195755 -0.245178 0.031659
v 0.194117 -0.247811 0.004327
v 0.196059 -0.257086 0.015275
v 0.031954 0.322053 -0.059261
v 0.037768 0.322700 -0.055636
v 0.052461 0.323141 -0.039966
v 0.042849 0.323886 -0.049961
v 0.192740 -0.224460 0.006986
v 0.194480 -0.227791 0.021896
v 0.193073 -0.229084 0.036045
v 0.192795 -0.218051 0.022199
v 0.077298 0.307626 -0.007465
v 0.074692 0.311926 -0.013841
v 0.071241 0.315783 -0.013770
v 0.072001 0.292922 0.014387
v 0.073464 0.297855 0.010362
v 0.075411 0.307959 -0.000926
v 0.068840 0.288353 0.019000
v 0.065988 0.283939 0.023262
v 0.193012 -0.241424 0.046820
v 0.194286 -0.250751 0.044622
v 0.195727 -0.262528 0.043835
v 0.191477 -0.255360 0.055999
v 0.175915 -0.144959 0.027155
v 0.175487 -0.148144 0.040556
v 0.174009 -0.142366 0.013791
v 0.171788 -0.140174 0.000643
v 0.176597 -0.150806 0.015509
v 0.042102 -0.224067 -0.114119
v 0.062205 -0.212999 -0.110341
v 0.058895 -0.232241 -0.115711
v 0.060425 -0.222251 -0.113191
v 0.077315 -0.221929 -0.111364
v 0.167890 -0.138696 -0.012060
v 0.164489 -0.136468 -0.023799
v 0.170554 -0.146856 -0.010431
v 0.152051 -0.133691 -0.045952
v 0.158643 -0.134354 -0.035379
v 0.161877 -0.144615 -0.033895
v 0.172673 -0.151515 0.053733
v 0.176349 -0.156064 0.042119
v 0.103550 -0.184739 0.142607
v 0.094788 -0.200407 0.149359
v 0.115305 -0.191889 0.135423
v 0.105331 -0.196484 0.142361
v 0.106706 -0.207740 0.142397
v 0.023775 -0.222640 0.172917
v 0.036623 -0.219840 0.170953
v 0.037259 -0.231860 0.169568
v 0.037017 -0.207765 0.172905
v 0.049013 -0.217173 0.168384
v 0.034818 -0.299922 0.150338
v 0.018361 -0.300406 0.151257
v 0.185456 -0.250170 0.069828
v 0.187259 -0.259544 0.067926
v 0.184286 -0.242474 0.071459
v 0.178917 -0.246836 0.082482
v 0.171454 -0.251020 0.093107
v 0.170268 -0.244211 0.093933
v 0.172397 -0.259286 0.092173
v 0.163418 -0.256870 0.103402
v 0.144463 -0.131915 -0.055629
v 0.147326 -0.142305 -0.055014
v 0.138665 -0.110022 -0.056616
v 0.141586 -0.121286 -0.055914
v 0.134714 -0.130102 -0.062715
v 0.121311 -0.118365 -0.069982
v 0.108777 -0.104744 -0.075162
v 0.136144 -0.098443 -0.057420
v 0.134016 -0.087005 -0.059148
v 0.129751 -0.108522 -0.064257
v 0.119311 -0.106768 -0.070397
v 0.117905 -0.094159 -0.071477
v 0.103081 0.059266 -0.098607
v 0.131899 0.047028 -0.081447
v 0.113425 0.052911 -0.092608
v 0.114785 0.061723 -0.093692
v 0.131026 0.039066 -0.078766
v 0.128835 0.030981 -0.078084
v 0.111393 0.044971 -0.091352
v 0.122279 0.045912 -0.086307
v 0.050464 0.205166 -0.107536
v 0.059109 0.216701 -0.105553
v 0.050472 0.195688 -0.110049
v 0.050796 0.186493 -0.111685
v 0.060362 0.197640 -0.110626
v 0.048672 -0.190893 0.169739
v 0.026251 -0.199084 0.175267
v 0.037407 -0.194476 0.173068
v 0.036288 -0.180445 0.172777
v 0.102258 -0.160733 0.141595
v 0.103076 -0.173276 0.142152
v 0.092524 -0.176224 0.148765
v 0.081583 -0.179821 0.155514
v 0.058295 -0.173395 0.165977
v 0.080707 -0.167129 0.154918
v 0.083076 -0.192824 0.155567
v 0.084255 -0.205612 0.155215
v 0.060475 -0.200587 0.165977
v 0.060000 -0.187446 0.166423
v 0.070658 -0.183992 0.161229
v 0.048501 -0.079649 0.165343
v 0.062272 -0.078974 0.161476
v 0.059815 -0.091462 0.163220
v 0.064429 -0.065317 0.160338
v 0.075347 -0.077915 0.157350
v 0.080038 -0.052001 0.154701
v 0.054249 -0.053261 0.162422
v 0.067154 -0.052622 0.158886
v 0.068942 -0.039925 0.158163
v 0.063964 0.026089 0.159584
v 0.104406 0.005986 0.145344
v 0.101424 0.015972 0.149462
v 0.079947 0.008428 0.155726
v 0.090230 0.036379 0.158560
v 0.101248 0.033171 0.154182
v 0.100980 0.025126 0.152192
v 0.077262 0.031904 0.159895
v 0.077023 0.020590 0.157797
v 0.090045 0.017636 0.154555
v 0.048805 0.185075 0.091856
v 0.048231 0.177410 0.098505
v 0.040341 0.190525 0.087713
v 0.047960 0.169038 0.105817
v 0.039568 0.174342 0.100168
v 0.189659 -0.268480 0.065004
v 0.182481 -0.262443 0.079864
v 0.173760 -0.267018 0.091553
v 0.191916 -0.232675 0.048517
v 0.190271 -0.223853 0.049059
v 0.188596 -0.237275 0.059939
v 0.182891 -0.234057 0.072249
v 0.159864 -0.142134 0.073492
v 0.152089 -0.147615 0.084470
v 0.167227 -0.147083 0.064382
v 0.154811 -0.157267 0.086579
v 0.168422 -0.155851 0.066235
v 0.156939 -0.165912 0.088787
v 0.169796 -0.163902 0.068056
v 0.162644 -0.160882 0.077875
v 0.156907 0.013721 0.040998
v 0.155333 0.003803 0.036365
v 0.154577 -0.005625 0.031159
v 0.153868 0.007050 0.052586
v 0.097584 0.078989 0.159226
v 0.089553 0.077452 0.161664
v 0.085981 0.084511 0.161444
v 0.084035 0.091924 0.159684
v 0.091320 0.088555 0.159159
v 0.137882 -0.068051 -0.053423
v 0.143943 -0.071057 -0.043814
v 0.150812 -0.075310 -0.033975
v 0.142442 -0.060312 -0.045695
v 0.140809 0.048249 0.120340
v 0.139884 0.040210 0.118869
v 0.141322 0.033409 0.111536
v 0.148425 0.044232 0.104906
v 0.143190 0.025922 0.105750
v 0.150371 0.037647 0.097527
v 0.145996 0.035301 0.103869
v 0.155604 0.025328 0.070276
v 0.153863 0.040950 0.089937
v 0.151771 0.030469 0.089746
v 0.158439 0.029885 0.062469
v 0.158239 0.037379 0.074205
v 0.157329 0.062960 0.091030
v 0.155151 0.050569 0.092561
v 0.157282 0.044909 0.083646
v 0.159814 0.048815 0.077877
v 0.162672 0.046257 0.063451
v 0.161671 0.072783 0.082248
v 0.159066 0.067661 0.086595
v 0.162635 0.053649 0.072608
v 0.160168 0.059527 0.081874
v 0.164242 0.057958 0.068115
v 0.170839 0.103196 0.052425
v 0.171857 0.107976 0.052338
v 0.172827 0.111308 0.051550
v 0.172054 0.099682 0.044925
v 0.049013 0.008422 0.159377
v 0.043857 -0.029464 0.162475
v 0.032682 -0.006162 0.160207
v 0.070545 -0.027179 0.157036
v 0.057958 -0.028295 0.160001
v 0.061508 -0.002581 0.158603
v 0.047428 -0.004444 0.159497
v 0.045706 -0.016698 0.161095
v 0.084956 -0.217123 0.154881
v 0.061805 -0.225507 0.164185
v 0.061070 -0.213234 0.165007
v 0.072591 -0.209860 0.160387
v 0.112007 -0.288635 0.132789
v 0.058317 -0.291601 0.148444
v 0.087610 -0.293140 0.140282
v 0.054242 -0.297327 0.147787
v 0.064655 -0.295387 0.145283
v 0.065519 0.021093 -0.102783
v 0.064312 0.044307 -0.107426
v 0.065045 0.033240 -0.105557
v 0.088467 0.046994 -0.101351
v 0.077385 0.029768 -0.102020
v 0.020270 0.208388 -0.104796
v 0.030173 0.210332 -0.105081
v 0.040589 0.211689 -0.105390
v 0.049562 0.223746 -0.103053
v 0.050172 0.214251 -0.105604
v 0.030522 0.218815 -0.102740
v 0.045506 0.249586 -0.095405
v 0.027421 0.253424 -0.093120
v 0.026432 0.261366 -0.090325
v 0.018605 0.259341 -0.090821
v 0.034291 0.263169 -0.089275
v 0.026216 0.269296 -0.087118
v 0.025457 0.320811 -0.062010
v 0.174948 0.046486 -0.048916
v 0.184384 0.032961 -0.050161
v 0.188575 0.033159 -0.054829
v 0.183876 0.040985 -0.055040
v 0.192907 0.025075 -0.054478
v 0.194021 0.033807 -0.059467
v 0.060055 0.111574 -0.117332
v 0.063426 0.100236 -0.115904
v 0.069472 0.087657 -0.113434
v 0.093495 0.078070 -0.105485
v 0.077990 0.097376 -0.112742
v 0.078501 0.286079 0.015312
v 0.075692 0.291511 0.013736
v 0.084972 0.295409 0.000555
v 0.083407 0.288198 0.009723
v 0.080608 0.301626 -0.002167
v 0.077741 0.304379 -0.001276
v 0.077094 0.299996 0.005959
v 0.142564 0.291043 -0.005579
v 0.160013 0.286360 -0.003746
v 0.161241 0.282462 0.009553
v 0.152870 0.285156 0.008838
v 0.168551 0.278978 0.011585
v 0.160720 0.275770 0.023108
v 0.129277 0.234231 -0.091654
v 0.138474 0.242243 -0.085013
v 0.140033 0.250749 -0.078834
v 0.131956 0.251768 -0.081989
v 0.147656 0.248866 -0.076069
v 0.142175 0.259373 -0.072143
v 0.057574 -0.241013 -0.117437
v 0.073451 -0.240658 -0.116051
v 0.039863 -0.243822 -0.117726
v 0.055787 -0.250239 -0.118463
v 0.055350 -0.040973 -0.094662
v 0.068033 -0.043631 -0.092741
v 0.066632 -0.030172 -0.093789
v 0.068831 -0.057126 -0.090772
v 0.079802 -0.046652 -0.089387
v 0.104265 0.082272 -0.102348
v 0.088521 0.103169 -0.110452
v 0.091986 0.091118 -0.108049
v 0.113952 0.073987 -0.096883
v 0.122051 0.065686 -0.091027
v 0.112257 0.086692 -0.099500
v 0.053935 0.085534 0.160996
v 0.046258 0.080340 0.160831
v 0.061177 0.090285 0.161232
v 0.068224 0.093928 0.160528
v 0.051416 0.097018 0.158000
v 0.057273 0.111063 0.152307
v 0.041565 0.105198 0.154077
v 0.049377 0.108541 0.153144
v 0.048305 0.118551 0.147578
v 0.189237 0.052045 -0.064547
v 0.194463 0.068375 -0.071499
v 0.185723 0.075990 -0.071251
v 0.183106 0.068811 -0.068435
v 0.188076 0.082836 -0.073571
v 0.177273 0.081958 -0.071949
v 0.154217 -0.057805 -0.027430
v 0.158432 -0.042131 -0.021502
v 0.140793 -0.048809 -0.048232
v 0.147887 -0.053117 -0.038475
v 0.153789 -0.037543 -0.033461
v 0.153775 -0.047633 -0.030365
v 0.154017 -0.027226 -0.036467
v 0.146643 -0.032281 -0.043701
v 0.160336 0.014331 -0.020862
v 0.161280 0.020290 -0.021868
v 0.157660 0.021222 -0.044737
v 0.155402 0.014794 -0.044113
v 0.157411 0.000317 -0.019161
v 0.158530 0.007852 -0.020072
v 0.154642 0.007920 -0.043503
v 0.157721 0.010624 -0.032388
v 0.164332 0.030237 -0.023045
v 0.162752 0.024981 -0.022494
v 0.160224 0.032718 -0.044461
v 0.158882 0.027310 -0.044498
v 0.163118 0.033278 -0.033864
v 0.160660 0.022753 -0.033739
v 0.157978 0.082213 -0.033886
v 0.158613 0.093728 -0.050157
v 0.159114 0.079997 -0.031100
v 0.162386 0.078785 -0.028801
v 0.159555 0.084645 -0.043968
v 0.158431 0.085014 -0.040664
v 0.157835 0.097506 -0.053654
v 0.158763 0.096646 -0.056212
v 0.159582 0.090355 -0.050572
v 0.158720 0.090981 -0.048080
v 0.159373 0.087712 -0.045922
v 0.163604 0.066615 -0.015543
v 0.161617 0.061729 -0.019387
v 0.160837 0.071871 -0.032063
v 0.159097 0.068303 -0.035529
v 0.159332 0.062442 -0.029780
v 0.164902 0.071543 -0.010988
v 0.158054 0.075819 -0.027915
v 0.162869 0.070867 -0.021700
v 0.163861 0.066458 -0.023038
v 0.166293 0.066006 -0.012462
v 0.166704 0.076251 -0.006129
v 0.164868 0.075655 -0.016396
v 0.166169 0.070233 -0.014080
v 0.169169 0.079084 0.004592
v 0.168570 0.071731 -0.003607
v 0.167672 0.074102 -0.004689
v 0.168004 0.067164 -0.001585
v 0.168512 0.069750 -0.001895
v 0.170623 0.074326 0.007504
v 0.162713 0.068326 -0.033068
v 0.162105 0.074884 -0.040966
v 0.161403 0.072126 -0.040571
v 0.163583 0.068987 -0.024059
v 0.163226 0.071016 -0.024270
v 0.162391 0.076430 -0.026721
v 0.161189 0.077555 -0.041902
v 0.160614 0.080522 -0.042585
v 0.159963 0.078919 -0.036615
v 0.162281 0.073077 -0.025212
v 0.161818 0.073406 -0.033702
v 0.157365 0.177441 0.073743
v 0.159282 0.188242 0.070426
v 0.152808 0.176058 0.078940
v 0.160642 0.199236 0.065541
v 0.155021 0.193537 0.071401
v 0.149871 0.209851 0.067695
v 0.147474 0.178588 0.082058
v 0.141417 0.181725 0.084527
v 0.150099 0.187405 0.077192
v 0.149390 0.198995 0.072923
v 0.142666 0.205033 0.072821
v 0.127442 0.186131 0.088560
v 0.135060 0.184112 0.086697
v 0.135893 0.194142 0.081290
v 0.135944 0.214370 0.069651
v 0.135473 0.204255 0.075222
v 0.128653 0.206517 0.077530
v 0.104480 0.224844 0.064827
v 0.104554 0.215409 0.072249
v 0.120384 0.207004 0.077957
v 0.120897 0.216677 0.071732
v 0.104209 0.206076 0.078897
v 0.119681 0.186928 0.089868
v 0.111205 0.187534 0.090757
v 0.103376 0.196892 0.085015
v 0.120279 0.197258 0.084111
v 0.112443 0.206758 0.078108
v 0.073033 0.266955 0.032190
v 0.077815 0.273070 0.024659
v 0.086201 0.262501 0.033180
v 0.085060 0.275924 0.019998
v 0.091217 0.271260 0.024156
v 0.066057 0.262298 0.037857
v 0.071474 0.250578 0.045077
v 0.079696 0.255211 0.040100
v 0.058528 0.257832 0.042731
v 0.075356 0.261061 0.036048
v 0.062927 0.245791 0.049377
v 0.054932 0.242666 0.053532
v 0.051089 0.254490 0.047083
v 0.060480 0.252171 0.046115
v 0.047367 0.239530 0.056423
v 0.039267 0.236921 0.059348
v 0.045743 0.246209 0.053282
v 0.027307 0.315165 -0.063009
v 0.019174 0.315512 -0.063988
v 0.043780 0.308365 -0.057915
v 0.040716 0.304515 -0.061969
v 0.036055 0.315363 -0.059383
v 0.030115 0.309388 -0.063597
v 0.040073 0.299788 -0.066231
v 0.027112 0.302961 -0.067029
v 0.034494 0.304356 -0.064261
v 0.019337 0.302198 -0.069114
v 0.026256 0.296761 -0.071043
v 0.011792 0.294588 -0.074046
v 0.013279 0.307462 -0.067877
v 0.012519 0.301317 -0.070995
v 0.003849 0.299957 -0.073250
v 0.062105 0.279776 0.026381
v 0.057619 0.276070 0.031581
v 0.051864 0.273279 0.035191
v 0.041790 0.261776 0.045714
v 0.039816 0.267057 0.043235
v 0.263718 0.063194 0.017167
v 0.258504 0.072775 0.016513
v 0.253741 0.083024 0.016354
v 0.264327 0.075341 0.010045
v 0.273542 0.066923 0.000558
v 0.268053 0.077073 0.000946
v 0.263079 0.087136 0.000956
v 0.270064 0.077459 -0.008004
v 0.127653 0.269268 0.030633
v 0.152698 0.271376 0.030352
v 0.159005 0.266325 0.033090
v 0.142576 0.258609 0.041107
v 0.129942 0.279731 0.019938
v 0.136380 0.287347 0.006960
v 0.144226 0.286526 0.007871
v 0.147475 0.279233 0.021443
v 0.136105 0.269705 0.031672
v 0.143947 0.269738 0.031874
v 0.162280 -0.096707 0.041103
v 0.165701 -0.093054 0.028686
v 0.159607 -0.099966 0.053400
v 0.156230 -0.104021 0.065208
v 0.158136 -0.089976 0.050845
v -0.005397 -0.085858 0.170384
v 0.032533 -0.094164 0.169295
v 0.006763 -0.083227 0.170223
v 0.002839 -0.095231 0.171629
v 0.037241 -0.067623 0.166799
v 0.035231 -0.080290 0.167842
v 0.008877 -0.069579 0.168007
v 0.020806 -0.081964 0.169683
v 0.019100 0.004411 0.158566
v 0.017813 -0.008208 0.159630
v 0.016243 -0.020444 0.160735
v 0.002830 -0.012241 0.159468
v 0.045734 -0.163437 0.169539
v 0.057494 -0.159539 0.165329
v 0.045158 -0.106268 0.167652
v 0.031305 -0.108387 0.169886
v 0.044356 -0.134366 0.168565
v 0.018120 -0.112931 0.171309
v 0.031879 -0.136892 0.171322
v 0.031254 -0.122354 0.170369
v 0.033645 -0.166370 0.173023
v 0.023722 -0.170785 0.175652
v 0.032633 -0.152050 0.172217
v 0.018904 -0.142612 0.175055
v 0.014858 -0.185192 0.177687
v 0.014732 -0.203602 0.176815
v 0.016965 -0.193714 0.177128
v 0.008890 -0.190653 0.177760
v 0.217129 0.134415 0.031749
v 0.220816 0.152638 0.027418
v 0.207471 0.135929 0.037438
v 0.214644 0.144760 0.033075
v 0.211917 0.154250 0.034043
v 0.101617 -0.135782 0.140296
v 0.101090 -0.148168 0.140909
v 0.090477 -0.151229 0.148918
v 0.080032 -0.153569 0.155261
v 0.068666 -0.156548 0.160248
v 0.056586 -0.145764 0.164819
v 0.056465 -0.131742 0.164806
v 0.079855 -0.140501 0.155425
v 0.169753 0.105724 0.059650
v 0.169261 0.111672 0.065188
v 0.168195 0.106237 0.066229
v 0.170410 0.098621 0.052994
v 0.170873 0.091215 0.045827
v 0.170327 0.096432 0.055912
v 0.043149 0.049520 0.161593
v 0.050874 0.036072 0.160844
v 0.049428 0.021275 0.159508
v 0.034607 0.019064 0.158727
v 0.075278 0.097237 0.158836
v 0.082112 0.099865 0.157156
v 0.066182 0.104155 0.156427
v 0.064662 0.113483 0.150907
v 0.064114 0.122351 0.145265
v 0.072992 0.115247 0.149654
v 0.089289 0.101799 0.154796
v 0.081446 0.108775 0.152393
v 0.080339 0.116673 0.147545
v 0.080793 0.125039 0.141665
v 0.089054 0.118008 0.145534
v 0.205358 0.160021 -0.074258
v 0.200732 0.165170 -0.076148
v 0.197954 0.159859 -0.077734
v 0.203985 0.169581 -0.073231
v 0.197181 0.170211 -0.077020
v 0.274970 0.067874 -0.015776
v 0.272264 0.063861 -0.028740
v 0.266809 0.073139 -0.031007
v 0.264904 0.070145 -0.038201
v 0.269356 0.076869 -0.016418
v 0.264759 0.087733 -0.013763
v 0.268080 0.075975 -0.023827
v 0.261142 0.083378 -0.033825
v 0.164371 0.052529 -0.014248
v 0.165319 0.047760 -0.025189
v 0.162784 0.052872 -0.024225
v 0.169078 0.042649 -0.027085
v 0.169419 0.042165 -0.018461
v 0.170610 0.042637 -0.009283
v 0.173860 0.037166 -0.010793
v 0.166120 0.053819 -0.003542
v 0.169932 0.056387 0.005928
v 0.168397 0.048152 -0.007129
v 0.174628 0.043935 0.000063
v 0.176363 0.031113 -0.022242
v 0.169741 0.043226 -0.035463
v 0.172056 0.044968 -0.042759
v 0.176646 0.038642 -0.043529
v 0.172960 0.036942 -0.029177
v 0.177096 0.031286 -0.031254
v 0.185490 0.025667 -0.045002
v 0.180984 0.032635 -0.044313
v 0.180601 0.025687 -0.033265
v 0.178287 0.032288 -0.038540
v 0.204761 0.024972 -0.063254
v 0.194366 0.043385 -0.063782
v 0.199498 0.034323 -0.063593
v 0.196257 0.052129 -0.067312
v 0.206128 0.036303 -0.066703
v 0.206835 0.067056 -0.072959
v 0.200813 0.058503 -0.070684
v 0.213877 0.039518 -0.069748
v 0.205212 0.048071 -0.069639
v 0.220455 0.030022 -0.068655
v 0.222147 0.043054 -0.070583
v 0.266253 0.059106 -0.043750
v 0.235675 0.038913 -0.067279
v 0.248921 0.050549 -0.060291
v 0.225393 0.057474 -0.070957
v 0.230983 0.048074 -0.069341
v 0.247437 0.059724 -0.060533
v 0.240105 0.051503 -0.065783
v 0.261099 0.067575 -0.045431
v 0.255578 0.076383 -0.047754
v 0.255002 0.063866 -0.053033
v 0.245996 0.069519 -0.060494
v 0.219255 0.041285 0.023335
v 0.212372 0.056108 0.025846
v 0.216611 0.048473 0.024804
v 0.207881 0.044375 0.022170
v 0.183040 0.040232 0.006618
v 0.180050 0.046682 0.008823
v 0.199464 0.040246 0.018575
v 0.196747 0.047426 0.019920
v 0.186148 0.034135 0.004197
v 0.201798 0.033037 0.016685
v 0.192201 0.036409 0.012726
v 0.230732 0.148239 0.019600
v 0.227235 0.159311 0.020135
v 0.225085 0.169356 0.021667
v 0.232092 0.165556 0.011751
v 0.174040 0.124513 0.056502
v 0.173650 0.114215 0.050130
v 0.174069 0.119765 0.049659
v 0.173945 0.124663 0.054315
v 0.175770 0.135498 0.058630
v 0.176256 0.132191 0.056919
v 0.174946 0.137605 0.060820
v 0.175026 0.151706 0.061126
v 0.175140 0.137283 0.059936
v 0.177743 0.146167 0.058601
v 0.241586 0.092453 0.021799
v 0.248751 0.093691 0.016742
v 0.254897 0.096701 0.009981
v 0.244695 0.104649 0.017143
v 0.233070 0.137424 0.018831
v 0.239187 0.142958 0.010788
v 0.239998 0.116016 0.017917
v 0.247134 0.115882 0.010825
v 0.220474 0.124435 0.030610
v 0.226656 0.131362 0.025288
v 0.232375 0.113306 0.023888
v 0.235057 0.125787 0.020416
v 0.208319 0.064042 0.027516
v 0.201057 0.059103 0.024692
v 0.193389 0.075913 0.029221
v 0.172950 0.067036 0.018565
v 0.171827 0.074220 0.022370
v 0.187135 0.070497 0.025679
v 0.184591 0.078059 0.029039
v 0.174275 0.059902 0.015106
v 0.176871 0.052930 0.011901
v 0.193748 0.054865 0.021552
v 0.186627 0.050612 0.015500
v 0.190604 0.062247 0.023159
v 0.180701 0.064543 0.021641
v 0.162588 0.074734 -0.057539
v 0.164768 0.067544 -0.052081
v 0.168012 0.061100 -0.052953
v 0.170597 0.074198 -0.062376
v 0.173001 0.054955 -0.053991
v 0.178482 0.048139 -0.054839
v 0.183315 0.049815 -0.059769
v 0.182662 0.059793 -0.064521
v 0.176344 0.066919 -0.063047
v 0.171446 0.064060 -0.058180
v 0.200372 0.128353 0.040340
v 0.197805 0.137344 0.042790
v 0.203361 0.119568 0.038545
v 0.194397 0.121351 0.042682
v 0.167397 0.101133 0.067430
v 0.169218 0.097832 0.060938
v 0.170254 0.090490 0.053755
v 0.167352 0.065033 -0.001479
v 0.166759 0.061479 -0.001224
v 0.169955 0.069825 0.009880
v 0.166261 0.057432 -0.001686
v 0.168760 0.062878 0.009867
v 0.141416 0.064608 0.124401
v 0.140874 0.056412 0.122792
v 0.148684 0.051976 0.108180
v 0.144989 0.049944 0.114198
v 0.141690 0.072687 0.124595
v 0.145068 0.065740 0.118884
v 0.169384 0.044749 0.020567
v 0.168037 0.039890 0.022194
v 0.166788 0.035239 0.025057
v 0.164578 0.030034 0.027598
v 0.164882 0.044649 0.048376
v 0.168517 0.043879 0.033695
v 0.150555 0.077308 0.108279
v 0.152302 0.070933 0.104677
v 0.147177 0.073023 0.114590
v 0.153611 0.065181 0.100592
v 0.151870 0.055143 0.101919
v 0.154562 0.058278 0.096609
v 0.148027 0.059629 0.111601
v 0.147672 0.066532 0.113227
v 0.150342 0.068273 0.109119
v 0.118373 -0.016181 0.131565
v 0.116918 -0.027559 0.131359
v 0.111119 -0.005075 0.139781
v 0.100260 -0.004071 0.146461
v 0.042740 0.256579 0.048132
v 0.044148 0.251182 0.050390
v 0.036892 0.248753 0.052949
v 0.035313 0.259280 0.048010
v 0.196550 0.089764 0.034246
v 0.199918 0.104632 0.036481
v 0.213127 0.117596 0.034346
v 0.227250 0.104910 0.027507
v 0.223487 0.114425 0.029048
v 0.206215 0.110808 0.035681
v 0.210059 0.101831 0.034523
v 0.172737 0.092345 -0.072014
v 0.162013 0.083718 -0.060405
v 0.169281 0.081663 -0.066780
v 0.170535 0.087761 -0.069481
v 0.165059 0.078857 -0.061545
v 0.167015 0.093869 -0.068696
v 0.157944 0.103628 -0.062101
v 0.156587 0.097716 -0.059018
v 0.157407 0.090583 -0.056574
v 0.159159 0.087613 -0.058233
v 0.160820 0.092579 -0.062299
v 0.158939 0.109027 -0.065440
v 0.165505 0.100855 -0.068750
v 0.163024 0.097451 -0.065455
v 0.159686 0.101068 -0.064290
v 0.141297 0.101180 -0.088957
v 0.127002 0.083202 -0.091464
v 0.135098 0.098762 -0.090997
v 0.139909 0.090894 -0.086802
v 0.113819 0.099518 -0.101239
v 0.120325 0.091088 -0.096347
v 0.129481 0.107018 -0.094632
v 0.127465 0.095282 -0.093745
v 0.218128 0.180590 -0.055954
v 0.222335 0.181561 -0.049908
v 0.218637 0.188765 -0.050454
v 0.225322 0.173381 -0.049645
v 0.225949 0.181662 -0.042846
v 0.225885 0.190048 -0.035013
v 0.229363 0.180929 -0.035058
v 0.231857 0.180743 0.002614
v 0.231121 0.187101 -0.017621
v 0.238596 0.158766 0.001006
v 0.234842 0.169930 0.001521
v 0.235712 0.173905 -0.007774
v 0.232058 0.171579 -0.035207
v 0.232414 0.179254 -0.027002
v 0.234572 0.177086 -0.017524
v 0.237948 0.166091 -0.018163
v 0.196102 -0.270385 0.024214
v 0.195464 -0.268781 0.012365
v 0.193409 -0.267335 -0.000726
v 0.134279 -0.181467 0.118691
v 0.125280 -0.186642 0.127157
v 0.126796 -0.198081 0.127223
v 0.142690 -0.175835 0.108917
v 0.150363 -0.170732 0.099129
v 0.158497 -0.174582 0.089539
v 0.144533 -0.185881 0.109446
v 0.124091 -0.279071 0.128707
v 0.112515 -0.281288 0.133936
v 0.195901 -0.271853 0.036430
v 0.194887 -0.274721 0.049689
v 0.191087 -0.276085 0.061099
v 0.139197 -0.114624 0.100471
v 0.131712 -0.117139 0.110352
v 0.122992 -0.119856 0.120605
v 0.112731 -0.122173 0.129957
v 0.123952 -0.108098 0.119575
v 0.130436 -0.048723 0.114350
v 0.136844 -0.046963 0.101801
v 0.133276 -0.094378 0.107086
v 0.135477 -0.070750 0.105174
v 0.151176 -0.085620 0.072689
v 0.142727 -0.068328 0.093475
v 0.141491 -0.080658 0.095337
v 0.142442 -0.045292 0.090166
v 0.141470 -0.056963 0.091023
v 0.146564 -0.065726 0.080943
v 0.160207 -0.077199 0.036106
v 0.158998 -0.055420 0.029990
v 0.161752 -0.056623 -0.005290
v 0.160875 -0.052673 0.017360
v 0.161732 -0.063198 0.019548
v 0.160772 -0.036206 -0.011916
v 0.161041 -0.046182 -0.008823
v 0.159579 -0.041934 0.014937
v 0.161344 -0.049787 0.004518
v 0.162964 -0.082198 -0.011528
v 0.158013 -0.078834 -0.023598
v 0.155104 -0.068982 -0.026011
v 0.159773 -0.062539 -0.015981
v 0.162388 -0.067131 -0.003469
v 0.166864 -0.089785 0.015154
v 0.165763 -0.086331 0.001795
v 0.163903 -0.082953 0.026333
v 0.163188 -0.072798 0.022176
v 0.163951 -0.069828 0.009362
v 0.163843 -0.076535 -0.000882
v 0.088422 -0.023102 -0.089099
v 0.088025 0.014724 -0.095423
v 0.098348 -0.001023 -0.088357
v 0.108136 -0.005153 -0.082756
v 0.107638 0.006479 -0.084833
v 0.108967 -0.018319 -0.080868
v 0.116840 -0.010340 -0.076301
v 0.166913 0.083677 0.015181
v 0.166204 0.073412 0.000096
v 0.166532 0.078131 0.011175
v 0.165769 0.075588 -0.006727
v 0.160893 0.112428 -0.076686
v 0.160641 0.119329 -0.080033
v 0.160180 0.127254 -0.083340
v 0.160037 0.116314 -0.081204
v 0.241985 0.147307 0.000816
v 0.245357 0.135382 0.000741
v 0.242905 0.151289 -0.009166
v 0.240929 0.154866 -0.018626
v 0.238894 0.158064 -0.027543
v 0.245530 0.142597 -0.019714
v 0.179871 0.102214 0.042224
v 0.187217 0.092388 0.035412
v 0.191341 0.107037 0.040042
v 0.193323 0.098534 0.036599
v 0.210939 0.189610 0.031487
v 0.215943 0.171697 0.029786
v 0.221767 0.178993 0.022643
v 0.202895 0.189322 0.038884
v 0.204757 0.180763 0.038466
v 0.209977 0.163003 0.035990
v 0.202353 0.154254 0.040500
v 0.207545 0.172444 0.037149
v 0.198332 0.171208 0.043512
v 0.155492 -0.272175 0.110572
v 0.135108 -0.278192 0.123075
v 0.135354 -0.272883 0.123965
v 0.134776 -0.285448 0.122595
v 0.146806 -0.284454 0.116612
v 0.165342 -0.274127 0.102554
v 0.176378 -0.274131 0.089149
v 0.157595 -0.282779 0.109875
v 0.106273 0.256567 0.040159
v 0.109003 0.267419 0.029960
v 0.118723 0.268849 0.030320
v 0.126185 0.258052 0.040889
v 0.172141 0.089049 0.037634
v 0.172839 0.092352 0.037167
v 0.171459 0.076905 0.018613
v 0.170881 0.073832 0.019731
v 0.173232 0.094878 0.035595
v 0.171361 0.081781 0.016966
v 0.171472 0.079294 0.018276
v 0.172579 0.085570 0.028340
v 0.179443 0.108938 0.045937
v 0.178655 0.115432 0.049568
v 0.187174 0.122740 0.046664
v 0.189289 0.115229 0.043284
v 0.184747 0.108911 0.042886
v 0.249699 0.086381 -0.051747
v 0.237945 0.077290 -0.064478
v 0.246786 0.079852 -0.056867
v 0.252911 0.090920 -0.044452
v 0.255710 0.095739 -0.037144
v 0.243942 0.096025 -0.055064
v 0.170743 0.089894 0.029968
v 0.175313 0.095755 0.037274
v 0.171204 0.082269 0.025622
v 0.182504 0.086376 0.033286
v 0.176900 0.080242 0.029003
v 0.181217 0.094199 0.037785
v 0.173083 0.105812 0.043335
v 0.173436 0.116409 0.049389
v 0.173015 0.116139 0.047840
v 0.173025 0.097795 0.035413
v 0.170602 0.104110 0.034965
v 0.172055 0.112110 0.042859
v 0.171873 0.114886 0.045878
v 0.172347 0.107463 0.040577
v 0.192497 0.017297 -0.050324
v 0.197236 0.016506 -0.054259
v 0.202892 0.015619 -0.058322
v 0.211290 0.016351 -0.063023
v 0.201858 0.008510 -0.054684
v 0.212877 0.009797 -0.061564
v 0.188887 0.018503 -0.045934
v 0.186287 0.019107 -0.040681
v 0.193310 0.009231 -0.046265
v 0.182977 0.019725 -0.026858
v 0.184886 0.019079 -0.034775
v 0.188036 0.011293 -0.035494
v 0.211698 0.029812 0.019351
v 0.203565 0.025279 0.014780
v 0.196426 0.023104 0.009000
v 0.206165 0.019010 0.013597
v 0.231508 0.038574 0.024235
v 0.220551 0.035716 0.022300
v 0.221628 0.030407 0.022094
v 0.223981 0.026055 0.021231
v 0.230690 0.029491 0.023399
v 0.237755 0.033261 0.025710
v 0.249013 0.045246 0.025191
v 0.241335 0.041429 0.025770
v 0.244341 0.035520 0.026036
v 0.275025 0.056890 0.009642
v 0.279863 0.059027 -0.000370
v 0.280499 0.059856 -0.007563
v 0.280303 0.059201 -0.014557
v 0.285701 0.052110 -0.000563
v 0.279315 0.057914 -0.020988
v 0.277891 0.056408 -0.027241
v 0.286070 0.051835 -0.013611
v 0.280312 0.049940 0.012437
v 0.262908 0.049022 -0.051415
v 0.275778 0.054799 -0.033609
v 0.270024 0.052769 -0.042350
v 0.282847 0.050441 -0.026805
v 0.270545 0.047166 -0.045702
v 0.278120 0.047118 -0.040174
v 0.268079 0.040338 -0.051219
v 0.273184 0.044292 -0.045634
v 0.255186 0.046589 -0.057325
v 0.248045 0.040698 -0.062839
v 0.259063 0.042123 -0.056262
v 0.262578 0.037205 -0.055662
v 0.256526 0.033537 -0.059960
v 0.256321 0.048853 0.024424
v 0.261368 0.054054 0.021861
v 0.268789 0.054602 0.018230
v 0.259212 0.042078 0.025072
v 0.273782 0.048523 0.018054
v 0.219349 0.018816 -0.066031
v 0.226097 0.022376 -0.067101
v 0.218986 0.011183 -0.064036
v 0.232947 0.026049 -0.067371
v 0.240328 0.032502 -0.065687
v 0.245548 0.030780 -0.064537
v 0.231498 0.016965 -0.066954
v 0.250576 0.029009 -0.062759
v 0.244191 0.024768 -0.064987
v 0.183518 0.020267 -0.016710
v 0.184081 0.017627 -0.019184
v 0.193338 0.015065 0.000326
v 0.186426 0.013539 -0.020253
v 0.187038 0.013915 -0.013134
v 0.177321 0.031558 -0.012658
v 0.180557 0.032067 -0.003942
v 0.181071 0.025403 -0.014965
v 0.188265 0.027668 0.003284
v 0.190789 0.021630 0.001688
v 0.186968 0.020285 -0.006976
v 0.020201 0.225601 -0.101096
v 0.029670 0.227461 -0.100838
v 0.019765 0.243143 -0.096989
v 0.010309 0.206809 -0.105244
v 0.010211 0.215147 -0.104129
v 0.010153 0.223674 -0.102011
v 0.010738 0.233004 -0.100126
v 0.000642 0.220680 -0.103264
v 0.160195 0.019660 0.034266
v 0.162513 0.025553 0.031059
v 0.158517 0.023454 0.049674
v 0.161261 0.035024 0.057207
v 0.163025 0.039745 0.052598
v 0.164004 0.034274 0.040765
v 0.137893 -0.001937 0.099905
v 0.134755 0.007470 0.110663
v 0.138391 0.016800 0.108777
v 0.143027 0.018115 0.099703
v 0.152856 0.014255 0.068098
v 0.151143 0.003306 0.065581
v 0.147926 0.020170 0.090142
v 0.151821 0.022582 0.080702
v 0.144594 0.010241 0.090518
v 0.171419 0.084927 0.038125
v 0.170795 0.080887 0.038014
v 0.170570 0.070781 0.020047
v 0.170325 0.066393 0.020017
v 0.171329 0.079063 0.029368
v 0.170327 0.076300 0.038036
v 0.170620 0.062637 0.019710
v 0.170494 0.071380 0.029784
v 0.167210 0.086005 0.010194
v 0.168742 0.086399 0.012640
v 0.168682 0.096954 0.025601
v 0.169911 0.099125 0.029002
v 0.170078 0.085514 0.014067
v 0.171077 0.083989 0.015900
v 0.172098 0.090396 0.025996
v 0.172385 0.099373 0.033476
v 0.171341 0.099703 0.031781
v 0.170238 0.092702 0.022150
v 0.166905 0.055299 0.055091
v 0.168847 0.053554 0.042522
v 0.167417 0.048828 0.045055
v 0.015072 -0.175431 0.176746
v 0.012034 -0.163501 0.176974
v 0.007971 -0.179504 0.178080
v -0.000610 -0.200546 0.177287
v 0.011545 -0.214591 0.175654
v 0.009627 -0.225223 0.173280
v 0.003346 -0.207449 0.176971
v -0.006017 -0.205718 0.176789
v 0.068266 -0.145379 -0.090994
v 0.053077 -0.144277 -0.092549
v 0.055868 -0.154281 -0.093084
v 0.050768 -0.132993 -0.091510
v 0.036925 -0.142860 -0.093449
v 0.022538 -0.160765 -0.097307
v 0.021595 -0.150758 -0.095728
v 0.019934 -0.140390 -0.093686
v 0.003994 -0.156130 -0.096771
v 0.059295 -0.165764 -0.096205
v 0.041642 -0.163837 -0.097453
v 0.024209 -0.171288 -0.100300
v 0.172107 -0.209746 -0.045199
v 0.189077 -0.207331 -0.007286
v 0.177964 -0.198350 -0.034253
v 0.190657 -0.228490 -0.007699
v 0.190228 -0.217283 -0.006978
v 0.180253 -0.219499 -0.033495
v 0.179050 -0.208611 -0.033707
v 0.184340 -0.207758 -0.020537
v 0.186240 -0.189430 -0.007738
v 0.190637 -0.205735 0.007668
v 0.188863 -0.198644 -0.003686
v 0.188321 -0.191519 0.006643
v 0.181748 -0.186263 -0.021469
v 0.184309 -0.180517 -0.009519
v 0.186872 -0.184871 0.019593
v 0.188772 -0.192933 0.021094
v 0.192194 -0.209485 0.021525
v 0.190770 -0.212038 0.035683
v 0.190524 -0.201063 0.021640
v 0.187756 -0.195446 0.034771
v 0.184246 -0.190378 0.047132
v 0.185608 -0.199128 0.047879
v 0.189077 -0.215843 0.048839
v 0.185433 -0.220486 0.061258
v 0.187163 -0.207384 0.048572
v 0.182612 -0.203478 0.060471
v 0.176060 -0.231309 0.084069
v 0.181315 -0.226028 0.072421
v 0.180146 -0.217246 0.072835
v 0.169088 -0.236034 0.094104
v 0.161762 -0.241815 0.104374
v 0.168025 -0.228469 0.093720
v 0.153714 -0.255149 0.112327
v 0.154540 -0.262782 0.111324
v 0.134445 -0.266550 0.125212
v 0.145254 -0.269006 0.117983
v 0.153241 -0.247722 0.112158
v 0.152049 -0.240252 0.112418
v 0.143625 -0.253427 0.119839
v 0.124467 -0.266393 0.131089
v 0.133878 -0.259882 0.125494
v 0.133546 -0.252407 0.126486
v 0.101626 -0.279766 0.139235
v 0.113030 -0.272493 0.135432
v 0.112552 -0.264185 0.136712
v 0.089694 -0.283966 0.142184
v 0.078547 -0.286212 0.145371
v 0.090399 -0.274821 0.144384
v 0.048410 -0.289789 0.151028
v 0.064187 -0.288494 0.148335
v 0.065637 -0.281307 0.150031
v 0.036060 -0.292839 0.152661
v 0.025899 -0.293812 0.153424
v 0.037875 -0.285606 0.154744
v 0.012353 -0.294785 0.153970
v 0.011786 -0.287220 0.156411
v 0.010722 -0.300952 0.151608
v -0.001962 -0.296219 0.153023
v 0.104511 0.234672 0.057506
v 0.104824 0.245464 0.048972
v 0.121130 0.226137 0.064632
v 0.112852 0.226164 0.065020
v 0.114867 0.246061 0.049354
v 0.080443 0.304755 -0.032313
v 0.075452 0.307894 -0.030291
v 0.099886 0.296133 -0.017241
v 0.093469 0.297961 -0.016824
v 0.090330 0.300530 -0.026155
v 0.103190 0.296890 -0.030007
v 0.086138 0.302312 -0.034455
v 0.080678 0.302295 -0.042594
v 0.092012 0.299572 -0.037334
v 0.112174 0.232430 -0.097548
v 0.121204 0.233891 -0.094322
v 0.121902 0.243426 -0.090174
v 0.103100 0.230757 -0.100518
v 0.084702 0.235027 -0.102045
v 0.083994 0.244611 -0.098860
v 0.094242 0.228284 -0.103299
v 0.103222 0.240664 -0.097357
v 0.083523 0.254123 -0.094844
v 0.103807 0.250540 -0.093275
v 0.093735 0.247688 -0.096655
v 0.123134 0.252474 -0.085192
v 0.124261 0.262063 -0.078769
v 0.113880 0.251807 -0.089749
v 0.103950 0.260186 -0.087749
v 0.061841 0.303272 -0.054571
v 0.071074 0.304762 -0.045657
v 0.057270 0.309060 -0.048548
v 0.059983 0.306457 -0.050777
v 0.063585 0.307361 -0.046900
v 0.075174 0.301799 -0.049388
v 0.080268 0.298670 -0.054443
v 0.069468 0.301096 -0.054823
v 0.058057 0.298267 -0.063321
v 0.064677 0.299678 -0.059673
v 0.066912 0.295653 -0.064968
v 0.051613 0.296643 -0.066080
v 0.045562 0.296293 -0.066756
v 0.039084 0.293839 -0.070522
v 0.054806 0.292431 -0.070114
v 0.165947 0.284149 -0.016019
v 0.157834 0.287657 -0.017767
v 0.174157 0.279614 -0.013225
v 0.171288 0.278526 -0.027029
v 0.166826 0.274366 -0.039407
v 0.174627 0.270206 -0.036068
v 0.152704 0.265187 -0.061875
v 0.159587 0.278153 -0.041918
v 0.163295 0.269230 -0.050514
v 0.135852 0.225580 -0.092067
v 0.144446 0.233596 -0.086630
v 0.137487 0.233867 -0.088961
v 0.150901 0.232653 -0.084165
v 0.149626 0.224822 -0.087899
v 0.148834 0.216728 -0.090506
v 0.155313 0.216639 -0.089897
v 0.135370 0.216677 -0.094804
v 0.134991 0.207533 -0.096546
v 0.142497 0.216571 -0.092473
v 0.148418 0.208100 -0.092187
v 0.209832 0.234529 0.000687
v 0.217558 0.218332 0.002950
v 0.213852 0.226483 0.002267
v 0.213112 0.229635 -0.009528
v 0.211311 0.230593 -0.020437
v 0.215327 0.223041 -0.019362
v 0.206826 0.237558 -0.021750
v 0.207998 0.230389 -0.030406
v 0.152038 0.239968 -0.079678
v 0.154781 0.247255 -0.073842
v 0.156910 0.231725 -0.082364
v 0.086668 0.113639 -0.112231
v 0.096936 0.108476 -0.108162
v 0.107735 0.108330 -0.104167
v 0.116396 0.111330 -0.101142
v 0.102889 0.117119 -0.107277
v 0.131212 0.117608 -0.095364
v 0.124230 0.114641 -0.098212
v 0.119882 0.122599 -0.101700
v 0.160099 0.135286 -0.086231
v 0.157718 0.131892 -0.088406
v 0.158888 0.112290 -0.083202
v 0.156560 0.120535 -0.086124
v 0.155214 0.128490 -0.089436
v 0.153177 0.137154 -0.091342
v 0.152019 0.125680 -0.090506
v 0.161166 0.140561 -0.084919
v 0.159508 0.143739 -0.089338
v 0.160680 0.141455 -0.079491
v 0.161256 0.141125 -0.082064
v 0.161665 0.148361 -0.084564
v 0.200370 0.197972 0.038974
v 0.198000 0.205726 0.038339
v 0.194399 0.187683 0.044703
v 0.176615 0.164920 0.058015
v 0.177914 0.161042 0.057576
v 0.187695 0.176738 0.049097
v 0.186037 0.183608 0.049604
v 0.182057 0.150890 0.056505
v 0.180036 0.156557 0.057224
v 0.189986 0.169511 0.048659
v 0.191844 0.162083 0.048197
v 0.183104 0.166829 0.053675
v 0.159432 0.138288 -0.071851
v 0.159164 0.135943 -0.074597
v 0.158922 0.130422 -0.072988
v 0.159036 0.139848 -0.072681
v 0.157808 0.134569 -0.070984
v 0.159557 0.140907 -0.076238
v 0.160555 0.146992 -0.078453
v 0.159796 0.144400 -0.073562
v 0.158899 0.140653 -0.073535
v 0.136611 0.290524 -0.033787
v 0.139741 0.292064 -0.020373
v 0.148372 0.290297 -0.019306
v 0.154367 0.285717 -0.031362
v 0.151251 0.281060 -0.043636
v 0.208150 0.221652 -0.038008
v 0.204094 0.227432 -0.039044
v 0.201632 0.215678 -0.053890
v 0.197182 0.221444 -0.054915
v 0.194857 0.216036 -0.060987
v 0.199570 0.233220 -0.040423
v 0.199523 0.226650 -0.047480
v 0.193336 0.227822 -0.054241
v 0.194391 0.208742 -0.066171
v 0.190895 0.213242 -0.068014
v 0.187950 0.199960 -0.075645
v 0.181719 0.198627 -0.080533
v 0.186630 0.217687 -0.069943
v 0.187642 0.208726 -0.072995
v 0.184412 0.203974 -0.077819
v 0.181202 0.207100 -0.079164
v 0.162272 0.147631 -0.074247
v 0.161149 0.149087 -0.075185
v 0.161409 0.153034 -0.080404
v 0.160746 0.150978 -0.076967
v 0.162503 0.154222 -0.076127
v 0.216201 0.197926 0.024032
v 0.219799 0.205207 0.014074
v 0.225938 0.185659 0.013792
v 0.228905 0.190804 0.003308
v 0.219312 0.188330 0.023703
v 0.175607 0.278103 0.000188
v 0.175830 0.273032 0.013706
v 0.181280 0.274363 -0.011144
v 0.188088 0.265770 0.004543
v 0.173914 0.265920 0.024632
v 0.186838 0.260311 0.016002
v 0.181627 0.267384 0.014800
v 0.191958 0.253742 0.016974
v 0.184144 0.253094 0.026457
v 0.167129 0.084840 0.006907
v 0.167888 0.093543 0.022234
v 0.166802 0.088981 0.019106
v 0.166853 0.083154 0.009364
v 0.167272 0.090078 0.016554
v 0.160903 0.079904 -0.015598
v 0.166256 0.081020 -0.003903
v 0.160610 0.077776 -0.012950
v 0.166319 0.079367 -0.002018
v 0.166967 0.082574 0.002089
v 0.158138 0.081005 -0.026911
v 0.157092 0.079715 -0.034209
v 0.157509 0.083568 -0.037165
v 0.157333 0.077978 -0.023942
v 0.158876 0.079347 -0.020153
v 0.156852 0.104587 -0.058043
v 0.156925 0.111694 -0.061887
v 0.158624 0.103420 -0.060621
v 0.157651 0.101238 -0.057203
v 0.158034 0.094616 -0.051968
v 0.157029 0.094476 -0.053340
v 0.158982 0.083065 -0.043471
v 0.157652 0.087700 -0.049883
v 0.159084 0.088183 -0.045875
v 0.157210 0.084062 -0.040145
v 0.178047 0.122151 0.052290
v 0.176536 0.127886 0.054329
v 0.180250 0.136266 0.055124
v 0.185809 0.130082 0.049841
v 0.182274 0.122647 0.050418
v 0.195623 0.145726 0.044356
v 0.183163 0.144793 0.054342
v 0.189884 0.137522 0.047651
v 0.193459 0.154229 0.045869
v 0.186830 0.153384 0.051505
v 0.184420 0.137549 0.052194
v 0.176902 0.249962 0.034975
v 0.181129 0.244228 0.035855
v 0.185589 0.236909 0.036599
v 0.177486 0.233571 0.043004
v 0.221563 0.209852 0.003363
v 0.227854 0.197084 -0.017363
v 0.228765 0.194553 -0.007533
v 0.221107 0.212517 -0.008241
v 0.225172 0.200405 0.003150
v 0.222049 0.198630 -0.035967
v 0.225547 0.198103 -0.027106
v 0.219907 0.214589 -0.018565
v 0.216505 0.214878 -0.028636
v 0.224249 0.206011 -0.018251
v 0.165505 0.125443 -0.073097
v 0.168067 0.121874 -0.075359
v 0.163533 0.129061 -0.072212
v 0.158892 0.131734 -0.069935
v 0.161925 0.125023 -0.071345
v 0.165378 0.132797 -0.073417
v 0.168154 0.137170 -0.074798
v 0.162008 0.140400 -0.072621
v 0.160501 0.135896 -0.071035
v 0.161949 0.132812 -0.071118
v 0.159484 0.118209 -0.071446
v 0.159972 0.113787 -0.071552
v 0.159441 0.104512 -0.064103
v 0.158747 0.110538 -0.064958
v 0.158290 0.124163 -0.071061
v 0.156291 0.118643 -0.065564
v 0.156779 0.129297 -0.069562
v 0.157684 0.129799 -0.071309
v 0.156881 0.115498 -0.065401
v 0.158273 0.117305 -0.068317
v 0.184999 0.268230 -0.021412
v 0.192799 0.261645 -0.006451
v 0.187474 0.268090 -0.008400
v 0.210097 0.193635 -0.058384
v 0.203438 0.204823 -0.059903
v 0.214344 0.196070 -0.051741
v 0.218044 0.197864 -0.044509
v 0.212830 0.214030 -0.037286
v 0.208213 0.214087 -0.045861
v 0.205921 0.210103 -0.053880
v 0.217398 0.207104 -0.036948
v 0.209001 0.202574 -0.054899
v 0.176471 0.209259 -0.080345
v 0.179495 0.215199 -0.077217
v 0.162324 0.223139 -0.086136
v 0.163657 0.230259 -0.081909
v 0.169967 0.219879 -0.080337
v 0.165305 0.237213 -0.077110
v 0.172675 0.226164 -0.076174
v 0.168658 0.228740 -0.078415
v 0.184723 0.226091 -0.065479
v 0.181967 0.220790 -0.072083
v 0.177258 0.223865 -0.074202
v 0.175122 0.232312 -0.070114
v 0.189821 0.170048 -0.079674
v 0.193223 0.175830 -0.077987
v 0.196211 0.180473 -0.075853
v 0.191934 0.195413 -0.074219
v 0.187646 0.192143 -0.078037
v 0.189552 0.181089 -0.078702
v 0.160868 0.215880 -0.090069
v 0.159831 0.208039 -0.092728
v 0.165949 0.214559 -0.086796
v 0.173858 0.203256 -0.083203
v 0.171643 0.211690 -0.082540
v 0.167834 0.213417 -0.084502
v 0.166016 0.206364 -0.087418
v 0.170636 0.141494 -0.076574
v 0.163911 0.144637 -0.074284
v 0.166214 0.149330 -0.075635
v 0.165914 0.141278 -0.074112
v 0.165538 0.261837 0.033747
v 0.156926 0.255268 0.041498
v 0.171583 0.256307 0.034253
v 0.168428 0.245400 0.041703
v 0.144299 0.226510 0.060510
v 0.140758 0.246647 0.048344
v 0.148497 0.248603 0.046971
v 0.154506 0.243506 0.048916
v 0.156676 0.215997 0.060389
v 0.151516 0.220838 0.061812
v 0.165981 0.233383 0.047967
v 0.160731 0.239126 0.048248
v 0.152730 0.232308 0.055410
v 0.166159 0.204588 0.061048
v 0.161878 0.210761 0.059900
v 0.170125 0.228171 0.048856
v 0.174313 0.222013 0.049907
v 0.164073 0.222141 0.053710
v 0.171694 0.189703 0.061492
v 0.169605 0.197600 0.061147
v 0.177151 0.214569 0.050212
v 0.171572 0.210119 0.055823
v 0.174235 0.180615 0.060380
v 0.174956 0.171729 0.059524
v 0.184337 0.190807 0.049523
v 0.180030 0.177605 0.054994
v 0.176278 0.193706 0.056252
v 0.136805 0.225125 0.062572
v 0.129667 0.225678 0.064184
v 0.132804 0.246862 0.049153
v 0.124083 0.247483 0.049820
v 0.122463 0.236012 0.057381
v 0.139122 0.235403 0.055713
v 0.162434 0.111444 -0.069388
v 0.163135 0.118011 -0.071670
v 0.170249 0.118936 -0.077231
v 0.166306 0.118364 -0.074220
v 0.165718 0.114604 -0.073585
v 0.168450 0.102110 -0.071683
v 0.165084 0.106322 -0.070378
v 0.165375 0.110734 -0.072245
v 0.169565 0.111218 -0.074845
v 0.211863 0.078964 -0.073643
v 0.218992 0.067755 -0.072282
v 0.229049 0.072150 -0.070242
v 0.231595 0.086094 -0.067762
v 0.031974 0.212550 0.073801
v 0.031626 0.204637 0.078628
v 0.031791 0.196335 0.083909
v 0.031508 0.188045 0.089891
v 0.023132 0.202353 0.080555
v 0.228936 0.079286 0.027137
v 0.235375 0.084432 0.025208
v 0.231422 0.094413 0.026090
v 0.213269 0.092370 0.032432
v 0.220579 0.098436 0.031035
v 0.221909 0.073892 0.028503
v 0.215012 0.069452 0.028664
v 0.204332 0.072179 0.029318
v 0.199971 0.081360 0.031448
v 0.206359 0.087015 0.032279
v 0.217579 0.082928 0.030016
v 0.258216 0.098359 0.001056
v 0.261014 0.096395 -0.007789
v 0.259346 0.100402 -0.017981
v 0.253155 0.109706 0.003630
v 0.249007 0.122529 0.001074
v 0.250880 0.125961 -0.009649
v 0.255920 0.103191 -0.028747
v 0.249301 0.129323 -0.020693
v 0.245990 0.134019 -0.030531
v 0.249575 0.108859 -0.040821
v 0.254005 0.114972 -0.019886
v 0.058564 -0.104692 0.164339
v 0.070963 -0.103489 0.159420
v 0.057271 -0.118222 0.164456
v 0.080457 -0.127707 0.154203
v 0.068887 -0.129640 0.160137
v 0.134225 -0.044250 -0.056942
v 0.140013 -0.038023 -0.050500
v 0.139997 -0.026421 -0.053019
v 0.125847 -0.027110 -0.066426
v 0.140076 -0.016237 -0.054941
v 0.124666 -0.004205 -0.071210
v 0.124827 -0.015687 -0.068239
v 0.132569 -0.021107 -0.060993
v 0.053974 0.011266 -0.103236
v 0.065262 0.009172 -0.100993
v 0.054419 -0.014208 -0.098750
v 0.076927 0.006121 -0.096939
v 0.066294 -0.016638 -0.095805
v 0.077526 -0.019655 -0.092996
v 0.088395 -0.009477 -0.091184
v 0.087933 0.003258 -0.092919
v 0.065280 -0.003174 -0.098244
v 0.150489 -0.052467 0.066780
v 0.156442 -0.047855 0.040748
v 0.156379 -0.058078 0.042913
v 0.157700 -0.080195 0.048053
v 0.153884 -0.082765 0.060130
v 0.149766 -0.074822 0.070659
v 0.150216 -0.063640 0.068407
v 0.156464 -0.069127 0.045597
v 0.152772 -0.061142 0.055616
v 0.122915 -0.049816 0.123910
v 0.129288 -0.060736 0.114330
v 0.128716 -0.072695 0.115381
v 0.125509 -0.096572 0.118195
v 0.116138 -0.098645 0.127617
v 0.126264 -0.084659 0.116462
v 0.119285 -0.074327 0.124381
v 0.151392 -0.107518 0.076512
v 0.145743 -0.111162 0.089196
v 0.151425 -0.097255 0.075315
v 0.139207 -0.103612 0.098288
v 0.141218 -0.092211 0.096346
v 0.147704 -0.089009 0.085589
v 0.106232 -0.078358 -0.077855
v 0.093242 -0.062453 -0.083719
v 0.089792 -0.036838 -0.087231
v 0.091452 -0.050135 -0.085756
v 0.099509 -0.026864 -0.084400
v 0.109352 -0.031483 -0.079460
v 0.102356 -0.053351 -0.081777
v 0.128215 -0.051491 -0.062653
v 0.118936 -0.035292 -0.072703
v 0.126932 -0.039666 -0.064720
v 0.112784 -0.056057 -0.075364
v 0.110803 -0.043879 -0.077465
v 0.132251 -0.075451 -0.060058
v 0.116217 -0.081461 -0.072362
v 0.125172 -0.084146 -0.066977
v 0.130101 -0.063958 -0.061320
v 0.114129 -0.068878 -0.073329
v 0.121820 -0.059571 -0.068632
v 0.043236 -0.025278 -0.099200
v 0.042382 -0.012440 -0.101315
v 0.029735 0.013455 -0.106989
v 0.041758 0.012500 -0.105826
v 0.042611 -0.000099 -0.103414
v 0.030382 -0.011431 -0.103590
v 0.157094 -0.014962 0.021203
v 0.155393 -0.016026 0.035293
v 0.157529 -0.034731 0.025833
v 0.158789 -0.031988 0.012775
v 0.157697 -0.013380 0.008371
v 0.158255 -0.010960 -0.004330
v 0.159991 -0.025897 -0.014437
v 0.159951 -0.029233 -0.001473
v 0.158520 -0.022128 0.010158
v 0.149364 0.005692 -0.051984
v 0.148246 -0.012128 -0.049048
v 0.154841 0.000632 -0.042468
v 0.140366 -0.006556 -0.057618
v 0.142434 0.011038 -0.061449
v 0.135078 0.017512 -0.069816
v 0.125372 0.006127 -0.072829
v 0.132482 -0.000126 -0.065390
v 0.140902 0.002713 -0.059685
v 0.099721 0.042234 -0.095910
v 0.109561 0.036418 -0.090218
v 0.088638 0.026700 -0.097215
v 0.088590 0.037163 -0.099067
v 0.098438 0.022271 -0.092629
v 0.127204 0.023666 -0.076953
v 0.118585 0.029937 -0.084110
v 0.107998 0.017662 -0.086638
v 0.117459 0.012217 -0.080179
v 0.125984 0.015800 -0.075386
v 0.108818 0.027504 -0.088836
v 0.115526 -0.039170 0.131403
v 0.094907 -0.039812 0.146901
v 0.107275 -0.027946 0.139540
v 0.113981 -0.051245 0.131845
v 0.083863 -0.027155 0.152606
v 0.075087 -0.002283 0.155790
v 0.089019 -0.003265 0.152163
v 0.072938 -0.014750 0.156548
v 0.098097 -0.015385 0.146896
v 0.096382 -0.027408 0.146051
v 0.153320 -0.016932 0.049568
v 0.156210 -0.036930 0.038624
v 0.154247 -0.038844 0.051838
v 0.156116 -0.026465 0.037456
v 0.039144 -0.054971 0.164669
v 0.041447 -0.041981 0.163284
v 0.029536 -0.031495 0.162685
v 0.025272 -0.056002 0.166195
v 0.014272 -0.032591 0.162328
v 0.051192 0.076580 -0.113780
v 0.039204 0.058597 -0.111789
v 0.051424 0.057529 -0.110864
v 0.065024 0.077186 -0.112320
v 0.064347 0.055453 -0.108917
v 0.089951 0.057049 -0.102974
v 0.092205 0.066914 -0.104277
v 0.076137 0.052282 -0.105892
v 0.079749 0.075882 -0.108989
v 0.060615 0.066681 -0.111522
v 0.157916 -0.007386 -0.018130
v 0.157949 -0.021936 -0.026755
v 0.154489 -0.017449 -0.039160
v 0.156658 -0.003381 -0.030572
v 0.159009 -0.016514 -0.015962
v 0.154254 -0.007990 -0.041298
v 0.039188 0.158228 0.115459
v 0.047284 0.127443 0.141321
v 0.039669 0.125693 0.142717
v 0.039397 0.142433 0.129635
v 0.055783 0.129480 0.139996
v 0.064397 0.131316 0.138758
v 0.047647 0.144366 0.127950
v 0.047409 0.136123 0.134940
v 0.064368 0.155861 0.116990
v 0.056093 0.162758 0.111198
v 0.047970 0.160683 0.113669
v 0.047422 0.152760 0.120794
v 0.055920 0.146009 0.125790
v 0.072392 0.148740 0.122579
v 0.072414 0.132472 0.136656
v 0.081091 0.133445 0.135454
v 0.064366 0.139292 0.131927
v 0.064176 0.147826 0.124225
v 0.089781 0.151107 0.119010
v 0.081015 0.150063 0.120854
v 0.089356 0.134219 0.132945
v 0.081161 0.142023 0.127984
v 0.098362 0.151651 0.117164
v 0.107196 0.151939 0.115398
v 0.097370 0.143609 0.123469
v 0.146239 0.140485 0.096399
v 0.140938 0.144192 0.100731
v 0.129398 0.149026 0.108022
v 0.135378 0.146794 0.104577
v 0.139289 0.136637 0.105691
v 0.160599 0.120577 0.081519
v 0.157464 0.125163 0.085388
v 0.162144 0.112250 0.078575
v 0.154298 0.130931 0.089118
v 0.150491 0.135794 0.093104
v 0.148647 0.129812 0.097126
v 0.155588 0.119906 0.088707
v 0.163847 0.104292 0.074070
v 0.166694 0.096549 0.068654
v 0.161682 0.105320 0.079615
v 0.168839 0.088868 0.062023
v 0.166027 0.092041 0.070226
v 0.169168 0.058642 0.040524
v 0.169091 0.063240 0.050058
v 0.169027 0.076444 0.056791
v 0.170710 0.081521 0.046356
v 0.170150 0.085510 0.054224
v 0.170299 0.071952 0.038368
v 0.169954 0.081132 0.054909
v 0.170141 0.072316 0.047505
v 0.162799 0.077299 0.078434
v 0.166125 0.062313 0.063968
v 0.164288 0.068710 0.072969
v 0.167889 0.064626 0.058413
v 0.167355 0.079399 0.065755
v 0.168439 0.071330 0.058377
v 0.160294 0.085212 0.084324
v 0.157576 0.091923 0.089790
v 0.159953 0.102384 0.083467
v 0.163024 0.095937 0.077570
v 0.164848 0.087293 0.072593
v 0.163872 0.082541 0.075043
v 0.155536 0.099634 0.094069
v 0.157397 0.108688 0.087586
v 0.154603 0.114702 0.092372
v 0.157948 0.099163 0.088004
v 0.037254 0.076251 0.160754
v 0.035061 0.089945 0.158006
v 0.036752 0.062214 0.161015
v 0.030843 0.050212 0.160014
v 0.027564 0.073818 0.159678
v 0.032005 0.219884 0.069360
v 0.031727 0.227305 0.065514
v 0.023300 0.217886 0.071034
v 0.032634 0.279055 -0.082138
v 0.032682 0.292150 -0.073105
v 0.025401 0.290506 -0.074865
v 0.039328 0.287702 -0.075945
v 0.017435 0.275752 -0.084528
v 0.024997 0.277476 -0.083741
v 0.017857 0.289496 -0.076790
v 0.010573 0.288033 -0.077780
v 0.025301 0.284137 -0.079232
v 0.010796 0.258584 -0.091502
v 0.010107 0.265995 -0.088237
v 0.009904 0.273889 -0.085726
v 0.003441 0.285951 -0.080070
v 0.010602 0.281027 -0.081870
v 0.002207 0.271065 -0.087078
v 0.105707 0.295423 -0.044061
v 0.098654 0.297635 -0.040769
v 0.092343 0.296620 -0.050245
v 0.085161 0.295111 -0.058876
v 0.077825 0.293079 -0.065604
v 0.090792 0.291387 -0.063303
v 0.069450 0.290791 -0.070261
v 0.061673 0.290052 -0.072071
v 0.054474 0.286559 -0.076835
v 0.075667 0.286001 -0.074870
v 0.041104 0.273972 -0.084440
v 0.046907 0.283466 -0.078296
v 0.039612 0.280971 -0.080260
v 0.055957 0.279860 -0.081361
v 0.141974 -0.010566 0.087868
v 0.150539 -0.007506 0.063504
v 0.142839 0.000081 0.089017
v 0.146988 0.001601 0.077574
v 0.150393 -0.018250 0.062971
v 0.048125 0.232376 -0.100866
v 0.047399 0.241189 -0.098075
v 0.039580 0.230010 -0.100460
v 0.037733 0.247204 -0.095990
v 0.028655 0.245422 -0.095674
v 0.029297 0.236602 -0.098642
v 0.053672 0.253272 -0.094944
v 0.062513 0.256751 -0.094767
v 0.043909 0.258445 -0.092251
v 0.042218 0.265959 -0.088948
v 0.050197 0.269333 -0.087653
v 0.071836 0.260102 -0.093242
v 0.081807 0.263097 -0.090584
v 0.067327 0.276230 -0.083520
v 0.058513 0.272361 -0.086870
v 0.060700 0.264669 -0.091276
v 0.092304 0.266431 -0.086977
v 0.102723 0.269437 -0.081068
v 0.096082 0.285592 -0.068211
v 0.084930 0.284160 -0.074369
v 0.076861 0.279652 -0.081121
v 0.079394 0.271709 -0.085797
v 0.123358 0.288935 -0.048284
v 0.114640 0.291980 -0.046951
v 0.126305 0.271410 -0.070150
v 0.114736 0.271305 -0.074978
v 0.106725 0.288832 -0.059383
v 0.104587 0.279516 -0.071828
v 0.133174 0.286202 -0.047150
v 0.136100 0.269904 -0.067155
v 0.144524 0.267664 -0.064468
v 0.147645 0.274925 -0.055073
v 0.142345 0.283673 -0.045214
v 0.129110 0.279433 -0.059726
v 0.157174 0.254801 -0.067113
v 0.166608 0.259286 -0.056421
v 0.160122 0.262298 -0.059319
v 0.160668 0.245265 -0.071846
v 0.167594 0.243572 -0.069992
v 0.173163 0.256146 -0.053568
v 0.172542 0.240818 -0.066614
v 0.177967 0.237848 -0.063436
v 0.170354 0.250268 -0.062651
v 0.180932 0.265250 -0.032949
v 0.176762 0.261427 -0.043843
v 0.187595 0.260971 -0.030360
v 0.178701 0.252652 -0.050333
v 0.198758 0.241551 -0.033229
v 0.195015 0.238412 -0.042049
v 0.193033 0.254615 -0.026939
v 0.189094 0.252402 -0.037577
v 0.187723 0.230672 -0.058582
v 0.191919 0.234981 -0.050420
v 0.182507 0.234657 -0.060914
v 0.181408 0.243624 -0.056192
v 0.184966 0.247969 -0.047339
v 0.190187 0.243721 -0.044472
v 0.232198 0.163655 -0.042970
v 0.235653 0.161369 -0.035537
v 0.238978 0.151141 -0.036717
v 0.241168 0.139934 -0.038800
v 0.242838 0.128854 -0.042094
v 0.236425 0.145494 -0.046212
v 0.240796 0.112035 -0.052491
v 0.243332 0.119647 -0.046390
v 0.237419 0.127971 -0.052493
v 0.234159 0.097461 -0.063095
v 0.237997 0.105210 -0.058339
v 0.225204 0.095006 -0.069053
v 0.232209 0.113432 -0.061356
v 0.206732 0.088729 -0.074844
v 0.216070 0.091160 -0.073191
v 0.219560 0.102670 -0.071263
v 0.196622 0.088139 -0.075845
v 0.187625 0.090887 -0.075397
v 0.202526 0.097193 -0.076018
v 0.179489 0.093922 -0.075444
v 0.173653 0.097774 -0.074155
v 0.173460 0.103168 -0.075465
v 0.186440 0.097564 -0.076872
v 0.158022 0.116463 -0.066150
v 0.159781 0.113657 -0.067333
v 0.161603 0.120989 -0.070314
v 0.159515 0.124616 -0.069122
v 0.161186 0.116609 -0.069727
v 0.156202 0.119440 -0.065567
v 0.157091 0.118835 -0.064990
v 0.157438 0.129599 -0.068872
v 0.158659 0.127415 -0.068907
v 0.156259 0.124885 -0.067655
v 0.157755 0.122832 -0.067383
v 0.160800 0.109381 -0.072029
v 0.160766 0.096224 -0.064453
v 0.160414 0.100140 -0.064479
v 0.161478 0.105685 -0.072766
v 0.160360 0.106980 -0.068243
v 0.160401 0.093128 -0.064239
v 0.160100 0.090255 -0.064345
v 0.161131 0.102565 -0.074049
v 0.161062 0.099082 -0.068915
v 0.147816 0.059651 -0.073725
v 0.153180 0.061818 -0.071187
v 0.154754 0.068180 -0.071775
v 0.145014 0.082642 -0.082152
v 0.139851 0.078948 -0.084026
v 0.156523 0.072218 -0.069600
v 0.150737 0.083431 -0.078895
v 0.151824 0.075750 -0.076611
v 0.138531 0.051099 -0.078357
v 0.143055 0.055166 -0.076128
v 0.130651 0.058074 -0.084644
v 0.128244 0.070391 -0.088529
v 0.134190 0.074560 -0.086117
v 0.141205 0.066964 -0.081034
v 0.130249 -0.149667 -0.068267
v 0.128311 -0.173263 -0.077006
v 0.149653 -0.152158 -0.053451
v 0.140725 -0.151739 -0.061737
v 0.137008 -0.161129 -0.067322
v 0.160158 -0.190520 -0.055346
v 0.139650 -0.180876 -0.070991
v 0.137006 -0.170781 -0.069267
v 0.146567 -0.170969 -0.062203
v 0.033463 -0.119655 -0.094021
v 0.063293 -0.122169 -0.089937
v 0.048569 -0.120949 -0.091879
v 0.046721 -0.108131 -0.091896
v 0.179600 -0.161688 0.030342
v 0.178605 -0.164605 0.043672
v 0.185354 -0.176199 0.018433
v 0.184570 -0.179266 0.032777
v 0.179571 -0.159730 0.016424
v 0.178008 -0.157094 0.002499
v 0.183480 -0.173946 0.004123
v 0.181165 -0.172438 -0.009225
v 0.182643 -0.168014 0.017420
v 0.174312 -0.155933 -0.009941
v 0.170598 -0.154725 -0.022401
v 0.176873 -0.170761 -0.021974
v 0.177663 -0.164565 -0.009877
v 0.165674 -0.153423 -0.033429
v 0.159144 -0.152394 -0.043528
v 0.155226 -0.161652 -0.050761
v 0.167653 -0.162291 -0.033239
v 0.175579 -0.167904 0.057132
v 0.171105 -0.172057 0.069471
v 0.182031 -0.182184 0.046236
v 0.178849 -0.185521 0.058469
v 0.181006 -0.173722 0.045346
v 0.097631 -0.223746 0.148637
v 0.086346 -0.228824 0.153939
v 0.108481 -0.217975 0.142356
v 0.118323 -0.213049 0.135803
v 0.108831 -0.228752 0.141872
v 0.023944 -0.245462 0.168750
v 0.037589 -0.243152 0.167626
v 0.050048 -0.240181 0.165325
v 0.037731 -0.253005 0.164713
v 0.165753 -0.177535 0.080268
v 0.159739 -0.183503 0.090794
v 0.175226 -0.190468 0.070961
v 0.172979 -0.180867 0.070045
v 0.062551 -0.236137 0.162284
v 0.074369 -0.232646 0.158542
v 0.086656 -0.238507 0.152697
v 0.063049 -0.246890 0.159854
v 0.127888 -0.207475 0.128057
v 0.136882 -0.201641 0.119996
v 0.129491 -0.216796 0.128582
v 0.145612 -0.195389 0.110815
v 0.154070 -0.189103 0.101188
v 0.162118 -0.192187 0.092572
v 0.147469 -0.205501 0.112117
v 0.126385 -0.139629 -0.069249
v 0.123920 -0.128894 -0.069108
v 0.113210 -0.127417 -0.074305
v 0.119267 -0.148867 -0.074056
v 0.101469 -0.126206 -0.078545
v 0.079743 -0.134895 -0.087088
v 0.083361 -0.146118 -0.088655
v 0.104569 -0.136579 -0.079375
v 0.098947 -0.114976 -0.078273
v 0.097270 -0.102558 -0.080163
v 0.076574 -0.123451 -0.086578
v 0.074300 -0.111690 -0.087017
v 0.089185 -0.124458 -0.083068
v 0.044721 0.120984 -0.118373
v 0.033749 0.120994 -0.118403
v 0.056882 0.121853 -0.118190
v 0.068783 0.122257 -0.117065
v 0.054405 0.130866 -0.118427
v 0.080068 0.122850 -0.115080
v 0.089755 0.124374 -0.112381
v 0.076641 0.132463 -0.116519
v 0.108421 0.158304 -0.107571
v 0.115514 0.130716 -0.103750
v 0.124650 0.131401 -0.100292
v 0.109956 0.149016 -0.106538
v 0.118068 0.151363 -0.104168
v 0.098480 0.126435 -0.109637
v 0.106913 0.128560 -0.106427
v 0.092927 0.135704 -0.111796
v 0.101129 0.147292 -0.109377
v 0.109984 0.139323 -0.105825
v 0.149037 0.173085 -0.094893
v 0.155588 0.149002 -0.092549
v 0.158821 0.152388 -0.091578
v 0.149281 0.163933 -0.094414
v 0.153897 0.166802 -0.094089
v 0.151978 0.145800 -0.093292
v 0.147939 0.143475 -0.093134
v 0.144790 0.161532 -0.095160
v 0.150514 0.154676 -0.093540
v 0.161611 0.156652 -0.089897
v 0.158189 0.168557 -0.093875
v 0.158553 0.160800 -0.093062
v 0.162247 0.156334 -0.086943
v 0.161985 0.155640 -0.084190
v 0.162489 0.159284 -0.082174
v 0.162308 0.163486 -0.088966
v 0.163354 0.161370 -0.079953
v 0.163400 0.165375 -0.083002
v 0.165661 0.156950 -0.077157
v 0.164364 0.159094 -0.077723
v 0.165969 0.163830 -0.079174
v 0.182368 0.191343 -0.080329
v 0.178649 0.193080 -0.082090
v 0.181774 0.179965 -0.081256
v 0.185285 0.185890 -0.079871
v 0.174733 0.195397 -0.083547
v 0.170986 0.197157 -0.084989
v 0.175772 0.187202 -0.082910
v 0.135547 0.198019 -0.096890
v 0.142357 0.198631 -0.094921
v 0.142785 0.180027 -0.095637
v 0.148704 0.181838 -0.094430
v 0.128459 0.196351 -0.100134
v 0.121114 0.194130 -0.102463
v 0.136688 0.178497 -0.097726
v 0.135987 0.188112 -0.097823
v 0.041134 0.175708 -0.112489
v 0.030597 0.173594 -0.111388
v 0.020194 0.172272 -0.110807
v 0.030324 0.164533 -0.112490
v 0.170203 0.049652 0.019930
v 0.169923 0.053652 0.030619
v 0.170922 0.062636 0.029408
v 0.170191 0.063181 0.039397
v 0.170682 0.067713 0.038514
v 0.166413 0.045327 -0.002610
v 0.168744 0.046759 0.009091
v 0.168521 0.054699 0.008685
v 0.170625 0.057864 0.019271
v 0.170521 0.053918 0.019558
v 0.164967 0.045849 -0.013903
v 0.163174 0.048048 -0.023949
v 0.164619 0.053192 -0.012902
v 0.166463 0.053266 -0.001854
v 0.167105 0.049709 -0.002448
v 0.161922 0.050980 -0.033740
v 0.161441 0.057890 -0.032274
v 0.163141 0.055027 -0.023001
v 0.161473 0.055185 -0.041162
v 0.162991 0.051778 -0.024086
v 0.160483 0.061493 -0.040142
v 0.160044 0.065553 -0.047349
v 0.161222 0.064848 -0.055084
v 0.160272 0.059694 -0.048792
v 0.160439 0.058779 -0.040707
v 0.160486 0.070577 -0.053951
v 0.160529 0.075887 -0.059693
v 0.159812 0.070156 -0.061356
v 0.158269 0.075412 -0.067813
v 0.160468 0.067812 -0.054284
v 0.160003 0.081889 -0.065532
v 0.152769 0.087840 -0.079153
v 0.155727 0.081321 -0.073367
v 0.159765 0.078830 -0.066116
v 0.160425 0.087694 -0.065008
v 0.159994 0.084790 -0.064867
v 0.160000 0.093608 -0.069745
v 0.159440 0.087859 -0.071249
v 0.150492 0.095399 -0.083218
v 0.155882 0.090736 -0.077772
v 0.157985 0.093429 -0.076291
v 0.159859 0.105389 -0.078859
v 0.156291 0.109551 -0.084059
v 0.160273 0.099185 -0.074540
v 0.159378 0.096525 -0.075460
v 0.156134 0.099711 -0.080161
v 0.142722 0.110843 -0.090532
v 0.146698 0.102783 -0.087698
v 0.151231 0.114244 -0.088553
v 0.151246 0.102159 -0.084805
v 0.153360 0.106480 -0.084888
v 0.138497 0.119213 -0.093392
v 0.132265 0.127181 -0.095712
v 0.148212 0.122818 -0.091224
v 0.145117 0.131660 -0.093227
v 0.130358 0.135985 -0.097060
v 0.144828 0.118391 -0.091638
v 0.142797 0.140729 -0.094405
v 0.125746 0.153940 -0.100586
v 0.127772 0.144326 -0.099552
v 0.140813 0.149562 -0.095859
v 0.136975 0.138287 -0.095404
v 0.124018 0.163570 -0.101958
v 0.137681 0.168560 -0.097753
v 0.138706 0.158842 -0.096326
v 0.129840 0.176112 -0.100095
v 0.132195 0.156482 -0.098081
v 0.097081 0.186542 -0.109264
v 0.098269 0.165835 -0.109931
v 0.107134 0.168357 -0.107470
v 0.113196 0.191414 -0.105490
v 0.105006 0.189275 -0.107456
v 0.115139 0.170798 -0.105412
v 0.121314 0.183456 -0.102812
v 0.122657 0.173250 -0.102666
v 0.105792 0.178218 -0.107584
v 0.087331 0.194991 -0.111651
v 0.069130 0.200368 -0.110453
v 0.069793 0.190624 -0.112707
v 0.088585 0.184338 -0.112678
v 0.076467 0.222339 -0.105399
v 0.067808 0.219757 -0.105264
v 0.085870 0.215409 -0.107115
v 0.086769 0.205389 -0.109849
v 0.068917 0.210310 -0.108141
v 0.078087 0.202945 -0.110376
v 0.073656 0.141843 -0.116959
v 0.084436 0.140863 -0.114828
v 0.090873 0.154207 -0.113011
v 0.092558 0.145010 -0.112592
v 0.070387 0.180522 -0.114020
v 0.090074 0.164003 -0.113023
v 0.088851 0.174097 -0.113193
v 0.079197 0.182364 -0.113623
v 0.080332 0.162470 -0.114893
v 0.070963 0.312249 -0.028618
v 0.067608 0.316240 -0.026411
v 0.062110 0.318179 -0.032559
v 0.070197 0.308574 -0.037367
v 0.066427 0.308375 -0.042369
v 0.062311 0.310879 -0.041676
v 0.048490 0.311368 -0.053376
v 0.053389 0.311166 -0.049690
v 0.055993 0.319584 -0.038792
v 0.043059 0.319019 -0.052851
v 0.049387 0.321614 -0.046053
v 0.043556 0.313744 -0.054571
v 0.057818 0.312113 -0.045033
v 0.059283 0.315256 -0.040110
v 0.181785 0.124340 -0.080720
v 0.192410 0.103689 -0.078365
v 0.185582 0.103639 -0.077789
v 0.187253 0.115619 -0.079226
v 0.173528 0.112250 -0.077427
v 0.173240 0.107829 -0.076310
v 0.179107 0.105474 -0.077169
v 0.182289 0.114959 -0.079253
v 0.183946 0.109905 -0.077793
v 0.177668 0.122630 -0.080092
v 0.174487 0.120131 -0.078889
v 0.173739 0.116301 -0.078286
v 0.180723 0.119085 -0.079998
v 0.177814 0.114636 -0.079125
v 0.207014 0.106430 -0.075642
v 0.199538 0.104510 -0.077151
v 0.196843 0.111125 -0.077781
v 0.226879 0.120930 -0.065899
v 0.222945 0.113498 -0.068792
v 0.214511 0.110342 -0.073292
v 0.208403 0.115622 -0.075040
v 0.210559 0.128164 -0.074135
v 0.190275 0.122934 -0.078899
v 0.193820 0.117275 -0.078041
v 0.200674 0.117954 -0.077393
v 0.201838 0.129548 -0.077589
v 0.205804 0.123240 -0.075918
v 0.231653 0.134479 -0.058001
v 0.229851 0.127620 -0.061737
v 0.215168 0.133945 -0.071367
v 0.220609 0.127505 -0.068207
v 0.206973 0.149940 -0.073731
v 0.209326 0.139530 -0.073587
v 0.217927 0.139409 -0.068914
v 0.231631 0.149861 -0.051853
v 0.232250 0.142235 -0.055091
v 0.225893 0.139989 -0.062432
v 0.219802 0.144827 -0.066048
v 0.211965 0.159188 -0.069142
v 0.209704 0.155085 -0.071713
v 0.214540 0.149873 -0.069256
v 0.221410 0.151162 -0.063454
v 0.213158 0.163270 -0.066662
v 0.219648 0.166997 -0.059719
v 0.217184 0.159229 -0.064579
v 0.223788 0.166745 -0.055255
v 0.227720 0.165487 -0.049435
v 0.229984 0.157433 -0.050494
v 0.226485 0.153471 -0.057349
v 0.221558 0.156481 -0.061353
v 0.221135 0.161696 -0.060049
v 0.198757 0.203509 -0.065348
v 0.194843 0.199373 -0.069583
v 0.202626 0.197401 -0.064343
v 0.196149 0.191534 -0.071959
v 0.203198 0.179270 -0.071400
v 0.210693 0.185292 -0.062569
v 0.206364 0.191770 -0.063812
v 0.199369 0.184749 -0.072360
v 0.201481 0.189871 -0.068438
v 0.210328 0.168046 -0.068851
v 0.206798 0.173664 -0.070045
v 0.217303 0.172853 -0.060623
v 0.213831 0.179167 -0.061702
v 0.215415 0.167020 -0.063264
v 0.209535 0.178527 -0.066435
v 0.168136 0.153753 -0.076771
v 0.171087 0.149594 -0.077299
v 0.170861 0.158276 -0.078612
v 0.176688 0.140822 -0.079143
v 0.173855 0.145670 -0.077723
v 0.176748 0.149905 -0.079657
v 0.179762 0.135792 -0.079886
v 0.181730 0.130646 -0.080419
v 0.186949 0.127639 -0.080243
v 0.196903 0.134617 -0.078581
v 0.193306 0.129446 -0.079443
v 0.183868 0.140396 -0.080199
v 0.199623 0.149987 -0.077404
v 0.200378 0.139623 -0.077225
v 0.203729 0.144886 -0.075841
v 0.188179 0.145066 -0.079869
v 0.192279 0.139972 -0.079352
v 0.194824 0.154775 -0.078429
v 0.190266 0.159806 -0.079482
v 0.179868 0.154809 -0.080300
v 0.183651 0.149740 -0.080044
v 0.191725 0.150005 -0.079300
v 0.186453 0.164415 -0.080636
v 0.182716 0.169806 -0.081302
v 0.173521 0.163180 -0.079954
v 0.176434 0.158792 -0.080451
v 0.183314 0.159508 -0.080707
v 0.041420 0.139742 -0.117627
v 0.040283 0.157266 -0.115382
v 0.029781 0.155776 -0.114202
v 0.051834 0.140492 -0.118228
v 0.063088 0.141458 -0.117746
v 0.050735 0.158652 -0.116140
v 0.069410 0.151168 -0.116848
v 0.048413 0.150017 -0.117141
v 0.157850 0.176191 -0.094141
v 0.161548 0.170199 -0.092034
v 0.163222 0.171471 -0.089085
v 0.163725 0.173607 -0.087281
v 0.163216 0.178292 -0.089524
v 0.163704 0.171505 -0.084502
v 0.166114 0.170664 -0.081766
v 0.169405 0.183193 -0.083865
v 0.164271 0.178263 -0.085711
v 0.179081 0.174368 -0.081836
v 0.168318 0.169558 -0.080468
v 0.170799 0.167176 -0.080236
v 0.176622 0.180112 -0.081304
v 0.172510 0.181425 -0.082762
v 0.176213 0.168389 -0.080594
v 0.169508 0.175808 -0.081904
v 0.164620 0.199205 -0.088881
v 0.167372 0.198766 -0.086564
v 0.168478 0.190680 -0.085687
v 0.164490 0.185196 -0.087790
v 0.166343 0.184507 -0.085277
v 0.158958 0.200028 -0.094223
v 0.163431 0.199719 -0.091468
v 0.162206 0.184725 -0.092767
v 0.163842 0.185294 -0.089714
v 0.164433 0.192178 -0.090158
v 0.153948 0.199684 -0.093089
v 0.148385 0.199271 -0.093736
v 0.153359 0.183323 -0.094404
v 0.148304 0.190562 -0.094448
v 0.158241 0.184112 -0.094757
v 0.158223 0.192202 -0.094321
v 0.050921 0.177097 -0.113183
v 0.060563 0.178783 -0.113832
v 0.051114 0.168137 -0.115127
v 0.070690 0.160832 -0.116223
v 0.070324 0.170738 -0.115340
v 0.060915 0.160098 -0.116365
v 0.019701 0.155051 -0.113618
v 0.027663 0.147387 -0.115680
v 0.194729 0.213835 0.038182
v 0.189838 0.202880 0.044441
v 0.184176 0.218374 0.043671
v 0.180125 0.206282 0.050146
v 0.182490 0.198662 0.049650
v 0.203837 0.232107 0.021707
v 0.199594 0.223928 0.029865
v 0.193186 0.239126 0.028834
v 0.189011 0.229601 0.036773
v 0.191793 0.221953 0.037056
v 0.205398 0.237260 0.010560
v 0.206328 0.242232 -0.001042
v 0.198199 0.252006 0.007307
v 0.196722 0.246895 0.018944
v 0.200196 0.239185 0.020048
v 0.204813 0.243825 -0.012318
v 0.202089 0.243761 -0.023455
v 0.198117 0.255169 -0.004467
v 0.195899 0.255613 -0.016260
v 0.197495 0.248768 -0.024725
v 0.202409 0.248818 -0.002731
v 0.012698 0.318653 -0.064726
v 0.013122 0.313035 -0.066142
v 0.005103 0.312103 -0.067283
v 0.013794 0.090554 -0.116269
v 0.013192 0.100589 -0.117203
v 0.012103 0.110380 -0.118295
v 0.002138 0.103029 -0.117512
v 0.016414 0.025868 -0.108683
v 0.016056 0.037375 -0.110316
v 0.015759 0.048413 -0.111474
v 0.004980 0.040137 -0.110546
v 0.057511 -0.068813 -0.091279
v 0.069750 -0.070957 -0.089404
v 0.045469 -0.094096 -0.092578
v 0.058999 -0.095794 -0.089890
v 0.044550 -0.066590 -0.094957
v 0.032465 -0.093118 -0.094404
v 0.044958 -0.080353 -0.093681
v 0.044196 -0.053047 -0.096269
v 0.043803 -0.039550 -0.097710
v 0.031061 -0.037732 -0.099751
v 0.032096 -0.064764 -0.097585
v 0.018753 -0.129438 -0.093614
v 0.003028 -0.136098 -0.094002
v 0.018372 -0.118249 -0.094435
v 0.018035 -0.105322 -0.095322
v 0.018572 -0.091291 -0.096916
v 0.003421 -0.114534 -0.095450
v 0.018810 -0.036157 -0.101067
v 0.018678 -0.049528 -0.099971
v 0.018902 -0.022693 -0.102640
v 0.018306 -0.010179 -0.103868
v 0.007444 -0.031630 -0.102055
v 0.039032 0.079984 -0.114690
v 0.026376 0.080310 -0.115010
v 0.026758 0.058789 -0.111952
v 0.038912 0.069272 -0.112864
v 0.015615 0.059505 -0.112442
v 0.022678 0.120533 -0.118665
v 0.032248 0.130152 -0.117574
v 0.030903 0.139084 -0.117133
v 0.020612 0.138684 -0.116642
v 0.011734 0.120617 -0.118196
v 0.008256 0.146234 -0.114809
v 0.009811 0.162491 -0.112449
v 0.010340 0.154573 -0.113637
v 0.000667 0.152020 -0.113780
v 0.010283 0.180157 -0.109409
v 0.010160 0.171344 -0.111055
v 0.000829 0.168234 -0.111404
v 0.112713 0.134787 0.125019
v 0.118217 0.117556 0.133339
v 0.096704 0.126821 0.137657
v 0.096715 0.135329 0.130441
v 0.104923 0.135083 0.128018
v 0.111610 0.118441 0.136977
v 0.111816 0.126882 0.131563
v 0.096771 0.110651 0.147890
v 0.097324 0.118758 0.143136
v 0.111201 0.110211 0.142113
v 0.105039 0.118663 0.140248
v 0.142815 0.126447 0.105856
v 0.138022 0.129478 0.110353
v 0.139845 0.112462 0.115429
v 0.132647 0.131119 0.114833
v 0.125677 0.124634 0.124000
v 0.135304 0.114270 0.120300
v 0.136620 0.122347 0.115946
v 0.123300 0.108192 0.134417
v 0.124161 0.116734 0.129811
v 0.134303 0.106268 0.124718
v 0.129993 0.115359 0.125297
v 0.151835 0.102921 0.100138
v 0.147059 0.123554 0.101570
v 0.151276 0.119450 0.097631
v 0.152945 0.108676 0.095769
v 0.146027 0.116901 0.105695
v 0.151338 0.096736 0.104458
v 0.150240 0.090688 0.107607
v 0.143281 0.102999 0.114603
v 0.144333 0.110398 0.110723
v 0.148497 0.106930 0.105871
v 0.117939 0.083060 0.149441
v 0.123515 0.082578 0.144736
v 0.118028 0.101047 0.142688
v 0.111685 0.101551 0.146513
v 0.134372 0.081798 0.134541
v 0.128950 0.082295 0.139261
v 0.123639 0.099989 0.138557
v 0.128807 0.099005 0.134000
v 0.123768 0.091531 0.142406
v 0.111445 0.083437 0.152673
v 0.104407 0.082134 0.155869
v 0.098644 0.086742 0.157695
v 0.095843 0.094408 0.155854
v 0.097048 0.102258 0.152175
v 0.104151 0.102038 0.149530
v 0.111428 0.092883 0.149732
v 0.149082 0.084822 0.110869
v 0.145377 0.080194 0.118788
v 0.148106 0.078903 0.114118
v 0.143241 0.095680 0.118319
v 0.146264 0.094194 0.113272
v 0.138460 0.081352 0.129044
v 0.141876 0.080847 0.123847
v 0.138640 0.096836 0.123372
v 0.134360 0.098093 0.128746
v 0.134066 0.090329 0.132195
v 0.142466 0.088762 0.121717
v 0.028043 0.263191 0.048580
v 0.028936 0.257446 0.050670
v 0.029518 0.246420 0.055118
v 0.028939 0.252114 0.052462
v 0.020825 0.255683 0.052879
v 0.033307 0.101829 0.154269
v 0.031845 0.112741 0.149562
v 0.025080 0.098978 0.154263
v 0.031020 0.163469 0.109980
v 0.030630 0.155035 0.117218
v 0.030848 0.147782 0.124829
v 0.031236 0.140491 0.131554
v 0.022210 0.152715 0.119484
v 0.031164 0.179622 0.096060
v 0.031002 0.171398 0.102445
v 0.022671 0.185510 0.091786
v 0.022314 0.168091 0.104658
v 0.031235 0.234361 0.062086
v 0.030351 0.240512 0.058412
v 0.022714 0.232128 0.063587
v 0.021748 0.244507 0.056899
v 0.015284 0.208883 0.077124
v 0.015166 0.201297 0.082029
v 0.014771 0.192792 0.087782
v 0.014871 0.183404 0.093324
v 0.007333 0.198448 0.084262
v 0.030982 0.122983 0.143909
v 0.031026 0.131935 0.137913
v 0.023408 0.120349 0.144670
v 0.022772 0.138132 0.133030
v 0.017059 0.083952 0.157278
v 0.017658 0.070819 0.158481
v 0.019966 0.043759 0.159094
v 0.018853 0.057013 0.158844
v 0.007324 0.065998 0.157333
v 0.015347 0.216640 0.072542
v 0.015081 0.223728 0.068150
v 0.007926 0.214040 0.074625
v 0.020371 0.016761 0.158394
v 0.005194 0.012358 0.157393
v 0.020491 0.029560 0.158858
v 0.006711 0.038160 0.158311
v 0.191145 -0.265507 -0.013582
v 0.192022 -0.239273 -0.008431
v 0.192240 -0.251368 -0.010183
v 0.181948 -0.230914 -0.033431
v 0.187209 -0.229819 -0.021003
v 0.187578 -0.253357 -0.023149
v 0.174888 -0.231415 -0.045727
v 0.182378 -0.253029 -0.035306
v 0.182413 -0.242454 -0.034286
v 0.181345 -0.264711 -0.037964
v 0.176304 -0.253271 -0.047166
v 0.075510 -0.166372 -0.094287
v 0.061421 -0.175993 -0.098531
v 0.081026 -0.204553 -0.105201
v 0.080903 -0.189261 -0.099171
v 0.046075 -0.204019 -0.108122
v 0.064597 -0.204193 -0.107321
v 0.046168 -0.184426 -0.102006
v 0.064094 -0.186080 -0.101035
v 0.069855 -0.195305 -0.103276
v 0.168810 -0.189064 -0.044945
v 0.176201 -0.188392 -0.034063
v 0.175908 -0.179063 -0.031297
v 0.155798 -0.171020 -0.052945
v 0.157252 -0.180324 -0.054478
v 0.170751 -0.170496 -0.032937
v 0.162978 -0.168521 -0.043649
v 0.163772 -0.210144 -0.056481
v 0.162466 -0.200461 -0.056385
v 0.141808 -0.190942 -0.072838
v 0.151185 -0.190585 -0.064342
v 0.093460 -0.221817 -0.107805
v 0.091644 -0.230952 -0.110304
v 0.119217 -0.232419 -0.098863
v 0.116559 -0.241135 -0.101802
v 0.129129 -0.241971 -0.094261
v 0.089430 -0.240420 -0.112800
v 0.087446 -0.249860 -0.114111
v 0.103394 -0.240627 -0.107788
v 0.111025 -0.250645 -0.105109
v 0.168095 -0.241212 -0.059194
v 0.166772 -0.250365 -0.061403
v 0.144679 -0.235080 -0.082366
v 0.166242 -0.220827 -0.057359
v 0.167641 -0.231595 -0.057937
v 0.155249 -0.209771 -0.066955
v 0.158229 -0.228743 -0.069386
v 0.095154 -0.213463 -0.104894
v 0.095936 -0.204930 -0.101784
v 0.107429 -0.222610 -0.102782
v 0.120762 -0.224241 -0.095836
v 0.133676 -0.225268 -0.088443
v 0.146856 -0.227058 -0.079614
v 0.146257 -0.217948 -0.077432
v 0.121371 -0.215893 -0.093330
v 0.131992 -0.189998 -0.079982
v 0.143595 -0.199675 -0.074525
v 0.145426 -0.209353 -0.075854
v 0.133823 -0.208377 -0.084305
v 0.162289 -0.255115 -0.066365
v 0.141934 -0.242607 -0.085713
v 0.135805 -0.251242 -0.090327
v 0.153760 -0.245202 -0.075053
v 0.086137 -0.258656 -0.115833
v 0.113762 -0.260160 -0.105226
v 0.099627 -0.259303 -0.111300
v 0.070204 -0.259269 -0.118853
v 0.053530 -0.259372 -0.120265
v 0.037605 -0.260171 -0.120715
v 0.020228 -0.260691 -0.121762
v 0.094748 -0.187637 -0.095445
v 0.095843 -0.196578 -0.098777
v 0.108750 -0.205422 -0.097292
v 0.121525 -0.206999 -0.091128
v 0.121093 -0.197935 -0.088169
v 0.086892 -0.156194 -0.090268
v 0.112835 -0.158550 -0.081652
v 0.108124 -0.147397 -0.080337
v 0.096148 -0.146386 -0.085017
v 0.090507 -0.167111 -0.091248
v 0.121849 -0.179996 -0.081953
v 0.116314 -0.169777 -0.082211
v 0.096571 -0.178002 -0.091416
v 0.120476 -0.189134 -0.085822
v 0.107845 -0.188034 -0.091141
v 0.103918 -0.168456 -0.086831
v 0.095676 -0.089060 -0.080976
v 0.082718 -0.073775 -0.085976
v 0.094182 -0.075949 -0.082031
v 0.072433 -0.098178 -0.087347
v 0.084997 -0.100290 -0.084378
v 0.070463 -0.084314 -0.088138
v 0.187858 -0.278484 0.074218
v 0.180903 -0.279653 0.084995
v 0.173961 -0.281232 0.095003
v 0.166745 -0.262986 -0.060966
v 0.158152 -0.262748 -0.071029
v 0.148362 -0.262525 -0.080219
v 0.126442 -0.260682 -0.097592
v 0.138209 -0.261637 -0.089616
v 0.112364 -0.256239 0.138366
v 0.100992 -0.261848 0.142622
v 0.099189 -0.243523 0.146405
v 0.087848 -0.247884 0.150499
v 0.132537 -0.244371 0.127585
v 0.122745 -0.250488 0.133271
v 0.109890 -0.238523 0.141204
v 0.120087 -0.233067 0.135362
v 0.111200 -0.247393 0.139827
v 0.037969 -0.277890 0.156935
v 0.024825 -0.278802 0.158630
v 0.023941 -0.263055 0.163566
v 0.065365 -0.273107 0.152130
v 0.052264 -0.275821 0.155134
v 0.037415 -0.262174 0.162384
v 0.051098 -0.259581 0.160378
v 0.038562 -0.270340 0.159733
v 0.177128 -0.199137 0.071913
v 0.178855 -0.208573 0.072177
v 0.173799 -0.214482 0.084132
v 0.170001 -0.196179 0.082505
v 0.164075 -0.202729 0.093447
v 0.089880 -0.266201 0.146192
v 0.078190 -0.270545 0.149003
v 0.063970 -0.255957 0.158074
v 0.076159 -0.252183 0.154234
v 0.088906 -0.256870 0.148069
v 0.065081 -0.265533 0.155000
v 0.150876 -0.231582 0.112086
v 0.142133 -0.237821 0.120479
v 0.130415 -0.226781 0.128332
v 0.139827 -0.220657 0.120577
v 0.131886 -0.236091 0.128109
v 0.167329 -0.220720 0.094134
v 0.159073 -0.226012 0.103994
v 0.148646 -0.214555 0.112261
v 0.156635 -0.209116 0.103249
v 0.165808 -0.212056 0.093666
v 0.149868 -0.223397 0.112355
v 0.024053 -0.225431 -0.114100
v 0.024787 -0.214330 -0.111494
v 0.026439 -0.203900 -0.108359
v 0.005321 -0.177642 -0.101651
v 0.025998 -0.182327 -0.102119
v 0.032546 -0.193658 -0.104411
v 0.006362 -0.206350 -0.109107
v 0.011200 -0.279089 0.158977
v -0.002589 -0.280976 0.158106
v 0.011067 -0.271899 0.160982
v 0.013258 0.261036 0.051363
v 0.013335 0.255274 0.053791
v 0.013530 0.248548 0.056382
v 0.013865 0.242748 0.058699
v 0.005358 0.252705 0.055601
v 0.014246 0.230443 0.064380
v 0.013711 0.236703 0.061510
v 0.007100 0.228327 0.066305
v 0.005677 0.240533 0.060453
v 0.017022 0.014229 -0.107292
v 0.018161 0.002119 -0.106067
v 0.005661 0.017422 -0.108245
v 0.006627 -0.006092 -0.105126
v -0.000268 0.317779 -0.066399
v 0.010424 0.250126 -0.094853
v 0.010340 0.241503 -0.097932
v 0.001292 0.238940 -0.099276
v 0.001726 0.255949 -0.093831
v 0.101967 -0.123661 0.137962
v 0.083464 -0.102471 0.152830
v 0.091732 -0.125592 0.146609
v 0.104208 -0.111867 0.137951
v 0.081191 -0.114425 0.152955
v 0.090454 -0.063920 0.148974
v 0.092404 -0.051831 0.148326
v 0.112294 -0.063481 0.132686
v 0.110155 -0.075743 0.133791
v 0.104123 -0.051817 0.140311
v 0.085810 -0.089623 0.152470
v 0.087947 -0.077302 0.150952
v 0.105908 -0.099813 0.136791
v 0.108518 -0.087738 0.135151
v 0.095087 -0.101122 0.145838
v 0.099986 -0.076518 0.142939
v 0.141826 -0.022332 0.088093
v 0.141870 -0.033931 0.089403
v 0.147150 -0.043312 0.078041
v 0.150747 -0.041220 0.064854
v 0.150457 -0.029588 0.063901
v 0.145840 -0.020190 0.075337
v 0.010081 0.197865 -0.107179
v 0.009960 0.188668 -0.108219
v 0.000264 0.203859 -0.106527
v 0.000531 0.186028 -0.108997
v 0.122808 0.150290 0.110714
v 0.114668 0.151733 0.112748
v 0.113330 0.143176 0.118756
v 0.127639 0.140596 0.113163
v 0.119539 0.133934 0.121694
v 0.126206 0.132844 0.118655
v 0.022679 -0.236637 -0.116531
v 0.021899 -0.248218 -0.119482
v 0.003933 -0.252011 -0.120946
v 0.004637 -0.229383 -0.115255
v 0.014266 0.165538 0.106125
v 0.014477 0.174456 0.099589
v 0.006872 0.179907 0.095609
v 0.014236 0.157649 0.113398
v 0.014385 0.150837 0.120907
v 0.006322 0.162588 0.108056
v 0.014460 0.143799 0.128114
v 0.014547 0.135887 0.134122
v 0.006624 0.148162 0.122744
v 0.015746 0.118224 0.144961
v 0.014945 0.127479 0.139799
v 0.007190 0.132988 0.135640
v 0.002530 -0.185372 0.178309
v 0.000422 -0.193014 0.178225
v -0.000620 -0.177474 0.178238
v -0.007033 -0.195163 0.177494
v -0.002897 -0.168305 0.178032
v -0.008088 -0.174899 0.177350
v 0.018946 -0.076935 -0.098179
v 0.019029 -0.062765 -0.099420
v 0.004837 -0.086944 -0.097178
v 0.006219 -0.058491 -0.099824
v 0.010138 -0.236373 0.171199
v -0.004272 -0.229026 0.171963
v 0.010300 -0.246651 0.168589
v 0.005106 -0.136706 0.174431
v 0.007501 -0.150448 0.175914
v 0.000708 -0.159510 0.176316
v -0.008718 -0.160594 0.176294
v 0.014421 0.080375 -0.114887
v 0.003128 0.083123 -0.114847
v 0.004081 0.062307 -0.112675
v 0.014710 0.070278 -0.113228
v 0.016449 0.096252 0.154094
v 0.015843 0.107328 0.150107
v 0.007560 0.092102 0.154788
v 0.007057 0.114171 0.146177
v 0.010333 -0.255900 0.166124
v 0.010378 -0.263327 0.163496
v -0.002694 -0.265311 0.162721
v -0.003005 -0.248519 0.167204
v 0.010646 0.138215 -0.116139
v 0.001414 0.122352 -0.117889
v 0.011141 0.129414 -0.117168
v 0.001117 0.139933 -0.115551
v -0.007241 -0.104271 0.172866
v 0.004873 -0.108452 0.172182
v 0.005035 -0.122717 0.172945
v -0.008329 -0.131555 0.174238
v -0.002845 -0.299808 0.150969
v -0.002902 -0.060746 0.166802
v 0.010610 -0.057045 0.166270
v 0.000149 -0.036439 0.162524
v 0.012337 -0.044734 0.163989
v -0.055052 0.272505 0.031816
v -0.060460 0.283833 0.023130
v -0.061987 0.271873 0.027493
v -0.060947 0.277226 0.025559
v -0.065760 0.284016 0.019192
v -0.074174 0.245509 0.046138
v -0.075604 0.235603 0.052516
v -0.086319 0.238930 0.049619
v -0.064241 0.232987 0.055994
v -0.075578 0.226361 0.059661
v -0.084862 0.218702 0.065037
v -0.075016 0.217337 0.066421
v -0.064725 0.215168 0.068357
v -0.074520 0.208593 0.073499
v -0.070977 0.156611 0.114657
v -0.071563 0.164775 0.107725
v -0.062432 0.163625 0.109748
v -0.081672 0.165346 0.105833
v -0.072519 0.173411 0.100633
v -0.100230 0.062057 0.150525
v -0.089065 0.055714 0.154398
v -0.096252 0.071826 0.153096
v -0.093649 0.063234 0.153199
v -0.085999 0.063701 0.155864
v -0.158929 0.177447 0.070895
v -0.162860 0.169724 0.069180
v -0.163325 0.181082 0.064334
v -0.161450 0.159878 0.073291
v -0.164291 0.160968 0.066791
v -0.092722 0.261936 0.029538
v -0.097736 0.283865 0.004720
v -0.075476 0.280107 0.015419
v -0.090325 0.286164 0.002623
v -0.089354 0.277791 0.012267
v -0.089924 0.292829 -0.007352
v -0.084160 0.290237 0.000950
v -0.151471 0.073754 0.103842
v -0.149409 0.079461 0.108682
v -0.147197 0.074081 0.112546
v -0.151354 0.086315 0.104453
v -0.146506 0.086603 0.112196
v -0.131827 -0.019410 0.099087
v -0.125680 -0.032080 0.108174
v -0.125681 -0.011585 0.111436
v -0.125738 -0.021553 0.109608
v -0.119034 -0.022619 0.119371
v -0.158391 0.010682 0.012823
v -0.157237 0.004435 0.012314
v -0.157553 0.004832 -0.001447
v -0.156526 0.002090 0.026151
v -0.157583 -0.002672 0.011488
v -0.089994 0.157153 0.111102
v -0.091308 0.166037 0.104500
v -0.107894 0.156848 0.109033
v -0.091608 0.174765 0.098154
v -0.109352 0.165502 0.102591
v -0.100235 0.166140 0.103693
v -0.116690 0.164509 0.100586
v -0.109958 0.174797 0.096927
v -0.231116 0.051624 0.018279
v -0.227129 0.057818 0.019484
v -0.219944 0.054837 0.019919
v -0.233858 0.060897 0.018100
v -0.222554 0.065477 0.020919
v -0.167155 -0.091223 0.012686
v -0.167785 -0.101119 0.015047
v -0.166511 -0.097279 0.001445
v -0.167455 -0.105186 0.027644
v -0.168144 -0.110735 0.016845
v -0.202269 0.208098 0.027300
v -0.202151 0.224944 0.018199
v -0.209061 0.208435 0.018611
v -0.205991 0.216806 0.019062
v -0.209063 0.223869 0.008970
v -0.157580 0.128596 0.087133
v -0.157053 0.158187 0.079987
v -0.160892 0.151010 0.077007
v -0.155470 0.144583 0.085733
v -0.163050 0.143362 0.075091
v -0.160978 0.129786 0.080823
v -0.157967 0.136440 0.084155
v -0.159396 0.143542 0.080705
v -0.164075 0.033791 0.009106
v -0.165811 0.039171 0.008190
v -0.165041 0.040854 0.019867
v -0.165119 0.038896 -0.003315
v -0.166862 0.043683 0.007582
v -0.158064 0.017171 0.026806
v -0.159232 0.016613 0.012147
v -0.161739 0.029869 0.023304
v -0.159288 0.016362 -0.001393
v -0.162670 0.027748 -0.001724
v -0.163051 0.028164 0.010397
v -0.160766 0.022684 0.011383
v -0.147893 0.140830 0.094166
v -0.122343 0.153582 0.104634
v -0.124476 0.161849 0.098557
v -0.137121 0.147969 0.099584
v -0.125825 0.170817 0.092438
v -0.138962 0.156372 0.094298
v -0.132388 0.159340 0.096286
v -0.152755 0.164452 0.081109
v -0.149583 0.148338 0.089305
v -0.152463 0.154534 0.084659
v -0.145112 0.152490 0.091789
v -0.141319 0.164935 0.089342
v -0.096134 0.045474 0.150220
v -0.088280 0.047548 0.153314
v -0.080086 0.050787 0.155933
v -0.086959 0.039843 0.153034
v -0.165212 -0.119511 0.043245
v -0.158951 -0.129562 0.068332
v -0.157790 -0.118758 0.066309
v -0.153075 -0.122618 0.078109
v -0.165322 -0.099807 0.039346
v -0.165795 -0.109304 0.041035
v -0.161564 -0.114291 0.054214
v -0.156956 -0.108356 0.064656
v -0.111385 -0.002683 0.130676
v -0.096144 0.030591 0.147797
v -0.099765 0.015352 0.142351
v -0.108694 0.014908 0.135690
v -0.106618 0.022193 0.139176
v -0.125801 -0.001792 0.113452
v -0.118689 -0.001678 0.122106
v -0.112692 0.006677 0.130787
v -0.116943 0.014655 0.129132
v -0.146719 -0.137526 0.089948
v -0.129710 -0.145886 0.110572
v -0.129279 -0.135235 0.108974
v -0.119522 -0.139134 0.118114
v -0.146945 -0.127197 0.088194
v -0.146096 -0.116180 0.087995
v -0.138078 -0.131044 0.098735
v -0.128612 -0.124135 0.108112
v -0.083749 0.200886 0.078791
v -0.074005 0.199496 0.080113
v -0.082743 0.182827 0.092231
v -0.092164 0.183720 0.091703
v -0.064012 0.198224 0.081609
v -0.063652 0.180845 0.095792
v -0.073247 0.182145 0.093798
v -0.073585 0.190694 0.087143
v -0.124771 0.060928 0.136355
v -0.106922 0.061206 0.147288
v -0.102970 0.052930 0.148091
v -0.103901 0.044338 0.146102
v -0.116459 0.052268 0.140932
v -0.109328 0.070517 0.147763
v -0.120926 0.069307 0.140873
v -0.119527 0.060868 0.140841
v -0.113249 0.060850 0.144387
v -0.165720 0.142267 0.069936
v -0.165059 0.134642 0.072177
v -0.168678 0.120881 0.065521
v -0.167478 0.163264 0.061383
v -0.166553 0.151494 0.066191
v -0.168575 0.139737 0.066399
v -0.168913 0.115009 0.060296
v -0.169442 0.126840 0.063725
v -0.170821 0.135420 0.063612
v -0.169304 -0.116563 0.005967
v -0.170026 -0.121349 0.019367
v -0.169437 -0.125229 0.032607
v -0.166938 -0.128946 0.045591
v -0.170998 -0.130849 0.021495
v -0.139778 -0.152755 0.102269
v -0.131057 -0.157320 0.112556
v -0.120745 -0.161925 0.122273
v -0.130444 -0.169007 0.113791
v -0.163788 0.082033 -0.024083
v -0.164869 0.080625 -0.008310
v -0.164344 0.081652 -0.016535
v -0.162900 0.082584 -0.011586
v -0.165504 0.085886 -0.000102
v -0.057254 0.082054 0.156906
v -0.076931 0.063099 0.157592
v -0.080631 0.069964 0.157161
v -0.060631 0.072066 0.158004
v -0.067030 0.077684 0.157919
v -0.072667 0.055827 0.156986
v -0.068195 0.048370 0.157207
v -0.054709 0.065888 0.157485
v -0.066021 0.062977 0.157688
v -0.119692 0.029438 0.130973
v -0.124054 0.042159 0.131682
v -0.121329 0.022590 0.127252
v -0.123744 0.015221 0.122356
v -0.125611 0.030210 0.125471
v -0.104390 0.036556 0.144496
v -0.104763 0.029481 0.142204
v -0.112472 0.028849 0.136652
v -0.117846 0.043427 0.137080
v -0.111063 0.044030 0.142199
v -0.118126 0.036077 0.134291
v -0.042832 0.071424 0.156919
v -0.048223 0.059319 0.157410
v -0.064614 0.040089 0.157173
v -0.054844 0.048091 0.157091
v -0.041741 0.049412 0.157314
v -0.053936 0.179233 0.097122
v -0.054213 0.187246 0.090161
v -0.052791 0.162700 0.111465
v -0.053207 0.171049 0.103975
v -0.044291 0.177070 0.098343
v -0.054093 0.204099 0.076949
v -0.054329 0.195708 0.083296
v -0.044656 0.193668 0.085048
v -0.035399 0.191706 0.087068
v -0.035332 0.198981 0.081411
v -0.034753 0.207450 0.075998
v -0.025459 0.205569 0.078619
v -0.053860 0.220502 0.065243
v -0.054388 0.212452 0.070702
v -0.044058 0.210157 0.073199
v -0.034666 0.215779 0.071336
v -0.025097 0.221299 0.069617
v -0.034343 0.223818 0.066574
v -0.052848 0.237852 0.055389
v -0.053619 0.229719 0.060125
v -0.043821 0.226645 0.063881
v -0.034396 0.232045 0.063266
v -0.047258 0.262400 0.041027
v -0.046682 0.268492 0.037903
v -0.048549 0.273391 0.035298
v -0.038566 0.264931 0.043565
v -0.162312 0.122550 0.078005
v -0.164041 0.128446 0.075261
v -0.167943 0.115916 0.067072
v -0.166305 0.125347 0.070531
v -0.161537 0.117522 0.080969
v -0.163768 0.115638 0.074653
v -0.154234 -0.143767 0.080510
v -0.147707 -0.148385 0.091400
v -0.148047 -0.158825 0.093961
v -0.107218 0.213417 -0.105848
v -0.116082 0.214709 -0.103765
v -0.116284 0.204825 -0.106246
v -0.117203 0.224753 -0.100553
v -0.124917 0.216184 -0.101812
v -0.105195 0.289931 -0.006179
v -0.106230 0.283377 0.006022
v -0.108449 0.276284 0.018563
v -0.115495 0.284627 0.006464
v -0.158375 0.135330 -0.084491
v -0.157944 0.122781 -0.080257
v -0.157167 0.132410 -0.080816
v -0.157866 0.127167 -0.080430
v -0.157565 0.119688 -0.077006
v -0.155718 0.102877 -0.059245
v -0.155046 0.107902 -0.065656
v -0.154880 0.108453 -0.062519
v -0.154357 0.109363 -0.063286
v -0.154268 0.115805 -0.067679
v -0.163992 -0.093544 -0.010562
v -0.165082 -0.103767 -0.009550
v -0.162645 -0.084782 -0.013126
v -0.159975 -0.090738 -0.023216
v -0.143155 0.027281 -0.060234
v -0.146121 0.032461 -0.058307
v -0.150710 0.027247 -0.048684
v -0.141507 0.039485 -0.066718
v -0.148884 0.037189 -0.056561
v -0.009518 0.206796 -0.106343
v -0.009084 0.197981 -0.107800
v -0.008868 0.179566 -0.110160
v -0.009318 0.188596 -0.109136
v -0.019037 0.190131 -0.108588
v -0.028695 0.191723 -0.108521
v -0.028646 0.182504 -0.109910
v -0.028296 0.201067 -0.106785
v -0.038157 0.194308 -0.108843
v -0.070911 0.243859 -0.100675
v -0.061874 0.241115 -0.101566
v -0.060921 0.249683 -0.098540
v -0.062724 0.231050 -0.104176
v -0.053929 0.237329 -0.101267
v -0.099320 0.222043 -0.104537
v -0.098752 0.211591 -0.107166
v -0.080840 0.227035 -0.105661
v -0.098981 0.200847 -0.109409
v -0.089881 0.209330 -0.109486
v -0.165065 0.044622 -0.015175
v -0.163241 0.034547 -0.013824
v -0.164347 0.039637 -0.014589
v -0.157993 0.033764 -0.035680
v -0.163251 0.041939 -0.024907
v -0.166159 0.058008 -0.014805
v -0.166032 0.061030 -0.015470
v -0.167602 0.060608 -0.005852
v -0.164345 0.062113 -0.024557
v -0.165839 0.063360 -0.017098
v -0.078513 0.300945 -0.008707
v -0.073403 0.309602 -0.015974
v -0.082450 0.300863 -0.016823
v -0.077539 0.304867 -0.016820
v -0.075237 0.307318 -0.024281
v -0.042369 0.303678 -0.061023
v -0.047471 0.303365 -0.059385
v -0.045907 0.300250 -0.062954
v -0.047920 0.307317 -0.055415
v -0.051725 0.304931 -0.055865
v -0.008584 0.100111 -0.117323
v -0.008624 0.109702 -0.118024
v -0.030976 0.109617 -0.117950
v -0.008144 0.090290 -0.116245
v -0.007379 0.080193 -0.114962
v -0.031583 0.099262 -0.117499
v -0.019797 0.100046 -0.117334
v -0.044508 0.099542 -0.116772
v -0.031912 0.089473 -0.116299
v -0.158478 0.079455 -0.047098
v -0.158000 0.089576 -0.054741
v -0.159888 0.080683 -0.051000
v -0.158967 0.084921 -0.053154
v -0.158788 0.090824 -0.058060
v -0.159881 0.077066 -0.050393
v -0.159601 0.082164 -0.055799
v -0.159968 0.075167 -0.054162
v -0.162889 0.061578 -0.032797
v -0.162847 0.063950 -0.033489
v -0.160453 0.068665 -0.047057
v -0.162834 0.066294 -0.034338
v -0.160853 0.072406 -0.044236
v -0.160286 0.073921 -0.049220
v -0.160401 0.070997 -0.048192
v -0.161745 0.067232 -0.040848
v -0.149073 0.047994 -0.061940
v -0.155208 0.037873 -0.045453
v -0.151731 0.042470 -0.054111
v -0.161630 0.045050 -0.034108
v -0.160234 0.039486 -0.034653
v -0.154822 0.047353 -0.052172
v -0.162552 0.049168 -0.032914
v -0.156761 0.052253 -0.050715
v -0.159809 0.048483 -0.042454
v -0.153668 0.056335 -0.058825
v -0.158257 0.056453 -0.049172
v -0.005195 0.026130 -0.108867
v -0.004941 0.013770 -0.107863
v -0.028296 0.024063 -0.107293
v -0.029162 0.035935 -0.108914
v -0.040912 0.033996 -0.107530
v -0.005693 0.037443 -0.110224
v -0.006237 0.048574 -0.111255
v -0.016971 0.037181 -0.109630
v -0.029906 0.047335 -0.110884
v -0.171177 0.107012 0.035384
v -0.170893 0.101196 0.031298
v -0.173974 0.107462 0.038051
v -0.170454 0.095018 0.022056
v -0.169968 0.095345 0.026637
v -0.169004 0.128663 -0.083723
v -0.172006 0.132238 -0.084709
v -0.173150 0.128506 -0.084013
v -0.169284 0.135734 -0.084336
v -0.175430 0.136109 -0.085873
v -0.165739 0.082600 0.014439
v -0.164913 0.072895 0.000699
v -0.163877 0.066522 -0.002594
v -0.166400 0.070150 0.007956
v -0.162488 0.063549 -0.014147
v -0.164249 0.060564 -0.005282
v -0.120617 0.293455 -0.019777
v -0.122737 0.291420 -0.006354
v -0.124755 0.285291 0.006453
v -0.129093 0.293108 -0.020899
v -0.103669 0.294109 -0.017688
v -0.112036 0.294349 -0.018625
v -0.117152 0.294346 -0.033322
v -0.156880 0.075803 -0.045941
v -0.155663 0.077293 -0.053339
v -0.154795 0.094566 -0.059123
v -0.155957 0.081893 -0.050625
v -0.155054 0.080288 -0.052263
v -0.155875 0.085252 -0.058010
v -0.245923 0.055966 0.014629
v -0.241140 0.064174 0.015743
v -0.236040 0.073266 0.016994
v -0.246715 0.070825 0.012754
v -0.165110 0.051462 -0.042906
v -0.156912 0.069358 -0.048180
v -0.157741 0.073212 -0.054109
v -0.161342 0.056721 -0.042055
v -0.162873 0.059772 -0.048396
v -0.159181 0.058573 -0.025325
v -0.157041 0.066591 -0.041390
v -0.160730 0.053991 -0.034866
v -0.158578 0.061997 -0.041966
v -0.133646 0.027127 -0.070636
v -0.140067 0.021110 -0.061262
v -0.146246 0.016177 -0.050762
v -0.137748 0.014715 -0.061753
v -0.157932 -0.098207 -0.033705
v -0.155246 -0.088715 -0.036116
v -0.145952 -0.095072 -0.056048
v -0.152422 -0.079477 -0.038515
v -0.143592 -0.084877 -0.058929
v -0.150424 -0.087164 -0.048421
v -0.134304 -0.083733 -0.067045
v -0.141020 -0.074728 -0.060718
v -0.166995 -0.113719 -0.007438
v -0.168387 -0.123954 -0.005273
v -0.164198 -0.110672 -0.020011
v -0.138856 -0.103991 -0.062674
v -0.147996 -0.104726 -0.054001
v -0.160810 -0.107524 -0.032064
v -0.155244 -0.105913 -0.044158
v -0.163796 -0.118473 -0.030242
v -0.150114 -0.115401 -0.051746
v -0.067021 0.315830 -0.021278
v -0.060599 0.323186 -0.027306
v -0.189821 -0.239148 -0.004109
v -0.191154 -0.237302 0.009397
v -0.191842 -0.246781 0.007840
v -0.191078 -0.228474 0.014607
v -0.191259 -0.236019 0.023833
v -0.051845 0.324948 -0.038779
v -0.040213 0.321800 -0.052510
v -0.036282 0.324017 -0.053802
v -0.042228 0.324718 -0.049480
v -0.030856 0.323643 -0.057492
v -0.189885 -0.219784 0.011393
v -0.189420 -0.221843 0.024777
v -0.187406 -0.216490 -0.003613
v -0.188302 -0.211204 0.010102
v -0.072044 0.309631 -0.009099
v -0.070385 0.313702 -0.014979
v -0.067136 0.317707 -0.015368
v -0.068531 0.296693 0.011499
v -0.069532 0.310401 -0.002693
v -0.065644 0.296532 0.015122
v -0.068400 0.301337 0.008946
v -0.057373 0.287074 0.025086
v -0.062002 0.291499 0.020331
v -0.189082 -0.250941 0.037987
v -0.189261 -0.240760 0.036409
v -0.188645 -0.232043 0.038098
v -0.186304 -0.244255 0.049209
v -0.171186 -0.133069 -0.003257
v -0.169458 -0.130120 -0.015729
v -0.172127 -0.136393 0.009761
v -0.172517 -0.139729 0.022662
v -0.174359 -0.142629 -0.001397
v -0.013300 -0.225531 -0.115407
v -0.012773 -0.235592 -0.117346
v -0.047136 -0.232461 -0.116028
v -0.063363 -0.221755 -0.112768
v -0.013049 -0.214100 -0.111436
v -0.013948 -0.203328 -0.108589
v -0.031192 -0.223834 -0.114496
v -0.048076 -0.222693 -0.113827
v -0.049165 -0.213113 -0.110838
v -0.142850 -0.126090 -0.058032
v -0.153031 -0.126143 -0.049539
v -0.165425 -0.128491 -0.028720
v -0.160821 -0.126779 -0.040011
v -0.168689 -0.137905 -0.026210
v -0.155521 -0.136394 -0.047270
v -0.171555 -0.143565 0.035286
v -0.174154 -0.149404 0.023885
v -0.111567 -0.178991 0.132721
v -0.120978 -0.185546 0.124880
v -0.111274 -0.191033 0.133530
v -0.101602 -0.195654 0.141389
v -0.111249 -0.201531 0.134630
v -0.022089 -0.213203 0.173696
v -0.046565 -0.204399 0.168959
v -0.045188 -0.216504 0.167529
v -0.057189 -0.212578 0.164134
v -0.018696 -0.224482 0.171303
v -0.017175 -0.235181 0.169571
v -0.032789 -0.220352 0.169948
v -0.043744 -0.228180 0.166677
v -0.009615 -0.299597 0.150533
v -0.017006 -0.292386 0.151539
v -0.017669 -0.298807 0.149980
v -0.033839 -0.296885 0.148161
v -0.181837 -0.247221 0.061701
v -0.181151 -0.238733 0.062510
v -0.168377 -0.245450 0.085147
v -0.167599 -0.239220 0.085532
v -0.159559 -0.243163 0.096254
v -0.180170 -0.231233 0.063540
v -0.175253 -0.235316 0.074789
v -0.167117 -0.233332 0.085376
v -0.127998 -0.103473 -0.068608
v -0.130568 -0.113867 -0.066009
v -0.133067 -0.125231 -0.064769
v -0.135587 -0.135782 -0.062466
v -0.122536 -0.124895 -0.070893
v -0.108936 -0.112226 -0.076625
v -0.125646 -0.092366 -0.070670
v -0.124104 -0.081913 -0.072689
v -0.116794 -0.101780 -0.073499
v -0.106513 -0.100408 -0.077502
v -0.095589 -0.098593 -0.081772
v -0.104182 -0.088563 -0.079320
v -0.126411 0.033217 -0.080776
v -0.122454 0.026711 -0.080481
v -0.104758 0.039410 -0.096326
v -0.128211 0.041442 -0.081342
v -0.108332 0.047722 -0.095719
v -0.118210 0.040180 -0.088550
v -0.097706 0.054618 -0.102242
v -0.110625 0.056248 -0.096487
v -0.047962 0.187072 -0.111703
v -0.047753 0.196382 -0.109955
v -0.046862 0.205684 -0.108428
v -0.055156 0.218022 -0.106415
v -0.056810 0.199149 -0.110644
v -0.121656 -0.276483 0.122288
v -0.038097 -0.196186 0.172035
v -0.048933 -0.191567 0.168691
v -0.060199 -0.187739 0.164377
v -0.049473 -0.177902 0.168145
v -0.091843 -0.188411 0.148629
v -0.090796 -0.200186 0.148316
v -0.070108 -0.196277 0.160109
v -0.070840 -0.183867 0.160283
v -0.091944 -0.175790 0.147656
v -0.070518 -0.169836 0.158633
v -0.081702 -0.179616 0.154210
v -0.110785 -0.155099 0.128888
v -0.111819 -0.166744 0.131523
v -0.102323 -0.171349 0.139871
v -0.090997 -0.162481 0.146472
v -0.065641 -0.064174 0.157172
v -0.065712 -0.075637 0.157880
v -0.077257 -0.074334 0.152665
v -0.054145 -0.077128 0.161189
v -0.066388 -0.088140 0.158135
v -0.052767 -0.052960 0.160133
v -0.065293 -0.051729 0.156803
v -0.076946 -0.050144 0.151259
v -0.064880 -0.039165 0.155727
v -0.049401 0.025732 0.155490
v -0.086718 0.032307 0.152147
v -0.076134 0.035808 0.155496
v -0.086924 0.024753 0.150450
v -0.063004 0.031248 0.155775
v -0.063760 0.020165 0.154650
v -0.094072 0.006920 0.144322
v -0.089050 0.016182 0.147485
v -0.068678 0.009445 0.152771
v -0.077043 0.018164 0.152063
v -0.035410 0.183126 0.093293
v -0.035076 0.175182 0.100210
v -0.025885 0.189335 0.089704
v -0.034772 0.166966 0.107181
v -0.025718 0.172581 0.101789
v -0.182925 -0.256245 0.060342
v -0.176814 -0.249369 0.073820
v -0.168675 -0.251430 0.084815
v -0.187734 -0.224018 0.038628
v -0.186536 -0.216367 0.037799
v -0.184553 -0.226833 0.051771
v -0.180040 -0.223678 0.062930
v -0.164269 -0.133500 0.057262
v -0.159103 -0.139059 0.069617
v -0.168625 -0.138935 0.046398
v -0.159924 -0.148395 0.070973
v -0.169593 -0.148493 0.047383
v -0.162049 -0.158219 0.073608
v -0.170889 -0.157610 0.049593
v -0.165933 -0.152911 0.060313
v -0.154998 0.013304 0.048665
v -0.154585 0.004100 0.042095
v -0.155487 -0.004529 0.036199
v -0.151164 0.006976 0.059375
v -0.070712 0.089754 0.156029
v -0.084183 0.076498 0.156486
v -0.072522 0.082203 0.157308
v -0.075500 0.074838 0.157942
v -0.078428 0.086481 0.156417
v -0.144721 -0.068512 -0.051668
v -0.138410 -0.064917 -0.062030
v -0.129989 -0.062395 -0.070046
v -0.135595 -0.055379 -0.062220
v -0.150239 0.024194 0.078773
v -0.146939 0.039479 0.100148
v -0.133934 0.024505 0.113781
v -0.142293 0.035955 0.106848
v -0.144392 0.029173 0.098309
v -0.129564 0.045146 0.127721
v -0.128522 0.037647 0.125752
v -0.131349 0.031433 0.119910
v -0.139268 0.042315 0.114643
v -0.136986 0.033417 0.113103
v -0.153462 0.028934 0.071384
v -0.152857 0.036165 0.083515
v -0.150979 0.061396 0.103111
v -0.147923 0.049201 0.103517
v -0.151002 0.043498 0.093875
v -0.154976 0.048332 0.088353
v -0.155799 0.073566 0.093941
v -0.153520 0.067299 0.098330
v -0.157223 0.054299 0.083815
v -0.154873 0.058856 0.093130
v -0.158524 0.047523 0.072876
v -0.159310 0.059389 0.078770
v -0.168156 0.103086 0.055195
v -0.168324 0.106856 0.053239
v -0.168763 0.109828 0.051465
v -0.168541 0.098368 0.046834
v -0.052244 -0.028071 0.157778
v -0.065199 -0.027168 0.155417
v -0.051708 -0.002713 0.154884
v -0.010128 -0.008217 0.157984
v -0.011821 -0.020257 0.159570
v -0.039286 -0.029302 0.159590
v -0.038910 -0.016482 0.157953
v -0.009580 0.003887 0.156465
v -0.008432 0.016463 0.156555
v -0.037176 0.008615 0.155605
v -0.037743 -0.003828 0.156510
v -0.024661 -0.005678 0.156595
v -0.090095 -0.211158 0.148407
v -0.069170 -0.208516 0.160078
v -0.067304 -0.220273 0.158850
v -0.079961 -0.204740 0.154886
v -0.102552 -0.280744 0.129639
v -0.050873 -0.293058 0.144425
v -0.060467 -0.291758 0.142514
v -0.080610 -0.286839 0.137207
v -0.050622 0.018850 -0.103911
v -0.051736 0.031061 -0.105805
v -0.053106 0.042807 -0.107570
v -0.079266 0.043488 -0.104316
v -0.063169 0.027516 -0.104113
v -0.037348 0.212652 -0.105689
v -0.045414 0.224232 -0.103276
v -0.045981 0.215195 -0.106036
v -0.008960 0.215396 -0.104451
v -0.008524 0.224239 -0.102956
v -0.018409 0.208636 -0.105762
v -0.028178 0.210548 -0.105419
v -0.027763 0.219602 -0.103188
v -0.042534 0.251900 -0.095361
v -0.031641 0.264980 -0.089226
v -0.006375 0.266302 -0.089451
v -0.005380 0.273959 -0.086108
v -0.023405 0.262221 -0.090532
v -0.022117 0.270466 -0.087252
v -0.007369 0.258537 -0.092881
v -0.007762 0.250444 -0.096228
v -0.024478 0.254609 -0.093451
v -0.015509 0.260377 -0.091865
v -0.006206 0.318719 -0.065907
v -0.012248 0.320542 -0.065054
v -0.024172 0.322948 -0.061267
v -0.190106 0.027845 -0.057835
v -0.184222 0.035344 -0.057864
v -0.189372 0.037458 -0.063165
v -0.171003 0.047431 -0.049830
v -0.180971 0.033451 -0.052267
v -0.179471 0.042544 -0.057347
v -0.055296 0.109619 -0.116723
v -0.058096 0.098721 -0.115623
v -0.063373 0.085483 -0.113978
v -0.088112 0.073997 -0.107984
v -0.072863 0.094469 -0.113463
v -0.068852 0.291982 0.012459
v -0.071890 0.286701 0.013348
v -0.077837 0.288409 0.007351
v -0.078985 0.295913 -0.000511
v -0.074874 0.302693 -0.003234
v -0.071886 0.306484 -0.002275
v -0.071401 0.301558 0.004045
v -0.164552 0.276514 0.010573
v -0.157846 0.280503 0.008937
v -0.156165 0.272918 0.020954
v -0.140245 0.290731 -0.006074
v -0.156821 0.285465 -0.004194
v -0.150040 0.283441 0.008114
v -0.145143 0.251584 -0.079018
v -0.137803 0.252514 -0.081443
v -0.139866 0.261596 -0.074460
v -0.126564 0.235481 -0.095190
v -0.135473 0.244821 -0.087167
v -0.129434 0.253871 -0.084292
v -0.013078 -0.254444 -0.121939
v -0.013752 -0.245877 -0.119662
v -0.030010 -0.243182 -0.118924
v -0.046486 -0.241398 -0.118727
v -0.061570 -0.240760 -0.117596
v -0.045825 -0.250612 -0.120376
v -0.052436 -0.058342 -0.096151
v -0.050914 -0.045266 -0.096534
v -0.062371 -0.047884 -0.093810
v -0.039410 -0.042754 -0.099397
v -0.050423 -0.032537 -0.098042
v -0.100499 0.077822 -0.104938
v -0.084432 0.099993 -0.112644
v -0.087906 0.087290 -0.110461
v -0.118900 0.059902 -0.091323
v -0.110314 0.068314 -0.099109
v -0.109433 0.082271 -0.101404
v -0.039082 0.083674 0.154433
v -0.030753 0.079156 0.155208
v -0.026884 0.103927 0.148880
v -0.034874 0.116954 0.143208
v -0.047274 0.088119 0.154239
v -0.054470 0.092129 0.154361
v -0.037328 0.095919 0.151917
v -0.036001 0.106908 0.148121
v -0.044393 0.109626 0.147498
v -0.184750 0.088991 -0.077592
v -0.182617 0.082235 -0.075689
v -0.174586 0.087094 -0.074477
v -0.183905 0.056425 -0.067557
v -0.190267 0.074645 -0.075011
v -0.179287 0.073972 -0.071848
v -0.146525 -0.025478 -0.043378
v -0.140384 -0.049648 -0.053032
v -0.133945 -0.045740 -0.063029
v -0.146632 -0.034738 -0.043742
v -0.139823 -0.030881 -0.054101
v -0.147263 -0.052672 -0.042655
v -0.152088 -0.037780 -0.032050
v -0.146773 -0.043904 -0.043341
v -0.158007 0.012168 -0.015001
v -0.158793 0.017388 -0.014292
v -0.152423 0.017386 -0.038554
v -0.151129 0.012032 -0.039508
v -0.156966 0.005862 -0.014819
v -0.155886 -0.000233 -0.014743
v -0.149990 0.005798 -0.039968
v -0.154370 0.008932 -0.027639
v -0.161313 0.028717 -0.013731
v -0.160039 0.023270 -0.013920
v -0.153546 0.022862 -0.037811
v -0.155403 0.029053 -0.036835
v -0.160479 0.031126 -0.025090
v -0.156761 0.020043 -0.026132
v -0.156385 0.099652 -0.055773
v -0.157118 0.089584 -0.052128
v -0.157272 0.096314 -0.056469
v -0.161967 0.083943 -0.034851
v -0.163082 0.082767 -0.030857
v -0.160286 0.085539 -0.044155
v -0.158902 0.090368 -0.047189
v -0.161002 0.084932 -0.038022
v -0.155845 0.095367 -0.052561
v -0.158283 0.093547 -0.049790
v -0.160265 0.088030 -0.043305
v -0.163480 0.071560 -0.017466
v -0.157484 0.075827 -0.034001
v -0.162613 0.067700 -0.021550
v -0.160607 0.062832 -0.024236
v -0.158810 0.072752 -0.038375
v -0.157917 0.070237 -0.040102
v -0.158358 0.063958 -0.033800
v -0.159217 0.072138 -0.027877
v -0.167602 0.065645 -0.007733
v -0.165445 0.065445 -0.017729
v -0.168776 0.067133 0.003093
v -0.168266 0.068756 0.001458
v -0.167482 0.080525 0.005849
v -0.168127 0.071253 -0.000647
v -0.169362 0.074297 0.009631
v -0.163889 0.077721 -0.016958
v -0.166255 0.078504 -0.005411
v -0.166106 0.070377 -0.011870
v -0.167249 0.074229 -0.003197
v -0.162774 0.079005 -0.027511
v -0.159078 0.074957 -0.039700
v -0.160721 0.080227 -0.041942
v -0.161842 0.081750 -0.036467
v -0.163479 0.074351 -0.024725
v -0.163172 0.065915 -0.027213
v -0.159924 0.071427 -0.037573
v -0.161387 0.068204 -0.036359
v -0.164158 0.067628 -0.020061
v -0.162533 0.070158 -0.022380
v -0.160230 0.071728 -0.031198
v -0.153747 0.174262 0.076867
v -0.154128 0.184169 0.072109
v -0.148172 0.172755 0.081840
v -0.134862 0.177057 0.085887
v -0.141933 0.174194 0.084765
v -0.144153 0.182426 0.078991
v -0.134762 0.199563 0.071847
v -0.154572 0.195016 0.067632
v -0.148870 0.190293 0.073527
v -0.142492 0.193746 0.074416
v -0.142460 0.204474 0.067776
v -0.119063 0.182468 0.088752
v -0.126848 0.180130 0.087106
v -0.128226 0.189520 0.080473
v -0.093505 0.202078 0.078390
v -0.101290 0.184155 0.091455
v -0.110607 0.183744 0.090776
v -0.092990 0.192723 0.085221
v -0.111047 0.192759 0.084846
v -0.094965 0.220662 0.064332
v -0.094051 0.211184 0.071089
v -0.111577 0.202223 0.078337
v -0.102633 0.202709 0.078267
v -0.127855 0.199387 0.074721
v -0.128255 0.209447 0.068195
v -0.119371 0.200966 0.076276
v -0.112380 0.212190 0.071659
v -0.064073 0.266076 0.031167
v -0.069967 0.272429 0.023409
v -0.079529 0.259506 0.031677
v -0.085743 0.269106 0.022421
v -0.079571 0.274142 0.018257
v -0.056251 0.260867 0.037422
v -0.061319 0.248529 0.046373
v -0.071394 0.252929 0.039735
v -0.048726 0.257043 0.043699
v -0.066627 0.259732 0.035062
v -0.051862 0.245270 0.051318
v -0.043105 0.241972 0.056446
v -0.040956 0.253828 0.049100
v -0.050406 0.250746 0.047705
v -0.025188 0.236478 0.062399
v -0.033989 0.238990 0.059492
v -0.033547 0.244869 0.056223
v -0.004511 0.308982 -0.068571
v -0.006137 0.314768 -0.066275
v -0.024297 0.317076 -0.062896
v -0.017403 0.317735 -0.065127
v -0.004605 0.295547 -0.074799
v -0.004503 0.302928 -0.071982
v -0.013371 0.303990 -0.070097
v -0.035836 0.299266 -0.066395
v -0.022138 0.304753 -0.068150
v -0.020707 0.298286 -0.071703
v -0.039863 0.308141 -0.058899
v -0.037342 0.304903 -0.062815
v -0.033021 0.315709 -0.058884
v -0.025928 0.310967 -0.064122
v -0.030736 0.304857 -0.065402
v -0.052659 0.282704 0.029365
v -0.047850 0.278642 0.033668
v -0.042716 0.274876 0.038116
v -0.032306 0.262224 0.047310
v -0.030498 0.268188 0.046565
v -0.259228 0.063461 0.008879
v -0.254722 0.072405 0.008419
v -0.250003 0.082124 0.008345
v -0.260777 0.075755 0.002827
v -0.266693 0.079653 -0.004692
v -0.261341 0.089483 -0.005072
v -0.272286 0.071250 -0.004090
v -0.269044 0.082052 -0.013000
v -0.122157 0.265936 0.029797
v -0.126638 0.278029 0.019264
v -0.133607 0.285788 0.006571
v -0.143870 0.277342 0.020051
v -0.142059 0.285355 0.007538
v -0.131500 0.266893 0.029775
v -0.154160 0.262518 0.030662
v -0.147811 0.268450 0.028221
v -0.136687 0.254589 0.039446
v -0.139987 0.266732 0.030394
v -0.165119 -0.089586 0.037935
v -0.161322 -0.093406 0.050800
v -0.166707 -0.085753 0.024355
v -0.166358 -0.082342 0.011022
v -0.163049 -0.078952 0.036494
v -0.017023 -0.069605 0.167250
v -0.015722 -0.056924 0.165298
v -0.041655 -0.066595 0.163589
v -0.042002 -0.078983 0.164577
v -0.017131 -0.082319 0.168614
v -0.014929 -0.094629 0.170792
v -0.019361 -0.107742 0.171858
v -0.042452 -0.092098 0.166265
v -0.029665 -0.080926 0.167086
v -0.058909 -0.159757 0.163313
v -0.069707 -0.156371 0.158352
v -0.023444 -0.149288 0.173122
v -0.038404 -0.168561 0.171185
v -0.047732 -0.164076 0.168024
v -0.046620 -0.148954 0.169157
v -0.021043 -0.135297 0.172653
v -0.020268 -0.121346 0.172674
v -0.031725 -0.111379 0.169492
v -0.045222 -0.134334 0.168077
v -0.033578 -0.140221 0.171481
v -0.055702 -0.103395 0.162582
v -0.043451 -0.105855 0.167477
v -0.057385 -0.130929 0.163959
v -0.044786 -0.119733 0.167999
v -0.017802 -0.184920 0.176270
v -0.029608 -0.183668 0.174000
v -0.012293 -0.200185 0.176366
v -0.015420 -0.206525 0.174956
v -0.015135 -0.192317 0.176285
v -0.026940 -0.202381 0.173446
v -0.030775 -0.192145 0.173683
v -0.023773 -0.189935 0.175245
v -0.207478 0.135030 0.031088
v -0.210131 0.153596 0.027987
v -0.215523 0.133206 0.025218
v -0.213438 0.143792 0.027435
v -0.219172 0.152316 0.020994
v -0.080311 -0.152600 0.152573
v -0.090677 -0.149044 0.145134
v -0.069684 -0.141575 0.157424
v -0.069297 -0.127728 0.158911
v -0.110198 -0.142516 0.127889
v -0.109994 -0.129839 0.127197
v -0.100483 -0.145934 0.136817
v -0.089960 -0.135198 0.144874
v -0.168314 0.106401 0.063031
v -0.166234 0.111622 0.068603
v -0.166062 0.107827 0.070505
v -0.168679 0.098895 0.056788
v -0.168545 0.091571 0.049479
v -0.167969 0.097907 0.059278
v -0.006121 0.043148 0.157314
v -0.006974 0.029744 0.157334
v -0.028915 0.048697 0.156847
v -0.037087 0.036001 0.156674
v -0.036260 0.022019 0.155694
v -0.022217 0.019625 0.155897
v -0.062375 0.095678 0.154338
v -0.069907 0.097960 0.153952
v -0.052552 0.111619 0.147403
v -0.053462 0.102160 0.151326
v -0.052095 0.120474 0.141807
v -0.060831 0.113418 0.146911
v -0.069641 0.122840 0.139968
v -0.077232 0.099070 0.153252
v -0.069555 0.105999 0.150200
v -0.069045 0.114348 0.145764
v -0.077568 0.115559 0.145041
v -0.203577 0.174182 -0.077646
v -0.200691 0.169419 -0.079890
v -0.196574 0.174265 -0.081515
v -0.204628 0.164626 -0.078672
v -0.197707 0.164841 -0.081971
v -0.274124 0.074290 -0.021324
v -0.263895 0.092625 -0.020439
v -0.268811 0.083099 -0.022303
v -0.266687 0.082198 -0.030486
v -0.263859 0.080033 -0.038338
v -0.258764 0.090540 -0.040584
v -0.269359 0.070984 -0.036296
v -0.260220 0.076827 -0.045269
v -0.163056 0.053346 -0.017664
v -0.164181 0.047504 -0.027920
v -0.160814 0.053152 -0.026779
v -0.170202 0.057501 0.002138
v -0.165672 0.054334 -0.008223
v -0.167913 0.048162 -0.009542
v -0.170457 0.042051 -0.010543
v -0.173814 0.043781 -0.002159
v -0.167622 0.041872 -0.028605
v -0.168413 0.041449 -0.020044
v -0.173257 0.035981 -0.011828
v -0.175377 0.028667 -0.022945
v -0.182686 0.025158 -0.047743
v -0.178445 0.032281 -0.046271
v -0.179143 0.022721 -0.034148
v -0.168058 0.043304 -0.036407
v -0.169069 0.045129 -0.043493
v -0.173926 0.038691 -0.044470
v -0.170933 0.035804 -0.029895
v -0.175599 0.029504 -0.032060
v -0.176321 0.030729 -0.039674
v -0.200594 0.032893 -0.067357
v -0.215091 0.040245 -0.073149
v -0.203429 0.073966 -0.077131
v -0.197168 0.066175 -0.074900
v -0.209667 0.048438 -0.073910
v -0.217989 0.052570 -0.074889
v -0.195616 0.041020 -0.067597
v -0.190007 0.049027 -0.067479
v -0.191429 0.058771 -0.071845
v -0.202214 0.044443 -0.071456
v -0.201795 0.055510 -0.074104
v -0.260886 0.064802 -0.049922
v -0.250919 0.082575 -0.054363
v -0.256003 0.073386 -0.051663
v -0.250597 0.069493 -0.058446
v -0.227124 0.056153 -0.073879
v -0.221887 0.065571 -0.075001
v -0.243509 0.065435 -0.065897
v -0.241307 0.075016 -0.065091
v -0.230790 0.047376 -0.072294
v -0.244822 0.056129 -0.066148
v -0.235584 0.058378 -0.070785
v -0.215190 0.045517 0.018212
v -0.185382 0.034473 0.003400
v -0.200863 0.035755 0.013276
v -0.179250 0.047625 0.006248
v -0.182287 0.041084 0.004682
v -0.197175 0.042835 0.014317
v -0.191469 0.038634 0.009585
v -0.211976 0.051327 0.019728
v -0.208523 0.058025 0.021031
v -0.204786 0.047314 0.018284
v -0.194461 0.050029 0.016152
v -0.221016 0.170762 0.015565
v -0.224741 0.159956 0.014385
v -0.227594 0.148417 0.012985
v -0.228685 0.166938 0.005805
v -0.170925 0.122243 0.055434
v -0.169036 0.113120 0.049308
v -0.171987 0.147300 0.060395
v -0.172065 0.133949 0.059745
v -0.173248 0.133937 0.056813
v -0.173870 0.133469 0.054164
v -0.175614 0.143611 0.054226
v -0.173278 0.119916 0.044106
v -0.171301 0.124472 0.050304
v -0.174637 0.131000 0.050955
v -0.237101 0.090203 0.015245
v -0.218177 0.122840 0.024237
v -0.224222 0.129500 0.019709
v -0.229440 0.111266 0.018129
v -0.230471 0.136170 0.012778
v -0.235929 0.142891 0.003909
v -0.236412 0.113781 0.010767
v -0.231590 0.123531 0.014600
v -0.244803 0.092285 0.008560
v -0.251044 0.095911 0.002366
v -0.240329 0.102876 0.010041
v -0.243409 0.115959 0.002326
v -0.204609 0.065556 0.022344
v -0.198552 0.061471 0.020983
v -0.174112 0.060564 0.011057
v -0.176074 0.054259 0.008804
v -0.185022 0.052447 0.013479
v -0.191748 0.057332 0.018225
v -0.188986 0.064067 0.019972
v -0.170405 0.074839 0.017243
v -0.172184 0.068174 0.013586
v -0.185370 0.071169 0.022505
v -0.179657 0.066248 0.018191
v -0.190971 0.076109 0.025149
v -0.183220 0.078606 0.024563
v -0.169413 0.056690 -0.055486
v -0.178427 0.052791 -0.062437
v -0.174931 0.049613 -0.056654
v -0.171873 0.069985 -0.066423
v -0.178209 0.064343 -0.067353
v -0.159093 0.077167 -0.059532
v -0.165100 0.062909 -0.054878
v -0.161101 0.068463 -0.054188
v -0.165514 0.076048 -0.066460
v -0.167489 0.066338 -0.060821
v -0.201196 0.127189 0.034761
v -0.198812 0.135859 0.036548
v -0.202982 0.118292 0.031575
v -0.194590 0.120109 0.035760
v -0.165209 0.103089 0.072868
v -0.166874 0.099611 0.065400
v -0.167946 0.091538 0.058920
v -0.168280 0.059596 0.005518
v -0.168543 0.062178 0.005014
v -0.168625 0.064068 0.004145
v -0.169047 0.070241 0.013432
v -0.169433 0.064837 0.015152
v -0.129733 0.061943 0.131988
v -0.128990 0.053145 0.130814
v -0.139224 0.049509 0.117352
v -0.134524 0.046995 0.123009
v -0.129909 0.069398 0.132125
v -0.134157 0.062371 0.127641
v -0.162814 0.038830 0.033846
v -0.160994 0.032475 0.036288
v -0.161843 0.047626 0.057945
v -0.165062 0.043847 0.031251
v -0.167144 0.048224 0.029564
v -0.163986 0.047962 0.043432
v -0.146324 0.063115 0.112060
v -0.144060 0.053187 0.112546
v -0.147827 0.056758 0.108121
v -0.138487 0.056802 0.120658
v -0.137988 0.063607 0.123521
v -0.144821 0.069281 0.115778
v -0.142850 0.074943 0.118902
v -0.138260 0.069902 0.123832
v -0.141872 0.065201 0.119856
v -0.110873 -0.023563 0.128530
v -0.110684 -0.012972 0.129270
v -0.101714 -0.002519 0.138492
v -0.091681 -0.002821 0.145422
v -0.032596 0.256492 0.049793
v -0.033137 0.250818 0.053164
v -0.025497 0.248335 0.056362
v -0.025110 0.259625 0.051219
v -0.211890 0.115378 0.028012
v -0.223851 0.103310 0.022539
v -0.220859 0.112508 0.023002
v -0.205455 0.109355 0.029666
v -0.194903 0.090132 0.028200
v -0.199041 0.103340 0.030498
v -0.208295 0.100878 0.027502
v -0.169760 0.097452 -0.077235
v -0.156864 0.111472 -0.070684
v -0.162332 0.104745 -0.074599
v -0.155813 0.100874 -0.063772
v -0.155807 0.106379 -0.067390
v -0.156628 0.090383 -0.063210
v -0.154861 0.092986 -0.061648
v -0.156754 0.103919 -0.069897
v -0.158579 0.086730 -0.064599
v -0.167145 0.091623 -0.074844
v -0.164838 0.084802 -0.071538
v -0.160844 0.081835 -0.065470
v -0.163401 0.098005 -0.074014
v -0.159796 0.100986 -0.071720
v -0.158135 0.095629 -0.067887
v -0.110727 0.095416 -0.103872
v -0.117544 0.086158 -0.098109
v -0.125966 0.101587 -0.096566
v -0.124197 0.077209 -0.091840
v -0.131355 0.092708 -0.091036
v -0.124663 0.089558 -0.094609
v -0.137299 0.094721 -0.088654
v -0.136829 0.083793 -0.085597
v -0.223965 0.178461 -0.055236
v -0.220768 0.186003 -0.055118
v -0.224346 0.186287 -0.048846
v -0.216906 0.184947 -0.061278
v -0.216851 0.193169 -0.055670
v -0.227660 0.185554 -0.041159
v -0.224416 0.194667 -0.041080
v -0.231364 0.175821 -0.041462
v -0.230131 0.183743 -0.032828
v -0.231601 0.172503 -0.003187
v -0.235500 0.160522 -0.004489
v -0.235506 0.170258 -0.024296
v -0.227741 0.183889 -0.002668
v -0.228282 0.191644 -0.022927
v -0.232419 0.181002 -0.023425
v -0.233168 0.177231 -0.013638
v -0.190054 -0.257561 -0.007708
v -0.191860 -0.258343 0.005609
v -0.192345 -0.258791 0.017880
v -0.147687 -0.168875 0.096137
v -0.155538 -0.163992 0.084835
v -0.163177 -0.168024 0.076198
v -0.139567 -0.174762 0.105994
v -0.130847 -0.180069 0.115628
v -0.130795 -0.190609 0.116566
v -0.148307 -0.179338 0.097466
v -0.113894 -0.272313 0.125576
v -0.103375 -0.274430 0.130176
v -0.190861 -0.260404 0.031200
v -0.188954 -0.262167 0.044831
v -0.184626 -0.263954 0.057751
v -0.118970 -0.116405 0.116758
v -0.129017 -0.113512 0.106798
v -0.145576 -0.105938 0.086694
v -0.138027 -0.109288 0.096819
v -0.128167 -0.101478 0.106469
v -0.133386 -0.041126 0.097097
v -0.125892 -0.042884 0.107540
v -0.139962 -0.039094 0.087489
v -0.140342 -0.050044 0.086104
v -0.154624 -0.076018 0.062324
v -0.140755 -0.060689 0.084858
v -0.147328 -0.058239 0.074054
v -0.135991 -0.087348 0.095185
v -0.133720 -0.063649 0.095476
v -0.141704 -0.072167 0.084653
v -0.156171 -0.031918 -0.018742
v -0.156550 -0.041204 -0.019248
v -0.159661 -0.036990 0.008936
v -0.156374 -0.050027 -0.019555
v -0.160072 -0.046497 0.008274
v -0.159252 -0.044123 -0.005781
v -0.161975 -0.066965 0.022133
v -0.159586 -0.047711 0.022123
v -0.160023 -0.055863 0.008044
v -0.164119 -0.079166 -0.002142
v -0.160215 -0.076830 -0.015338
v -0.164505 -0.073783 0.009322
v -0.160558 -0.061867 -0.005390
v -0.161799 -0.064614 0.008205
v -0.155999 -0.073913 -0.028525
v -0.150194 -0.071460 -0.040531
v -0.148886 -0.061957 -0.042229
v -0.152481 -0.055861 -0.031169
v -0.157448 -0.059400 -0.018612
v -0.157354 -0.068022 -0.017789
v -0.072393 -0.025742 -0.093636
v -0.094376 -0.021370 -0.088724
v -0.094876 -0.009816 -0.091112
v -0.105845 -0.013722 -0.086891
v -0.073361 0.011510 -0.099522
v -0.083820 -0.005571 -0.094702
v -0.095464 0.001836 -0.092790
v -0.166281 0.083625 0.008150
v -0.164882 0.074418 -0.006675
v -0.165076 0.078309 0.003915
v -0.164431 0.075900 -0.013196
v -0.157590 0.126170 -0.086534
v -0.157831 0.118144 -0.081368
v -0.158784 0.109644 -0.076612
v -0.157400 0.113008 -0.082075
v -0.238074 0.162309 -0.033687
v -0.240053 0.158113 -0.025106
v -0.239602 0.148877 -0.005536
v -0.243019 0.136733 -0.006022
v -0.240277 0.154147 -0.015146
v -0.243523 0.146091 -0.026455
v -0.179417 0.100875 0.033827
v -0.186768 0.092664 0.029823
v -0.190719 0.105762 0.032897
v -0.192378 0.097900 0.030897
v -0.207215 0.190759 0.026410
v -0.213193 0.172619 0.023607
v -0.218048 0.180795 0.016664
v -0.202138 0.153871 0.035113
v -0.207379 0.163307 0.030402
v -0.204984 0.172320 0.031782
v -0.200050 0.189146 0.034320
v -0.202132 0.180919 0.033650
v -0.196704 0.171350 0.039454
v -0.150746 -0.255481 0.104185
v -0.128734 -0.270773 0.119262
v -0.127922 -0.265112 0.119372
v -0.160728 -0.255127 0.095250
v -0.170444 -0.258518 0.084008
v -0.152227 -0.262541 0.103635
v -0.132870 -0.274700 0.117054
v -0.143967 -0.272374 0.110421
v -0.154010 -0.270372 0.103604
v -0.099665 0.252846 0.039333
v -0.104289 0.264544 0.029212
v -0.113580 0.265491 0.029733
v -0.119696 0.254628 0.039871
v -0.168640 0.088185 0.040045
v -0.168748 0.090883 0.038856
v -0.169501 0.076754 0.022223
v -0.169324 0.074837 0.023610
v -0.168856 0.094283 0.036790
v -0.169289 0.079061 0.020456
v -0.169591 0.081758 0.018839
v -0.169370 0.084834 0.030473
v -0.177920 0.114080 0.041921
v -0.178673 0.107695 0.037218
v -0.187268 0.120830 0.038781
v -0.188843 0.113701 0.035306
v -0.184117 0.107052 0.035169
v -0.246044 0.092283 -0.056824
v -0.242423 0.085208 -0.062366
v -0.234513 0.083385 -0.068612
v -0.252821 0.102353 -0.043365
v -0.249727 0.097395 -0.050834
v -0.240427 0.102602 -0.059580
v -0.174386 0.094405 0.030097
v -0.169404 0.088463 0.023667
v -0.169645 0.082252 0.019872
v -0.175672 0.080640 0.023192
v -0.181385 0.086551 0.028255
v -0.179977 0.094216 0.030330
v -0.168554 0.104835 0.043313
v -0.169319 0.115297 0.047466
v -0.170099 0.116163 0.045033
v -0.168215 0.097612 0.035266
v -0.169328 0.105310 0.032283
v -0.171190 0.113182 0.038995
v -0.170444 0.115808 0.042114
v -0.168482 0.109006 0.037964
v -0.200198 0.022025 -0.062948
v -0.205689 0.025112 -0.067100
v -0.190548 0.018779 -0.053478
v -0.195239 0.020309 -0.058532
v -0.200636 0.013648 -0.059272
v -0.187531 0.018047 -0.048051
v -0.184263 0.016641 -0.042621
v -0.191495 0.010092 -0.048815
v -0.181586 0.015702 -0.028270
v -0.182989 0.015429 -0.036530
v -0.185999 0.008505 -0.037068
v -0.197219 0.024553 0.007336
v -0.210932 0.033498 0.015461
v -0.204400 0.027670 0.011813
v -0.207785 0.021035 0.011445
v -0.225909 0.043806 0.017688
v -0.218137 0.040048 0.017632
v -0.220914 0.034692 0.016849
v -0.242890 0.047610 0.016802
v -0.233835 0.046692 0.017784
v -0.236572 0.042041 0.017797
v -0.239466 0.036982 0.018008
v -0.246590 0.040019 0.016862
v -0.224717 0.030027 0.017040
v -0.231953 0.033552 0.017718
v -0.272089 0.059624 0.004492
v -0.278250 0.064168 -0.004613
v -0.280162 0.065713 -0.013111
v -0.279559 0.065550 -0.021212
v -0.284493 0.057661 -0.005633
v -0.277120 0.064424 -0.028769
v -0.274297 0.062559 -0.035268
v -0.284859 0.058231 -0.021467
v -0.275937 0.052410 0.006801
v -0.261061 0.054149 -0.054418
v -0.265225 0.048011 -0.053554
v -0.270804 0.059981 -0.041772
v -0.266544 0.056947 -0.047721
v -0.279370 0.055007 -0.035793
v -0.270517 0.050034 -0.047323
v -0.251598 0.051934 -0.062751
v -0.242871 0.045364 -0.068686
v -0.256386 0.048525 -0.060363
v -0.259704 0.043997 -0.059289
v -0.253524 0.041007 -0.064458
v -0.251223 0.049418 0.014341
v -0.256175 0.053706 0.012604
v -0.263666 0.055543 0.010397
v -0.253554 0.042269 0.015599
v -0.268768 0.049444 0.011324
v -0.246768 0.037520 -0.068537
v -0.227553 0.035684 -0.072768
v -0.234636 0.039229 -0.071397
v -0.239351 0.033170 -0.070549
v -0.212806 0.028290 -0.070778
v -0.219749 0.031834 -0.071985
v -0.211105 0.018754 -0.067696
v -0.224986 0.025503 -0.071398
v -0.182850 0.016176 -0.016511
v -0.183803 0.013072 -0.019685
v -0.194529 0.013200 -0.000056
v -0.184932 0.009493 -0.021367
v -0.187229 0.010709 -0.013827
v -0.180447 0.031032 -0.004155
v -0.177054 0.029411 -0.013280
v -0.180262 0.022756 -0.014603
v -0.188273 0.027565 0.002145
v -0.191079 0.020420 0.001041
v -0.186766 0.017769 -0.006713
v -0.008252 0.233397 -0.100779
v -0.008097 0.241760 -0.098977
v -0.027102 0.228805 -0.101383
v -0.018134 0.226756 -0.102475
v -0.017099 0.244155 -0.097714
v -0.157324 0.019911 0.041865
v -0.159059 0.026500 0.039312
v -0.155009 0.023821 0.057425
v -0.157138 0.035646 0.066383
v -0.159301 0.041725 0.062016
v -0.160291 0.036857 0.049682
v -0.131692 -0.000537 0.104109
v -0.126562 0.007643 0.114457
v -0.129782 0.015986 0.114983
v -0.136352 0.017531 0.106379
v -0.148563 0.013284 0.075730
v -0.147334 0.003959 0.072323
v -0.146358 0.020993 0.088472
v -0.141093 0.019336 0.097706
v -0.138338 0.010173 0.096839
v -0.168741 0.079164 0.043664
v -0.169207 0.065234 0.026247
v -0.169389 0.085359 0.041784
v -0.168930 0.082815 0.042666
v -0.168926 0.068749 0.025567
v -0.168878 0.072310 0.024711
v -0.169467 0.079970 0.032930
v -0.169145 0.073821 0.035272
v -0.167420 0.088164 0.013791
v -0.167882 0.085191 0.016615
v -0.168397 0.091358 0.026485
v -0.167843 0.101048 0.033032
v -0.167798 0.101920 0.030659
v -0.166641 0.090142 0.010407
v -0.165690 0.089441 0.007347
v -0.168799 0.098724 0.023471
v -0.168227 0.101183 0.027549
v -0.167404 0.095824 0.021452
v -0.162693 0.058672 0.064350
v -0.163589 0.052612 0.053977
v -0.165222 0.057142 0.050992
v -0.015835 -0.177035 0.176896
v -0.014136 -0.167852 0.176304
v -0.017537 -0.158520 0.175033
v -0.030659 -0.174217 0.173618
v -0.027309 -0.162393 0.173998
v -0.023694 -0.178820 0.174864
v -0.013028 -0.138620 -0.094823
v -0.012308 -0.129290 -0.094845
v -0.042298 -0.130922 -0.094705
v -0.013789 -0.159466 -0.098089
v -0.013220 -0.149232 -0.097187
v -0.044275 -0.141393 -0.095616
v -0.029273 -0.140448 -0.095151
v -0.059314 -0.142076 -0.094254
v -0.046348 -0.151435 -0.095890
v -0.013906 -0.169849 -0.100639
v -0.014734 -0.181666 -0.103602
v -0.030966 -0.161209 -0.098770
v -0.047641 -0.162305 -0.098022
v -0.185774 -0.220816 -0.017694
v -0.183888 -0.209742 -0.018442
v -0.172968 -0.214571 -0.044416
v -0.181713 -0.199643 -0.018174
v -0.176306 -0.201112 -0.031550
v -0.162122 -0.204549 -0.056017
v -0.170144 -0.202606 -0.044048
v -0.167791 -0.191459 -0.043665
v -0.178811 -0.182093 -0.019320
v -0.173219 -0.178642 -0.031194
v -0.176976 -0.173347 -0.020185
v -0.184347 -0.198339 -0.004805
v -0.181752 -0.190850 -0.015037
v -0.182010 -0.182931 -0.005987
v -0.186379 -0.204825 0.023392
v -0.186148 -0.202380 0.009299
v -0.184924 -0.193888 0.008322
v -0.181981 -0.176887 0.006599
v -0.183697 -0.185042 0.007136
v -0.183949 -0.188039 0.021055
v -0.185111 -0.208368 0.036989
v -0.183388 -0.211707 0.049488
v -0.184259 -0.199488 0.035855
v -0.182981 -0.191672 0.034317
v -0.181590 -0.183139 0.032576
v -0.180599 -0.195357 0.047220
v -0.173975 -0.221609 0.073939
v -0.178848 -0.216519 0.062274
v -0.177747 -0.209199 0.061246
v -0.158747 -0.231828 0.095779
v -0.167111 -0.226358 0.085197
v -0.166381 -0.219551 0.084239
v -0.149425 -0.249405 0.104537
v -0.149473 -0.243686 0.104898
v -0.127100 -0.257991 0.119210
v -0.139310 -0.256735 0.111982
v -0.116332 -0.258615 0.126134
v -0.127895 -0.251433 0.119985
v -0.149147 -0.237914 0.104597
v -0.148911 -0.230946 0.104392
v -0.139312 -0.244415 0.112956
v -0.128299 -0.244067 0.120108
v -0.082646 -0.277244 0.137932
v -0.071956 -0.279411 0.141540
v -0.093192 -0.273379 0.134927
v -0.104799 -0.266755 0.131051
v -0.105691 -0.257527 0.132212
v -0.083920 -0.268217 0.140478
v -0.015870 -0.285098 0.155253
v -0.015732 -0.277741 0.157008
v -0.026654 -0.290664 0.150980
v -0.036347 -0.289302 0.149749
v -0.049543 -0.286783 0.147453
v -0.062221 -0.282864 0.144126
v -0.062837 -0.275081 0.146115
v -0.038772 -0.281961 0.151672
v -0.097449 0.241725 0.047752
v -0.095578 0.230703 0.056706
v -0.104257 0.221575 0.064166
v -0.113746 0.222293 0.063784
v -0.107794 0.242421 0.048410
v -0.071017 0.307738 -0.031610
v -0.076282 0.304085 -0.032998
v -0.081662 0.301136 -0.034951
v -0.076349 0.301636 -0.043348
v -0.095782 0.295365 -0.016938
v -0.088523 0.297711 -0.016614
v -0.085756 0.300033 -0.026146
v -0.100071 0.296403 -0.029053
v -0.087906 0.299808 -0.037014
v -0.108515 0.233416 -0.098992
v -0.117910 0.235264 -0.097343
v -0.119210 0.244147 -0.092400
v -0.121874 0.263390 -0.079580
v -0.120579 0.253825 -0.087129
v -0.110464 0.253322 -0.089828
v -0.079454 0.255951 -0.094832
v -0.100237 0.251777 -0.092337
v -0.101212 0.260964 -0.087188
v -0.099454 0.231865 -0.101217
v -0.080651 0.237383 -0.102054
v -0.080500 0.247025 -0.098785
v -0.090134 0.229805 -0.103617
v -0.100109 0.241859 -0.096989
v -0.090554 0.249314 -0.095727
v -0.057924 0.301934 -0.056633
v -0.066359 0.304048 -0.047210
v -0.056719 0.304604 -0.053263
v -0.053646 0.307823 -0.051644
v -0.060030 0.305843 -0.049553
v -0.070996 0.301235 -0.050096
v -0.076212 0.298009 -0.053630
v -0.065531 0.300213 -0.055725
v -0.041628 0.296527 -0.068165
v -0.047616 0.296410 -0.067074
v -0.034850 0.294392 -0.070956
v -0.053679 0.297127 -0.064141
v -0.059862 0.298914 -0.060064
v -0.062139 0.295117 -0.064451
v -0.050102 0.292090 -0.070546
v -0.162703 0.283883 -0.016838
v -0.154761 0.286906 -0.018385
v -0.150212 0.267269 -0.063449
v -0.156960 0.279702 -0.042745
v -0.164479 0.276881 -0.040188
v -0.161203 0.270848 -0.051746
v -0.170203 0.280660 -0.014329
v -0.167641 0.280018 -0.027858
v -0.171757 0.273247 -0.037501
v -0.132852 0.226207 -0.096759
v -0.141029 0.234812 -0.090889
v -0.134104 0.235751 -0.092822
v -0.131013 0.207540 -0.101754
v -0.131392 0.216825 -0.099966
v -0.138586 0.217469 -0.098595
v -0.144882 0.217173 -0.097096
v -0.144386 0.208547 -0.099754
v -0.148114 0.233568 -0.089110
v -0.146566 0.225400 -0.093173
v -0.151383 0.216798 -0.095207
v -0.206334 0.236978 -0.003414
v -0.204594 0.241945 -0.024580
v -0.209097 0.235464 -0.023949
v -0.206194 0.234801 -0.034225
v -0.210426 0.230039 -0.001737
v -0.213997 0.221245 -0.001898
v -0.210237 0.233408 -0.012589
v -0.212976 0.227521 -0.023222
v -0.150169 0.242528 -0.083373
v -0.151886 0.250326 -0.077062
v -0.154646 0.232357 -0.086587
v -0.082120 0.110840 -0.114372
v -0.093845 0.104810 -0.111114
v -0.104392 0.105056 -0.107657
v -0.112437 0.107883 -0.104286
v -0.099215 0.114451 -0.110837
v -0.127480 0.112262 -0.097769
v -0.120811 0.110304 -0.100814
v -0.116289 0.119103 -0.104594
v -0.156962 0.135058 -0.090337
v -0.153933 0.130664 -0.090628
v -0.151644 0.126303 -0.091584
v -0.149244 0.135388 -0.094514
v -0.153264 0.117477 -0.087774
v -0.155163 0.108992 -0.082742
v -0.148532 0.122464 -0.091876
v -0.158174 0.140849 -0.090573
v -0.156634 0.143288 -0.094271
v -0.158653 0.142953 -0.085356
v -0.159148 0.141126 -0.087615
v -0.159512 0.148559 -0.091140
v -0.177468 0.154077 0.052756
v -0.179472 0.148946 0.050846
v -0.191063 0.161654 0.043729
v -0.188337 0.168921 0.045043
v -0.173157 0.162005 0.056551
v -0.175305 0.158015 0.055458
v -0.185590 0.175697 0.047093
v -0.181144 0.164951 0.049960
v -0.196764 0.197712 0.035463
v -0.193926 0.206330 0.034753
v -0.191333 0.187007 0.041358
v -0.182718 0.182221 0.047796
v -0.157674 0.143131 -0.082453
v -0.158796 0.148846 -0.084591
v -0.159245 0.146829 -0.081654
v -0.157450 0.137615 -0.080558
v -0.156306 0.131622 -0.078047
v -0.158108 0.141829 -0.079879
v -0.157773 0.142843 -0.080668
v -0.158159 0.140439 -0.079051
v -0.156824 0.137168 -0.077949
v -0.134362 0.291348 -0.034574
v -0.137680 0.291652 -0.020365
v -0.145975 0.290075 -0.019398
v -0.152325 0.286572 -0.032309
v -0.148717 0.282208 -0.044739
v -0.203304 0.232560 -0.043208
v -0.207219 0.226454 -0.042424
v -0.198520 0.238546 -0.044676
v -0.198495 0.229999 -0.051762
v -0.196485 0.224431 -0.059426
v -0.193231 0.230830 -0.058810
v -0.200805 0.218841 -0.058122
v -0.194439 0.218629 -0.065652
v -0.189896 0.215049 -0.072391
v -0.194505 0.210942 -0.070756
v -0.186058 0.219277 -0.074401
v -0.187224 0.210052 -0.078015
v -0.180447 0.207552 -0.083861
v -0.187649 0.201066 -0.080499
v -0.184489 0.204267 -0.082498
v -0.181568 0.199388 -0.085448
v -0.161794 0.149483 -0.083091
v -0.160964 0.151244 -0.083633
v -0.159884 0.155031 -0.087145
v -0.160420 0.153230 -0.084658
v -0.162700 0.155827 -0.085467
v -0.212107 0.199271 0.018415
v -0.215423 0.206670 0.009278
v -0.221872 0.188181 0.007729
v -0.224362 0.194227 -0.001614
v -0.214751 0.190368 0.017569
v -0.186280 0.253812 0.015952
v -0.168720 0.263567 0.023728
v -0.181467 0.260395 0.015339
v -0.178619 0.251679 0.025881
v -0.171264 0.277994 -0.000657
v -0.171428 0.271900 0.012086
v -0.177287 0.275766 -0.012257
v -0.183546 0.267423 0.002936
v -0.176584 0.266682 0.013762
v -0.159553 0.081059 -0.020447
v -0.163282 0.083365 -0.009100
v -0.160477 0.078022 -0.018723
v -0.165043 0.080317 -0.007912
v -0.164911 0.087276 0.002595
v -0.168837 0.094873 0.017990
v -0.167830 0.089269 0.013030
v -0.165508 0.084298 0.003043
v -0.166946 0.093213 0.013450
v -0.165166 0.083770 -0.002801
v -0.156798 0.080865 -0.031222
v -0.156432 0.080140 -0.039351
v -0.155953 0.084588 -0.040420
v -0.157176 0.078876 -0.029481
v -0.158449 0.080213 -0.024712
v -0.156108 0.106381 -0.060966
v -0.154691 0.113429 -0.065182
v -0.157503 0.102521 -0.061353
v -0.156587 0.102344 -0.058536
v -0.156819 0.096283 -0.054710
v -0.155809 0.095683 -0.056811
v -0.157561 0.083799 -0.047859
v -0.155681 0.088952 -0.054201
v -0.158307 0.090300 -0.048872
v -0.156554 0.085044 -0.044328
v -0.176861 0.120729 0.043889
v -0.178230 0.135069 0.048557
v -0.176040 0.126668 0.047197
v -0.185510 0.128885 0.042087
v -0.181110 0.121551 0.042624
v -0.196247 0.144890 0.039212
v -0.181320 0.143150 0.048058
v -0.190834 0.136639 0.041657
v -0.193861 0.153841 0.041676
v -0.186027 0.152418 0.046320
v -0.183738 0.136091 0.045253
v -0.178293 0.234749 0.034282
v -0.174403 0.241410 0.034240
v -0.170823 0.247339 0.033231
v -0.171723 0.230165 0.041440
v -0.217981 0.212684 -0.001529
v -0.224949 0.201561 -0.022296
v -0.225653 0.198540 -0.011748
v -0.218190 0.217044 -0.011487
v -0.221001 0.203823 -0.001279
v -0.220663 0.202876 -0.041356
v -0.223157 0.202784 -0.032144
v -0.214428 0.220135 -0.032816
v -0.216832 0.219509 -0.022836
v -0.221194 0.210760 -0.022488
v -0.164421 0.135883 -0.082539
v -0.167048 0.139527 -0.084500
v -0.160800 0.142442 -0.081056
v -0.159173 0.138313 -0.078971
v -0.162326 0.131667 -0.080655
v -0.157846 0.134026 -0.076843
v -0.160671 0.135062 -0.079529
v -0.164490 0.128396 -0.081748
v -0.167104 0.125662 -0.082851
v -0.160715 0.127887 -0.078760
v -0.157255 0.111920 -0.072822
v -0.156603 0.117952 -0.073419
v -0.157609 0.102946 -0.064417
v -0.156172 0.110625 -0.065892
v -0.155805 0.125114 -0.074376
v -0.154022 0.120975 -0.069043
v -0.155706 0.131568 -0.076914
v -0.155284 0.132092 -0.075430
v -0.154796 0.116924 -0.067542
v -0.155949 0.117491 -0.071044
v -0.181835 0.271191 -0.023452
v -0.188918 0.264557 -0.008628
v -0.183460 0.270548 -0.010196
v -0.217215 0.201982 -0.049069
v -0.213326 0.200449 -0.056576
v -0.211742 0.219370 -0.042260
v -0.206967 0.218553 -0.050752
v -0.204935 0.213293 -0.058116
v -0.216636 0.211456 -0.041660
v -0.209387 0.197624 -0.063159
v -0.202790 0.207782 -0.064355
v -0.208037 0.205857 -0.059019
v -0.179042 0.216201 -0.081989
v -0.176125 0.209987 -0.086096
v -0.184151 0.228293 -0.069415
v -0.181946 0.222254 -0.076252
v -0.177039 0.225303 -0.078626
v -0.163151 0.238284 -0.079026
v -0.172562 0.227700 -0.081633
v -0.174281 0.234136 -0.075069
v -0.158302 0.223253 -0.089723
v -0.160540 0.230840 -0.084799
v -0.170105 0.220826 -0.086696
v -0.166298 0.229183 -0.082682
v -0.195717 0.183930 -0.080106
v -0.191661 0.197153 -0.078964
v -0.187266 0.193614 -0.082620
v -0.193232 0.179229 -0.082475
v -0.190077 0.174190 -0.084683
v -0.188722 0.183344 -0.083620
v -0.156388 0.207542 -0.096204
v -0.157676 0.215574 -0.093628
v -0.162762 0.214733 -0.093298
v -0.173472 0.203889 -0.089410
v -0.171678 0.212264 -0.088530
v -0.167453 0.213468 -0.091650
v -0.165936 0.206487 -0.094266
v -0.170269 0.143649 -0.085839
v -0.162561 0.146629 -0.083248
v -0.164860 0.151261 -0.085299
v -0.164867 0.143199 -0.083305
v -0.160387 0.257741 0.032316
v -0.151373 0.250435 0.039773
v -0.165509 0.252569 0.033356
v -0.162725 0.241525 0.041162
v -0.144265 0.215796 0.060909
v -0.150551 0.211386 0.061729
v -0.159878 0.230138 0.047954
v -0.155241 0.234566 0.046672
v -0.136979 0.221098 0.058706
v -0.133706 0.242656 0.047124
v -0.141688 0.245080 0.044845
v -0.148308 0.238610 0.046570
v -0.146311 0.227118 0.054222
v -0.164063 0.193539 0.059774
v -0.166265 0.185038 0.058493
v -0.171521 0.211121 0.047822
v -0.160022 0.200879 0.060859
v -0.155396 0.206725 0.061452
v -0.168314 0.218310 0.048641
v -0.164475 0.224171 0.048273
v -0.157389 0.218131 0.054950
v -0.165928 0.205910 0.054192
v -0.168256 0.177146 0.057440
v -0.170410 0.168016 0.056845
v -0.175863 0.175510 0.051734
v -0.180173 0.188815 0.047455
v -0.170571 0.190629 0.052946
v -0.129866 0.219559 0.061507
v -0.121432 0.220842 0.062319
v -0.125546 0.242688 0.047279
v -0.117456 0.242908 0.049019
v -0.114780 0.231560 0.056269
v -0.131064 0.230897 0.053764
v -0.159874 0.115151 -0.075664
v -0.161945 0.121515 -0.078800
v -0.166377 0.106477 -0.077878
v -0.162671 0.110406 -0.076475
v -0.163677 0.114124 -0.078505
v -0.169733 0.122788 -0.082713
v -0.165441 0.121877 -0.081197
v -0.164462 0.118408 -0.079468
v -0.167975 0.115093 -0.080230
v -0.208202 0.085452 -0.077758
v -0.215255 0.075586 -0.076410
v -0.225289 0.079284 -0.073306
v -0.228429 0.092992 -0.071069
v -0.000197 0.208373 0.078082
v -0.000222 0.216207 0.073250
v -0.016754 0.203129 0.080245
v -0.016647 0.211244 0.075360
v -0.000248 0.200422 0.083036
v -0.000414 0.191385 0.087876
v -0.016783 0.195186 0.086209
v -0.017365 0.186965 0.091664
v -0.008719 0.201786 0.081697
v -0.211377 0.069961 0.022889
v -0.217843 0.073906 0.022345
v -0.200884 0.072668 0.024298
v -0.197190 0.081630 0.026160
v -0.203731 0.086634 0.026680
v -0.224449 0.078330 0.021125
v -0.230999 0.082752 0.018573
v -0.226527 0.093026 0.020287
v -0.217597 0.097752 0.024496
v -0.210741 0.091933 0.025945
v -0.214006 0.082847 0.023960
v -0.256380 0.100551 -0.005906
v -0.259754 0.100588 -0.014241
v -0.258169 0.105218 -0.024318
v -0.247311 0.124139 -0.005962
v -0.250527 0.110493 -0.003411
v -0.249580 0.128839 -0.016389
v -0.253708 0.109012 -0.035974
v -0.244493 0.138391 -0.037050
v -0.247670 0.132987 -0.027765
v -0.247184 0.114707 -0.047443
v -0.252301 0.118847 -0.027062
v -0.078048 -0.098973 0.151740
v -0.067531 -0.101064 0.158142
v -0.068562 -0.114801 0.157971
v -0.079896 -0.124757 0.151868
v -0.089903 -0.122702 0.143673
v -0.126300 -0.042628 -0.072060
v -0.131971 -0.026759 -0.063812
v -0.132670 -0.036508 -0.063761
v -0.116195 -0.029428 -0.080047
v -0.132226 -0.016835 -0.063536
v -0.115691 -0.017775 -0.080993
v -0.115529 -0.007721 -0.080778
v -0.124442 -0.022247 -0.073115
v -0.038863 0.009383 -0.104228
v -0.049838 0.006859 -0.102168
v -0.038504 -0.016198 -0.101907
v -0.061951 0.003387 -0.099438
v -0.061178 -0.022223 -0.096868
v -0.049772 -0.019210 -0.099364
v -0.072060 -0.013174 -0.095290
v -0.072639 -0.000903 -0.097060
v -0.049890 -0.005991 -0.100906
v -0.158379 -0.072712 0.049539
v -0.161076 -0.069646 0.035912
v -0.152313 -0.055050 0.061860
v -0.153654 -0.065497 0.062266
v -0.159806 -0.060345 0.035495
v -0.151376 -0.045712 0.063176
v -0.157634 -0.041081 0.036401
v -0.157333 -0.050784 0.035977
v -0.155714 -0.053273 0.049461
v -0.119559 -0.092439 0.116024
v -0.127921 -0.089800 0.105954
v -0.127029 -0.078645 0.105449
v -0.119344 -0.045034 0.116984
v -0.126147 -0.054829 0.106554
v -0.127104 -0.066673 0.106212
v -0.118789 -0.068876 0.115869
v -0.151755 -0.101738 0.075237
v -0.156090 -0.097939 0.063275
v -0.154838 -0.086774 0.062454
v -0.144403 -0.094728 0.085004
v -0.149120 -0.080000 0.073347
v -0.142517 -0.083891 0.084274
v -0.090731 -0.075606 -0.085280
v -0.076005 -0.061731 -0.089400
v -0.121718 -0.070176 -0.073551
v -0.112786 -0.079453 -0.077619
v -0.101447 -0.077500 -0.080964
v -0.119597 -0.060573 -0.076085
v -0.099207 -0.065826 -0.082443
v -0.117550 -0.049973 -0.077893
v -0.106164 -0.036435 -0.084373
v -0.117212 -0.039984 -0.079905
v -0.097224 -0.055196 -0.085113
v -0.108538 -0.058019 -0.081361
v -0.074462 -0.050249 -0.090370
v -0.072916 -0.038161 -0.092398
v -0.083649 -0.028778 -0.091006
v -0.095105 -0.032502 -0.087572
v -0.085818 -0.052572 -0.087648
v -0.095609 -0.043630 -0.086349
v -0.003782 -0.009858 -0.104715
v -0.004498 0.001786 -0.106525
v -0.016346 0.012746 -0.107490
v -0.027650 0.011394 -0.105986
v -0.027652 -0.001053 -0.104269
v -0.004207 -0.036276 -0.102586
v -0.004386 -0.022897 -0.103390
v -0.027238 -0.027355 -0.102519
v -0.027544 -0.014128 -0.103173
v -0.015768 -0.011903 -0.104366
v -0.157025 -0.011613 0.024231
v -0.155703 -0.013047 0.038536
v -0.158072 -0.029953 0.023800
v -0.159146 -0.028065 0.009286
v -0.157377 -0.008892 -0.003029
v -0.157987 -0.010342 0.010632
v -0.155570 -0.022624 -0.017500
v -0.157990 -0.025548 -0.004338
v -0.158117 -0.019140 0.009705
v -0.142049 0.003224 -0.052095
v -0.140108 -0.012155 -0.053689
v -0.148464 -0.000880 -0.040876
v -0.133030 -0.007638 -0.063067
v -0.128050 0.013726 -0.072082
v -0.135808 0.008598 -0.062217
v -0.116938 0.002312 -0.081024
v -0.125132 -0.002729 -0.072084
v -0.134021 0.000620 -0.062528
v -0.120175 0.019476 -0.080822
v -0.111738 0.025000 -0.088950
v -0.107878 0.007468 -0.088609
v -0.097393 0.012268 -0.094196
v -0.118455 0.011307 -0.080875
v -0.090937 0.037633 -0.100780
v -0.101800 0.030993 -0.095677
v -0.074870 0.022645 -0.101481
v -0.076611 0.033271 -0.102997
v -0.086231 0.017440 -0.098232
v -0.099336 0.022428 -0.095317
v -0.110148 -0.034965 0.127068
v -0.089461 -0.037753 0.143605
v -0.101289 -0.024558 0.136737
v -0.110108 -0.046604 0.126884
v -0.078142 -0.026020 0.150214
v -0.065606 -0.002174 0.153632
v -0.079292 -0.002561 0.150449
v -0.065186 -0.014249 0.154296
v -0.090800 -0.013902 0.144758
v -0.090034 -0.025607 0.144613
v -0.152298 -0.013983 0.053050
v -0.156793 -0.032188 0.037340
v -0.153906 -0.033336 0.050722
v -0.155877 -0.022358 0.038012
v -0.013285 -0.032763 0.161311
v -0.014092 -0.044799 0.163360
v -0.040524 -0.053704 0.162449
v -0.039707 -0.041998 0.160945
v -0.026018 -0.030865 0.160513
v -0.028117 -0.055727 0.164146
v -0.057572 0.075358 -0.112849
v -0.054744 0.053718 -0.109382
v -0.082215 0.053214 -0.105562
v -0.085712 0.062981 -0.107360
v -0.067207 0.048926 -0.107375
v -0.072991 0.072906 -0.110105
v -0.043810 0.074974 -0.113889
v -0.042291 0.056686 -0.110941
v -0.029942 0.058523 -0.111860
v -0.052490 0.065456 -0.111877
v -0.155789 -0.006894 -0.015876
v -0.151752 -0.020047 -0.030482
v -0.146585 -0.016180 -0.042617
v -0.152783 -0.004631 -0.028406
v -0.155327 -0.014112 -0.016788
v -0.147373 -0.008107 -0.041622
v -0.025256 0.156854 0.115294
v -0.052369 0.154515 0.117914
v -0.043496 0.160937 0.112165
v -0.034711 0.159401 0.114047
v -0.033841 0.151790 0.120431
v -0.043118 0.127533 0.137047
v -0.052011 0.129054 0.136417
v -0.033907 0.143039 0.126713
v -0.042763 0.144908 0.124909
v -0.025747 0.124097 0.140059
v -0.034062 0.126071 0.138413
v -0.024509 0.141111 0.128890
v -0.033988 0.135058 0.133212
v -0.061037 0.147152 0.122744
v -0.060892 0.130430 0.135339
v -0.069730 0.131252 0.133662
v -0.052072 0.145842 0.124087
v -0.052042 0.137566 0.130200
v -0.079698 0.148541 0.119465
v -0.070268 0.147661 0.121232
v -0.078213 0.131589 0.132639
v -0.070340 0.139948 0.127995
v -0.088829 0.148992 0.117977
v -0.097871 0.149427 0.116460
v -0.087749 0.139939 0.124987
v -0.140551 0.137217 0.101940
v -0.134499 0.140779 0.104543
v -0.120811 0.145414 0.110585
v -0.127853 0.143053 0.107086
v -0.131803 0.133188 0.109854
v -0.158311 0.120368 0.087334
v -0.154467 0.124193 0.091911
v -0.159768 0.112594 0.084244
v -0.150004 0.129312 0.095803
v -0.145418 0.133456 0.099483
v -0.143074 0.127311 0.103828
v -0.151885 0.119176 0.096413
v -0.162045 0.106131 0.079733
v -0.164362 0.098579 0.074921
v -0.159180 0.106256 0.086395
v -0.166060 0.091229 0.069413
v -0.163045 0.094464 0.077664
v -0.167889 0.083670 0.052818
v -0.167637 0.087868 0.060800
v -0.168934 0.074831 0.044857
v -0.167492 0.083647 0.062254
v -0.166379 0.061996 0.049161
v -0.165979 0.066286 0.058661
v -0.166936 0.079088 0.064485
v -0.167648 0.075586 0.054659
v -0.157758 0.078864 0.088964
v -0.159568 0.070440 0.083153
v -0.161898 0.064777 0.073745
v -0.164123 0.068053 0.067657
v -0.164075 0.082246 0.074755
v -0.164876 0.074879 0.066333
v -0.155742 0.085955 0.095351
v -0.153586 0.092729 0.100316
v -0.156295 0.103939 0.091337
v -0.159961 0.097806 0.085375
v -0.161950 0.089672 0.080874
v -0.160232 0.084706 0.084961
v -0.150111 0.099035 0.103643
v -0.153292 0.109028 0.096043
v -0.149332 0.113749 0.100212
v -0.154240 0.099901 0.096920
v -0.002904 0.070034 0.156822
v -0.004158 0.056312 0.157847
v -0.021877 0.060850 0.157033
v -0.016346 0.049162 0.157264
v -0.001873 0.083655 0.155595
v -0.000979 0.095513 0.152972
v -0.021792 0.074850 0.155433
v -0.019659 0.088341 0.153359
v -0.012154 0.072278 0.156302
v -0.000460 0.223574 0.069347
v -0.000688 0.230385 0.065639
v -0.016272 0.219463 0.071178
v -0.016724 0.226792 0.068159
v -0.007863 0.217397 0.072081
v -0.004487 0.289143 -0.078436
v -0.004872 0.281599 -0.082359
v -0.021184 0.278259 -0.083027
v -0.013549 0.275892 -0.085011
v -0.012823 0.290371 -0.077416
v -0.028566 0.279930 -0.081946
v -0.019998 0.292297 -0.075636
v -0.027728 0.292871 -0.073311
v -0.034787 0.288565 -0.075130
v -0.020301 0.285139 -0.079294
v -0.081630 0.295008 -0.057828
v -0.073762 0.293074 -0.064316
v -0.103493 0.294740 -0.042316
v -0.088644 0.296194 -0.048991
v -0.095253 0.296978 -0.039309
v -0.087303 0.291407 -0.061891
v -0.065392 0.291200 -0.069134
v -0.050325 0.286655 -0.075309
v -0.056971 0.290220 -0.071202
v -0.071781 0.286921 -0.072760
v -0.037678 0.275303 -0.084195
v -0.043218 0.284302 -0.078238
v -0.035873 0.282034 -0.079812
v -0.052410 0.280465 -0.080532
v -0.137619 -0.008347 0.091555
v -0.147137 -0.005418 0.068290
v -0.137223 0.001422 0.094392
v -0.142741 0.002536 0.083754
v -0.148028 -0.015471 0.066752
v -0.043683 0.242951 -0.098388
v -0.044939 0.234149 -0.101249
v -0.036103 0.231184 -0.100859
v -0.034380 0.248429 -0.095121
v -0.025852 0.246180 -0.096549
v -0.026574 0.237965 -0.098962
v -0.059499 0.258724 -0.094635
v -0.051060 0.255317 -0.095372
v -0.041113 0.260261 -0.091860
v -0.039193 0.267748 -0.088479
v -0.047140 0.271032 -0.087165
v -0.068556 0.261835 -0.093060
v -0.079002 0.264837 -0.090560
v -0.063553 0.276887 -0.083296
v -0.055182 0.273929 -0.085445
v -0.057602 0.266918 -0.090218
v -0.100250 0.269743 -0.080581
v -0.089032 0.267403 -0.085555
v -0.081833 0.284969 -0.072964
v -0.093513 0.285924 -0.066865
v -0.072873 0.280369 -0.079061
v -0.076679 0.273258 -0.084489
v -0.121243 0.288991 -0.048482
v -0.112103 0.291564 -0.046203
v -0.123631 0.272710 -0.070715
v -0.112075 0.272321 -0.074660
v -0.104049 0.287988 -0.057554
v -0.102041 0.279627 -0.070501
v -0.130762 0.286591 -0.047748
v -0.142626 0.269047 -0.065993
v -0.133465 0.271392 -0.068382
v -0.145476 0.276659 -0.056543
v -0.139769 0.284147 -0.045894
v -0.126551 0.280409 -0.060745
v -0.154775 0.257528 -0.069635
v -0.157638 0.265092 -0.061121
v -0.164539 0.262146 -0.058789
v -0.159029 0.248479 -0.074647
v -0.165281 0.245882 -0.072501
v -0.171368 0.258669 -0.056298
v -0.176790 0.240720 -0.067718
v -0.171053 0.243064 -0.070414
v -0.168122 0.252640 -0.064732
v -0.190773 0.239497 -0.054847
v -0.187427 0.233927 -0.062379
v -0.182344 0.237644 -0.064894
v -0.179991 0.246465 -0.059632
v -0.197153 0.246635 -0.036970
v -0.194407 0.243752 -0.046132
v -0.189996 0.259270 -0.030618
v -0.188347 0.248295 -0.048652
v -0.175071 0.264845 -0.046273
v -0.178624 0.268730 -0.035639
v -0.183884 0.263990 -0.033065
v -0.177372 0.255719 -0.053340
v -0.182872 0.252352 -0.051080
v -0.186892 0.256639 -0.041184
v -0.230652 0.168687 -0.049241
v -0.234692 0.166186 -0.041904
v -0.237413 0.155653 -0.043287
v -0.240112 0.144727 -0.045126
v -0.241150 0.133826 -0.047711
v -0.234505 0.150502 -0.051980
v -0.238073 0.118406 -0.058036
v -0.241180 0.125199 -0.052400
v -0.234594 0.133474 -0.057852
v -0.231088 0.104354 -0.066879
v -0.234801 0.112048 -0.063014
v -0.222096 0.102048 -0.073193
v -0.229160 0.120631 -0.066478
v -0.203270 0.094838 -0.078068
v -0.213105 0.098101 -0.076912
v -0.216875 0.110375 -0.076040
v -0.193711 0.094326 -0.078883
v -0.185317 0.096711 -0.078872
v -0.199872 0.103019 -0.079056
v -0.177877 0.099618 -0.078352
v -0.171111 0.102685 -0.079584
v -0.171608 0.107976 -0.080423
v -0.184716 0.103681 -0.080267
v -0.155821 0.118755 -0.071743
v -0.158007 0.116643 -0.073076
v -0.157746 0.126443 -0.075659
v -0.159741 0.124046 -0.077018
v -0.158780 0.120300 -0.075894
v -0.154929 0.121079 -0.070775
v -0.154372 0.121842 -0.070065
v -0.155977 0.131676 -0.074743
v -0.156742 0.129641 -0.075038
v -0.154319 0.127047 -0.072934
v -0.155951 0.125017 -0.072902
v -0.158489 0.106515 -0.072373
v -0.157860 0.097118 -0.063140
v -0.158956 0.092150 -0.061930
v -0.158964 0.101956 -0.071754
v -0.157869 0.104305 -0.067912
v -0.159272 0.087739 -0.061407
v -0.159250 0.084415 -0.060882
v -0.158621 0.097569 -0.071459
v -0.159225 0.094143 -0.066828
v -0.152096 0.066021 -0.064171
v -0.146456 0.076524 -0.075071
v -0.143175 0.053199 -0.069918
v -0.148142 0.055546 -0.066339
v -0.149635 0.061478 -0.066374
v -0.136082 0.071520 -0.082755
v -0.141646 0.074982 -0.079398
v -0.146218 0.068803 -0.072605
v -0.134490 0.044307 -0.076409
v -0.138695 0.048928 -0.073187
v -0.126743 0.051780 -0.084449
v -0.124575 0.064515 -0.088538
v -0.130420 0.068156 -0.085912
v -0.137059 0.060109 -0.078078
v -0.150056 -0.184127 -0.064954
v -0.128068 -0.175876 -0.080513
v -0.138607 -0.145084 -0.060934
v -0.129315 -0.145653 -0.069326
v -0.136140 -0.165028 -0.070810
v -0.119017 -0.146160 -0.076044
v -0.116019 -0.169098 -0.085230
v -0.126102 -0.165756 -0.078766
v -0.126187 -0.155851 -0.076124
v -0.053677 -0.119436 -0.093326
v -0.040129 -0.118674 -0.095198
v -0.011526 -0.118147 -0.095933
v -0.009889 -0.105199 -0.096152
v -0.025590 -0.118248 -0.095893
v -0.037458 -0.106453 -0.096163
v -0.175070 -0.149108 -0.012451
v -0.175680 -0.151908 0.000834
v -0.179210 -0.166678 -0.008852
v -0.176103 -0.164573 -0.021312
v -0.176471 -0.154771 0.013553
v -0.175912 -0.158474 0.026132
v -0.180764 -0.169174 0.004611
v -0.180979 -0.171882 0.017695
v -0.179070 -0.160272 0.002512
v -0.148696 -0.145009 -0.053234
v -0.158313 -0.145247 -0.045741
v -0.144458 -0.154054 -0.058666
v -0.171632 -0.147049 -0.024731
v -0.166295 -0.145219 -0.035524
v -0.169513 -0.163903 -0.032670
v -0.174211 -0.156227 -0.022787
v -0.159813 -0.154534 -0.043463
v -0.174414 -0.162402 0.039273
v -0.172713 -0.167138 0.052281
v -0.181029 -0.175308 0.030740
v -0.179058 -0.179260 0.044179
v -0.177248 -0.166980 0.028642
v -0.120820 -0.206067 0.127250
v -0.110573 -0.211794 0.134647
v -0.099594 -0.217372 0.142187
v -0.088755 -0.222226 0.148184
v -0.109753 -0.221436 0.135291
v -0.054318 -0.235100 0.161912
v -0.041994 -0.239227 0.164797
v -0.016560 -0.244533 0.167596
v -0.016150 -0.253747 0.165195
v -0.029337 -0.242133 0.166720
v -0.041232 -0.248043 0.162529
v -0.169035 -0.171914 0.065533
v -0.163284 -0.177484 0.078065
v -0.175298 -0.183728 0.057017
v -0.174180 -0.175869 0.055169
v -0.066151 -0.231184 0.158313
v -0.077561 -0.226649 0.153739
v -0.087388 -0.231978 0.147251
v -0.065003 -0.240599 0.156343
v -0.157068 -0.183818 0.088748
v -0.148702 -0.189485 0.098995
v -0.163898 -0.186480 0.079379
v -0.131006 -0.200931 0.117816
v -0.140564 -0.194851 0.109077
v -0.130575 -0.210097 0.119136
v -0.149102 -0.198103 0.100729
v -0.087770 -0.109861 -0.085601
v -0.085366 -0.097490 -0.086397
v -0.066682 -0.119987 -0.091534
v -0.064045 -0.108175 -0.092671
v -0.091538 -0.122327 -0.086691
v -0.070626 -0.132038 -0.092530
v -0.073228 -0.142737 -0.093135
v -0.079688 -0.121359 -0.089989
v -0.112218 -0.124300 -0.076478
v -0.115125 -0.135316 -0.076416
v -0.101782 -0.123098 -0.081301
v -0.108299 -0.144743 -0.082633
v -0.094114 -0.133204 -0.086971
v -0.040846 0.119695 -0.118237
v -0.029357 0.119153 -0.117843
v -0.052422 0.120010 -0.117684
v -0.064029 0.119951 -0.117032
v -0.049880 0.129767 -0.118222
v -0.074885 0.120739 -0.115898
v -0.085498 0.122228 -0.115179
v -0.071779 0.130967 -0.117620
v -0.094898 0.123862 -0.113252
v -0.103753 0.126109 -0.110974
v -0.089080 0.133612 -0.115675
v -0.097482 0.145234 -0.114205
v -0.111987 0.128088 -0.107300
v -0.120395 0.127171 -0.103367
v -0.106439 0.147451 -0.111746
v -0.106735 0.137586 -0.111119
v -0.104336 0.157082 -0.112738
v -0.113543 0.149473 -0.108641
v -0.147434 0.144363 -0.097158
v -0.143774 0.141680 -0.097034
v -0.139315 0.161013 -0.100765
v -0.151557 0.148030 -0.096775
v -0.155831 0.151587 -0.096864
v -0.144751 0.163453 -0.100438
v -0.145821 0.153992 -0.098831
v -0.143650 0.172697 -0.101451
v -0.149778 0.165618 -0.099778
v -0.157766 0.156472 -0.096533
v -0.155045 0.159480 -0.098789
v -0.154399 0.167479 -0.099555
v -0.159660 0.156391 -0.092769
v -0.160877 0.156230 -0.090754
v -0.161677 0.161133 -0.089910
v -0.159496 0.163292 -0.096309
v -0.162652 0.163390 -0.088789
v -0.162858 0.166970 -0.090574
v -0.165616 0.158931 -0.087011
v -0.164513 0.161048 -0.087001
v -0.165878 0.165907 -0.089014
v -0.178403 0.194293 -0.088376
v -0.182506 0.192361 -0.085659
v -0.184696 0.187714 -0.085104
v -0.182019 0.182426 -0.086748
v -0.174583 0.196267 -0.089824
v -0.171055 0.197649 -0.091440
v -0.175755 0.188533 -0.089166
v -0.130781 0.198133 -0.103268
v -0.137170 0.199316 -0.101861
v -0.137346 0.180217 -0.102664
v -0.143208 0.181597 -0.102010
v -0.116493 0.194246 -0.107623
v -0.124026 0.196339 -0.105564
v -0.131323 0.178394 -0.104535
v -0.130429 0.188311 -0.104529
v -0.028098 0.173213 -0.111413
v -0.037835 0.175134 -0.111778
v -0.008398 0.162915 -0.112725
v -0.008422 0.170874 -0.111567
v -0.018141 0.171645 -0.111215
v -0.027504 0.164287 -0.112329
v -0.167519 0.052767 0.029029
v -0.167248 0.057027 0.039312
v -0.169098 0.065671 0.037639
v -0.168431 0.070765 0.046154
v -0.167562 0.066175 0.047507
v -0.167553 0.049779 0.017985
v -0.167552 0.048276 0.007293
v -0.169052 0.058329 0.016623
v -0.169281 0.061508 0.027379
v -0.168678 0.056924 0.028257
v -0.167270 0.047520 -0.004470
v -0.165871 0.048519 -0.014744
v -0.167269 0.055411 -0.004421
v -0.168119 0.056367 0.006364
v -0.168128 0.052399 0.006413
v -0.164124 0.050007 -0.023797
v -0.164367 0.056563 -0.023493
v -0.166085 0.054763 -0.013979
v -0.162699 0.052874 -0.032692
v -0.166117 0.052290 -0.013967
v -0.162595 0.058818 -0.031902
v -0.161140 0.061808 -0.039719
v -0.160883 0.055992 -0.040660
v -0.159081 0.060072 -0.048357
v -0.162521 0.055643 -0.032052
v -0.158613 0.070376 -0.053626
v -0.160260 0.065658 -0.046573
v -0.157330 0.064384 -0.055151
v -0.154241 0.068961 -0.062107
v -0.159860 0.063142 -0.047044
v -0.159212 0.081229 -0.060553
v -0.158026 0.078491 -0.060285
v -0.158670 0.087287 -0.066106
v -0.156931 0.075757 -0.060234
v -0.149106 0.081306 -0.074970
v -0.151259 0.074946 -0.068854
v -0.155853 0.072328 -0.060789
v -0.155979 0.081323 -0.066434
v -0.157026 0.100795 -0.077567
v -0.152409 0.105166 -0.083255
v -0.157806 0.093873 -0.071479
v -0.156498 0.090413 -0.071791
v -0.146931 0.089338 -0.080482
v -0.153978 0.087093 -0.072035
v -0.151944 0.084295 -0.073686
v -0.152407 0.094479 -0.078250
v -0.138475 0.105471 -0.091139
v -0.142889 0.096255 -0.086468
v -0.147169 0.109651 -0.088563
v -0.149913 0.101676 -0.084122
v -0.147500 0.096675 -0.083271
v -0.134239 0.113878 -0.095660
v -0.127842 0.122275 -0.099866
v -0.140874 0.127942 -0.095894
v -0.144012 0.118868 -0.092540
v -0.126450 0.132179 -0.102023
v -0.140687 0.113334 -0.092861
v -0.138371 0.138363 -0.098670
v -0.122816 0.141771 -0.104631
v -0.120971 0.152233 -0.106006
v -0.135255 0.148010 -0.100356
v -0.132768 0.134570 -0.100197
v -0.119218 0.162483 -0.107673
v -0.132136 0.168226 -0.103351
v -0.133549 0.157838 -0.102237
v -0.124967 0.175807 -0.106174
v -0.127178 0.154981 -0.103851
v -0.108156 0.192159 -0.109193
v -0.100115 0.189861 -0.111031
v -0.110961 0.171065 -0.110471
v -0.117056 0.183931 -0.108162
v -0.117973 0.173450 -0.107891
v -0.091640 0.187718 -0.112636
v -0.094121 0.166044 -0.114615
v -0.102864 0.168047 -0.112786
v -0.101378 0.179040 -0.112168
v -0.082487 0.196286 -0.113225
v -0.065306 0.191632 -0.114087
v -0.065212 0.201323 -0.111827
v -0.083347 0.185164 -0.114898
v -0.071737 0.224781 -0.107106
v -0.063431 0.221231 -0.107364
v -0.081189 0.217143 -0.108530
v -0.081825 0.206866 -0.110877
v -0.064690 0.211370 -0.109725
v -0.073426 0.203710 -0.111962
v -0.066396 0.180901 -0.115957
v -0.085778 0.163866 -0.116827
v -0.084627 0.174508 -0.116157
v -0.074961 0.183328 -0.115906
v -0.069115 0.141238 -0.118664
v -0.079569 0.139590 -0.117508
v -0.086606 0.153527 -0.116576
v -0.088752 0.143527 -0.116362
v -0.076229 0.161647 -0.117378
v -0.066332 0.313068 -0.030491
v -0.058064 0.319114 -0.035114
v -0.063043 0.318410 -0.028549
v -0.066351 0.308622 -0.039057
v -0.062095 0.308039 -0.045215
v -0.058915 0.310741 -0.044875
v -0.045245 0.310308 -0.054602
v -0.050099 0.309819 -0.051528
v -0.053450 0.320127 -0.041003
v -0.040222 0.318097 -0.053646
v -0.047329 0.321029 -0.046928
v -0.040449 0.313567 -0.055484
v -0.054540 0.311136 -0.047526
v -0.055391 0.314930 -0.042586
v -0.180631 0.128944 -0.084484
v -0.172964 0.124398 -0.083862
v -0.176515 0.126869 -0.084020
v -0.172441 0.120750 -0.082610
v -0.179266 0.123467 -0.083175
v -0.172028 0.112531 -0.081088
v -0.172183 0.116574 -0.082279
v -0.177697 0.111147 -0.080976
v -0.180823 0.119566 -0.083045
v -0.176424 0.119124 -0.082891
v -0.190141 0.109931 -0.081103
v -0.183879 0.109468 -0.081394
v -0.186459 0.120729 -0.082939
v -0.182504 0.115174 -0.081960
v -0.204072 0.113729 -0.078878
v -0.197174 0.110884 -0.080405
v -0.194673 0.117350 -0.081315
v -0.189219 0.128025 -0.083606
v -0.192033 0.123009 -0.082286
v -0.198820 0.124463 -0.080996
v -0.199875 0.135038 -0.081373
v -0.223931 0.128059 -0.070298
v -0.219982 0.120250 -0.073529
v -0.210759 0.117561 -0.076861
v -0.205518 0.122387 -0.079326
v -0.208835 0.135040 -0.077757
v -0.203338 0.129696 -0.079814
v -0.229018 0.140764 -0.063281
v -0.226535 0.133925 -0.066618
v -0.212339 0.140489 -0.075664
v -0.217955 0.134427 -0.072774
v -0.206483 0.155713 -0.078931
v -0.208078 0.145568 -0.078627
v -0.215456 0.146088 -0.072907
v -0.229772 0.155234 -0.058011
v -0.230024 0.147472 -0.060006
v -0.223323 0.146412 -0.066773
v -0.217643 0.151876 -0.070718
v -0.210931 0.164351 -0.074577
v -0.208525 0.160385 -0.076679
v -0.212900 0.155795 -0.073748
v -0.219553 0.156852 -0.068396
v -0.222106 0.171753 -0.060518
v -0.226399 0.170297 -0.055368
v -0.228301 0.162807 -0.056119
v -0.224211 0.159354 -0.062402
v -0.219993 0.162503 -0.066648
v -0.212642 0.168227 -0.071922
v -0.218201 0.172593 -0.065138
v -0.216585 0.165133 -0.069777
v -0.219884 0.167495 -0.065395
v -0.198464 0.205709 -0.070179
v -0.194983 0.201398 -0.074962
v -0.202374 0.199944 -0.069330
v -0.195875 0.193585 -0.077177
v -0.202451 0.182698 -0.075918
v -0.208936 0.189405 -0.067439
v -0.205579 0.194606 -0.068756
v -0.199099 0.188040 -0.076888
v -0.201261 0.192455 -0.073501
v -0.209674 0.172982 -0.073412
v -0.206156 0.177950 -0.074637
v -0.215864 0.177793 -0.065898
v -0.212734 0.183639 -0.066803
v -0.214888 0.172367 -0.069141
v -0.208189 0.182434 -0.071445
v -0.167467 0.155791 -0.087205
v -0.170498 0.152398 -0.087321
v -0.170588 0.160364 -0.088188
v -0.176480 0.144636 -0.087180
v -0.173392 0.148457 -0.087186
v -0.176618 0.152915 -0.087894
v -0.181158 0.135273 -0.086015
v -0.179408 0.140307 -0.086810
v -0.185754 0.132385 -0.084878
v -0.195662 0.140201 -0.083607
v -0.191856 0.134467 -0.084223
v -0.183950 0.144584 -0.086798
v -0.198610 0.155247 -0.082171
v -0.199736 0.145270 -0.082001
v -0.203165 0.150667 -0.080880
v -0.187241 0.150217 -0.086676
v -0.191107 0.145382 -0.084738
v -0.190638 0.164561 -0.085158
v -0.194870 0.159812 -0.084155
v -0.179812 0.158383 -0.087548
v -0.183923 0.154214 -0.086730
v -0.190959 0.154713 -0.085390
v -0.186861 0.168879 -0.086765
v -0.182529 0.172604 -0.087055
v -0.173644 0.165448 -0.089209
v -0.176161 0.162053 -0.088139
v -0.183538 0.163368 -0.087391
v -0.038505 0.138852 -0.115798
v -0.037282 0.156779 -0.113948
v -0.027065 0.155693 -0.113280
v -0.048198 0.139388 -0.117576
v -0.058433 0.140419 -0.118140
v -0.047338 0.157669 -0.115003
v -0.065151 0.150808 -0.118093
v -0.044902 0.148732 -0.116003
v -0.154273 0.175448 -0.100656
v -0.157715 0.169253 -0.098787
v -0.160718 0.170190 -0.097349
v -0.163052 0.173615 -0.095064
v -0.161364 0.177876 -0.098058
v -0.163839 0.172425 -0.092368
v -0.165502 0.172490 -0.090423
v -0.169936 0.184272 -0.091604
v -0.164785 0.178621 -0.093741
v -0.179271 0.176977 -0.088431
v -0.167948 0.171292 -0.089951
v -0.170774 0.168638 -0.089251
v -0.176847 0.181841 -0.088753
v -0.173289 0.182942 -0.090195
v -0.176392 0.170938 -0.088905
v -0.170401 0.177599 -0.090187
v -0.163709 0.199134 -0.095654
v -0.168155 0.198527 -0.093975
v -0.169145 0.190964 -0.092842
v -0.164906 0.184791 -0.095356
v -0.167196 0.184507 -0.093197
v -0.155380 0.199645 -0.098642
v -0.160066 0.199542 -0.097867
v -0.158432 0.184611 -0.099438
v -0.161674 0.184843 -0.097932
v -0.162670 0.192173 -0.097929
v -0.143396 0.200401 -0.101029
v -0.149611 0.200230 -0.099936
v -0.149264 0.182712 -0.100920
v -0.142916 0.190698 -0.101521
v -0.154175 0.183899 -0.100687
v -0.154691 0.191590 -0.099455
v -0.048226 0.177113 -0.113340
v -0.057353 0.178796 -0.114825
v -0.047651 0.167311 -0.114338
v -0.066756 0.170566 -0.116750
v -0.066850 0.160576 -0.117699
v -0.057171 0.159221 -0.116227
v -0.005971 0.145962 -0.114783
v -0.008843 0.154263 -0.113541
v -0.008225 0.137528 -0.115810
v -0.017900 0.155182 -0.113679
v -0.025072 0.146927 -0.114388
v -0.189938 0.213996 0.034952
v -0.184531 0.202121 0.041377
v -0.178087 0.216210 0.041126
v -0.174800 0.203967 0.047443
v -0.176755 0.196855 0.047052
v -0.194428 0.223935 0.026998
v -0.198538 0.233015 0.017303
v -0.186159 0.238454 0.026485
v -0.182398 0.227733 0.034099
v -0.186245 0.220865 0.034239
v -0.201099 0.239254 0.006955
v -0.202550 0.244211 -0.004066
v -0.193322 0.254059 0.005431
v -0.190329 0.247071 0.016929
v -0.194011 0.239453 0.016727
v -0.201928 0.247959 -0.015674
v -0.199906 0.248402 -0.026377
v -0.193704 0.257927 -0.007150
v -0.192661 0.260228 -0.019367
v -0.195240 0.253571 -0.028370
v -0.198400 0.251098 -0.005716
v -0.004638 -0.049736 -0.101202
v -0.005606 -0.063427 -0.100058
v -0.028973 -0.053705 -0.100181
v -0.027695 -0.040674 -0.101513
v -0.015825 -0.038799 -0.102448
v -0.008498 -0.091060 -0.097223
v -0.007157 -0.076861 -0.098908
v -0.030897 -0.066608 -0.098376
v -0.021655 -0.092683 -0.096635
v -0.018262 -0.065398 -0.099692
v -0.043625 -0.068311 -0.097324
v -0.055615 -0.070050 -0.095044
v -0.048222 -0.094612 -0.094532
v -0.035229 -0.093731 -0.095782
v -0.033186 -0.079952 -0.097651
v -0.006385 0.059403 -0.112191
v -0.006707 0.070070 -0.113429
v -0.018941 0.080293 -0.115393
v -0.032222 0.079384 -0.114810
v -0.018421 0.059338 -0.111993
v -0.031029 0.069195 -0.113266
v -0.008245 0.119795 -0.118076
v -0.008413 0.128910 -0.116858
v -0.018795 0.119525 -0.117179
v -0.028809 0.129510 -0.117204
v -0.028119 0.138627 -0.115824
v -0.017585 0.137547 -0.115323
v -0.085604 0.116135 0.143237
v -0.085004 0.108032 0.147902
v -0.101096 0.107402 0.144029
v -0.086547 0.123892 0.137290
v -0.087118 0.131906 0.131260
v -0.095571 0.131693 0.129444
v -0.101820 0.115918 0.138799
v -0.094136 0.115991 0.141277
v -0.103123 0.132091 0.127336
v -0.108971 0.114721 0.135993
v -0.102498 0.123609 0.133016
v -0.114852 0.105414 0.137342
v -0.115521 0.113762 0.132951
v -0.125708 0.103530 0.130087
v -0.123755 0.128264 0.118145
v -0.116335 0.121424 0.127224
v -0.126864 0.111307 0.125094
v -0.121600 0.112847 0.128834
v -0.135554 0.123362 0.111825
v -0.129801 0.126193 0.114656
v -0.132155 0.109612 0.120908
v -0.127963 0.118826 0.119403
v -0.142764 0.088685 0.117761
v -0.144100 0.095139 0.113558
v -0.135037 0.100224 0.122050
v -0.136355 0.107453 0.117372
v -0.145373 0.101619 0.109189
v -0.140474 0.120198 0.107953
v -0.144792 0.117148 0.104324
v -0.146901 0.107835 0.104672
v -0.138343 0.114127 0.112321
v -0.140769 0.104601 0.113441
v -0.121794 0.077833 0.139858
v -0.116595 0.078365 0.143439
v -0.113601 0.096525 0.141556
v -0.119875 0.095993 0.137962
v -0.104480 0.079560 0.149990
v -0.111047 0.079018 0.146937
v -0.107451 0.098024 0.144778
v -0.100075 0.098863 0.147980
v -0.112619 0.087943 0.144791
v -0.098187 0.080415 0.152358
v -0.091274 0.079920 0.155228
v -0.083192 0.091661 0.155008
v -0.085191 0.084326 0.155922
v -0.085121 0.099696 0.152088
v -0.092719 0.099144 0.150216
v -0.098974 0.089587 0.151029
v -0.141049 0.082286 0.121410
v -0.135878 0.077157 0.126940
v -0.139186 0.076545 0.123121
v -0.134053 0.092965 0.126512
v -0.138405 0.091050 0.121944
v -0.126964 0.077638 0.136206
v -0.131388 0.077515 0.131792
v -0.130192 0.094362 0.130521
v -0.124746 0.095342 0.134757
v -0.123669 0.086672 0.137784
v -0.132878 0.084982 0.130089
v -0.002305 0.254155 0.055747
v -0.002051 0.248417 0.057040
v -0.017248 0.246213 0.058537
v -0.017799 0.251504 0.056087
v -0.002237 0.260314 0.052775
v -0.017158 0.263322 0.051506
v -0.017477 0.257064 0.053825
v -0.009856 0.255903 0.055301
v -0.000579 0.117170 0.144290
v -0.000945 0.106915 0.149031
v -0.018179 0.100553 0.150196
v -0.017480 0.111825 0.146455
v -0.009621 0.097655 0.151287
v -0.000421 0.150699 0.119988
v -0.000419 0.143308 0.126676
v -0.016331 0.147535 0.123654
v -0.016013 0.139541 0.130465
v -0.001175 0.165696 0.105950
v -0.001192 0.157749 0.112335
v -0.017058 0.161893 0.110078
v -0.016593 0.154340 0.116790
v -0.008497 0.152303 0.118402
v -0.000834 0.182612 0.094193
v -0.001141 0.173837 0.099729
v -0.017148 0.177973 0.097610
v -0.017416 0.169676 0.103658
v -0.008426 0.184024 0.092834
v -0.008628 0.167476 0.104963
v -0.001677 0.242630 0.059885
v -0.000913 0.236904 0.062606
v -0.016737 0.233845 0.064419
v -0.017191 0.240293 0.061273
v -0.008560 0.231543 0.065337
v -0.009491 0.244375 0.059350
v -0.000676 0.135084 0.133496
v -0.000785 0.126921 0.139031
v -0.017285 0.121835 0.141387
v -0.016448 0.130986 0.135850
v -0.008145 0.119491 0.142731
v -0.008058 0.137340 0.131589
v -0.187018 -0.256873 -0.019740
v -0.177338 -0.257401 -0.043030
v -0.187311 -0.232174 -0.016738
v -0.187758 -0.244023 -0.017673
v -0.174888 -0.227283 -0.044679
v -0.180790 -0.224120 -0.030596
v -0.182767 -0.249097 -0.030547
v -0.166237 -0.229125 -0.057766
v -0.175458 -0.250224 -0.047092
v -0.175632 -0.240179 -0.045031
v -0.171089 -0.257548 -0.054213
v -0.165141 -0.250521 -0.062607
v -0.063940 -0.163233 -0.096679
v -0.049910 -0.173883 -0.101130
v -0.020620 -0.192627 -0.105537
v -0.051284 -0.203073 -0.107660
v -0.033728 -0.203111 -0.108195
v -0.034034 -0.182439 -0.103936
v -0.052256 -0.183846 -0.103714
v -0.067107 -0.202901 -0.106401
v -0.067921 -0.186916 -0.102893
v -0.056737 -0.193440 -0.105358
v -0.166377 -0.181171 -0.042444
v -0.157710 -0.182521 -0.053987
v -0.166136 -0.171886 -0.039737
v -0.147335 -0.174148 -0.063075
v -0.145100 -0.163620 -0.061705
v -0.152796 -0.160634 -0.052295
v -0.162383 -0.163393 -0.043460
v -0.153739 -0.205445 -0.067416
v -0.151784 -0.194343 -0.065728
v -0.129994 -0.185229 -0.082437
v -0.140626 -0.185067 -0.074721
v -0.076229 -0.231328 -0.113303
v -0.078134 -0.221364 -0.110717
v -0.075069 -0.240851 -0.115557
v -0.074683 -0.250819 -0.118226
v -0.089281 -0.241216 -0.113223
v -0.102089 -0.240604 -0.109186
v -0.097392 -0.251181 -0.112692
v -0.103461 -0.230681 -0.106082
v -0.114641 -0.240724 -0.104072
v -0.155764 -0.216983 -0.068920
v -0.156828 -0.229025 -0.070474
v -0.143535 -0.205938 -0.076752
v -0.156722 -0.239391 -0.072281
v -0.154321 -0.246921 -0.075388
v -0.130554 -0.232861 -0.092425
v -0.145239 -0.227240 -0.080241
v -0.079531 -0.212969 -0.107694
v -0.081198 -0.203394 -0.104310
v -0.091764 -0.221791 -0.107196
v -0.105665 -0.222265 -0.102831
v -0.119127 -0.223368 -0.097827
v -0.133212 -0.215631 -0.087837
v -0.132636 -0.224870 -0.090408
v -0.107478 -0.213408 -0.099800
v -0.119249 -0.186133 -0.088249
v -0.131541 -0.195913 -0.083647
v -0.132283 -0.205809 -0.085872
v -0.119960 -0.205444 -0.092475
v -0.149502 -0.251469 -0.080213
v -0.121906 -0.250466 -0.101533
v -0.127022 -0.240798 -0.096560
v -0.140484 -0.242792 -0.087037
v -0.044903 -0.261032 -0.122305
v -0.059713 -0.259387 -0.121449
v -0.073941 -0.260346 -0.119545
v -0.087783 -0.260717 -0.116941
v -0.100492 -0.260502 -0.113047
v -0.013022 -0.261353 -0.122791
v -0.029096 -0.260891 -0.122499
v -0.081628 -0.184820 -0.100153
v -0.081917 -0.194498 -0.101785
v -0.095095 -0.203663 -0.101591
v -0.107666 -0.204582 -0.097692
v -0.107825 -0.195086 -0.095689
v -0.109147 -0.176423 -0.090267
v -0.103742 -0.165873 -0.088866
v -0.084274 -0.174741 -0.097096
v -0.107275 -0.185701 -0.093673
v -0.095037 -0.185155 -0.097101
v -0.075970 -0.153068 -0.093252
v -0.100767 -0.154522 -0.087847
v -0.086045 -0.142701 -0.091173
v -0.097427 -0.143645 -0.087032
v -0.078524 -0.164143 -0.095120
v -0.091187 -0.164560 -0.091984
v -0.081827 -0.085799 -0.087860
v -0.067464 -0.072152 -0.091953
v -0.079181 -0.073533 -0.088814
v -0.061092 -0.094609 -0.093082
v -0.073753 -0.096648 -0.089843
v -0.058222 -0.082418 -0.094120
v -0.179559 -0.266397 0.071375
v -0.171710 -0.267665 0.083032
v -0.163844 -0.269377 0.094475
v -0.155598 -0.259463 -0.075395
v -0.145644 -0.259863 -0.084240
v -0.135292 -0.260239 -0.093199
v -0.112787 -0.261311 -0.107663
v -0.124422 -0.260608 -0.101186
v -0.117801 -0.242483 0.127768
v -0.128464 -0.236550 0.120703
v -0.119601 -0.225409 0.128470
v -0.109039 -0.231094 0.134488
v -0.106671 -0.249076 0.133135
v -0.095667 -0.254704 0.138575
v -0.096931 -0.236177 0.140467
v -0.086117 -0.241691 0.146133
v -0.107572 -0.240200 0.134396
v -0.063442 -0.266628 0.149190
v -0.052265 -0.270759 0.151677
v -0.052907 -0.253245 0.157082
v -0.041150 -0.257000 0.159995
v -0.015778 -0.269822 0.159892
v -0.015523 -0.261613 0.162192
v -0.027616 -0.276195 0.156003
v -0.039407 -0.273690 0.154164
v -0.028479 -0.259507 0.160962
v -0.040099 -0.265091 0.157125
v -0.177075 -0.200519 0.059907
v -0.176090 -0.192187 0.058653
v -0.172267 -0.206882 0.071839
v -0.170753 -0.189239 0.069709
v -0.164792 -0.195334 0.081041
v -0.073924 -0.263684 0.146025
v -0.084899 -0.260256 0.142858
v -0.064451 -0.249643 0.154952
v -0.075160 -0.246189 0.150761
v -0.085379 -0.250850 0.144459
v -0.063733 -0.258580 0.152341
v -0.165719 -0.211848 0.083457
v -0.158628 -0.217639 0.094709
v -0.158156 -0.201055 0.092013
v -0.149048 -0.207311 0.101702
v -0.164969 -0.204052 0.082112
v -0.149226 -0.223775 0.103826
v -0.139275 -0.229782 0.112916
v -0.129947 -0.219527 0.119898
v -0.139804 -0.213496 0.111495
v -0.129040 -0.227792 0.120329
v -0.148906 -0.215525 0.102585
v -0.109596 -0.118589 0.126708
v -0.089263 -0.097394 0.144761
v -0.099907 -0.120405 0.135100
v -0.109716 -0.106125 0.126465
v -0.089324 -0.109735 0.143688
v -0.088636 -0.062082 0.143551
v -0.088933 -0.049286 0.143795
v -0.110233 -0.071029 0.125604
v -0.110392 -0.058585 0.126156
v -0.100293 -0.048298 0.135927
v -0.088777 -0.073747 0.144302
v -0.089155 -0.085437 0.144582
v -0.110555 -0.093680 0.126530
v -0.110553 -0.082581 0.126132
v -0.099731 -0.096071 0.135728
v -0.099930 -0.072055 0.134935
v -0.137857 -0.018225 0.089947
v -0.138838 -0.028174 0.088104
v -0.145503 -0.037143 0.076360
v -0.149280 -0.035663 0.063878
v -0.149314 -0.024865 0.064984
v -0.143608 -0.016531 0.079116
v -0.113884 0.147893 0.112364
v -0.106677 0.148903 0.115226
v -0.104373 0.140174 0.121206
v -0.119251 0.137593 0.115306
v -0.110537 0.130918 0.124629
v -0.117091 0.129611 0.121429
f 1925 2 1928
f 1928 4 1927
f 1927 1 1925
f 1925 1928 1927
f 1928 2 1926
f 1926 3 1929
f 1929 4 1928
f 1928 1926 1929
f 1932 7 1931
f 1931 5 1930
f 1930 6 1932
f 1932 1931 1930
f 1931 7 1934
f 1934 8 1933
f 1933 5 1931
f 1931 1934 1933
f 1932 6 1935
f 1935 9 1936
f 1936 7 1932
f 1932 1935 1936
f 1935 6 1937
f 1937 10 1938
f 1938 9 1935
f 1935 1937 1938
f 1941 13 1940
f 1940 11 1939
f 1939 12 1941
f 1941 1940 1939
f 1940 13 1943
f 1943 14 1942
f 1942 11 1940
f 1940 1943 1942
f 1944 16 1947
f 1947 18 1946
f 1946 15 1944
f 1944 1947 1946
f 1947 16 1945
f 1945 17 1948
f 1948 18 1947
f 1947 1945 1948
f 1951 21 1950
f 1950 19 1949
f 1949 20 1951
f 1951 1950 1949
f 1950 21 1953
f 1953 22 1952
f 1952 19 1950
f 1950 1953 1952
f 1957 25 1956
f 1956 23 1954
f 1954 24 1957
f 1957 1956 1954
f 1956 25 1960
f 1960 26 1959
f 1959 23 1956
f 1956 1960 1959
f 1963 29 1962
f 1962 27 1961
f 1961 28 1963
f 1963 1962 1961
f 1962 29 1965
f 1965 30 1964
f 1964 27 1962
f 1962 1965 1964
f 1966 32 1969
f 1969 34 1968
f 1968 31 1966
f 1966 1969 1968
f 1969 32 1967
f 1967 33 1970
f 1970 34 1969
f 1969 1967 1970
f 1973 37 1972
f 1972 35 1971
f 1971 36 1973
f 1973 1972 1971
f 1972 37 1975
f 1975 38 1974
f 1974 35 1972
f 1972 1975 1974
f 1979 41 1978
f 1978 39 1976
f 1976 40 1979
f 1979 1978 1976
f 1978 41 1983
f 1983 42 1982
f 1982 39 1978
f 1978 1983 1982
f 1986 45 1985
f 1985 43 1984
f 1984 44 1986
f 1986 1985 1984
f 1985 45 1988
f 1988 46 1987
f 1987 43 1985
f 1985 1988 1987
f 1991 49 1990
f 1990 47 1989
f 1989 48 1991
f 1991 1990 1989
f 1990 49 1993
f 1993 50 1992
f 1992 47 1990
f 1990 1993 1992
f 1994 52 1997
f 1997 54 1996
f 1996 51 1994
f 1994 1997 1996
f 1997 52 1995
f 1995 53 1998
f 1998 54 1997
f 1997 1995 1998
f 2000 56 2005
f 2005 58 2004
f 2004 55 2000
f 2000 2005 2004
f 2005 56 2003
f 2003 57 2006
f 2006 58 2005
f 2005 2003 2006
f 2009 61 2008
f 2008 59 2007
f 2007 60 2009
f 2009 2008 2007
f 2008 61 2011
f 2011 62 2010
f 2010 59 2008
f 2008 2011 2010
f 1974 38 2013
f 2013 63 2012
f 2012 35 1974
f 1974 2013 2012
f 2013 38 2015
f 2015 64 2018
f 2018 63 2013
f 2013 2015 2018
f 2026 67 2025
f 2025 65 2023
f 2023 66 2026
f 2026 2025 2023
f 2025 67 2030
f 2030 68 2029
f 2029 65 2025
f 2025 2030 2029
f 2031 69 2032
f 2032 18 1948
f 1948 17 2031
f 2031 2032 1948
f 2032 69 2034
f 2034 70 2033
f 2033 18 2032
f 2032 2034 2033
f 2040 73 2039
f 2039 71 2038
f 2038 72 2040
f 2040 2039 2038
f 2039 73 2042
f 2042 74 2041
f 2041 71 2039
f 2039 2042 2041
f 2048 77 2047
f 2047 75 2046
f 2046 76 2048
f 2048 2047 2046
f 2047 77 2051
f 2051 78 2050
f 2050 75 2047
f 2047 2051 2050
f 2057 81 2056
f 2056 79 2055
f 2055 80 2057
f 2057 2056 2055
f 2056 81 2059
f 2059 82 2058
f 2058 79 2056
f 2056 2059 2058
f 1938 10 2061
f 2061 83 2060
f 2060 9 1938
f 1938 2061 2060
f 2061 10 2064
f 2064 84 2067
f 2067 83 2061
f 2061 2064 2067
f 2069 86 2075
f 2075 88 2074
f 2074 85 2069
f 2069 2075 2074
f 2075 86 2073
f 2073 87 2076
f 2076 88 2075
f 2075 2073 2076
f 2077 90 2084
f 2084 92 2083
f 2083 89 2077
f 2077 2084 2083
f 2084 90 2080
f 2080 91 2085
f 2085 92 2084
f 2084 2080 2085
f 1991 48 2086
f 2086 93 2087
f 2087 49 1991
f 1991 2086 2087
f 2086 48 2088
f 2088 94 2090
f 2090 93 2086
f 2086 2088 2090
f 2058 82 2092
f 2092 95 2091
f 2091 79 2058
f 2058 2092 2091
f 2092 82 2093
f 2093 96 2094
f 2094 95 2092
f 2092 2093 2094
f 2095 98 2098
f 2098 100 2097
f 2097 97 2095
f 2095 2098 2097
f 2098 98 2096
f 2096 99 2099
f 2099 100 2098
f 2098 2096 2099
f 2106 103 2105
f 2105 101 2102
f 2102 102 2106
f 2106 2105 2102
f 2105 103 2108
f 2108 104 2107
f 2107 101 2105
f 2105 2108 2107
f 2112 77 2109
f 2109 105 2116
f 2116 106 2112
f 2112 2109 2116
f 2109 77 2118
f 2118 107 2119
f 2119 105 2109
f 2109 2118 2119
f 2123 102 2121
f 2121 108 2124
f 2124 109 2123
f 2123 2121 2124
f 2121 102 2102
f 2102 101 2120
f 2120 108 2121
f 2121 2102 2120
f 2127 13 2125
f 2125 110 2129
f 2129 111 2127
f 2127 2125 2129
f 2125 13 2066
f 2066 84 2126
f 2126 110 2125
f 2125 2066 2126
f 2130 112 2131
f 2131 84 2064
f 2064 10 2130
f 2130 2131 2064
f 2131 112 2132
f 2132 110 2126
f 2126 84 2131
f 2131 2132 2126
f 2137 114 2136
f 2136 112 2135
f 2135 113 2137
f 2137 2136 2135
f 2136 114 2140
f 2140 115 2139
f 2139 112 2136
f 2136 2140 2139
f 2146 117 2144
f 2144 113 2143
f 2143 116 2146
f 2146 2144 2143
f 2144 117 2145
f 2145 114 2137
f 2137 113 2144
f 2144 2145 2137
f 2147 1 2148
f 2148 119 2150
f 2150 118 2147
f 2147 2148 2150
f 2148 1 1927
f 1927 4 2149
f 2149 119 2148
f 2148 1927 2149
f 2114 106 2115
f 2115 88 2076
f 2076 87 2114
f 2114 2115 2076
f 2115 106 2116
f 2116 105 2110
f 2110 88 2115
f 2115 2116 2110
f 2000 55 2151
f 2151 120 2152
f 2152 56 2000
f 2000 2151 2152
f 2151 55 2155
f 2155 121 2156
f 2156 120 2151
f 2151 2155 2156
f 2159 122 2158
f 2158 79 2091
f 2091 95 2159
f 2159 2158 2091
f 2158 122 2157
f 2157 74 2052
f 2052 79 2158
f 2158 2157 2052
f 2162 125 2161
f 2161 123 2160
f 2160 124 2162
f 2162 2161 2160
f 2161 125 2164
f 2164 126 2163
f 2163 123 2161
f 2161 2164 2163
f 2168 128 2167
f 2167 26 2165
f 2165 127 2168
f 2168 2167 2165
f 2167 128 2166
f 2166 23 1959
f 1959 26 2167
f 2167 2166 1959
f 2169 130 2172
f 2172 132 2171
f 2171 129 2169
f 2169 2172 2171
f 2172 130 2170
f 2170 131 2173
f 2173 132 2172
f 2172 2170 2173
f 2174 134 2177
f 2177 136 2176
f 2176 133 2174
f 2174 2177 2176
f 2177 134 2175
f 2175 135 2178
f 2178 136 2177
f 2177 2175 2178
f 2181 50 2180
f 2180 137 2182
f 2182 138 2181
f 2181 2180 2182
f 2180 50 1993
f 1993 49 2179
f 2179 137 2180
f 2180 1993 2179
f 2185 141 2184
f 2184 139 2183
f 2183 140 2185
f 2185 2184 2183
f 2184 141 2187
f 2187 142 2186
f 2186 139 2184
f 2184 2187 2186
f 2190 145 2189
f 2189 143 2188
f 2188 144 2190
f 2190 2189 2188
f 2189 145 2192
f 2192 146 2191
f 2191 143 2189
f 2189 2192 2191
f 2195 149 2194
f 2194 147 2193
f 2193 148 2195
f 2195 2194 2193
f 2194 149 2197
f 2197 150 2196
f 2196 147 2194
f 2194 2197 2196
f 2163 126 2199
f 2199 151 2198
f 2198 123 2163
f 2163 2199 2198
f 2199 126 2201
f 2201 152 2202
f 2202 151 2199
f 2199 2201 2202
f 2203 153 2204
f 2204 60 2007
f 2007 59 2203
f 2203 2204 2007
f 2204 153 2207
f 2207 154 2206
f 2206 60 2204
f 2204 2207 2206
f 2210 157 2209
f 2209 155 2208
f 2208 156 2210
f 2210 2209 2208
f 2209 157 2212
f 2212 158 2211
f 2211 155 2209
f 2209 2212 2211
f 2214 160 2215
f 2215 159 2213
f 2213 24 2214
f 2214 2215 2213
f 2215 160 2217
f 2217 161 2216
f 2216 159 2215
f 2215 2217 2216
f 2220 164 2219
f 2219 162 2218
f 2218 163 2220
f 2220 2219 2218
f 2219 164 2222
f 2222 165 2221
f 2221 162 2219
f 2219 2222 2221
f 2225 168 2224
f 2224 166 2223
f 2223 167 2225
f 2225 2224 2223
f 2224 168 2227
f 2227 169 2226
f 2226 166 2224
f 2224 2227 2226
f 2228 171 2231
f 2231 173 2230
f 2230 170 2228
f 2228 2231 2230
f 2231 171 2229
f 2229 172 2232
f 2232 173 2231
f 2231 2229 2232
f 2237 175 2242
f 2242 177 2241
f 2241 174 2237
f 2237 2242 2241
f 2242 175 2240
f 2240 176 2243
f 2243 177 2242
f 2242 2240 2243
f 2248 180 2247
f 2247 178 2245
f 2245 179 2248
f 2248 2247 2245
f 2247 180 2254
f 2254 181 2253
f 2253 178 2247
f 2247 2254 2253
f 2257 184 2256
f 2256 182 2255
f 2255 183 2257
f 2257 2256 2255
f 2256 184 2259
f 2259 185 2258
f 2258 182 2256
f 2256 2259 2258
f 2262 188 2261
f 2261 186 2260
f 2260 187 2262
f 2262 2261 2260
f 2261 188 2264
f 2264 189 2263
f 2263 186 2261
f 2261 2264 2263
f 2267 192 2266
f 2266 190 2265
f 2265 191 2267
f 2267 2266 2265
f 2266 192 2269
f 2269 193 2268
f 2268 190 2266
f 2266 2269 2268
f 2272 196 2271
f 2271 194 2270
f 2270 195 2272
f 2272 2271 2270
f 2271 196 2275
f 2275 197 2274
f 2274 194 2271
f 2271 2275 2274
f 2278 128 2276
f 2276 198 2279
f 2279 199 2278
f 2278 2276 2279
f 2276 128 2281
f 2281 200 2282
f 2282 198 2276
f 2276 2281 2282
f 2284 202 2287
f 2287 204 2286
f 2286 201 2284
f 2284 2287 2286
f 2287 202 2285
f 2285 203 2288
f 2288 204 2287
f 2287 2285 2288
f 2291 44 2290
f 2290 205 2292
f 2292 206 2291
f 2291 2290 2292
f 2290 44 1984
f 1984 43 2289
f 2289 205 2290
f 2290 1984 2289
f 2299 209 2298
f 2298 207 2295
f 2295 208 2299
f 2299 2298 2295
f 2298 209 2301
f 2301 210 2300
f 2300 207 2298
f 2298 2301 2300
f 2305 212 2304
f 2304 142 2302
f 2302 211 2305
f 2305 2304 2302
f 2304 212 2303
f 2303 139 2186
f 2186 142 2304
f 2304 2303 2186
f 2309 215 2308
f 2308 213 2306
f 2306 214 2309
f 2309 2308 2306
f 2308 215 2313
f 2313 216 2312
f 2312 213 2308
f 2308 2313 2312
f 2179 49 2314
f 2314 217 2316
f 2316 137 2179
f 2179 2314 2316
f 2314 49 2087
f 2087 93 2315
f 2315 217 2314
f 2314 2087 2315
f 2312 216 2318
f 2318 218 2317
f 2317 213 2312
f 2312 2318 2317
f 2318 216 2320
f 2320 219 2322
f 2322 218 2318
f 2318 2320 2322
f 2328 224 2327
f 2327 222 2326
f 2326 223 2328
f 2328 2327 2326
f 2327 224 2330
f 2330 225 2329
f 2329 222 2327
f 2327 2330 2329
f 2332 226 2331
f 2334 226 2332
f 2326 222 2336
f 2336 229 2337
f 2337 223 2326
f 2326 2336 2337
f 2336 222 2335
f 2335 228 2338
f 2338 229 2336
f 2336 2335 2338
f 2342 3 2343
f 2345 3 2342
f 2347 232 2348
f 2348 224 2328
f 2328 223 2347
f 2347 2348 2328
f 2348 232 2350
f 2350 233 2349
f 2349 224 2348
f 2348 2350 2349
f 2325 221 2333
f 2355 235 2353
f 2353 93 2351
f 2351 234 2355
f 2355 2353 2351
f 2353 235 2354
f 2354 217 2315
f 2315 93 2353
f 2353 2354 2315
f 2356 237 2359
f 2359 239 2358
f 2358 236 2356
f 2356 2359 2358
f 2359 237 2357
f 2357 238 2360
f 2360 239 2359
f 2359 2357 2360
f 2366 241 2365
f 2365 219 2362
f 2362 240 2366
f 2366 2365 2362
f 2365 241 2364
f 2364 218 2322
f 2322 219 2365
f 2365 2364 2322
f 2368 234 2352
f 2352 94 2367
f 2367 242 2368
f 2368 2352 2367
f 2352 234 2351
f 2351 93 2090
f 2090 94 2352
f 2352 2351 2090
f 2373 245 2372
f 2372 243 2370
f 2370 244 2373
f 2373 2372 2370
f 2372 245 2371
f 2371 96 2369
f 2369 243 2372
f 2372 2371 2369
f 2376 248 2375
f 2375 246 2374
f 2374 247 2376
f 2376 2375 2374
f 2375 248 2378
f 2378 249 2377
f 2377 246 2375
f 2375 2378 2377
f 2386 254 2385
f 2385 252 2384
f 2384 253 2386
f 2386 2385 2384
f 2385 254 2388
f 2388 255 2387
f 2387 252 2385
f 2385 2388 2387
f 2390 256 2389
f 2389 218 2364
f 2364 241 2390
f 2390 2389 2364
f 2389 256 2393
f 2393 257 2392
f 2392 218 2389
f 2389 2393 2392
f 2400 260 2399
f 2399 258 2395
f 2395 259 2400
f 2400 2399 2395
f 2399 260 2398
f 2398 257 2394
f 2394 258 2399
f 2399 2398 2394
f 2404 263 2403
f 2403 261 2401
f 2401 262 2404
f 2404 2403 2401
f 2403 263 2408
f 2408 264 2407
f 2407 261 2403
f 2403 2408 2407
f 2413 266 2411
f 2411 144 2409
f 2409 265 2413
f 2413 2411 2409
f 2411 266 2412
f 2412 145 2190
f 2190 144 2411
f 2411 2412 2190
f 2417 269 2416
f 2416 249 2414
f 2414 268 2417
f 2417 2416 2414
f 2416 269 2415
f 2415 246 2377
f 2377 249 2416
f 2416 2415 2377
f 2423 271 2421
f 2421 243 2420
f 2420 270 2423
f 2423 2421 2420
f 2421 271 2428
f 2428 272 2424
f 2424 243 2421
f 2421 2428 2424
f 2431 275 2430
f 2430 273 2429
f 2429 274 2431
f 2431 2430 2429
f 2430 275 2433
f 2433 276 2432
f 2432 273 2430
f 2430 2433 2432
f 2437 278 2436
f 2436 276 2434
f 2434 277 2437
f 2437 2436 2434
f 2436 278 2435
f 2435 273 2432
f 2432 276 2436
f 2436 2435 2432
f 2447 281 2446
f 2446 279 2441
f 2441 280 2447
f 2447 2446 2441
f 2446 281 2445
f 2445 109 2438
f 2438 279 2446
f 2446 2445 2438
f 2451 111 2449
f 2449 282 2452
f 2452 283 2451
f 2451 2449 2452
f 2449 111 2129
f 2129 110 2448
f 2448 282 2449
f 2449 2129 2448
f 2381 252 2382
f 2382 233 2350
f 2350 232 2381
f 2381 2382 2350
f 2382 252 2454
f 2454 284 2453
f 2453 233 2382
f 2382 2454 2453
f 2459 253 2383
f 2383 232 2458
f 2458 285 2459
f 2459 2383 2458
f 2383 253 2384
f 2384 252 2381
f 2381 232 2383
f 2383 2384 2381
f 2466 242 2464
f 2464 286 2467
f 2467 287 2466
f 2466 2464 2467
f 2464 242 2367
f 2367 94 2462
f 2462 286 2464
f 2464 2367 2462
f 2035 71 2089
f 2089 94 2088
f 2088 48 2035
f 2035 2089 2088
f 2089 71 2460
f 2460 286 2462
f 2462 94 2089
f 2089 2460 2462
f 2471 289 2469
f 2469 35 2468
f 2468 288 2471
f 2471 2469 2468
f 2469 289 2470
f 2470 36 1971
f 1971 35 2469
f 2469 2470 1971
f 2473 290 2474
f 2474 104 2108
f 2108 103 2473
f 2473 2474 2108
f 2474 290 2476
f 2476 291 2475
f 2475 104 2474
f 2474 2476 2475
f 2480 293 2478
f 2478 214 2477
f 2477 292 2480
f 2480 2478 2477
f 2478 293 2479
f 2479 215 2309
f 2309 214 2478
f 2478 2479 2309
f 2487 296 2486
f 2486 294 2484
f 2484 295 2487
f 2487 2486 2484
f 2486 296 2490
f 2490 297 2489
f 2489 294 2486
f 2486 2490 2489
f 2496 299 2495
f 2495 297 2492
f 2492 298 2496
f 2496 2495 2492
f 2495 299 2494
f 2494 294 2489
f 2489 297 2495
f 2495 2494 2489
f 2496 298 2500
f 2500 301 2501
f 2501 299 2496
f 2496 2500 2501
f 2500 298 2497
f 2497 300 2502
f 2502 301 2500
f 2500 2497 2502
f 2505 90 2504
f 2504 302 2506
f 2506 303 2505
f 2505 2504 2506
f 2504 90 2077
f 2077 89 2503
f 2503 302 2504
f 2504 2077 2503
f 2507 304 2513
f 2513 306 2512
f 2512 279 2507
f 2507 2513 2512
f 2513 304 2509
f 2509 305 2514
f 2514 306 2513
f 2513 2509 2514
f 2516 307 2517
f 2517 249 2378
f 2378 248 2516
f 2516 2517 2378
f 2517 307 2518
f 2518 272 2426
f 2426 249 2517
f 2517 2518 2426
f 2524 185 2526
f 2526 311 2528
f 2528 310 2524
f 2524 2526 2528
f 2526 185 2259
f 2259 184 2525
f 2525 311 2526
f 2526 2259 2525
f 2529 312 2530
f 2530 144 2188
f 2188 143 2529
f 2529 2530 2188
f 2530 312 2534
f 2534 313 2531
f 2531 144 2530
f 2530 2534 2531
f 2538 316 2537
f 2537 314 2536
f 2536 315 2538
f 2538 2537 2536
f 2537 316 2540
f 2540 317 2539
f 2539 314 2537
f 2537 2540 2539
f 2331 226 2541
f 2545 321 2544
f 2544 319 2543
f 2543 320 2545
f 2545 2544 2543
f 2544 321 2547
f 2547 322 2546
f 2546 319 2544
f 2544 2547 2546
f 2550 167 2549
f 2549 323 2552
f 2552 324 2550
f 2550 2549 2552
f 2549 167 2223
f 2223 166 2548
f 2548 323 2549
f 2549 2223 2548
f 2339 230 2558
f 2558 325 2557
f 2557 159 2339
f 2339 2558 2557
f 2558 230 2344
f 2344 231 2559
f 2559 325 2558
f 2558 2344 2559
f 2563 328 2562
f 2562 326 2561
f 2561 327 2563
f 2563 2562 2561
f 2562 328 2565
f 2565 329 2564
f 2564 326 2562
f 2562 2565 2564
f 2569 332 2568
f 2568 330 2567
f 2567 331 2569
f 2569 2568 2567
f 2568 332 2571
f 2571 333 2570
f 2570 330 2568
f 2568 2571 2570
f 2573 334 2572
f 2572 236 2358
f 2358 239 2573
f 2573 2572 2358
f 2572 334 2575
f 2575 335 2574
f 2574 236 2572
f 2572 2575 2574
f 2578 338 2577
f 2577 336 2576
f 2576 337 2578
f 2578 2577 2576
f 2577 338 2580
f 2580 339 2579
f 2579 336 2577
f 2577 2580 2579
f 2584 262 2581
f 2581 340 2586
f 2586 341 2584
f 2584 2581 2586
f 2581 262 2551
f 2551 324 2583
f 2583 340 2581
f 2581 2551 2583
f 2591 343 2594
f 2594 345 2593
f 2593 342 2591
f 2591 2594 2593
f 2594 343 2592
f 2592 344 2595
f 2595 345 2594
f 2594 2592 2595
f 2599 348 2598
f 2598 346 2597
f 2597 347 2599
f 2599 2598 2597
f 2598 348 2601
f 2601 349 2600
f 2600 346 2598
f 2598 2601 2600
f 2363 240 2361
f 2361 217 2354
f 2354 235 2363
f 2363 2361 2354
f 2361 240 2362
f 2362 219 2321
f 2321 217 2361
f 2361 2362 2321
f 2310 137 2319
f 2319 219 2320
f 2320 216 2310
f 2310 2319 2320
f 2319 137 2316
f 2316 217 2321
f 2321 219 2319
f 2319 2316 2321
f 2310 216 2311
f 2311 138 2182
f 2182 137 2310
f 2310 2311 2182
f 2311 216 2313
f 2313 215 2307
f 2307 138 2311
f 2311 2313 2307
f 2607 352 2606
f 2606 350 2603
f 2603 351 2607
f 2607 2606 2603
f 2606 352 2609
f 2609 353 2608
f 2608 350 2606
f 2606 2609 2608
f 2616 211 2613
f 2613 354 2617
f 2617 355 2616
f 2616 2613 2617
f 2613 211 2302
f 2302 142 2612
f 2612 354 2613
f 2613 2302 2612
f 2620 356 2621
f 2621 142 2187
f 2187 141 2620
f 2620 2621 2187
f 2621 356 2623
f 2623 354 2612
f 2612 142 2621
f 2621 2623 2612
f 2251 181 2252
f 2252 154 2207
f 2207 153 2251
f 2251 2252 2207
f 2252 181 2254
f 2254 180 2246
f 2246 154 2252
f 2252 2254 2246
f 2235 156 2239
f 2239 176 2240
f 2240 175 2235
f 2235 2239 2240
f 2239 156 2208
f 2208 155 2238
f 2238 176 2239
f 2239 2208 2238
f 2625 357 2633
f 2633 359 2630
f 2630 133 2625
f 2625 2633 2630
f 2633 357 2629
f 2629 358 2634
f 2634 359 2633
f 2633 2629 2634
f 2638 360 2637
f 2637 201 2286
f 2286 204 2638
f 2638 2637 2286
f 2637 360 2642
f 2642 361 2641
f 2641 201 2637
f 2637 2642 2641
f 2650 364 2649
f 2649 362 2647
f 2647 363 2650
f 2650 2649 2647
f 2649 364 2653
f 2653 365 2652
f 2652 362 2649
f 2649 2653 2652
f 2657 366 2658
f 2658 363 2647
f 2647 362 2657
f 2657 2658 2647
f 2658 366 2664
f 2664 367 2663
f 2663 363 2658
f 2658 2664 2663
f 2661 367 2660
f 2660 170 2230
f 2230 173 2661
f 2661 2660 2230
f 2660 367 2664
f 2664 366 2655
f 2655 170 2660
f 2660 2664 2655
f 1951 20 2078
f 2078 91 2079
f 2079 21 1951
f 1951 2078 2079
f 2078 20 2081
f 2081 92 2085
f 2085 91 2078
f 2078 2081 2085
f 2669 369 2674
f 2674 371 2673
f 2673 368 2669
f 2669 2674 2673
f 2674 369 2670
f 2670 370 2675
f 2675 371 2674
f 2674 2670 2675
f 2685 374 2684
f 2684 372 2681
f 2681 373 2685
f 2685 2684 2681
f 2684 374 2691
f 2691 375 2690
f 2690 372 2684
f 2684 2691 2690
f 2139 115 2138
f 2138 110 2132
f 2132 112 2139
f 2139 2138 2132
f 2138 115 2450
f 2450 282 2448
f 2448 110 2138
f 2138 2450 2448
f 2701 377 2699
f 2699 8 2694
f 2694 376 2701
f 2701 2699 2694
f 2699 377 2698
f 2698 5 1933
f 1933 8 2699
f 2699 2698 1933
f 2705 378 2702
f 2702 5 2698
f 2698 377 2705
f 2705 2702 2698
f 2702 378 2703
f 2703 116 2141
f 2141 5 2702
f 2702 2703 2141
f 2708 379 2706
f 2706 116 2703
f 2703 378 2708
f 2708 2706 2703
f 2706 379 2707
f 2707 117 2146
f 2146 116 2706
f 2706 2707 2146
f 2216 161 2340
f 2340 230 2339
f 2339 159 2216
f 2216 2340 2339
f 2340 161 2323
f 2323 220 2341
f 2341 230 2340
f 2340 2323 2341
f 2717 382 2716
f 2716 380 2714
f 2714 381 2717
f 2717 2716 2714
f 2716 382 2719
f 2719 383 2718
f 2718 380 2716
f 2716 2719 2718
f 2723 385 2722
f 2722 383 2720
f 2720 384 2723
f 2723 2722 2720
f 2722 385 2721
f 2721 380 2718
f 2718 383 2722
f 2722 2721 2718
f 2695 376 2696
f 2696 26 1960
f 1960 25 2695
f 2695 2696 1960
f 2696 376 2694
f 2694 8 1958
f 1958 26 2696
f 2696 2694 1958
f 2346 4 1929
f 1929 3 2345
f 2345 2346 1929
f 2724 4 2346
f 2149 4 2725
f 2726 119 2149
f 2149 2725 2726
f 2725 4 2724
f 2732 388 2730
f 2730 205 2729
f 2729 387 2732
f 2732 2730 2729
f 2730 388 2731
f 2731 206 2292
f 2292 205 2730
f 2730 2731 2292
f 2736 390 2734
f 2734 387 2733
f 2733 389 2736
f 2736 2734 2733
f 2734 390 2735
f 2735 388 2732
f 2732 387 2734
f 2734 2735 2732
f 2740 392 2746
f 2746 393 2745
f 2745 391 2740
f 2740 2746 2745
f 2746 392 2738
f 2738 328 2744
f 2744 393 2746
f 2746 2738 2744
f 2751 395 2749
f 2749 47 2747
f 2747 394 2751
f 2751 2749 2747
f 2749 395 2750
f 2750 72 2036
f 2036 47 2749
f 2749 2750 2036
f 2755 398 2754
f 2754 396 2752
f 2752 397 2755
f 2755 2754 2752
f 2754 398 2759
f 2759 399 2758
f 2758 396 2754
f 2754 2759 2758
f 2762 305 2761
f 2761 400 2763
f 2763 401 2762
f 2762 2761 2763
f 2761 305 2509
f 2509 304 2760
f 2760 400 2761
f 2761 2509 2760
f 2771 404 2770
f 2770 402 2768
f 2768 403 2771
f 2771 2770 2768
f 2770 404 2775
f 2775 405 2774
f 2774 402 2770
f 2770 2775 2774
f 2779 407 2778
f 2778 269 2776
f 2776 406 2779
f 2779 2778 2776
f 2778 407 2777
f 2777 246 2415
f 2415 269 2778
f 2778 2777 2415
f 2780 409 2783
f 2783 411 2782
f 2782 408 2780
f 2780 2783 2782
f 2783 409 2781
f 2781 410 2784
f 2784 411 2783
f 2783 2781 2784
f 2792 413 2788
f 2788 270 2787
f 2787 412 2792
f 2792 2788 2787
f 2788 413 2789
f 2789 271 2423
f 2423 270 2788
f 2788 2789 2423
f 2798 415 2796
f 2796 89 2793
f 2793 414 2798
f 2798 2796 2793
f 2796 415 2797
f 2797 302 2503
f 2503 89 2796
f 2796 2797 2503
f 2800 416 2801
f 2801 279 2438
f 2438 109 2800
f 2800 2801 2438
f 2801 416 2802
f 2802 304 2507
f 2507 279 2801
f 2801 2802 2507
f 2807 344 2806
f 2806 417 2808
f 2808 418 2807
f 2807 2806 2808
f 2806 344 2592
f 2592 343 2805
f 2805 417 2806
f 2806 2592 2805
f 2810 419 2811
f 2811 418 2808
f 2808 417 2810
f 2810 2811 2808
f 2811 419 2813
f 2813 420 2812
f 2812 418 2811
f 2811 2813 2812
f 2442 281 2443
f 2443 70 2034
f 2034 69 2442
f 2442 2443 2034
f 2443 281 2444
f 2444 78 2049
f 2049 70 2443
f 2443 2444 2049
f 2816 423 2815
f 2815 421 2814
f 2814 422 2816
f 2816 2815 2814
f 2815 423 2818
f 2818 424 2817
f 2817 421 2815
f 2815 2818 2817
f 2822 427 2821
f 2821 425 2820
f 2820 426 2822
f 2822 2821 2820
f 2821 427 2826
f 2826 428 2825
f 2825 425 2821
f 2821 2826 2825
f 2833 431 2832
f 2832 429 2831
f 2831 430 2833
f 2833 2832 2831
f 2832 431 2837
f 2837 432 2836
f 2836 429 2832
f 2832 2837 2836
f 2842 434 2843
f 2843 433 2838
f 2838 430 2842
f 2842 2843 2838
f 2843 434 2847
f 2847 435 2846
f 2846 433 2843
f 2843 2847 2846
f 2841 320 2845
f 2845 435 2847
f 2847 434 2841
f 2841 2845 2847
f 2845 320 2543
f 2543 319 2844
f 2844 435 2845
f 2845 2543 2844
f 2856 438 2855
f 2855 436 2852
f 2852 437 2856
f 2856 2855 2852
f 2855 438 2858
f 2858 439 2857
f 2857 436 2855
f 2855 2858 2857
f 2865 442 2864
f 2864 440 2861
f 2861 441 2865
f 2865 2864 2861
f 2864 442 2869
f 2869 443 2868
f 2868 440 2864
f 2864 2869 2868
f 2877 446 2876
f 2876 444 2873
f 2873 445 2877
f 2877 2876 2873
f 2876 446 2880
f 2880 447 2879
f 2879 444 2876
f 2876 2880 2879
f 2871 445 2872
f 2872 46 1988
f 1988 45 2871
f 2871 2872 1988
f 2872 445 2873
f 2873 444 2870
f 2870 46 2872
f 2872 2873 2870
f 2881 448 2882
f 2882 410 2781
f 2781 409 2881
f 2881 2882 2781
f 2882 448 2884
f 2884 449 2883
f 2883 410 2882
f 2882 2884 2883
f 2890 452 2889
f 2889 450 2888
f 2888 451 2890
f 2890 2889 2888
f 2889 452 2894
f 2894 453 2893
f 2893 450 2889
f 2889 2894 2893
f 2902 456 2901
f 2901 454 2898
f 2898 455 2902
f 2902 2901 2898
f 2901 456 2906
f 2906 457 2905
f 2905 454 2901
f 2901 2906 2905
f 2913 460 2912
f 2912 458 2909
f 2909 459 2913
f 2913 2912 2909
f 2912 460 2919
f 2919 461 2918
f 2918 458 2912
f 2912 2919 2918
f 2921 462 2922
f 2922 210 2301
f 2301 209 2921
f 2921 2922 2301
f 2922 462 2929
f 2929 463 2924
f 2924 210 2922
f 2922 2929 2924
f 2932 408 2930
f 2930 464 2933
f 2933 465 2932
f 2932 2930 2933
f 2930 408 2782
f 2782 411 2931
f 2931 464 2930
f 2930 2782 2931
f 2156 121 2795
f 2795 414 2794
f 2794 120 2156
f 2156 2795 2794
f 2795 121 2934
f 2934 466 2935
f 2935 414 2795
f 2795 2934 2935
f 2937 467 2938
f 2938 158 2212
f 2212 157 2937
f 2937 2938 2212
f 2938 467 2941
f 2941 468 2940
f 2940 158 2938
f 2938 2941 2940
f 2946 85 2942
f 2942 469 2947
f 2947 470 2946
f 2946 2942 2947
f 2942 85 2074
f 2074 88 2943
f 2943 469 2942
f 2942 2074 2943
f 2948 471 2949
f 2949 62 2011
f 2011 61 2948
f 2948 2949 2011
f 2949 471 2953
f 2953 472 2950
f 2950 62 2949
f 2949 2953 2950
f 2501 301 2499
f 2499 30 2493
f 2493 299 2501
f 2501 2499 2493
f 2499 301 2498
f 2498 27 1964
f 1964 30 2499
f 2499 2498 1964
f 2954 473 2955
f 2955 30 1965
f 1965 29 2954
f 2954 2955 1965
f 2955 473 2962
f 2962 474 2957
f 2957 30 2955
f 2955 2962 2957
f 2963 32 2043
f 2043 75 2965
f 2965 475 2963
f 2963 2043 2965
f 2043 32 2045
f 2045 76 2046
f 2046 75 2043
f 2043 2045 2046
f 2957 474 2959
f 2959 299 2493
f 2493 30 2957
f 2957 2959 2493
f 2959 474 2958
f 2958 294 2494
f 2494 299 2959
f 2959 2958 2494
f 2130 10 2134
f 2134 113 2135
f 2135 112 2130
f 2130 2134 2135
f 2134 10 1937
f 1937 6 2133
f 2133 113 2134
f 2134 1937 2133
f 2133 6 2142
f 2142 116 2143
f 2143 113 2133
f 2133 2142 2143
f 2142 6 1930
f 1930 5 2141
f 2141 116 2142
f 2142 1930 2141
f 2728 386 2727
f 2727 118 2150
f 2150 119 2728
f 2728 2727 2150
f 2727 386 2970
f 2970 476 2967
f 2967 118 2727
f 2727 2970 2967
f 2943 88 2481
f 2481 295 2945
f 2945 469 2943
f 2943 2481 2945
f 2481 88 2110
f 2110 105 2482
f 2482 295 2481
f 2481 2110 2482
f 2619 64 2611
f 2611 354 2623
f 2623 356 2619
f 2619 2611 2623
f 2611 64 2015
f 2015 38 2610
f 2610 354 2611
f 2611 2015 2610
f 2614 355 2615
f 2615 38 1975
f 1975 37 2614
f 2614 2615 1975
f 2615 355 2617
f 2617 354 2610
f 2610 38 2615
f 2615 2617 2610
f 2977 478 2976
f 2976 465 2972
f 2972 477 2977
f 2977 2976 2972
f 2976 478 2973
f 2973 408 2932
f 2932 465 2976
f 2976 2973 2932
f 2983 480 2991
f 2991 482 2990
f 2990 479 2983
f 2983 2991 2990
f 2991 480 2988
f 2988 481 2992
f 2992 482 2991
f 2991 2988 2992
f 2996 485 2995
f 2995 483 2993
f 2993 484 2996
f 2996 2995 2993
f 2995 485 3000
f 3000 486 2999
f 2999 483 2995
f 2995 3000 2999
f 3003 489 3002
f 3002 487 3001
f 3001 488 3003
f 3003 3002 3001
f 3002 489 3005
f 3005 490 3004
f 3004 487 3002
f 3002 3005 3004
f 3009 492 3015
f 3015 494 3014
f 3014 491 3009
f 3009 3015 3014
f 3015 492 3012
f 3012 493 3016
f 3016 494 3015
f 3015 3012 3016
f 2347 223 2456
f 2456 285 2458
f 2458 232 2347
f 2347 2456 2458
f 2456 223 2337
f 2337 229 2457
f 2457 285 2456
f 2456 2337 2457
f 3018 225 2330
f 2330 224 3017
f 3017 3018 2330
f 3019 225 3018
f 3026 496 3023
f 3023 95 3020
f 3020 495 3026
f 3026 3023 3020
f 3023 496 3024
f 3024 122 2159
f 2159 95 3023
f 3023 3024 2159
f 2519 267 3027
f 3027 497 3028
f 3028 308 2519
f 2519 3027 3028
f 3008 449 3011
f 3011 493 3012
f 3012 492 3008
f 3008 3011 3012
f 3011 449 2884
f 2884 448 3010
f 3010 493 3011
f 3011 2884 3010
f 3029 224 2349
f 2349 233 3030
f 3030 3029 2349
f 3017 224 3029
f 2036 72 2037
f 2037 48 1989
f 1989 47 2036
f 2036 2037 1989
f 2037 72 2038
f 2038 71 2035
f 2035 48 2037
f 2037 2038 2035
f 3036 499 3034
f 3034 80 3033
f 3033 498 3036
f 3036 3034 3033
f 3034 499 3035
f 3035 81 2057
f 2057 80 3034
f 3034 3035 2057
f 3043 502 3042
f 3042 500 3040
f 3040 501 3043
f 3043 3042 3040
f 3042 502 3046
f 3046 503 3045
f 3045 500 3042
f 3042 3046 3045
f 3051 506 3050
f 3050 504 3048
f 3048 505 3051
f 3051 3050 3048
f 3050 506 3055
f 3055 507 3054
f 3054 504 3050
f 3050 3055 3054
f 3066 509 3062
f 3062 138 3056
f 3056 508 3066
f 3066 3062 3056
f 3062 509 3061
f 3061 50 2181
f 2181 138 3062
f 3062 3061 2181
f 3071 512 3070
f 3070 510 3069
f 3069 511 3071
f 3071 3070 3069
f 3070 512 3073
f 3073 513 3072
f 3072 510 3070
f 3070 3073 3072
f 3077 361 2640
f 2640 194 3075
f 3075 514 3077
f 3077 2640 3075
f 2640 361 2642
f 2642 360 2635
f 2635 194 2640
f 2640 2642 2635
f 2173 131 3079
f 3079 516 3080
f 3080 132 2173
f 2173 3079 3080
f 3079 131 3078
f 3078 515 3081
f 3081 516 3079
f 3079 3078 3081
f 3016 493 3085
f 3085 518 3086
f 3086 494 3016
f 3016 3085 3086
f 3085 493 3084
f 3084 517 3087
f 3087 518 3085
f 3085 3084 3087
f 2293 208 2829
f 2829 429 2827
f 2827 195 2293
f 2293 2829 2827
f 2829 208 2295
f 2295 207 2828
f 2828 429 2829
f 2829 2295 2828
f 2975 457 2903
f 2903 408 2973
f 2973 478 2975
f 2975 2903 2973
f 2903 457 2904
f 2904 409 2780
f 2780 408 2903
f 2903 2904 2780
f 2971 477 3091
f 3091 519 3089
f 3089 459 2971
f 2971 3091 3089
f 3091 477 2972
f 2972 465 3090
f 3090 519 3091
f 3091 2972 3090
f 3095 521 3096
f 3096 520 3092
f 3092 51 3095
f 3095 3096 3092
f 3096 521 3100
f 3100 522 3099
f 3099 520 3096
f 3096 3100 3099
f 2825 428 2823
f 2823 389 2819
f 2819 425 2825
f 2825 2823 2819
f 2823 428 2824
f 2824 390 2736
f 2736 389 2823
f 2823 2824 2736
f 3010 448 3082
f 3082 517 3084
f 3084 493 3010
f 3010 3082 3084
f 3082 448 2900
f 2900 456 3083
f 3083 517 3082
f 3082 2900 3083
f 2417 268 2772
f 2772 405 2773
f 2773 269 2417
f 2417 2772 2773
f 2772 268 2764
f 2764 402 2774
f 2774 405 2772
f 2772 2764 2774
f 3108 523 3105
f 3108 524 3106
f 3106 255 3101
f 3101 523 3108
f 3108 3106 3101
f 2343 3 2554
f 2554 325 2559
f 2559 231 2343
f 2343 2554 2559
f 2554 3 1926
f 1926 2 2553
f 2553 325 2554
f 2554 1926 2553
f 2741 127 2737
f 2737 391 2745
f 2745 393 2741
f 2741 2737 2745
f 2737 127 3111
f 3111 525 3112
f 3112 391 2737
f 2737 3111 3112
f 3117 303 3114
f 3114 526 3120
f 3120 527 3117
f 3117 3114 3120
f 3114 303 2506
f 2506 302 3113
f 3113 526 3114
f 3114 2506 3113
f 3090 465 3124
f 3124 528 3125
f 3125 519 3090
f 3090 3124 3125
f 3124 465 2933
f 2933 464 3123
f 3123 528 3124
f 3124 2933 3123
f 3129 427 3126
f 3126 529 3131
f 3131 530 3129
f 3129 3126 3131
f 3126 427 2867
f 2867 443 3128
f 3128 529 3126
f 3126 2867 3128
f 3121 188 3088
f 3088 519 3125
f 3125 528 3121
f 3121 3088 3125
f 3088 188 3133
f 3133 531 3137
f 3137 519 3088
f 3088 3133 3137
f 3144 451 3140
f 3140 532 3145
f 3145 533 3144
f 3144 3140 3145
f 3140 451 2888
f 2888 450 3139
f 3139 532 3140
f 3140 2888 3139
f 3167 540 3166
f 3170 540 3167
f 3150 534 3147
f 3147 322 3148
f 3148 535 3150
f 3150 3147 3148
f 3147 534 3146
f 3146 319 2546
f 2546 322 3147
f 3147 3146 2546
f 2879 447 3159
f 3159 538 3158
f 3158 444 2879
f 2879 3159 3158
f 3159 447 3160
f 3160 539 3161
f 3161 538 3159
f 3159 3160 3161
f 1987 46 3169
f 3169 541 3168
f 3168 43 1987
f 1987 3169 3168
f 3169 46 3162
f 3162 540 3170
f 3170 541 3169
f 3169 3162 3170
f 3173 389 3172
f 3172 542 3175
f 3175 543 3173
f 3173 3172 3175
f 3172 389 2733
f 2733 387 3171
f 3171 542 3172
f 3172 2733 3171
f 3176 425 3174
f 3174 543 3178
f 3178 544 3176
f 3176 3174 3178
f 3174 425 2819
f 2819 389 3173
f 3173 543 3174
f 3174 2819 3173
f 3157 537 3156
f 3156 435 3153
f 3153 536 3157
f 3157 3156 3153
f 3156 537 3155
f 3155 433 2846
f 2846 435 3156
f 3156 3155 2846
f 3184 546 3187
f 3186 545 3184
f 3184 3187 3186
f 3187 546 3185
f 3190 545 3191
f 3192 547 3190
f 3190 3191 3192
f 3191 545 3186
f 3179 542 3197
f 2861 440 3188
f 3188 547 3189
f 3189 441 2861
f 2861 3188 3189
f 3188 440 3180
f 3180 545 3190
f 3190 547 3188
f 3188 3180 3190
f 3171 387 3195
f 3195 548 3197
f 3197 542 3171
f 3171 3195 3197
f 3195 387 2729
f 2729 205 3194
f 3194 548 3195
f 3195 2729 3194
f 3181 546 3182
f 3182 440 2859
f 2859 426 3181
f 3181 3182 2859
f 3182 546 3184
f 3184 545 3180
f 3180 440 3182
f 3182 3184 3180
f 2857 439 3199
f 3199 549 3198
f 3198 436 2857
f 2857 3199 3198
f 3199 439 3201
f 3201 550 3204
f 3204 549 3199
f 3199 3201 3204
f 3215 552 3216
f 3216 539 3160
f 3160 447 3215
f 3215 3216 3160
f 3216 552 3217
f 3217 551 3209
f 3209 539 3216
f 3216 3217 3209
f 3208 551 3207
f 3207 433 3155
f 3155 537 3208
f 3208 3207 3155
f 3207 551 3217
f 3217 552 3214
f 3214 433 3207
f 3207 3217 3214
f 2844 319 3152
f 3152 536 3153
f 3153 435 2844
f 2844 3152 3153
f 3152 319 3146
f 3146 534 3154
f 3154 536 3152
f 3152 3146 3154
f 3176 544 3177
f 3177 426 2820
f 2820 425 3176
f 3176 3177 2820
f 3177 544 3183
f 3183 546 3181
f 3181 426 3177
f 3177 3183 3181
f 2289 43 3193
f 3193 548 3194
f 3194 205 2289
f 2289 3193 3194
f 3193 43 3168
f 3168 541 3196
f 3196 548 3193
f 3193 3168 3196
f 3164 540 3163
f 3163 444 3158
f 3158 538 3164
f 3164 3163 3158
f 3163 540 3162
f 3162 46 2870
f 2870 444 3163
f 3163 3162 2870
f 3164 538 3165
f 3166 540 3164
f 3164 3165 3166
f 3218 312 3223
f 3223 555 3224
f 3224 553 3218
f 3218 3223 3224
f 3223 312 3222
f 3222 554 3225
f 3225 555 3223
f 3223 3222 3225
f 3227 556 3226
f 3226 35 2012
f 2012 63 3227
f 3227 3226 2012
f 3226 556 3228
f 3228 288 2468
f 2468 35 3226
f 3226 3228 2468
f 3238 296 3235
f 3235 557 3240
f 3240 558 3238
f 3238 3235 3240
f 3235 296 2485
f 2485 107 3234
f 3234 557 3235
f 3235 2485 3234
f 3243 559 3244
f 3244 468 2941
f 2941 467 3243
f 3243 3244 2941
f 3244 559 3248
f 3248 560 3247
f 3247 468 3244
f 3244 3248 3247
f 3249 561 3250
f 3250 99 2096
f 2096 98 3249
f 3249 3250 2096
f 3250 561 3258
f 3258 562 3253
f 3253 99 3250
f 3250 3258 3253
f 2910 196 2914
f 2914 461 2919
f 2919 460 2910
f 2910 2914 2919
f 2914 196 2835
f 2835 432 2915
f 2915 461 2914
f 2914 2835 2915
f 2874 446 2875
f 2875 432 2837
f 2837 431 2874
f 2874 2875 2837
f 2875 446 2917
f 2917 461 2915
f 2915 432 2875
f 2875 2917 2915
f 2952 472 3261
f 3261 563 3259
f 3259 300 2952
f 2952 3261 3259
f 3261 472 2953
f 2953 471 3260
f 3260 563 3261
f 3261 2953 3260
f 3115 365 3119
f 3119 527 3120
f 3120 526 3115
f 3115 3119 3120
f 3119 365 2653
f 2653 364 3118
f 3118 527 3119
f 3119 2653 3118
f 3208 537 3210
f 3211 551 3208
f 3208 3210 3211
f 3229 298 2491
f 2491 288 3228
f 3228 556 3229
f 3229 2491 3228
f 2491 298 2492
f 2492 297 2488
f 2488 288 2491
f 2491 2492 2488
f 2776 269 3262
f 3262 564 3264
f 3264 406 2776
f 2776 3262 3264
f 3262 269 2773
f 2773 405 3263
f 3263 564 3262
f 3262 2773 3263
f 3269 566 3268
f 3268 407 3265
f 3265 565 3269
f 3269 3268 3265
f 3268 566 3266
f 3266 246 2777
f 2777 407 3268
f 3268 3266 2777
f 3272 569 3271
f 3271 567 3270
f 3270 568 3272
f 3272 3271 3270
f 3271 569 3274
f 3274 570 3273
f 3273 567 3271
f 3271 3274 3273
f 3276 569 3275
f 3275 571 3278
f 3278 572 3276
f 3276 3275 3278
f 3275 569 3280
f 3280 573 3281
f 3281 571 3275
f 3275 3280 3281
f 3282 575 3288
f 3288 577 3287
f 3287 574 3282
f 3282 3288 3287
f 3288 575 3284
f 3284 576 3289
f 3289 577 3288
f 3288 3284 3289
f 3292 576 3290
f 3290 578 3293
f 3293 579 3292
f 3292 3290 3293
f 3290 576 3294
f 3294 580 3295
f 3295 578 3290
f 3290 3294 3295
f 3296 581 3297
f 3297 579 3293
f 3293 578 3296
f 3296 3297 3293
f 3297 581 3301
f 3301 582 3300
f 3300 579 3297
f 3297 3301 3300
f 3302 583 3303
f 3303 582 3301
f 3301 581 3302
f 3302 3303 3301
f 3303 583 3307
f 3307 584 3306
f 3306 582 3303
f 3303 3307 3306
f 3310 585 3309
f 3309 285 3305
f 3305 584 3310
f 3310 3309 3305
f 3309 585 3308
f 3308 253 2459
f 2459 285 3309
f 3309 3308 2459
f 3313 586 3311
f 3311 253 3308
f 3308 585 3313
f 3313 3311 3308
f 3311 586 3312
f 3312 254 2386
f 2386 253 3311
f 3311 3312 2386
f 3323 589 3322
f 3322 587 3320
f 3320 588 3323
f 3323 3322 3320
f 3322 589 3321
f 3321 497 3316
f 3316 587 3322
f 3322 3321 3316
f 3329 591 3327
f 3327 308 3324
f 3324 590 3329
f 3329 3327 3324
f 3327 591 3328
f 3328 309 2521
f 2521 308 3327
f 3327 3328 2521
f 3335 593 3333
f 3333 250 3330
f 3330 592 3335
f 3335 3333 3330
f 3333 593 3334
f 3334 251 2379
f 2379 250 3333
f 3333 3334 2379
f 3337 594 3336
f 3336 251 3334
f 3334 593 3337
f 3337 3336 3334
f 3336 594 3339
f 3339 595 3338
f 3338 251 3336
f 3336 3339 3338
f 3109 8 3341
f 3341 596 3344
f 3344 525 3109
f 3109 3341 3344
f 3341 8 1934
f 1934 7 3340
f 3340 596 3341
f 3341 1934 3340
f 3345 160 3351
f 3351 599 3352
f 3352 597 3345
f 3345 3351 3352
f 3351 160 3349
f 3349 598 3353
f 3353 599 3351
f 3351 3349 3353
f 3364 602 3363
f 3363 600 3361
f 3361 601 3364
f 3364 3363 3361
f 3363 602 3368
f 3368 603 3367
f 3367 600 3363
f 3363 3368 3367
f 3369 164 3372
f 3372 605 3373
f 3373 604 3369
f 3369 3372 3373
f 3372 164 2220
f 2220 163 3371
f 3371 605 3372
f 3372 2220 3371
f 3375 606 3374
f 3374 597 3352
f 3352 599 3375
f 3375 3374 3352
f 3374 606 3376
f 3376 604 3370
f 3370 597 3374
f 3374 3376 3370
f 3383 608 3380
f 3380 164 3377
f 3377 607 3383
f 3383 3380 3377
f 3380 608 3381
f 3381 165 2222
f 2222 164 3380
f 3380 3381 2222
f 3389 611 3388
f 3388 609 3387
f 3387 610 3389
f 3389 3388 3387
f 3388 611 3392
f 3392 612 3391
f 3391 609 3388
f 3388 3392 3391
f 3399 615 3398
f 3398 613 3397
f 3397 614 3399
f 3399 3398 3397
f 3398 615 3403
f 3403 616 3402
f 3402 613 3398
f 3398 3403 3402
f 3409 619 3408
f 3408 617 3407
f 3407 618 3409
f 3409 3408 3407
f 3408 619 3411
f 3411 620 3410
f 3410 617 3408
f 3408 3411 3410
f 3414 614 3396
f 3396 330 3412
f 3412 621 3414
f 3414 3396 3412
f 3396 614 3397
f 3397 613 3394
f 3394 330 3396
f 3396 3397 3394
f 3416 340 2582
f 2582 323 3415
f 3415 622 3416
f 3416 2582 3415
f 2582 340 2583
f 2583 324 2552
f 2552 323 2582
f 2582 2583 2552
f 3422 624 3421
f 3421 486 3418
f 3418 623 3422
f 3422 3421 3418
f 3421 624 3420
f 3420 483 2999
f 2999 486 3421
f 3421 3420 2999
f 3424 516 3427
f 3427 627 3428
f 3428 625 3424
f 3424 3427 3428
f 3427 516 3426
f 3426 626 3429
f 3429 627 3427
f 3427 3426 3429
f 3434 629 3433
f 3433 132 3430
f 3430 628 3434
f 3434 3433 3430
f 3433 629 3432
f 3432 129 2171
f 2171 132 3433
f 3433 3432 2171
f 3441 631 3440
f 3440 521 3437
f 3437 630 3441
f 3441 3440 3437
f 3440 631 3446
f 3446 632 3444
f 3444 521 3440
f 3440 3446 3444
f 3451 635 3450
f 3450 633 3447
f 3447 634 3451
f 3451 3450 3447
f 3450 635 3455
f 3455 636 3454
f 3454 633 3450
f 3450 3455 3454
f 3458 327 3385
f 3385 609 3459
f 3459 637 3458
f 3458 3385 3459
f 3385 327 2561
f 2561 326 3384
f 3384 609 3385
f 3385 2561 3384
f 3405 618 3406
f 3406 53 1995
f 1995 52 3405
f 3405 3406 1995
f 3406 618 3407
f 3407 617 3404
f 3404 53 3406
f 3406 3407 3404
f 3465 640 3464
f 3464 638 3463
f 3463 639 3465
f 3465 3464 3463
f 3464 640 3468
f 3468 641 3467
f 3467 638 3464
f 3464 3468 3467
f 3471 643 3475
f 3475 645 3474
f 3474 642 3471
f 3471 3475 3474
f 3475 643 3472
f 3472 644 3476
f 3476 645 3475
f 3475 3472 3476
f 3454 636 3478
f 3478 646 3477
f 3477 633 3454
f 3454 3478 3477
f 3478 636 3480
f 3480 647 3481
f 3481 646 3478
f 3478 3480 3481
f 2883 449 3094
f 3094 520 3093
f 3093 410 2883
f 2883 3094 3093
f 3094 449 3484
f 3484 648 3486
f 3486 520 3094
f 3094 3484 3486
f 3486 648 3482
f 3482 51 3092
f 3092 520 3486
f 3486 3482 3092
f 3482 648 3483
f 3483 52 1994
f 1994 51 3482
f 3482 3483 1994
f 3493 651 3492
f 3492 649 3490
f 3490 650 3493
f 3493 3492 3490
f 3492 651 3495
f 3495 652 3494
f 3494 649 3492
f 3492 3495 3494
f 3077 514 3504
f 3504 654 3503
f 3503 361 3077
f 3077 3504 3503
f 3504 514 3499
f 3499 653 3505
f 3505 654 3504
f 3504 3499 3505
f 3510 654 3501
f 3501 97 3506
f 3506 655 3510
f 3510 3501 3506
f 3501 654 3502
f 3502 98 2095
f 2095 97 3501
f 3501 3502 2095
f 2650 363 2645
f 2645 99 2648
f 2648 364 2650
f 2650 2645 2648
f 2645 363 2646
f 2646 100 2099
f 2099 99 2645
f 2645 2646 2099
f 2232 172 2631
f 2631 359 2632
f 2632 173 2232
f 2232 2631 2632
f 2631 172 3513
f 3513 656 3514
f 3514 359 2631
f 2631 3513 3514
f 3514 656 3511
f 3511 133 2630
f 2630 359 3514
f 3514 3511 2630
f 3511 656 3512
f 3512 134 2174
f 2174 133 3511
f 3511 3512 2174
f 2992 481 2984
f 2984 135 2989
f 2989 482 2992
f 2992 2984 2989
f 2984 481 2985
f 2985 136 2178
f 2178 135 2984
f 2984 2985 2178
f 3117 527 3141
f 3141 532 3138
f 3138 303 3117
f 3117 3141 3138
f 3141 527 3255
f 3255 562 3256
f 3256 532 3141
f 3141 3255 3256
f 2663 367 2659
f 2659 100 2646
f 2646 363 2663
f 2663 2659 2646
f 2659 367 2662
f 2662 358 2627
f 2627 100 2659
f 2659 2662 2627
f 2627 358 2626
f 2626 97 2097
f 2097 100 2627
f 2627 2626 2097
f 2626 358 2629
f 2629 357 2624
f 2624 97 2626
f 2626 2629 2624
f 2641 361 3509
f 3509 655 3507
f 3507 201 2641
f 2641 3509 3507
f 3509 361 3503
f 3503 654 3510
f 3510 655 3509
f 3509 3503 3510
f 2284 201 3517
f 3517 657 3518
f 3518 202 2284
f 2284 3517 3518
f 3517 201 3507
f 3507 655 3520
f 3520 657 3517
f 3517 3507 3520
f 2661 173 2628
f 2628 358 2662
f 2662 367 2661
f 2661 2628 2662
f 2628 173 2632
f 2632 359 2634
f 2634 358 2628
f 2628 2632 2634
f 3123 464 3524
f 3524 658 3525
f 3525 528 3123
f 3123 3524 3525
f 3524 464 3528
f 3528 659 3531
f 3531 658 3524
f 3524 3528 3531
f 3521 658 3522
f 3522 451 2887
f 2887 189 3521
f 3521 3522 2887
f 3522 658 3523
f 3523 452 2890
f 2890 451 3522
f 3522 3523 2890
f 2080 90 2891
f 2891 453 2892
f 2892 91 2080
f 2080 2891 2892
f 2891 90 2885
f 2885 450 2893
f 2893 453 2891
f 2891 2885 2893
f 3532 660 3533
f 3533 652 3495
f 3495 651 3532
f 3532 3533 3495
f 3533 660 3535
f 3535 661 3534
f 3534 652 3533
f 3533 3535 3534
f 3436 630 3435
f 3435 51 1996
f 1996 54 3436
f 3436 3435 1996
f 3435 630 3437
f 3437 521 3095
f 3095 51 3435
f 3435 3437 3095
f 2784 410 3097
f 3097 522 3098
f 3098 411 2784
f 2784 3097 3098
f 3097 410 3093
f 3093 520 3099
f 3099 522 3097
f 3097 3093 3099
f 3121 528 3122
f 3122 189 2264
f 2264 188 3121
f 3121 3122 2264
f 3122 528 3525
f 3525 658 3521
f 3521 189 3122
f 3122 3525 3521
f 2505 303 2886
f 2886 450 2885
f 2885 90 2505
f 2505 2886 2885
f 2886 303 3138
f 3138 532 3139
f 3139 450 2886
f 2886 3138 3139
f 3118 364 3254
f 3254 562 3255
f 3255 527 3118
f 3118 3254 3255
f 3254 364 2648
f 2648 99 3253
f 3253 562 3254
f 3254 2648 3253
f 3009 491 3537
f 3537 662 3538
f 3538 492 3009
f 3009 3537 3538
f 3537 491 3542
f 3542 663 3545
f 3545 662 3537
f 3537 3542 3545
f 3545 663 3543
f 3543 618 3539
f 3539 662 3545
f 3545 3543 3539
f 3543 663 3544
f 3544 619 3409
f 3409 618 3543
f 3543 3544 3409
f 2931 411 3526
f 3526 659 3528
f 3528 464 2931
f 2931 3526 3528
f 3526 411 3098
f 3098 522 3529
f 3529 659 3526
f 3526 3098 3529
f 3550 665 3548
f 3548 190 3546
f 3546 664 3550
f 3550 3548 3546
f 3548 665 3555
f 3555 666 3551
f 3551 190 3548
f 3548 3555 3551
f 3549 634 3554
f 3554 666 3555
f 3555 665 3549
f 3549 3554 3555
f 3554 634 3447
f 3447 633 3553
f 3553 666 3554
f 3554 3447 3553
f 3556 130 3560
f 3560 668 3565
f 3565 667 3556
f 3556 3560 3565
f 3560 130 3449
f 3449 635 3563
f 3563 668 3560
f 3560 3449 3563
f 3008 492 3485
f 3485 648 3484
f 3484 449 3008
f 3008 3485 3484
f 3485 492 3538
f 3538 662 3540
f 3540 648 3485
f 3485 3538 3540
f 3540 662 3536
f 3536 52 3483
f 3483 648 3540
f 3540 3536 3483
f 3536 662 3539
f 3539 618 3405
f 3405 52 3536
f 3536 3539 3405
f 3489 650 3568
f 3568 669 3566
f 3566 610 3489
f 3489 3568 3566
f 3568 650 3490
f 3490 649 3567
f 3567 669 3568
f 3568 3490 3567
f 3003 488 3571
f 3571 671 3572
f 3572 489 3003
f 3003 3571 3572
f 3571 488 3569
f 3569 670 3577
f 3577 671 3571
f 3571 3569 3577
f 3570 639 3575
f 3575 671 3577
f 3577 670 3570
f 3570 3575 3577
f 3575 639 3463
f 3463 638 3574
f 3574 671 3575
f 3575 3463 3574
f 3585 674 3584
f 3584 672 3582
f 3582 673 3585
f 3585 3584 3582
f 3584 674 3589
f 3589 675 3588
f 3588 672 3584
f 3584 3589 3588
f 3590 676 3591
f 3591 424 2818
f 2818 423 3590
f 3590 3591 2818
f 3591 676 3595
f 3595 677 3592
f 3592 424 3591
f 3591 3595 3592
f 3598 673 3601
f 3601 679 3602
f 3602 678 3598
f 3598 3601 3602
f 3601 673 3582
f 3582 672 3600
f 3600 679 3601
f 3601 3582 3600
f 3551 666 3552
f 3552 191 2265
f 2265 190 3551
f 3551 3552 2265
f 3552 666 3606
f 3606 680 3603
f 3603 191 3552
f 3552 3606 3603
f 3605 680 3604
f 3604 633 3477
f 3477 646 3605
f 3605 3604 3477
f 3604 680 3606
f 3606 666 3553
f 3553 633 3604
f 3604 3606 3553
f 3432 629 3453
f 3453 636 3452
f 3452 129 3432
f 3432 3453 3452
f 3453 629 3479
f 3479 647 3480
f 3480 636 3453
f 3453 3479 3480
f 3613 682 3614
f 3614 681 3608
f 3608 392 3613
f 3613 3614 3608
f 3614 682 3619
f 3619 683 3618
f 3618 681 3614
f 3614 3619 3618
f 3622 684 3623
f 3623 661 3535
f 3535 660 3622
f 3622 3623 3535
f 3623 684 3628
f 3628 685 3627
f 3627 661 3623
f 3623 3628 3627
f 3625 21 3629
f 3629 686 3633
f 3633 685 3625
f 3625 3629 3633
f 3629 21 2079
f 2079 91 3630
f 3630 686 3629
f 3629 2079 3630
f 3439 631 3438
f 3438 91 2892
f 2892 453 3439
f 3439 3438 2892
f 3438 631 3632
f 3632 686 3630
f 3630 91 3438
f 3438 3632 3630
f 3442 632 3443
f 3443 453 2894
f 2894 452 3442
f 3442 3443 2894
f 3443 632 3446
f 3446 631 3439
f 3439 453 3443
f 3443 3446 3439
f 2683 374 2682
f 2682 7 1936
f 1936 9 2683
f 2683 2682 1936
f 2682 374 3343
f 3343 596 3340
f 3340 7 2682
f 2682 3343 3340
f 2679 370 3634
f 3634 687 3635
f 3635 373 2679
f 2679 3634 3635
f 3634 370 3611
f 3611 682 3639
f 3639 687 3634
f 3634 3611 3639
f 3620 684 3621
f 3621 369 2668
f 2668 22 3620
f 3620 3621 2668
f 3621 684 3624
f 3624 683 3615
f 3615 369 3621
f 3621 3624 3615
f 3444 632 3445
f 3445 522 3100
f 3100 521 3444
f 3444 3445 3100
f 3445 632 3530
f 3530 659 3529
f 3529 522 3445
f 3445 3530 3529
f 3531 659 3527
f 3527 452 3523
f 3523 658 3531
f 3531 3527 3523
f 3527 659 3530
f 3530 632 3442
f 3442 452 3527
f 3527 3530 3442
f 3497 186 3251
f 3251 561 3500
f 3500 653 3497
f 3497 3251 3500
f 3251 186 3142
f 3142 533 3252
f 3252 561 3251
f 3251 3142 3252
f 3249 98 3496
f 3496 653 3500
f 3500 561 3249
f 3249 3496 3500
f 3496 98 3502
f 3502 654 3505
f 3505 653 3496
f 3496 3502 3505
f 3520 655 3508
f 3508 357 3519
f 3519 657 3520
f 3520 3508 3519
f 3508 655 3506
f 3506 97 2624
f 2624 357 3508
f 3508 3506 2624
f 2625 133 3515
f 3515 657 3519
f 3519 357 2625
f 2625 3515 3519
f 3515 133 2176
f 2176 136 3516
f 3516 657 3515
f 3515 2176 3516
f 3516 136 2283
f 2283 202 3518
f 3518 657 3516
f 3516 2283 3518
f 2283 136 2985
f 2985 481 2986
f 2986 202 2283
f 2283 2985 2986
f 2986 481 2987
f 2987 203 2285
f 2285 202 2986
f 2986 2987 2285
f 2987 481 2988
f 2988 480 2979
f 2979 203 2987
f 2987 2988 2979
f 2923 462 2982
f 2982 480 2980
f 2980 348 2923
f 2923 2982 2980
f 2982 462 2920
f 2920 203 2979
f 2979 480 2982
f 2982 2920 2979
f 2849 321 2596
f 2596 347 2851
f 2851 437 2849
f 2849 2596 2851
f 2596 321 2926
f 2926 463 2927
f 2927 347 2596
f 2596 2926 2927
f 3200 535 3149
f 3149 436 3198
f 3198 549 3200
f 3200 3149 3198
f 3149 535 3148
f 3148 322 2848
f 2848 436 3149
f 3149 3148 2848
f 3151 535 3200
f 3643 689 3644
f 3644 688 3641
f 3641 664 3643
f 3643 3644 3641
f 3644 689 3648
f 3648 690 3647
f 3647 688 3644
f 3644 3648 3647
f 3649 691 3650
f 3650 438 2853
f 2853 346 3649
f 3649 3650 2853
f 3650 691 3651
f 3651 442 2862
f 2862 438 3650
f 3650 3651 2862
f 3203 550 3202
f 3202 441 3189
f 3189 547 3203
f 3203 3202 3189
f 3202 550 3201
f 3201 439 2860
f 2860 441 3202
f 3202 3201 2860
f 3205 547 3192
f 3206 550 3203
f 3203 547 3205
f 3205 3206 3203
f 3655 115 3654
f 3654 692 3657
f 3657 693 3655
f 3655 3654 3657
f 3654 115 2140
f 2140 114 3653
f 3653 692 3654
f 3654 2140 3653
f 3668 695 3663
f 3663 44 3658
f 3658 694 3668
f 3668 3663 3658
f 3663 695 3664
f 3664 45 1986
f 1986 44 3663
f 3663 3664 1986
f 3660 694 3659
f 3659 206 2895
f 2895 454 3660
f 3660 3659 2895
f 3659 694 3658
f 3658 44 2291
f 2291 206 3659
f 3659 3658 2291
f 2924 463 2925
f 2925 320 2542
f 2542 210 2924
f 2924 2925 2542
f 2925 463 2926
f 2926 321 2545
f 2545 320 2925
f 2925 2926 2545
f 2895 206 2896
f 2896 455 2898
f 2898 454 2895
f 2895 2896 2898
f 2896 206 2731
f 2731 388 2897
f 2897 455 2896
f 2896 2731 2897
f 2897 388 3669
f 3669 696 3672
f 3672 455 2897
f 2897 3669 3672
f 3669 388 2735
f 2735 390 3670
f 3670 696 3669
f 3669 2735 3670
f 3675 428 3130
f 3130 530 3678
f 3678 697 3675
f 3675 3130 3678
f 3130 428 2826
f 2826 427 3129
f 3129 530 3130
f 3130 2826 3129
f 3214 552 3212
f 3212 430 2838
f 2838 433 3214
f 3214 3212 2838
f 3212 552 3213
f 3213 431 2833
f 2833 430 3212
f 3212 3213 2833
f 2828 207 2830
f 2830 430 2831
f 2831 429 2828
f 2828 2830 2831
f 2830 207 2839
f 2839 434 2842
f 2842 430 2830
f 2830 2839 2842
f 2300 210 2840
f 2840 434 2839
f 2839 207 2300
f 2300 2840 2839
f 2840 210 2542
f 2542 320 2841
f 2841 434 2840
f 2840 2542 2841
f 2853 438 2854
f 2854 347 2597
f 2597 346 2853
f 2853 2854 2597
f 2854 438 2856
f 2856 437 2851
f 2851 347 2854
f 2854 2856 2851
f 3652 529 3127
f 3127 442 3651
f 3651 691 3652
f 3652 3127 3651
f 3127 529 3128
f 3128 443 2869
f 2869 442 3127
f 3127 3128 2869
f 2918 461 2916
f 2916 445 2908
f 2908 458 2918
f 2918 2916 2908
f 2916 461 2917
f 2917 446 2877
f 2877 445 2916
f 2916 2917 2877
f 3665 458 2907
f 2907 45 3664
f 3664 695 3665
f 3665 2907 3664
f 2907 458 2908
f 2908 445 2871
f 2871 45 2907
f 2907 2908 2871
f 3679 696 3671
f 3671 428 3675
f 3675 697 3679
f 3679 3671 3675
f 3671 696 3670
f 3670 390 2824
f 2824 428 3671
f 3671 3670 2824
f 2868 443 2866
f 2866 426 2859
f 2859 440 2868
f 2868 2866 2859
f 2866 443 2867
f 2867 427 2822
f 2822 426 2866
f 2866 2867 2822
f 3215 447 2878
f 2878 431 3213
f 3213 552 3215
f 3215 2878 3213
f 2878 447 2880
f 2880 446 2874
f 2874 431 2878
f 2878 2880 2874
f 2848 322 2850
f 2850 437 2852
f 2852 436 2848
f 2848 2850 2852
f 2850 322 2547
f 2547 321 2849
f 2849 437 2850
f 2850 2547 2849
f 2860 439 2863
f 2863 442 2865
f 2865 441 2860
f 2860 2863 2865
f 2863 439 2858
f 2858 438 2862
f 2862 442 2863
f 2863 2858 2862
f 2836 432 2834
f 2834 195 2827
f 2827 429 2836
f 2836 2834 2827
f 2834 432 2835
f 2835 196 2272
f 2272 195 2834
f 2834 2835 2272
f 2638 204 2294
f 2294 208 2639
f 2639 360 2638
f 2638 2294 2639
f 2294 204 2297
f 2297 209 2299
f 2299 208 2294
f 2294 2297 2299
f 2978 349 2981
f 2981 480 2983
f 2983 479 2978
f 2978 2981 2983
f 2981 349 2601
f 2601 348 2980
f 2980 480 2981
f 2981 2601 2980
f 2881 409 2899
f 2899 456 2900
f 2900 448 2881
f 2881 2899 2900
f 2899 409 2904
f 2904 457 2906
f 2906 456 2899
f 2899 2904 2906
f 3137 531 3135
f 3135 459 3089
f 3089 519 3137
f 3137 3135 3089
f 3135 531 3136
f 3136 460 2913
f 2913 459 3135
f 3135 3136 2913
f 2288 203 2296
f 2296 209 2297
f 2297 204 2288
f 2288 2296 2297
f 2296 203 2920
f 2920 462 2921
f 2921 209 2296
f 2296 2920 2921
f 3668 694 3661
f 3661 477 3667
f 3667 695 3668
f 3668 3661 3667
f 3661 694 3662
f 3662 478 2977
f 2977 477 3661
f 3661 3662 2977
f 3679 697 3676
f 3676 517 3674
f 3674 696 3679
f 3679 3676 3674
f 3676 697 3677
f 3677 518 3087
f 3087 517 3676
f 3676 3677 3087
f 2635 360 2636
f 2636 195 2270
f 2270 194 2635
f 2635 2636 2270
f 2636 360 2639
f 2639 208 2293
f 2293 195 2636
f 2636 2639 2293
f 3660 454 2974
f 2974 478 3662
f 3662 694 3660
f 3660 2974 3662
f 2974 454 2905
f 2905 457 2975
f 2975 478 2974
f 2974 2905 2975
f 3665 695 3666
f 3666 459 2909
f 2909 458 3665
f 3665 3666 2909
f 3666 695 3667
f 3667 477 2971
f 2971 459 3666
f 3666 3667 2971
f 3672 696 3673
f 3673 456 2902
f 2902 455 3672
f 3672 3673 2902
f 3673 696 3674
f 3674 517 3083
f 3083 456 3673
f 3673 3674 3083
f 3134 197 2911
f 2911 460 3136
f 3136 531 3134
f 3134 2911 3136
f 2911 197 2275
f 2275 196 2910
f 2910 460 2911
f 2911 2275 2910
f 2927 463 2928
f 2928 348 2599
f 2599 347 2927
f 2927 2928 2599
f 2928 463 2929
f 2929 462 2923
f 2923 348 2928
f 2928 2929 2923
f 3682 698 3680
f 3680 274 2766
f 2766 403 3682
f 3682 3680 2766
f 3680 698 3681
f 3681 275 2431
f 2431 274 3680
f 3680 3681 2431
f 3689 353 3687
f 3687 699 3692
f 3692 700 3689
f 3689 3687 3692
f 3687 353 2609
f 2609 352 3686
f 3686 699 3687
f 3687 2609 3686
f 2524 310 3694
f 3694 701 3693
f 3693 185 2524
f 2524 3694 3693
f 3694 310 3696
f 3696 702 3701
f 3701 701 3694
f 3694 3696 3701
f 3058 293 2602
f 2602 351 3059
f 3059 508 3058
f 3058 2602 3059
f 2602 293 2605
f 2605 352 2607
f 2607 351 2602
f 2602 2605 2607
f 3703 703 3704
f 3704 505 3048
f 3048 504 3703
f 3703 3704 3048
f 3704 703 3710
f 3710 704 3709
f 3709 505 3704
f 3704 3710 3709
f 2756 399 2757
f 2757 274 2429
f 2429 273 2756
f 2756 2757 2429
f 2757 399 2759
f 2759 398 2753
f 2753 274 2757
f 2757 2759 2753
f 3712 705 3713
f 3713 501 3040
f 3040 500 3712
f 3712 3713 3040
f 3713 705 3717
f 3717 706 3716
f 3716 501 3713
f 3713 3717 3716
f 3721 707 3722
f 3722 501 3039
f 3039 498 3721
f 3721 3722 3039
f 3722 707 3723
f 3723 502 3043
f 3043 501 3722
f 3722 3723 3043
f 3063 509 3064
f 3064 505 3047
f 3047 394 3063
f 3063 3064 3047
f 3064 509 3065
f 3065 506 3051
f 3051 505 3064
f 3064 3065 3051
f 3052 507 3053
f 3053 351 2603
f 2603 350 3052
f 3052 3053 2603
f 3053 507 3055
f 3055 506 3049
f 3049 351 3053
f 3053 3055 3049
f 3735 710 3734
f 3734 708 3730
f 3730 709 3735
f 3735 3734 3730
f 3734 710 3741
f 3741 711 3740
f 3740 708 3734
f 3734 3741 3740
f 3742 712 3743
f 3743 701 3695
f 3695 337 3742
f 3742 3743 3695
f 3743 712 3747
f 3747 713 3746
f 3746 701 3743
f 3743 3747 3746
f 3054 507 3751
f 3751 714 3750
f 3750 504 3054
f 3054 3751 3750
f 3751 507 3755
f 3755 715 3756
f 3756 714 3751
f 3751 3755 3756
f 3689 700 3760
f 3760 716 3758
f 3758 353 3689
f 3689 3760 3758
f 3760 700 3764
f 3764 717 3765
f 3765 716 3760
f 3760 3764 3765
f 3776 719 3773
f 3773 511 3770
f 3770 718 3776
f 3776 3773 3770
f 3773 719 3774
f 3774 512 3071
f 3071 511 3773
f 3773 3774 3071
f 3785 721 3786
f 3786 720 3779
f 3779 475 3785
f 3785 3786 3779
f 3786 721 3781
f 3781 277 3778
f 3778 720 3786
f 3786 3781 3778
f 3703 504 3788
f 3788 722 3789
f 3789 703 3703
f 3703 3788 3789
f 3788 504 3750
f 3750 714 3790
f 3790 722 3788
f 3788 3750 3790
f 2756 273 3791
f 3791 723 3794
f 3794 399 2756
f 2756 3791 3794
f 3791 273 2435
f 2435 278 3792
f 3792 723 3791
f 3791 2435 3792
f 3805 725 3800
f 3800 184 3798
f 3798 724 3805
f 3805 3800 3798
f 3800 725 3803
f 3803 311 2525
f 2525 184 3800
f 3800 3803 2525
f 2608 353 3808
f 3808 726 3807
f 3807 350 2608
f 2608 3808 3807
f 3808 353 3758
f 3758 716 3811
f 3811 726 3808
f 3808 3758 3811
f 3052 350 3754
f 3754 715 3755
f 3755 507 3052
f 3052 3754 3755
f 3754 350 3807
f 3807 726 3810
f 3810 715 3754
f 3754 3807 3810
f 3819 729 3818
f 3818 727 3815
f 3815 728 3819
f 3819 3818 3815
f 3818 729 3824
f 3824 730 3823
f 3823 727 3818
f 3818 3824 3823
f 3828 731 3829
f 3829 730 3824
f 3824 729 3828
f 3828 3829 3824
f 3829 731 3825
f 3825 14 3820
f 3820 730 3829
f 3829 3825 3820
f 3833 732 3831
f 3831 14 3825
f 3825 731 3833
f 3833 3831 3825
f 3831 732 3830
f 3830 11 1942
f 1942 14 3831
f 3831 3830 1942
f 3836 733 3834
f 3834 11 3830
f 3830 732 3836
f 3836 3834 3830
f 3834 733 3835
f 3835 42 1980
f 1980 11 3834
f 3834 3835 1980
f 2029 68 3838
f 3838 734 3837
f 3837 65 2029
f 2029 3838 3837
f 3838 68 3840
f 3840 735 3841
f 3841 734 3838
f 3838 3840 3841
f 2004 58 3843
f 3843 736 3842
f 3842 55 2004
f 2004 3843 3842
f 3843 58 3845
f 3845 737 3848
f 3848 736 3843
f 3843 3845 3848
f 3849 121 3844
f 3844 736 3851
f 3851 738 3849
f 3849 3844 3851
f 3844 121 2155
f 2155 55 3842
f 3842 736 3844
f 3844 2155 3842
f 3852 466 3850
f 3850 738 3853
f 3853 739 3852
f 3852 3850 3853
f 3850 466 2934
f 2934 121 3849
f 3849 738 3850
f 3850 2934 3849
f 3861 741 3860
f 3860 739 3856
f 3856 740 3861
f 3861 3860 3856
f 3860 741 3858
f 3858 466 3852
f 3852 739 3860
f 3860 3858 3852
f 3242 415 3246
f 3246 560 3248
f 3248 559 3242
f 3242 3246 3248
f 3246 415 3857
f 3857 741 3859
f 3859 560 3246
f 3246 3857 3859
f 3865 742 3863
f 3863 300 3259
f 3259 563 3865
f 3865 3863 3259
f 3863 742 3864
f 3864 301 2502
f 2502 300 3863
f 3863 3864 2502
f 3868 27 3862
f 3862 742 3873
f 3873 743 3868
f 3868 3862 3873
f 3862 27 2498
f 2498 301 3864
f 3864 742 3862
f 3862 2498 3864
f 3874 28 3869
f 3869 743 3877
f 3877 744 3874
f 3874 3869 3877
f 3869 28 1961
f 1961 27 3868
f 3868 743 3869
f 3869 1961 3868
f 2810 417 2804
f 2804 291 2809
f 2809 419 2810
f 2810 2804 2809
f 2804 417 2803
f 2803 104 2475
f 2475 291 2804
f 2804 2803 2475
f 2805 343 2590
f 2590 104 2803
f 2803 417 2805
f 2805 2590 2803
f 2590 343 2589
f 2589 101 2107
f 2107 104 2590
f 2590 2589 2107
f 2591 342 2587
f 2587 101 2589
f 2589 343 2591
f 2591 2587 2589
f 2587 342 2588
f 2588 108 2120
f 2120 101 2587
f 2587 2588 2120
f 3879 745 3878
f 3878 108 2588
f 2588 342 3879
f 3879 3878 2588
f 3878 745 3882
f 3882 746 3880
f 3880 108 3878
f 3878 3882 3880
f 3884 747 3883
f 3883 114 2145
f 2145 117 3884
f 3884 3883 2145
f 3883 747 3885
f 3885 692 3653
f 3653 114 3883
f 3883 3885 3653
f 3881 416 2799
f 2799 108 3880
f 3880 746 3881
f 3881 2799 3880
f 2799 416 2800
f 2800 109 2124
f 2124 108 2799
f 2799 2800 2124
f 2557 325 2555
f 2555 24 2213
f 2213 159 2557
f 2557 2555 2213
f 2555 325 2556
f 2556 25 1957
f 1957 24 2555
f 2555 2556 1957
f 3347 598 3348
f 3348 24 1954
f 1954 23 3347
f 3347 3348 1954
f 3348 598 3349
f 3349 160 2214
f 2214 24 3348
f 3348 3349 2214
f 3887 748 3888
f 3888 383 2719
f 2719 382 3887
f 3887 3888 2719
f 3888 748 3894
f 3894 749 3892
f 3892 383 3888
f 3888 3894 3892
f 1925 1 2692
f 2692 376 2693
f 2693 2 1925
f 1925 2692 2693
f 2692 1 2697
f 2697 377 2701
f 2701 376 2692
f 2692 2697 2701
f 2147 118 2700
f 2700 377 2697
f 2697 1 2147
f 2147 2700 2697
f 2700 118 2704
f 2704 378 2705
f 2705 377 2700
f 2700 2704 2705
f 2967 476 2968
f 2968 378 2704
f 2704 118 2967
f 2967 2968 2704
f 2968 476 2969
f 2969 379 2708
f 2708 378 2968
f 2968 2969 2708
f 2553 2 1955
f 1955 25 2556
f 2556 325 2553
f 2553 1955 2556
f 1955 2 2693
f 2693 376 2695
f 2695 25 1955
f 1955 2693 2695
f 3900 751 3897
f 3897 316 3896
f 3896 750 3900
f 3900 3897 3896
f 3897 751 3899
f 3899 749 3890
f 3890 316 3897
f 3897 3899 3890
f 3906 753 3904
f 3904 599 3903
f 3903 752 3906
f 3906 3904 3903
f 3904 753 3905
f 3905 606 3375
f 3375 599 3904
f 3904 3905 3375
f 3912 608 3909
f 3909 754 3914
f 3914 755 3912
f 3912 3909 3914
f 3909 608 3383
f 3383 607 3908
f 3908 754 3909
f 3909 3383 3908
f 3756 715 3752
f 3752 36 3748
f 3748 714 3756
f 3756 3752 3748
f 3752 715 3753
f 3753 37 1973
f 1973 36 3752
f 3752 3753 1973
f 3765 717 3761
f 3761 211 3757
f 3757 716 3765
f 3765 3761 3757
f 3761 717 3762
f 3762 212 2305
f 2305 211 3761
f 3761 3762 2305
f 2407 264 3767
f 3767 718 3766
f 3766 261 2407
f 2407 3767 3766
f 3767 264 3772
f 3772 719 3776
f 3776 718 3767
f 3767 3772 3776
f 3790 714 3749
f 3749 289 3787
f 3787 722 3790
f 3790 3749 3787
f 3749 714 3748
f 3748 36 2470
f 2470 289 3749
f 3749 3748 2470
f 3792 278 2508
f 2508 305 3793
f 3793 723 3792
f 3792 2508 3793
f 2508 278 2511
f 2511 306 2514
f 2514 305 2508
f 2508 2511 2514
f 3811 716 3759
f 3759 355 3809
f 3809 726 3811
f 3811 3759 3809
f 3759 716 3757
f 3757 211 2616
f 2616 355 3759
f 3759 3757 2616
f 3810 726 3806
f 3806 37 3753
f 3753 715 3810
f 3810 3806 3753
f 3806 726 3809
f 3809 355 2614
f 2614 37 3806
f 3806 3809 2614
f 3236 558 3237
f 3237 289 2471
f 2471 288 3236
f 3236 3237 2471
f 3237 558 3918
f 3918 756 3916
f 3916 289 3237
f 3237 3918 3916
f 2439 280 2966
f 2966 475 2965
f 2965 75 2439
f 2439 2966 2965
f 2966 280 3783
f 3783 721 3785
f 3785 475 2966
f 2966 3783 3785
f 3804 725 3799
f 3799 167 2550
f 2550 324 3804
f 3804 3799 2550
f 3799 725 3805
f 3805 724 3796
f 3796 167 3799
f 3799 3805 3796
f 3923 757 3924
f 3924 315 2536
f 2536 314 3923
f 3923 3924 2536
f 3924 757 3925
f 3925 553 3220
f 3220 315 3924
f 3924 3925 3220
f 3931 150 3927
f 3927 758 3935
f 3935 759 3931
f 3931 3927 3935
f 3927 150 2197
f 2197 149 3926
f 3926 758 3927
f 3927 2197 3926
f 3945 603 3937
f 3937 760 3947
f 3947 761 3945
f 3945 3937 3947
f 3937 603 3368
f 3368 602 3936
f 3936 760 3937
f 3937 3368 3936
f 3949 332 3944
f 3944 761 3953
f 3953 762 3949
f 3949 3944 3953
f 3944 332 3366
f 3366 603 3945
f 3945 761 3944
f 3944 3366 3945
f 3955 763 3956
f 3956 612 3392
f 3392 611 3955
f 3955 3956 3392
f 3956 763 3954
f 3954 333 3390
f 3390 612 3956
f 3956 3954 3390
f 3966 765 3975
f 3975 767 3974
f 3974 764 3966
f 3966 3975 3974
f 3975 765 3970
f 3970 766 3976
f 3976 767 3975
f 3975 3970 3976
f 3466 620 3462
f 3462 638 3467
f 3467 641 3466
f 3466 3462 3467
f 3462 620 3411
f 3411 619 3461
f 3461 638 3462
f 3462 3411 3461
f 3461 619 3573
f 3573 671 3574
f 3574 638 3461
f 3461 3573 3574
f 3573 619 3544
f 3544 663 3576
f 3576 671 3573
f 3573 3544 3576
f 3576 663 3541
f 3541 489 3572
f 3572 671 3576
f 3576 3541 3572
f 3541 663 3542
f 3542 491 3006
f 3006 489 3541
f 3541 3542 3006
f 3006 491 3007
f 3007 490 3005
f 3005 489 3006
f 3006 3007 3005
f 3007 491 3014
f 3014 494 3013
f 3013 490 3007
f 3007 3014 3013
f 3013 494 3978
f 3978 768 3977
f 3977 490 3013
f 3013 3978 3977
f 3978 494 3086
f 3086 518 3979
f 3979 768 3978
f 3978 3086 3979
f 3981 697 3984
f 3984 770 3985
f 3985 769 3981
f 3981 3984 3985
f 3984 697 3678
f 3678 530 3983
f 3983 770 3984
f 3984 3678 3983
f 3986 771 3987
f 3987 530 3131
f 3131 529 3986
f 3986 3987 3131
f 3987 771 3989
f 3989 770 3983
f 3983 530 3987
f 3987 3989 3983
f 3652 691 3988
f 3988 771 3986
f 3986 529 3652
f 3652 3988 3986
f 3988 691 3991
f 3991 772 3992
f 3992 771 3988
f 3988 3991 3992
f 3649 346 3990
f 3990 772 3991
f 3991 691 3649
f 3649 3990 3991
f 3990 346 3993
f 3993 773 3995
f 3995 772 3990
f 3990 3993 3995
f 2978 479 3997
f 3997 774 3996
f 3996 349 2978
f 2978 3997 3996
f 3997 479 3645
f 3645 690 3998
f 3998 774 3997
f 3997 3645 3998
f 2990 482 3646
f 3646 690 3645
f 3645 479 2990
f 2990 3646 3645
f 3646 482 3640
f 3640 688 3647
f 3647 690 3646
f 3646 3640 3647
f 3640 482 4001
f 4001 775 4004
f 4004 688 3640
f 3640 4001 4004
f 4001 482 2989
f 2989 135 4000
f 4000 775 4001
f 4001 2989 4000
f 4000 135 4006
f 4006 776 4010
f 4010 775 4000
f 4000 4006 4010
f 4006 135 2175
f 2175 134 4005
f 4005 776 4006
f 4006 2175 4005
f 3564 668 3561
f 3561 134 3512
f 3512 656 3564
f 3564 3561 3512
f 3561 668 4009
f 4009 776 4005
f 4005 134 3561
f 3561 4009 4005
f 3564 656 3559
f 3559 667 3565
f 3565 668 3564
f 3564 3559 3565
f 3559 656 3513
f 3513 172 3558
f 3558 667 3559
f 3559 3513 3558
f 3558 172 4013
f 4013 777 4015
f 4015 667 3558
f 3558 4013 4015
f 4013 172 2229
f 2229 171 4012
f 4012 777 4013
f 4013 2229 4012
f 4012 171 4016
f 4016 778 4019
f 4019 777 4012
f 4012 4016 4019
f 4016 171 2234
f 2234 174 4017
f 4017 778 4016
f 4016 2234 4017
f 4021 779 4022
f 4022 179 2245
f 2245 178 4021
f 4021 4022 2245
f 4022 779 4027
f 4027 780 4025
f 4025 179 4022
f 4022 4027 4025
f 2183 139 4028
f 4028 781 4029
f 4029 140 2183
f 2183 4028 4029
f 4028 139 2402
f 2402 263 4030
f 4030 781 4028
f 4028 2402 4030
f 2406 264 2405
f 2405 139 2303
f 2303 212 2406
f 2406 2405 2303
f 2405 264 2408
f 2408 263 2402
f 2402 139 2405
f 2405 2408 2402
f 3775 719 3771
f 3771 212 3762
f 3762 717 3775
f 3775 3771 3762
f 3771 719 3772
f 3772 264 2406
f 2406 212 3771
f 3771 3772 2406
f 3690 512 3763
f 3763 717 3764
f 3764 700 3690
f 3690 3763 3764
f 3763 512 3774
f 3774 719 3775
f 3775 717 3763
f 3763 3774 3775
f 3688 513 3691
f 3691 700 3692
f 3692 699 3688
f 3688 3691 3692
f 3691 513 3073
f 3073 512 3690
f 3690 700 3691
f 3691 3073 3690
f 3731 710 3733
f 3733 699 3685
f 3685 292 3731
f 3731 3733 3685
f 3733 710 3732
f 3732 513 3688
f 3688 699 3733
f 3733 3732 3688
f 2396 260 2397
f 2397 214 2306
f 2306 213 2396
f 2396 2397 2306
f 2397 260 3738
f 3738 711 3736
f 3736 214 2397
f 2397 3738 3736
f 2392 257 2391
f 2391 213 2317
f 2317 218 2392
f 2392 2391 2317
f 2391 257 2398
f 2398 260 2396
f 2396 213 2391
f 2391 2398 2396
f 4035 783 4041
f 4041 785 4040
f 4040 782 4035
f 4035 4041 4040
f 4041 783 4038
f 4038 784 4042
f 4042 785 4041
f 4041 4038 4042
f 3273 570 4045
f 4045 787 4044
f 4044 567 3273
f 3273 4045 4044
f 4045 570 4043
f 4043 786 4046
f 4046 787 4045
f 4045 4043 4046
f 4055 789 4051
f 4051 234 4047
f 4047 788 4055
f 4055 4051 4047
f 4051 789 4052
f 4052 235 2355
f 2355 234 4051
f 4051 4052 2355
f 4063 791 4060
f 4060 240 4057
f 4057 790 4063
f 4063 4060 4057
f 4060 791 4061
f 4061 241 2366
f 2366 240 4060
f 4060 4061 2366
f 4068 788 4048
f 4048 242 4064
f 4064 792 4068
f 4068 4048 4064
f 4048 788 4047
f 4047 234 2368
f 2368 242 4048
f 4048 4047 2368
f 4073 794 4071
f 4071 244 4069
f 4069 793 4073
f 4073 4071 4069
f 4071 794 4072
f 4072 245 2373
f 2373 244 4071
f 4071 4072 2373
f 4077 796 4075
f 4075 247 4074
f 4074 795 4077
f 4077 4075 4074
f 4075 796 4076
f 4076 248 2376
f 2376 247 4075
f 4075 4076 2376
f 4062 784 4036
f 4036 241 4061
f 4061 791 4062
f 4062 4036 4061
f 4036 784 4037
f 4037 256 2390
f 2390 241 4036
f 4036 4037 2390
f 4081 792 4065
f 4065 287 4078
f 4078 797 4081
f 4081 4065 4078
f 4065 792 4064
f 4064 242 2466
f 2466 287 4065
f 4065 4064 2466
f 4085 798 4082
f 4082 248 4076
f 4076 796 4085
f 4085 4082 4076
f 4082 798 4083
f 4083 307 2516
f 2516 248 4082
f 4082 4083 2516
f 4059 790 4056
f 4056 235 4052
f 4052 789 4059
f 4059 4056 4052
f 4056 790 4057
f 4057 240 2363
f 2363 235 4056
f 4056 4057 2363
f 4092 800 4089
f 4089 495 4087
f 4087 799 4092
f 4092 4089 4087
f 4089 800 4090
f 4090 496 3026
f 3026 495 4089
f 4089 4090 3026
f 4100 802 4097
f 4097 258 4095
f 4095 801 4100
f 4100 4097 4095
f 4097 802 4105
f 4105 803 4101
f 4101 258 4097
f 4097 4105 4101
f 3979 518 3980
f 3980 769 3982
f 3982 768 3979
f 3979 3980 3982
f 3980 518 3677
f 3677 697 3981
f 3981 769 3980
f 3980 3677 3981
f 3999 773 3994
f 3994 349 3996
f 3996 774 3999
f 3999 3994 3996
f 3994 773 3993
f 3993 346 2600
f 2600 349 3994
f 3994 3993 2600
f 4110 805 4108
f 4108 166 4106
f 4106 804 4110
f 4110 4108 4106
f 4108 805 4109
f 4109 323 2548
f 2548 166 4108
f 4108 4109 2548
f 4113 806 4111
f 4111 323 4109
f 4109 805 4113
f 4113 4111 4109
f 4111 806 4112
f 4112 622 3415
f 3415 323 4111
f 4111 4112 3415
f 4118 809 4117
f 4117 807 4114
f 4114 808 4118
f 4118 4117 4114
f 4117 809 4123
f 4123 810 4122
f 4122 807 4117
f 4117 4123 4122
f 4128 813 4127
f 4127 811 4124
f 4124 812 4128
f 4128 4127 4124
f 4127 813 4132
f 4132 814 4131
f 4131 811 4127
f 4127 4132 4131
f 4139 816 4136
f 4136 628 4133
f 4133 815 4139
f 4139 4136 4133
f 4136 816 4137
f 4137 629 3434
f 3434 628 4136
f 4136 4137 3434
f 4140 647 4138
f 4138 816 4141
f 4141 817 4140
f 4140 4138 4141
f 4138 647 3479
f 3479 629 4137
f 4137 816 4138
f 4138 3479 4137
f 4144 818 4143
f 4143 647 4140
f 4140 817 4144
f 4144 4143 4140
f 4143 818 4142
f 4142 646 3481
f 3481 647 4143
f 4143 4142 3481
f 4147 819 4148
f 4148 677 3595
f 3595 676 4147
f 4147 4148 3595
f 4148 819 4145
f 4145 643 3594
f 3594 677 4148
f 4148 4145 3594
f 4145 819 4146
f 4146 644 3472
f 3472 643 4145
f 4145 4146 3472
f 4146 819 4151
f 4151 820 4149
f 4149 644 4146
f 4146 4151 4149
f 4156 125 4152
f 4152 821 4159
f 4159 822 4156
f 4156 4152 4159
f 4152 125 3401
f 3401 616 4153
f 4153 821 4152
f 4152 3401 4153
f 4162 146 4161
f 4161 823 4163
f 4163 824 4162
f 4162 4161 4163
f 4161 146 2192
f 2192 145 4160
f 4160 823 4161
f 4161 2192 4160
f 4167 825 4168
f 4168 741 3861
f 3861 740 4167
f 4167 4168 3861
f 4168 825 4166
f 4166 560 3859
f 3859 741 4168
f 4168 4166 3859
f 4173 826 4172
f 4172 560 4166
f 4166 825 4173
f 4173 4172 4166
f 4172 826 4171
f 4171 468 3247
f 3247 560 4172
f 4172 4171 3247
f 4178 827 4177
f 4177 468 4171
f 4171 826 4178
f 4178 4177 4171
f 4177 827 4176
f 4176 158 2940
f 2940 468 4177
f 4177 4176 2940
f 4183 828 4181
f 4181 158 4176
f 4176 827 4183
f 4183 4181 4176
f 4181 828 4180
f 4180 155 2211
f 2211 158 4181
f 4181 4180 2211
f 4188 829 4184
f 4184 155 4180
f 4180 828 4188
f 4188 4184 4180
f 4184 829 4185
f 4185 176 2238
f 2238 155 4184
f 4184 4185 2238
f 4193 830 4189
f 4189 176 4185
f 4185 829 4193
f 4193 4189 4185
f 4189 830 4190
f 4190 177 2243
f 2243 176 4189
f 4189 4190 2243
f 4197 831 4194
f 4194 177 4190
f 4190 830 4197
f 4197 4194 4190
f 4194 831 4201
f 4201 832 4199
f 4199 177 4194
f 4194 4201 4199
f 4203 833 4204
f 4204 832 4201
f 4201 831 4203
f 4203 4204 4201
f 4204 833 4209
f 4209 834 4208
f 4208 832 4204
f 4204 4209 4208
f 4220 836 4217
f 4217 626 4212
f 4212 835 4220
f 4220 4217 4212
f 4217 836 4218
f 4218 627 3429
f 3429 626 4217
f 4217 4218 3429
f 4225 837 4221
f 4221 627 4218
f 4218 836 4225
f 4225 4221 4218
f 4221 837 4224
f 4224 814 4130
f 4130 627 4221
f 4221 4224 4130
f 4229 822 4158
f 4158 811 4227
f 4227 838 4229
f 4229 4158 4227
f 4158 822 4159
f 4159 821 4154
f 4154 811 4158
f 4158 4159 4154
f 4232 839 4233
f 4233 808 4114
f 4114 807 4232
f 4232 4233 4114
f 4233 839 4239
f 4239 840 4236
f 4236 808 4233
f 4233 4239 4236
f 4249 842 4247
f 4247 152 4240
f 4240 841 4249
f 4249 4247 4240
f 4247 842 4246
f 4246 151 2202
f 2202 152 4247
f 4247 4246 2202
f 3931 759 3932
f 3932 602 3362
f 3362 150 3931
f 3931 3932 3362
f 3932 759 3941
f 3941 760 3936
f 3936 602 3932
f 3932 3941 3936
f 3933 754 3940
f 3940 760 3941
f 3941 759 3933
f 3933 3940 3941
f 3940 754 3910
f 3910 753 3939
f 3939 760 3940
f 3940 3910 3939
f 3379 607 3378
f 3378 604 3376
f 3376 606 3379
f 3379 3378 3376
f 3378 607 3377
f 3377 164 3369
f 3369 604 3378
f 3378 3377 3369
f 3229 556 3230
f 3230 300 2497
f 2497 298 3229
f 3229 3230 2497
f 3230 556 3231
f 3231 472 2952
f 2952 300 3230
f 3230 3231 2952
f 3227 63 2951
f 2951 472 3231
f 3231 556 3227
f 3227 2951 3231
f 2951 63 2014
f 2014 62 2950
f 2950 472 2951
f 2951 2014 2950
f 2018 64 2017
f 2017 62 2014
f 2014 63 2018
f 2018 2017 2014
f 2017 64 2016
f 2016 59 2010
f 2010 62 2017
f 2017 2016 2010
f 2619 356 2618
f 2618 59 2016
f 2016 64 2619
f 2619 2618 2016
f 2618 356 2622
f 2622 153 2203
f 2203 59 2618
f 2618 2622 2203
f 2620 141 2205
f 2205 153 2622
f 2622 356 2620
f 2620 2205 2622
f 2205 141 2250
f 2250 181 2251
f 2251 153 2205
f 2205 2250 2251
f 2185 140 2249
f 2249 181 2250
f 2250 141 2185
f 2185 2249 2250
f 2249 140 2244
f 2244 178 2253
f 2253 181 2249
f 2249 2244 2253
f 2244 140 4020
f 4020 779 4021
f 4021 178 2244
f 2244 4020 4021
f 4020 140 4029
f 4029 781 4033
f 4033 779 4020
f 4020 4029 4033
f 2994 485 4032
f 4032 781 4031
f 4031 341 2994
f 2994 4032 4031
f 4032 485 4024
f 4024 779 4033
f 4033 781 4032
f 4032 4024 4033
f 2997 340 3417
f 3417 623 3418
f 3418 486 2997
f 2997 3417 3418
f 3417 340 3416
f 3416 622 3419
f 3419 623 3417
f 3417 3416 3419
f 3419 622 4119
f 4119 810 4120
f 4120 623 3419
f 3419 4119 4120
f 4119 622 4112
f 4112 806 4121
f 4121 810 4119
f 4119 4112 4121
f 4258 844 4255
f 4255 807 4252
f 4252 843 4258
f 4258 4255 4252
f 4255 844 4256
f 4256 839 4232
f 4232 807 4255
f 4255 4256 4232
f 2413 265 4241
f 4241 841 4242
f 4242 266 2413
f 2413 4241 4242
f 4241 265 4248
f 4248 842 4249
f 4249 841 4241
f 4241 4248 4249
f 3364 601 3359
f 3359 150 3362
f 3362 602 3364
f 3364 3359 3362
f 3359 601 3358
f 3358 147 2196
f 2196 150 3359
f 3359 3358 2196
f 2531 313 2533
f 2533 265 2409
f 2409 144 2531
f 2531 2533 2409
f 2533 313 2532
f 2532 148 2410
f 2410 265 2533
f 2533 2532 2410
f 3923 314 2535
f 2535 149 3921
f 3921 757 3923
f 3923 2535 3921
f 2535 314 3928
f 3928 758 3926
f 3926 149 2535
f 2535 3928 3926
f 2539 317 3929
f 3929 758 3928
f 3928 314 2539
f 2539 3929 3928
f 3929 317 3911
f 3911 755 3930
f 3930 758 3929
f 3929 3911 3930
f 3887 382 3382
f 3382 608 3889
f 3889 748 3887
f 3887 3382 3889
f 3382 382 2715
f 2715 165 3381
f 3381 608 3382
f 3382 2715 3381
f 2717 381 2712
f 2712 165 2715
f 2715 382 2717
f 2717 2712 2715
f 2712 381 2711
f 2711 162 2221
f 2221 165 2712
f 2712 2711 2221
f 4264 845 4263
f 4263 604 3373
f 3373 605 4264
f 4264 4263 3373
f 4263 845 4262
f 4262 597 3370
f 3370 604 4263
f 4263 4262 3370
f 4266 846 4271
f 4271 605 3371
f 3371 163 4266
f 4266 4271 3371
f 4271 846 4272
f 4272 845 4264
f 4264 605 4271
f 4271 4272 4264
f 2218 162 4265
f 4265 846 4266
f 4266 163 2218
f 2218 4265 4266
f 4265 162 2711
f 2711 381 4270
f 4270 846 4265
f 4265 2711 4270
f 4281 849 4280
f 4280 847 4276
f 4276 848 4281
f 4281 4280 4276
f 4280 849 4286
f 4286 850 4285
f 4285 847 4280
f 4280 4286 4285
f 4289 851 4288
f 4288 773 4274
f 4274 848 4289
f 4289 4288 4274
f 4288 851 4287
f 4287 772 3995
f 3995 773 4288
f 4288 4287 3995
f 4294 853 4299
f 4299 854 4298
f 4298 852 4294
f 4294 4299 4298
f 4299 853 4293
f 4293 851 4297
f 4297 854 4299
f 4299 4293 4297
f 4294 852 4302
f 4302 855 4303
f 4303 853 4294
f 4294 4302 4303
f 4302 852 4305
f 4305 856 4306
f 4306 855 4302
f 4302 4305 4306
f 4308 769 4300
f 4300 855 4309
f 4309 857 4308
f 4308 4300 4309
f 4300 769 3985
f 3985 770 4301
f 4301 855 4300
f 4300 3985 4301
f 4323 860 4322
f 4322 858 4317
f 4317 859 4323
f 4323 4322 4317
f 4322 860 4321
f 4321 857 4314
f 4314 858 4322
f 4322 4321 4314
f 4320 860 4319
f 4319 490 3977
f 3977 768 4320
f 4320 4319 3977
f 4319 860 4318
f 4318 487 3004
f 3004 490 4319
f 4319 4318 3004
f 4277 849 4278
f 4278 690 3648
f 3648 689 4277
f 4277 4278 3648
f 4278 849 4279
f 4279 774 3998
f 3998 690 4278
f 4278 4279 3998
f 3471 642 3593
f 3593 677 3594
f 3594 643 3471
f 3471 3593 3594
f 3593 642 4325
f 4325 861 4327
f 4327 677 3593
f 3593 4325 4327
f 4332 862 4331
f 4331 677 4327
f 4327 861 4332
f 4332 4331 4327
f 4331 862 4328
f 4328 424 3592
f 3592 677 4331
f 4331 4328 3592
f 4338 863 4334
f 4334 424 4328
f 4328 862 4338
f 4338 4334 4328
f 4334 863 4333
f 4333 421 2817
f 2817 424 4334
f 4334 4333 2817
f 4341 864 4339
f 4339 646 4142
f 4142 818 4341
f 4341 4339 4142
f 4339 864 4340
f 4340 680 3605
f 3605 646 4339
f 4339 4340 3605
f 4344 865 4343
f 4343 680 4340
f 4340 864 4344
f 4344 4343 4340
f 4343 865 4342
f 4342 191 3603
f 3603 680 4343
f 4343 4342 3603
f 4350 866 4345
f 4345 191 4342
f 4342 865 4350
f 4350 4345 4342
f 4345 866 4346
f 4346 192 2267
f 2267 191 4345
f 4345 4346 2267
f 4311 421 4315
f 4315 859 4317
f 4317 858 4311
f 4311 4315 4317
f 4315 421 4333
f 4333 863 4337
f 4337 859 4315
f 4315 4333 4337
f 4285 850 4282
f 4282 192 4273
f 4273 847 4285
f 4285 4282 4273
f 4282 850 4283
f 4283 193 2269
f 2269 192 4282
f 4282 4283 2269
f 4349 866 4348
f 4348 852 4298
f 4298 854 4349
f 4349 4348 4298
f 4348 866 4355
f 4355 867 4352
f 4352 852 4348
f 4348 4355 4352
f 4304 856 4353
f 4353 867 4351
f 4351 422 4304
f 4304 4353 4351
f 4353 856 4305
f 4305 852 4352
f 4352 867 4353
f 4353 4305 4352
f 4360 868 4356
f 4356 422 4351
f 4351 867 4360
f 4360 4356 4351
f 4356 868 4357
f 4357 423 2816
f 2816 422 4356
f 4356 4357 2816
f 4365 869 4361
f 4361 423 4357
f 4357 868 4365
f 4365 4361 4357
f 4361 869 4362
f 4362 676 3590
f 3590 423 4361
f 4361 4362 3590
f 4373 871 4369
f 4369 804 4366
f 4366 870 4373
f 4373 4369 4366
f 4369 871 4370
f 4370 805 4110
f 4110 804 4369
f 4369 4370 4110
f 4372 843 4250
f 4250 805 4370
f 4370 871 4372
f 4372 4250 4370
f 4250 843 4251
f 4251 806 4113
f 4113 805 4250
f 4250 4251 4113
f 3422 623 4115
f 4115 809 4116
f 4116 624 3422
f 3422 4115 4116
f 4115 623 4120
f 4120 810 4123
f 4123 809 4115
f 4115 4120 4123
f 4133 628 4126
f 4126 813 4135
f 4135 815 4133
f 4133 4126 4135
f 4126 628 3431
f 3431 625 4125
f 4125 813 4126
f 4126 3431 4125
f 4377 816 4376
f 4376 872 4378
f 4378 873 4377
f 4377 4376 4378
f 4376 816 4139
f 4139 815 4375
f 4375 872 4376
f 4376 4139 4375
f 4382 874 4379
f 4379 816 4377
f 4377 873 4382
f 4382 4379 4377
f 4379 874 4380
f 4380 817 4141
f 4141 816 4379
f 4379 4380 4141
f 4389 875 4384
f 4384 817 4380
f 4380 874 4389
f 4389 4384 4380
f 4384 875 4385
f 4385 818 4144
f 4144 817 4384
f 4384 4385 4144
f 4388 875 4383
f 4383 676 4362
f 4362 869 4388
f 4388 4383 4362
f 4383 875 4386
f 4386 819 4147
f 4147 676 4383
f 4383 4386 4147
f 4386 875 4387
f 4387 820 4151
f 4151 819 4386
f 4386 4387 4151
f 4387 875 4389
f 4389 874 4381
f 4381 820 4387
f 4387 4389 4381
f 4393 876 4394
f 4394 874 4382
f 4382 873 4393
f 4393 4394 4382
f 4394 876 4392
f 4392 820 4381
f 4381 874 4394
f 4394 4392 4381
f 4397 877 4398
f 4398 873 4378
f 4378 872 4397
f 4397 4398 4378
f 4398 877 4399
f 4399 876 4393
f 4393 873 4398
f 4398 4399 4393
f 4402 878 4404
f 4404 872 4374
f 4374 812 4402
f 4402 4404 4374
f 4404 878 4405
f 4405 877 4397
f 4397 872 4404
f 4404 4405 4397
f 4411 879 4409
f 4409 843 4372
f 4372 871 4411
f 4411 4409 4372
f 4409 879 4410
f 4410 844 4258
f 4258 843 4409
f 4409 4410 4258
f 4367 823 4371
f 4371 871 4373
f 4373 870 4367
f 4367 4371 4373
f 4371 823 4408
f 4408 879 4411
f 4411 871 4371
f 4371 4408 4411
f 4412 824 4368
f 4368 870 4413
f 4413 880 4412
f 4412 4368 4413
f 4368 824 4163
f 4163 823 4367
f 4367 870 4368
f 4368 4163 4367
f 4230 837 4222
f 4222 808 4226
f 4226 838 4230
f 4230 4222 4226
f 4222 837 4223
f 4223 809 4118
f 4118 808 4222
f 4222 4223 4118
f 4122 810 4253
f 4253 843 4252
f 4252 807 4122
f 4122 4253 4252
f 4253 810 4121
f 4121 806 4251
f 4251 843 4253
f 4253 4121 4251
f 4388 869 4363
f 4363 818 4385
f 4385 875 4388
f 4388 4363 4385
f 4363 869 4364
f 4364 864 4341
f 4341 818 4363
f 4363 4364 4341
f 4365 868 4358
f 4358 864 4364
f 4364 869 4365
f 4365 4358 4364
f 4358 868 4359
f 4359 865 4344
f 4344 864 4358
f 4358 4359 4344
f 4360 867 4354
f 4354 865 4359
f 4359 868 4360
f 4360 4354 4359
f 4354 867 4355
f 4355 866 4350
f 4350 865 4354
f 4354 4355 4350
f 4311 858 4312
f 4312 422 2814
f 2814 421 4311
f 4311 4312 2814
f 4312 858 4313
f 4313 856 4304
f 4304 422 4312
f 4312 4313 4304
f 4295 847 4347
f 4347 866 4349
f 4349 854 4295
f 4295 4347 4349
f 4347 847 4273
f 4273 192 4346
f 4346 866 4347
f 4347 4273 4346
f 3441 630 3631
f 3631 686 3632
f 3632 631 3441
f 3441 3631 3632
f 3631 630 4415
f 4415 881 4418
f 4418 686 3631
f 3631 4415 4418
f 3436 54 4414
f 4414 881 4415
f 4415 630 3436
f 3436 4414 4415
f 4414 54 4420
f 4420 882 4423
f 4423 881 4414
f 4414 4420 4423
f 1998 53 4419
f 4419 882 4420
f 4420 54 1998
f 1998 4419 4420
f 4419 53 4424
f 4424 883 4428
f 4428 882 4419
f 4419 4424 4428
f 3404 617 4425
f 4425 883 4424
f 4424 53 3404
f 3404 4425 4424
f 4425 617 4429
f 4429 884 4434
f 4434 883 4425
f 4425 4429 4434
f 3410 620 4430
f 4430 884 4429
f 4429 617 3410
f 3410 4430 4429
f 4430 620 3967
f 3967 766 4433
f 4433 884 4430
f 4430 3967 4433
f 3466 641 3968
f 3968 766 3967
f 3967 620 3466
f 3466 3968 3967
f 3968 641 3972
f 3972 767 3976
f 3976 766 3968
f 3968 3972 3976
f 3468 640 3971
f 3971 767 3972
f 3972 641 3468
f 3468 3971 3972
f 3971 640 3586
f 3586 675 3973
f 3973 767 3971
f 3971 3586 3973
f 3476 644 3578
f 3578 672 3579
f 3579 645 3476
f 3476 3578 3579
f 3578 644 3599
f 3599 679 3600
f 3600 672 3578
f 3578 3599 3600
f 4418 881 4417
f 4417 685 3633
f 3633 686 4418
f 4418 4417 3633
f 4417 881 4416
f 4416 661 3627
f 3627 685 4417
f 4417 4416 3627
f 4423 882 4422
f 4422 661 4416
f 4416 881 4423
f 4423 4422 4416
f 4422 882 4421
f 4421 652 3534
f 3534 661 4422
f 4422 4421 3534
f 4428 883 4427
f 4427 652 4421
f 4421 882 4428
f 4428 4427 4421
f 4427 883 4426
f 4426 649 3494
f 3494 652 4427
f 4427 4426 3494
f 4434 884 4431
f 4431 649 4426
f 4426 883 4434
f 4434 4431 4426
f 4431 884 4432
f 4432 669 3567
f 3567 649 4431
f 4431 4432 3567
f 4433 766 3969
f 3969 669 4432
f 4432 884 4433
f 4433 3969 4432
f 3969 766 3970
f 3970 765 3965
f 3965 669 3969
f 3969 3970 3965
f 3952 762 3948
f 3948 198 3456
f 3456 637 3952
f 3952 3948 3456
f 3948 762 3953
f 3953 761 3942
f 3942 198 3948
f 3948 3953 3942
f 3901 752 3902
f 3902 598 3350
f 3350 199 3901
f 3901 3902 3350
f 3902 752 3903
f 3903 599 3353
f 3353 598 3902
f 3902 3903 3353
f 3345 597 3346
f 3346 161 2217
f 2217 160 3345
f 3345 3346 2217
f 3346 597 4262
f 4262 845 4259
f 4259 161 3346
f 3346 4262 4259
f 4259 845 4260
f 4260 220 2323
f 2323 161 4259
f 4259 4260 2323
f 4260 845 4261
f 4261 221 2324
f 2324 220 4260
f 4260 4261 2324
f 4272 846 4267
f 4267 221 4261
f 4261 845 4272
f 4272 4267 4261
f 4267 846 4269
f 4269 227 2333
f 2333 221 4267
f 4267 4269 2333
f 2713 226 4268
f 4268 846 4270
f 4270 381 2713
f 2713 4268 4270
f 4268 226 2334
f 2334 227 4269
f 4269 846 4268
f 4268 2334 4269
f 2714 380 2709
f 2709 226 2713
f 2713 381 2714
f 2714 2709 2713
f 2709 380 2710
f 2710 318 2541
f 2541 226 2709
f 2709 2710 2541
f 4437 885 4436
f 4436 380 2721
f 2721 385 4437
f 4437 4436 2721
f 4436 885 4435
f 4435 318 2710
f 2710 380 4436
f 4436 4435 2710
f 4149 820 4150
f 4150 679 3599
f 3599 644 4149
f 4149 4150 3599
f 4150 820 4392
f 4392 876 4391
f 4391 679 4150
f 4150 4392 4391
f 4391 876 4390
f 4390 678 3602
f 3602 679 4391
f 4391 4390 3602
f 4390 876 4399
f 4399 877 4396
f 4396 678 4390
f 4390 4399 4396
f 4400 878 4401
f 4401 616 3403
f 3403 615 4400
f 4400 4401 3403
f 4401 878 4403
f 4403 821 4153
f 4153 616 4401
f 4401 4403 4153
f 4231 152 4235
f 4235 840 4239
f 4239 839 4231
f 4231 4235 4239
f 4235 152 2201
f 2201 126 4234
f 4234 840 4235
f 4235 2201 4234
f 4257 841 4243
f 4243 839 4256
f 4256 844 4257
f 4257 4243 4256
f 4243 841 4240
f 4240 152 4231
f 4231 839 4243
f 4243 4240 4231
f 4257 844 4254
f 4254 266 4242
f 4242 841 4257
f 4257 4254 4242
f 4254 844 4410
f 4410 879 4407
f 4407 266 4254
f 4254 4410 4407
f 4407 879 4406
f 4406 145 2412
f 2412 266 4407
f 4407 4406 2412
f 4406 879 4408
f 4408 823 4160
f 4160 145 4406
f 4406 4408 4160
f 4440 169 4439
f 4439 886 4441
f 4441 887 4440
f 4440 4439 4441
f 4439 169 2227
f 2227 168 4438
f 4438 886 4439
f 4439 2227 4438
f 4444 183 4443
f 4443 888 4445
f 4445 889 4444
f 4444 4443 4445
f 4443 183 2255
f 2255 182 4442
f 4442 888 4443
f 4443 2255 4442
f 4452 891 4450
f 4450 336 4446
f 4446 890 4452
f 4452 4450 4446
f 4450 891 4456
f 4456 892 4453
f 4453 336 4450
f 4450 4456 4453
f 4046 786 4448
f 4448 890 4449
f 4449 787 4046
f 4046 4448 4449
f 4448 786 4451
f 4451 891 4452
f 4452 890 4448
f 4448 4451 4452
f 4460 786 4459
f 4459 893 4462
f 4462 894 4460
f 4460 4459 4462
f 4459 786 4043
f 4043 570 4457
f 4457 893 4459
f 4459 4043 4457
f 3746 713 3745
f 3745 185 3693
f 3693 701 3746
f 3746 3745 3693
f 3745 713 3744
f 3744 182 2258
f 2258 185 3745
f 3745 3744 2258
f 4465 712 4463
f 4463 895 4467
f 4467 896 4465
f 4465 4463 4467
f 4463 712 4455
f 4455 892 4464
f 4464 895 4463
f 4463 4455 4464
f 2257 183 3797
f 3797 724 3798
f 3798 184 2257
f 2257 3797 3798
f 3797 183 4470
f 4470 897 4471
f 4471 724 3797
f 3797 4470 4471
f 4471 897 4468
f 4468 167 3796
f 3796 724 4471
f 4471 4468 3796
f 4468 897 4469
f 4469 168 2225
f 2225 167 4468
f 4468 4469 2225
f 2226 169 4107
f 4107 804 4106
f 4106 166 2226
f 2226 4107 4106
f 4107 169 4473
f 4473 898 4474
f 4474 804 4107
f 4107 4473 4474
f 4413 870 4475
f 4475 898 4476
f 4476 880 4413
f 4413 4475 4476
f 4475 870 4366
f 4366 804 4474
f 4474 898 4475
f 4475 4366 4474
f 4481 900 4480
f 4480 880 4478
f 4478 899 4481
f 4481 4480 4478
f 4480 900 4479
f 4479 824 4412
f 4412 880 4480
f 4480 4479 4412
f 4484 901 4483
f 4483 824 4479
f 4479 900 4484
f 4484 4483 4479
f 4483 901 4482
f 4482 146 4162
f 4162 824 4483
f 4483 4482 4162
f 4491 904 4490
f 4490 902 4486
f 4486 903 4491
f 4491 4490 4486
f 4490 904 4495
f 4495 905 4494
f 4494 902 4490
f 4490 4495 4494
f 4502 908 4501
f 4501 906 4498
f 4498 907 4502
f 4502 4501 4498
f 4501 908 4506
f 4506 909 4505
f 4505 906 4501
f 4501 4506 4505
f 4510 910 4507
f 4507 28 3874
f 3874 744 4510
f 4510 4507 3874
f 4507 910 4516
f 4516 911 4512
f 4512 28 4507
f 4507 4516 4512
f 4525 913 4523
f 4523 902 4519
f 4519 912 4525
f 4525 4523 4519
f 4523 913 4524
f 4524 909 4503
f 4503 902 4523
f 4523 4524 4503
f 4492 419 4530
f 4530 914 4531
f 4531 905 4492
f 4492 4530 4531
f 4530 419 2809
f 2809 291 4529
f 4529 914 4530
f 4530 2809 4529
f 4512 911 4513
f 4513 29 1963
f 1963 28 4512
f 4512 4513 1963
f 4513 911 4537
f 4537 915 4533
f 4533 29 4513
f 4513 4537 4533
f 4533 915 4535
f 4535 473 2954
f 2954 29 4533
f 4533 4535 2954
f 4535 915 4534
f 4534 470 2956
f 2956 473 4535
f 4535 4534 2956
f 4542 913 4521
f 4521 85 4538
f 4538 916 4542
f 4542 4521 4538
f 4521 913 4522
f 4522 86 2069
f 2069 85 4521
f 4521 4522 2069
f 4532 914 4526
f 4526 15 4517
f 4517 912 4532
f 4532 4526 4517
f 4526 914 4527
f 4527 16 1944
f 1944 15 4526
f 4526 4527 1944
f 2262 187 3132
f 3132 531 3133
f 3133 188 2262
f 2262 3132 3133
f 3132 187 2273
f 2273 197 3134
f 3134 531 3132
f 3132 2273 3134
f 3074 187 3498
f 3498 653 3499
f 3499 514 3074
f 3074 3498 3499
f 3498 187 2260
f 2260 186 3497
f 3497 653 3498
f 3498 2260 3497
f 3074 514 3076
f 3076 197 2273
f 2273 187 3074
f 3074 3076 2273
f 3076 514 3075
f 3075 194 2274
f 2274 197 3076
f 3076 3075 2274
f 4544 917 4545
f 4545 476 2970
f 2970 386 4544
f 4544 4545 2970
f 4545 917 4548
f 4548 918 4547
f 4547 476 4545
f 4545 4548 4547
f 4550 919 4549
f 4549 342 2593
f 2593 345 4550
f 4550 4549 2593
f 4549 919 4551
f 4551 745 3879
f 3879 342 4549
f 4549 4551 3879
f 4552 920 4553
f 4553 727 3812
f 3812 283 4552
f 4552 4553 3812
f 4553 920 4556
f 4556 921 4554
f 4554 727 4553
f 4553 4556 4554
f 3655 693 3656
f 3656 282 2450
f 2450 115 3655
f 3655 3656 2450
f 3656 693 4559
f 4559 922 4557
f 4557 282 3656
f 3656 4559 4557
f 4562 379 4546
f 4546 918 4564
f 4564 923 4562
f 4562 4546 4564
f 4546 379 2969
f 2969 476 4547
f 4547 918 4546
f 4546 2969 4547
f 4567 693 4566
f 4566 924 4569
f 4569 925 4567
f 4567 4566 4569
f 4566 693 3657
f 3657 692 4565
f 4565 924 4566
f 4566 3657 4565
f 4571 926 4570
f 4570 345 3814
f 3814 728 4571
f 4571 4570 3814
f 4570 926 4572
f 4572 919 4550
f 4550 345 4570
f 4570 4572 4550
f 4574 927 4575
f 4575 746 3882
f 3882 745 4574
f 4574 4575 3882
f 4575 927 4578
f 4578 928 4577
f 4577 746 4575
f 4575 4578 4577
f 4565 692 4579
f 4579 929 4581
f 4581 924 4565
f 4565 4579 4581
f 4579 692 3885
f 3885 747 4580
f 4580 929 4579
f 4579 3885 4580
f 4577 928 4576
f 4576 416 3881
f 3881 746 4577
f 4577 4576 3881
f 4576 928 4585
f 4585 930 4584
f 4584 416 4576
f 4576 4585 4584
f 3884 117 4561
f 4561 923 4563
f 4563 747 3884
f 3884 4561 4563
f 4561 117 2707
f 2707 379 4562
f 4562 923 4561
f 4561 2707 4562
f 2760 304 4582
f 4582 930 4583
f 4583 400 2760
f 2760 4582 4583
f 4582 304 2802
f 2802 416 4584
f 4584 930 4582
f 4582 2802 4584
f 4586 225 3019
f 2329 225 4588
f 4588 932 4587
f 4587 222 2329
f 2329 4588 4587
f 4588 225 4586
f 4586 931 4591
f 4591 932 4588
f 4588 4586 4591
f 4590 577 3285
f 3285 222 4587
f 4587 932 4590
f 4590 3285 4587
f 3285 577 3286
f 3286 228 2335
f 2335 222 3285
f 3285 3286 2335
f 4590 932 4589
f 4589 574 3287
f 3287 577 4590
f 4590 4589 3287
f 4589 932 4594
f 4594 933 4592
f 4592 574 4589
f 4589 4594 4592
f 4596 933 4593
f 4593 931 4595
f 4595 934 4596
f 4596 4593 4595
f 4593 933 4594
f 4594 932 4591
f 4591 931 4593
f 4593 4594 4591
f 4605 937 4604
f 4604 935 4600
f 4600 936 4605
f 4605 4604 4600
f 4604 937 4603
f 4603 573 4598
f 4598 935 4604
f 4604 4603 4598
f 4606 575 4039
f 4039 785 4610
f 4610 938 4606
f 4606 4039 4610
f 4039 575 4614
f 4614 939 4616
f 4616 785 4039
f 4039 4614 4616
f 4621 942 4620
f 4620 940 4619
f 4619 941 4621
f 4621 4620 4619
f 4620 942 4625
f 4625 943 4624
f 4624 940 4620
f 4620 4625 4624
f 4632 945 4630
f 4630 933 4626
f 4626 944 4632
f 4632 4630 4626
f 4630 945 4629
f 4629 574 4592
f 4592 933 4630
f 4630 4629 4592
f 4637 941 4636
f 4636 946 4640
f 4640 947 4637
f 4637 4636 4640
f 4636 941 4619
f 4619 940 4635
f 4635 946 4636
f 4636 4619 4635
f 4644 948 4643
f 4643 945 4639
f 4639 947 4644
f 4644 4643 4639
f 4643 948 4642
f 4642 939 4631
f 4631 945 4643
f 4643 4642 4631
f 4596 934 4627
f 4627 944 4626
f 4626 933 4596
f 4596 4627 4626
f 4627 934 4645
f 4645 949 4648
f 4648 944 4627
f 4627 4645 4648
f 4649 334 4623
f 4623 943 4651
f 4651 4649 4623
f 4652 334 4649
f 4653 335 2575
f 2575 334 4652
f 4652 4653 2575
f 4654 335 4653
f 4655 335 4654
f 2573 239 4622
f 4622 943 4623
f 4623 334 2573
f 2573 4622 4623
f 4622 239 4618
f 4618 940 4624
f 4624 943 4622
f 4622 4618 4624
f 2360 238 4617
f 4617 940 4618
f 4618 239 2360
f 2360 4617 4618
f 4617 238 4633
f 4633 946 4635
f 4635 940 4617
f 4617 4633 4635
f 4599 936 4634
f 4634 946 4633
f 4633 238 4599
f 4599 4634 4633
f 4634 936 4657
f 4657 951 4658
f 4658 946 4634
f 4634 4657 4658
f 4661 952 4665
f 4665 935 4597
f 4597 568 4661
f 4661 4665 4597
f 4665 952 4671
f 4671 953 4668
f 4668 935 4665
f 4665 4671 4668
f 4104 803 4103
f 4103 567 4044
f 4044 787 4104
f 4104 4103 4044
f 4103 803 4105
f 4105 802 4098
f 4098 567 4103
f 4103 4105 4098
f 4677 954 4675
f 4675 787 4449
f 4449 890 4677
f 4677 4675 4449
f 4675 954 4676
f 4676 803 4104
f 4104 787 4675
f 4675 4676 4104
f 4672 954 4674
f 4674 708 3724
f 3724 259 4672
f 4672 4674 3724
f 4674 954 4673
f 4673 339 3725
f 3725 708 4674
f 4674 4673 3725
f 4677 890 4447
f 4447 339 4673
f 4673 954 4677
f 4677 4447 4673
f 4447 890 4446
f 4446 336 2579
f 2579 339 4447
f 4447 4446 2579
f 2453 284 3031
f 3030 233 2453
f 2453 3031 3030
f 3031 284 4678
f 3107 524 4679
f 4678 284 3107
f 3107 4679 4678
f 4679 524 4680
f 4683 949 4682
f 4682 949 4645
f 4645 934 4681
f 4682 4645 4681
f 4625 942 4650
f 4651 943 4625
f 4625 4650 4651
f 4650 942 4684
f 4598 573 3279
f 3279 568 4597
f 4597 935 4598
f 4598 3279 4597
f 3279 573 3280
f 3280 569 3272
f 3272 568 3279
f 3279 3280 3272
f 4100 801 4663
f 4663 952 4664
f 4664 802 4100
f 4100 4663 4664
f 4663 801 4096
f 4096 783 4662
f 4662 952 4663
f 4663 4096 4662
f 3296 578 4049
f 4049 788 4050
f 4050 581 3296
f 3296 4049 4050
f 4049 578 4053
f 4053 789 4055
f 4055 788 4049
f 4049 4053 4055
f 4608 938 4611
f 4611 790 4058
f 4058 580 4608
f 4608 4611 4058
f 4611 938 4612
f 4612 791 4063
f 4063 790 4611
f 4611 4612 4063
f 3302 581 4066
f 4066 792 4067
f 4067 583 3302
f 3302 4066 4067
f 4066 581 4050
f 4050 788 4068
f 4068 792 4066
f 4066 4050 4068
f 4694 956 4692
f 4692 793 4688
f 4688 955 4694
f 4694 4692 4688
f 4692 956 4693
f 4693 794 4073
f 4073 793 4692
f 4692 4693 4073
f 4702 958 4700
f 4700 795 4697
f 4697 957 4702
f 4702 4700 4697
f 4700 958 4701
f 4701 796 4077
f 4077 795 4700
f 4700 4701 4077
f 4612 938 4609
f 4609 784 4062
f 4062 791 4612
f 4612 4609 4062
f 4609 938 4610
f 4610 785 4042
f 4042 784 4609
f 4609 4610 4042
f 4703 583 4080
f 4080 797 4706
f 4706 959 4703
f 4703 4080 4706
f 4080 583 4067
f 4067 792 4081
f 4081 797 4080
f 4080 4067 4081
f 4713 960 4710
f 4710 796 4701
f 4701 958 4713
f 4713 4710 4701
f 4710 960 4711
f 4711 798 4085
f 4085 796 4710
f 4710 4711 4085
f 3295 580 4054
f 4054 789 4053
f 4053 578 3295
f 3295 4054 4053
f 4054 580 4058
f 4058 790 4059
f 4059 789 4054
f 4054 4058 4059
f 4724 962 4721
f 4721 799 4717
f 4717 961 4724
f 4724 4721 4717
f 4721 962 4722
f 4722 800 4092
f 4092 799 4721
f 4721 4722 4092
f 4098 802 4099
f 4099 568 3270
f 3270 567 4098
f 4098 4099 3270
f 4099 802 4664
f 4664 952 4661
f 4661 568 4099
f 4099 4664 4661
f 3686 352 2604
f 2604 292 3685
f 3685 699 3686
f 3686 2604 3685
f 2604 352 2605
f 2605 293 2480
f 2480 292 2604
f 2604 2605 2480
f 3701 702 3697
f 3697 337 3695
f 3695 701 3701
f 3701 3697 3695
f 3697 702 3698
f 3698 338 2578
f 2578 337 3697
f 3697 3698 2578
f 3709 704 3705
f 3705 394 3047
f 3047 505 3709
f 3709 3705 3047
f 3705 704 3706
f 3706 395 2751
f 2751 394 3705
f 3705 3706 2751
f 2753 398 2767
f 2767 403 2766
f 2766 274 2753
f 2753 2767 2766
f 2767 398 2769
f 2769 404 2771
f 2771 403 2767
f 2767 2769 2771
f 3716 706 3714
f 3714 498 3039
f 3039 501 3716
f 3716 3714 3039
f 3714 706 3715
f 3715 499 3036
f 3036 498 3714
f 3714 3715 3036
f 3049 506 3060
f 3060 508 3059
f 3059 351 3049
f 3049 3060 3059
f 3060 506 3065
f 3065 509 3066
f 3066 508 3060
f 3060 3065 3066
f 2790 413 2791
f 2791 403 2768
f 2768 402 2790
f 2790 2791 2768
f 2791 413 3684
f 3684 698 3682
f 3682 403 2791
f 2791 3684 3682
f 2307 215 3057
f 3057 508 3056
f 3056 138 2307
f 2307 3057 3056
f 3057 215 2479
f 2479 293 3058
f 3058 508 3057
f 3057 2479 3058
f 2053 73 3032
f 3032 498 3033
f 3033 80 2053
f 2053 3032 3033
f 3032 73 3719
f 3719 707 3721
f 3721 498 3032
f 3032 3719 3721
f 1992 50 2748
f 2748 394 2747
f 2747 47 1992
f 1992 2748 2747
f 2748 50 3061
f 3061 509 3063
f 3063 394 2748
f 2748 3061 3063
f 3699 510 3067
f 3067 338 3698
f 3698 702 3699
f 3699 3067 3698
f 3067 510 3728
f 3728 709 3726
f 3726 338 3067
f 3067 3728 3726
f 4453 892 4454
f 4454 337 2576
f 2576 336 4453
f 4453 4454 2576
f 4454 892 4455
f 4455 712 3742
f 3742 337 4454
f 4454 4455 3742
f 3736 711 3739
f 3739 292 2477
f 2477 214 3736
f 3736 3739 2477
f 3739 711 3741
f 3741 710 3731
f 3731 292 3739
f 3739 3741 3731
f 4601 237 4727
f 4727 964 4730
f 4730 937 4601
f 4601 4727 4730
f 4727 237 4726
f 4726 963 4731
f 4731 964 4727
f 4727 4726 4731
f 4606 938 4607
f 4607 576 3284
f 3284 575 4606
f 4606 4607 3284
f 4607 938 4608
f 4608 580 3294
f 3294 576 4607
f 4607 4608 3294
f 3291 228 3283
f 3283 576 3292
f 3292 579 3291
f 3291 3283 3292
f 3283 228 3286
f 3286 577 3289
f 3289 576 3283
f 3283 3286 3289
f 2338 228 3298
f 3298 582 3299
f 3299 229 2338
f 2338 3298 3299
f 3298 228 3291
f 3291 579 3300
f 3300 582 3298
f 3298 3291 3300
f 2457 229 3304
f 3304 584 3305
f 3305 285 2457
f 2457 3304 3305
f 3304 229 3299
f 3299 582 3306
f 3306 584 3304
f 3304 3299 3306
f 4703 959 4704
f 4704 584 3307
f 3307 583 4703
f 4703 4704 3307
f 4704 959 4705
f 4705 585 3310
f 3310 584 4704
f 4704 4705 3310
f 4723 962 4719
f 4719 585 4705
f 4705 959 4723
f 4723 4719 4705
f 4719 962 4720
f 4720 586 3313
f 3313 585 4719
f 4719 4720 3313
f 4718 956 4690
f 4690 588 4715
f 4715 961 4718
f 4718 4690 4715
f 4690 956 4691
f 4691 589 3323
f 3323 588 4690
f 4690 4691 3323
f 4712 960 4708
f 4708 590 4687
f 4687 955 4712
f 4712 4708 4687
f 4708 960 4709
f 4709 591 3329
f 3329 590 4708
f 4708 4709 3329
f 4702 957 4695
f 4695 592 4699
f 4699 958 4702
f 4702 4695 4699
f 4695 957 4696
f 4696 593 3335
f 3335 592 4695
f 4695 4696 3335
f 4734 965 4732
f 4732 593 4696
f 4696 957 4734
f 4734 4732 4696
f 4732 965 4733
f 4733 594 3337
f 3337 593 4732
f 4732 4733 3337
f 4599 238 4602
f 4602 937 4605
f 4605 936 4599
f 4599 4602 4605
f 4602 238 2357
f 2357 237 4601
f 4601 937 4602
f 4602 2357 4601
f 3282 574 4613
f 4613 939 4614
f 4614 575 3282
f 3282 4613 4614
f 4613 574 4629
f 4629 945 4631
f 4631 939 4613
f 4613 4629 4631
f 4641 948 4669
f 4669 953 4666
f 4666 782 4641
f 4641 4669 4666
f 4669 948 4660
f 4660 951 4670
f 4670 953 4669
f 4669 4660 4670
f 4600 935 4656
f 4656 951 4657
f 4657 936 4600
f 4600 4656 4657
f 4656 935 4668
f 4668 953 4670
f 4670 951 4656
f 4656 4668 4670
f 4735 966 4736
f 4736 918 4548
f 4548 917 4735
f 4735 4736 4548
f 4736 966 4739
f 4739 967 4737
f 4737 918 4736
f 4736 4739 4737
f 4737 967 4738
f 4738 923 4564
f 4564 918 4737
f 4737 4738 4564
f 4738 967 4743
f 4743 968 4741
f 4741 923 4738
f 4738 4743 4741
f 4580 747 4740
f 4740 968 4742
f 4742 929 4580
f 4580 4740 4742
f 4740 747 4563
f 4563 923 4741
f 4741 968 4740
f 4740 4563 4741
f 4465 896 4466
f 4466 713 3747
f 3747 712 4465
f 4465 4466 3747
f 4466 896 4747
f 4747 969 4745
f 4745 713 4466
f 4466 4747 4745
f 3256 562 3257
f 3257 533 3145
f 3145 532 3256
f 3256 3257 3145
f 3257 562 3258
f 3258 561 3252
f 3252 533 3257
f 3257 3258 3252
f 3144 533 3143
f 3143 189 2887
f 2887 451 3144
f 3144 3143 2887
f 3143 533 3142
f 3142 186 2263
f 2263 189 3143
f 3143 3142 2263
f 3892 749 3893
f 3893 384 2720
f 2720 383 3892
f 3892 3893 2720
f 3893 749 3899
f 3899 751 3898
f 3898 384 3893
f 3893 3899 3898
f 3220 553 4750
f 4750 970 4749
f 4749 315 3220
f 3220 4750 4749
f 4750 553 3224
f 3224 555 4751
f 4751 970 4750
f 4750 3224 4751
f 2418 82 2786
f 2786 412 2787
f 2787 270 2418
f 2418 2786 2787
f 2786 82 2059
f 2059 81 2785
f 2785 412 2786
f 2786 2059 2785
f 2369 96 2419
f 2419 270 2420
f 2420 243 2369
f 2369 2419 2420
f 2419 96 2093
f 2093 82 2418
f 2418 270 2419
f 2419 2093 2418
f 2094 96 3021
f 3021 495 3020
f 3020 95 2094
f 2094 3021 3020
f 3021 96 2371
f 2371 245 3022
f 3022 495 3021
f 3021 2371 3022
f 3102 267 3104
f 3105 523 3102
f 3102 3104 3105
f 3316 497 3103
f 3103 523 3317
f 3317 587 3316
f 3316 3103 3317
f 3103 497 3027
f 3027 267 3102
f 3102 523 3103
f 3103 3027 3102
f 2785 81 4753
f 4753 971 4755
f 4755 412 2785
f 2785 4753 4755
f 4753 81 3035
f 3035 499 4756
f 4756 971 4753
f 4753 3035 4756
f 3028 497 3325
f 3325 590 3324
f 3324 308 3028
f 3028 3325 3324
f 3325 497 3321
f 3321 589 3326
f 3326 590 3325
f 3325 3321 3326
f 4766 706 4761
f 4761 972 4768
f 4768 973 4766
f 4766 4761 4768
f 4761 706 3717
f 3717 705 4760
f 4760 972 4761
f 4761 3717 4760
f 3022 245 4086
f 4086 799 4087
f 4087 495 3022
f 3022 4086 4087
f 4086 245 4072
f 4072 794 4088
f 4088 799 4086
f 4086 4072 4088
f 4088 794 4716
f 4716 961 4717
f 4717 799 4088
f 4088 4716 4717
f 4716 794 4693
f 4693 956 4718
f 4718 961 4716
f 4716 4693 4718
f 4756 499 4765
f 4765 973 4767
f 4767 971 4756
f 4756 4765 4767
f 4765 499 3715
f 3715 706 4766
f 4766 973 4765
f 4765 3715 4766
f 3326 589 4686
f 4686 955 4687
f 4687 590 3326
f 3326 4686 4687
f 4686 589 4691
f 4691 956 4694
f 4694 955 4686
f 4686 4691 4694
f 2052 74 2054
f 2054 80 2055
f 2055 79 2052
f 2052 2054 2055
f 2054 74 2042
f 2042 73 2053
f 2053 80 2054
f 2054 2042 2053
f 2041 74 2461
f 2461 286 2460
f 2460 71 2041
f 2041 2461 2460
f 2461 74 2157
f 2157 122 2463
f 2463 286 2461
f 2461 2157 2463
f 3101 255 3315
f 3315 587 3317
f 3317 523 3101
f 3101 3315 3317
f 3315 255 2388
f 2388 254 3314
f 3314 587 3315
f 3315 2388 3314
f 2463 122 2465
f 2465 287 2467
f 2467 286 2463
f 2463 2465 2467
f 2465 122 3024
f 3024 496 3025
f 3025 287 2465
f 2465 3024 3025
f 3702 503 3708
f 3708 704 3710
f 3710 703 3702
f 3702 3708 3710
f 3708 503 3046
f 3046 502 3707
f 3707 704 3708
f 3708 3046 3707
f 2387 255 2455
f 2455 284 2454
f 2454 252 2387
f 2387 2455 2454
f 2455 255 3106
f 3106 524 3107
f 3107 284 2455
f 2455 3106 3107
f 3314 254 3318
f 3318 588 3320
f 3320 587 3314
f 3314 3318 3320
f 3318 254 3312
f 3312 586 3319
f 3319 588 3318
f 3318 3312 3319
f 3707 502 3041
f 3041 395 3706
f 3706 704 3707
f 3707 3041 3706
f 3041 502 3723
f 3723 707 3720
f 3720 395 3041
f 3041 3723 3720
f 3025 496 4079
f 4079 797 4078
f 4078 287 3025
f 3025 4079 4078
f 4079 496 4090
f 4090 800 4091
f 4091 797 4079
f 4079 4090 4091
f 4091 800 4707
f 4707 959 4706
f 4706 797 4091
f 4091 4707 4706
f 4707 800 4722
f 4722 962 4723
f 4723 959 4707
f 4707 4722 4723
f 3720 707 3718
f 3718 72 2750
f 2750 395 3720
f 3720 3718 2750
f 3718 707 3719
f 3719 73 2040
f 2040 72 3718
f 3718 3719 2040
f 3319 586 4714
f 4714 961 4715
f 4715 588 3319
f 3319 4714 4715
f 4714 586 4720
f 4720 962 4724
f 4724 961 4714
f 4714 4720 4724
f 3915 31 4769
f 4769 974 4774
f 4774 756 3915
f 3915 4769 4774
f 4769 31 1968
f 1968 34 4770
f 4770 974 4769
f 4769 1968 4770
f 4760 705 3780
f 3780 720 4762
f 4762 972 4760
f 4760 3780 4762
f 3780 705 3711
f 3711 33 3777
f 3777 720 3780
f 3780 3711 3777
f 3712 500 3037
f 3037 33 3711
f 3711 705 3712
f 3712 3037 3711
f 3037 500 3038
f 3038 34 1970
f 1970 33 3037
f 3037 3038 1970
f 3045 503 3044
f 3044 34 3038
f 3038 500 3045
f 3045 3044 3038
f 3044 503 4771
f 4771 974 4770
f 4770 34 3044
f 3044 4771 4770
f 4773 974 4772
f 4772 703 3789
f 3789 722 4773
f 4773 4772 3789
f 4772 974 4771
f 4771 503 3702
f 3702 703 4772
f 4772 4771 3702
f 3556 667 3557
f 3557 131 2170
f 2170 130 3556
f 3556 3557 2170
f 3557 667 4015
f 4015 777 4011
f 4011 131 3557
f 3557 4015 4011
f 2410 148 4245
f 4245 842 4248
f 4248 265 2410
f 2410 4245 4248
f 4245 148 2193
f 2193 147 4244
f 4244 842 4245
f 4245 2193 4244
f 4672 259 4102
f 4102 803 4676
f 4676 954 4672
f 4672 4102 4676
f 4102 259 2395
f 2395 258 4101
f 4101 803 4102
f 4102 2395 4101
f 2551 262 3802
f 3802 725 3804
f 3804 324 2551
f 2551 3802 3804
f 3802 262 2401
f 2401 261 3801
f 3801 725 3802
f 3802 2401 3801
f 3922 313 3219
f 3219 553 3925
f 3925 757 3922
f 3922 3219 3925
f 3219 313 2534
f 2534 312 3218
f 3218 553 3219
f 3219 2534 3218
f 2566 331 3395
f 3395 613 3393
f 3393 124 2566
f 2566 3395 3393
f 3395 331 2567
f 2567 330 3394
f 3394 613 3395
f 3395 2567 3394
f 4030 263 2585
f 2585 341 4031
f 4031 781 4030
f 4030 2585 4031
f 2585 263 2404
f 2404 262 2584
f 2584 341 2585
f 2585 2404 2584
f 4027 779 4023
f 4023 484 4026
f 4026 780 4027
f 4027 4023 4026
f 4023 779 4024
f 4024 485 2996
f 2996 484 4023
f 4023 4024 2996
f 4329 488 4336
f 4336 863 4338
f 4338 862 4329
f 4329 4336 4338
f 4336 488 3001
f 3001 487 4335
f 4335 863 4336
f 4336 3001 4335
f 3068 511 3700
f 3700 702 3696
f 3696 310 3068
f 3068 3700 3696
f 3700 511 3069
f 3069 510 3699
f 3699 702 3700
f 3700 3069 3699
f 4011 777 4014
f 4014 515 3078
f 3078 131 4011
f 4011 4014 3078
f 4014 777 4019
f 4019 778 4018
f 4018 515 4014
f 4014 4019 4018
f 4777 554 3221
f 3221 143 4775
f 4775 975 4777
f 4777 3221 4775
f 3221 554 3222
f 3222 312 2529
f 2529 143 3221
f 3221 3222 2529
f 3360 601 3357
f 3357 123 2198
f 2198 151 3360
f 3360 3357 2198
f 3357 601 3361
f 3361 600 3354
f 3354 123 3357
f 3357 3361 3354
f 3957 621 3413
f 3413 333 3954
f 3954 763 3957
f 3957 3413 3954
f 3413 621 3412
f 3412 330 2570
f 2570 333 3413
f 3413 3412 2570
f 4009 668 3562
f 3562 634 4007
f 4007 776 4009
f 4009 3562 4007
f 3562 668 3563
f 3563 635 3451
f 3451 634 3562
f 3562 3563 3451
f 3469 642 3470
f 3470 640 3465
f 3465 639 3469
f 3469 3470 3465
f 3470 642 3474
f 3474 645 3473
f 3473 640 3470
f 3470 3474 3473
f 4004 775 4002
f 4002 664 3641
f 3641 688 4004
f 4004 4002 3641
f 4002 775 4003
f 4003 665 3550
f 3550 664 4002
f 4002 4003 3550
f 4010 776 4008
f 4008 665 4003
f 4003 775 4010
f 4010 4008 4003
f 4008 776 4007
f 4007 634 3549
f 3549 665 4008
f 4008 4007 3549
f 2169 129 3448
f 3448 635 3449
f 3449 130 2169
f 2169 3448 3449
f 3448 129 3452
f 3452 636 3455
f 3455 635 3448
f 3448 3452 3455
f 4329 862 4330
f 4330 670 3569
f 3569 488 4329
f 4329 4330 3569
f 4330 862 4332
f 4332 861 4326
f 4326 670 4330
f 4330 4332 4326
f 4326 861 4324
f 4324 639 3570
f 3570 670 4326
f 4326 4324 3570
f 4324 861 4325
f 4325 642 3469
f 3469 639 4324
f 4324 4325 3469
f 3973 675 3961
f 3961 764 3974
f 3974 767 3973
f 3973 3961 3974
f 3961 675 3589
f 3589 674 3960
f 3960 764 3961
f 3961 3589 3960
f 2268 193 3547
f 3547 664 3546
f 3546 190 2268
f 2268 3547 3546
f 3547 193 3642
f 3642 689 3643
f 3643 664 3547
f 3547 3642 3643
f 3726 709 3727
f 3727 339 2580
f 2580 338 3726
f 3726 3727 2580
f 3727 709 3730
f 3730 708 3725
f 3725 339 3727
f 3727 3730 3725
f 3769 718 3768
f 3768 310 2528
f 2528 311 3769
f 3769 3768 2528
f 3768 718 3770
f 3770 511 3068
f 3068 310 3768
f 3768 3770 3068
f 3801 261 2527
f 2527 311 3803
f 3803 725 3801
f 3801 2527 3803
f 2527 261 3766
f 3766 718 3769
f 3769 311 2527
f 2527 3766 3769
f 4662 783 4667
f 4667 953 4671
f 4671 952 4662
f 4662 4667 4671
f 4667 783 4035
f 4035 782 4666
f 4666 953 4667
f 4667 4035 4666
f 4093 801 4094
f 4094 257 2393
f 2393 256 4093
f 4093 4094 2393
f 4094 801 4095
f 4095 258 2394
f 2394 257 4094
f 4094 4095 2394
f 4210 835 4211
f 4211 484 2993
f 2993 483 4210
f 4210 4211 2993
f 4211 835 4213
f 4213 833 4202
f 4202 484 4211
f 4211 4213 4202
f 2997 486 2998
f 2998 341 2586
f 2586 340 2997
f 2997 2998 2586
f 2998 486 3000
f 3000 485 2994
f 2994 341 2998
f 2998 3000 2994
f 4244 147 2200
f 2200 151 4246
f 4246 842 4244
f 4244 2200 4246
f 2200 147 3358
f 3358 601 3360
f 3360 151 2200
f 2200 3358 3360
f 2195 148 3920
f 3920 757 3921
f 3921 149 2195
f 2195 3920 3921
f 3920 148 2532
f 2532 313 3922
f 3922 757 3920
f 3920 2532 3922
f 3999 774 4275
f 4275 848 4274
f 4274 773 3999
f 3999 4275 4274
f 4275 774 4279
f 4279 849 4281
f 4281 848 4275
f 4275 4279 4281
f 4295 854 4296
f 4296 848 4276
f 4276 847 4295
f 4295 4296 4276
f 4296 854 4297
f 4297 851 4289
f 4289 848 4296
f 4296 4297 4289
f 3992 772 4292
f 4292 853 4291
f 4291 771 3992
f 3992 4292 4291
f 4292 772 4287
f 4287 851 4293
f 4293 853 4292
f 4292 4287 4293
f 4291 853 4290
f 4290 770 3989
f 3989 771 4291
f 4291 4290 3989
f 4290 853 4303
f 4303 855 4301
f 4301 770 4290
f 4290 4303 4301
f 4314 857 4310
f 4310 856 4313
f 4313 858 4314
f 4314 4310 4313
f 4310 857 4309
f 4309 855 4306
f 4306 856 4310
f 4310 4309 4306
f 4308 857 4307
f 4307 768 3982
f 3982 769 4308
f 4308 4307 3982
f 4307 857 4321
f 4321 860 4320
f 4320 768 4307
f 4307 4321 4320
f 4335 487 4316
f 4316 859 4337
f 4337 863 4335
f 4335 4316 4337
f 4316 487 4318
f 4318 860 4323
f 4323 859 4316
f 4316 4318 4323
f 4283 850 4284
f 4284 689 3642
f 3642 193 4283
f 4283 4284 3642
f 4284 850 4286
f 4286 849 4277
f 4277 689 4284
f 4284 4286 4277
f 3588 675 3587
f 3587 645 3579
f 3579 672 3588
f 3588 3587 3579
f 3587 675 3586
f 3586 640 3473
f 3473 645 3587
f 3587 3586 3473
f 4648 949 4646
f 4646 941 4628
f 4628 944 4648
f 4648 4646 4628
f 4646 949 4647
f 4647 942 4621
f 4621 941 4646
f 4646 4647 4621
f 4632 944 4638
f 4638 947 4639
f 4639 945 4632
f 4632 4638 4639
f 4638 944 4628
f 4628 941 4637
f 4637 947 4638
f 4638 4628 4637
f 4658 951 4659
f 4659 947 4640
f 4640 946 4658
f 4658 4659 4640
f 4659 951 4660
f 4660 948 4644
f 4644 947 4659
f 4659 4660 4644
f 2400 259 3737
f 3737 711 3738
f 3738 260 2400
f 2400 3737 3738
f 3737 259 3724
f 3724 708 3740
f 3740 711 3737
f 3737 3724 3740
f 4647 949 4685
f 4684 942 4647
f 4647 4685 4684
f 4685 949 4683
f 4038 783 4034
f 4034 256 4037
f 4037 784 4038
f 4038 4034 4037
f 4034 783 4096
f 4096 801 4093
f 4093 256 4034
f 4034 4096 4093
f 3735 709 3729
f 3729 513 3732
f 3732 710 3735
f 3735 3729 3732
f 3729 709 3728
f 3728 510 3072
f 3072 513 3729
f 3729 3728 3072
f 4616 939 4615
f 4615 782 4040
f 4040 785 4616
f 4616 4615 4040
f 4615 939 4642
f 4642 948 4641
f 4641 782 4615
f 4615 4642 4641
f 2473 103 2103
f 2103 16 2472
f 2472 290 2473
f 2473 2103 2472
f 2103 103 2104
f 2104 17 1945
f 1945 16 2103
f 2103 2104 1945
f 1977 41 2063
f 2063 83 2062
f 2062 12 1977
f 1977 2063 2062
f 2063 41 2688
f 2688 375 2689
f 2689 83 2063
f 2063 2688 2689
f 2106 102 2100
f 2100 17 2104
f 2104 103 2106
f 2106 2100 2104
f 2100 102 2101
f 2101 69 2031
f 2031 17 2100
f 2100 2101 2031
f 2742 200 2280
f 2280 127 2741
f 2741 393 2742
f 2742 2280 2741
f 2280 200 2281
f 2281 128 2168
f 2168 127 2280
f 2280 2281 2168
f 3347 23 2277
f 2277 199 3350
f 3350 598 3347
f 3347 2277 3350
f 2277 23 2166
f 2166 128 2278
f 2278 199 2277
f 2277 2166 2278
f 2426 272 2427
f 2427 268 2414
f 2414 249 2426
f 2426 2427 2414
f 2427 272 2428
f 2428 271 2422
f 2422 268 2427
f 2427 2428 2422
f 4758 276 4764
f 4764 973 4768
f 4768 972 4758
f 4758 4764 4768
f 4764 276 2433
f 2433 275 4763
f 4763 973 4764
f 4764 2433 4763
f 3778 277 4759
f 4759 972 4762
f 4762 720 3778
f 3778 4759 4762
f 4759 277 2434
f 2434 276 4758
f 4758 972 4759
f 4759 2434 4758
f 2050 78 2440
f 2440 280 2439
f 2439 75 2050
f 2050 2440 2439
f 2440 78 2444
f 2444 281 2447
f 2447 280 2440
f 2440 2444 2447
f 2424 272 2425
f 2425 244 2370
f 2370 243 2424
f 2424 2425 2370
f 2425 272 2518
f 2518 307 2515
f 2515 244 2425
f 2425 2518 2515
f 2520 250 2522
f 2523 309 2520
f 2520 2522 2523
f 3886 317 3891
f 3891 749 3894
f 3894 748 3886
f 3886 3891 3894
f 3891 317 2540
f 2540 316 3890
f 3890 749 3891
f 3891 2540 3890
f 2689 375 2686
f 2686 9 2060
f 2060 83 2689
f 2689 2686 2060
f 2686 375 2691
f 2691 374 2683
f 2683 9 2686
f 2686 2691 2683
f 2422 271 2765
f 2765 402 2764
f 2764 268 2422
f 2422 2765 2764
f 2765 271 2789
f 2789 413 2790
f 2790 402 2765
f 2765 2789 2790
f 2123 109 2122
f 2122 69 2101
f 2101 102 2123
f 2123 2122 2101
f 2122 109 2445
f 2445 281 2442
f 2442 69 2122
f 2122 2445 2442
f 3109 525 3110
f 3110 26 1958
f 1958 8 3109
f 3109 3110 1958
f 3110 525 3111
f 3111 127 2165
f 2165 26 3110
f 3110 3111 2165
f 2520 309 3331
f 3331 592 3330
f 3330 250 2520
f 2520 3331 3330
f 3331 309 3328
f 3328 591 3332
f 3332 592 3331
f 3331 3328 3332
f 3112 525 3637
f 3637 687 3636
f 3636 391 3112
f 3112 3637 3636
f 3637 525 3344
f 3344 596 3638
f 3638 687 3637
f 3637 3344 3638
f 3638 596 3342
f 3342 373 3635
f 3635 687 3638
f 3638 3342 3635
f 3342 596 3343
f 3343 374 2685
f 2685 373 3342
f 3342 3343 2685
f 4763 275 4754
f 4754 971 4767
f 4767 973 4763
f 4763 4754 4767
f 4754 275 3681
f 3681 698 4757
f 4757 971 4754
f 4754 3681 4757
f 2437 277 2510
f 2510 306 2511
f 2511 278 2437
f 2437 2510 2511
f 2510 277 3781
f 3781 721 3784
f 3784 306 2510
f 2510 3781 3784
f 4781 733 4485
f 4485 903 4783
f 4783 976 4781
f 4781 4485 4783
f 4485 733 4489
f 4489 904 4491
f 4491 903 4485
f 4485 4489 4491
f 4752 750 3895
f 3895 315 4749
f 4749 970 4752
f 4752 3895 4749
f 3895 750 3896
f 3896 316 2538
f 2538 315 3895
f 3895 3896 2538
f 3947 760 3938
f 3938 752 3946
f 3946 761 3947
f 3947 3938 3946
f 3938 760 3939
f 3939 753 3906
f 3906 752 3938
f 3938 3939 3906
f 3930 755 3934
f 3934 759 3935
f 3935 758 3930
f 3930 3934 3935
f 3934 755 3914
f 3914 754 3933
f 3933 759 3934
f 3934 3914 3933
f 2441 279 3782
f 3782 721 3783
f 3783 280 2441
f 2441 3782 3783
f 3782 279 2512
f 2512 306 3784
f 3784 721 3782
f 3782 2512 3784
f 2515 307 4070
f 4070 793 4069
f 4069 244 2515
f 2515 4070 4069
f 4070 307 4083
f 4083 798 4084
f 4084 793 4070
f 4070 4083 4084
f 3379 606 3907
f 3907 754 3908
f 3908 607 3379
f 3379 3907 3908
f 3907 606 3905
f 3905 753 3910
f 3910 754 3907
f 3907 3905 3910
f 3912 755 3913
f 3913 748 3889
f 3889 608 3912
f 3912 3913 3889
f 3913 755 3911
f 3911 317 3886
f 3886 748 3913
f 3913 3911 3886
f 3942 761 3943
f 3943 199 2279
f 2279 198 3942
f 3942 3943 2279
f 3943 761 3946
f 3946 752 3901
f 3901 199 3943
f 3943 3946 3901
f 4492 905 4493
f 4493 420 2813
f 2813 419 4492
f 4492 4493 2813
f 4493 905 4495
f 4495 904 4487
f 4487 420 4493
f 4493 4495 4487
f 4494 905 4520
f 4520 912 4519
f 4519 902 4494
f 4494 4520 4519
f 4520 905 4531
f 4531 914 4532
f 4532 912 4520
f 4520 4531 4532
f 2476 290 4528
f 4528 914 4529
f 4529 291 2476
f 2476 4528 4529
f 4528 290 2472
f 2472 16 4527
f 4527 914 4528
f 4528 2472 4527
f 4084 798 4689
f 4689 955 4688
f 4688 793 4084
f 4084 4689 4688
f 4689 798 4711
f 4711 960 4712
f 4712 955 4689
f 4689 4711 4712
f 4757 698 3683
f 3683 412 4755
f 4755 971 4757
f 4757 3683 4755
f 3683 698 3684
f 3684 413 2792
f 2792 412 3683
f 3683 3684 2792
f 3332 591 4698
f 4698 958 4699
f 4699 592 3332
f 3332 4698 4699
f 4698 591 4709
f 4709 960 4713
f 4713 958 4698
f 4698 4709 4713
f 2574 335 4786
f 4786 977 4785
f 4785 236 2574
f 2574 4786 4785
f 4786 335 4655
f 4655 950 4787
f 4787 977 4786
f 4786 4655 4787
f 2067 84 2065
f 2065 12 2062
f 2062 83 2067
f 2067 2065 2062
f 2065 84 2066
f 2066 13 1941
f 1941 12 2065
f 2065 2066 1941
f 2690 375 2687
f 2687 40 2676
f 2676 372 2690
f 2690 2687 2676
f 2687 375 2688
f 2688 41 1979
f 1979 40 2687
f 2687 2688 1979
f 2001 57 2002
f 2002 20 1949
f 1949 19 2001
f 2001 2002 1949
f 2002 57 2003
f 2003 56 1999
f 1999 20 2002
f 2002 2003 1999
f 2673 371 2671
f 2671 66 2667
f 2667 368 2673
f 2673 2671 2667
f 2671 371 2672
f 2672 67 2026
f 2026 66 2671
f 2671 2672 2026
f 3234 107 2117
f 2117 76 3233
f 3233 557 3234
f 3234 2117 3233
f 2117 107 2118
f 2118 77 2048
f 2048 76 2117
f 2117 2118 2048
f 2071 87 2070
f 2070 15 1946
f 1946 18 2071
f 2071 2070 1946
f 2070 87 2073
f 2073 86 2068
f 2068 15 2070
f 2070 2073 2068
f 2049 78 2113
f 2113 106 2111
f 2111 70 2049
f 2049 2113 2111
f 2113 78 2051
f 2051 77 2112
f 2112 106 2113
f 2113 2051 2112
f 3820 14 2128
f 2128 111 3821
f 3821 730 3820
f 3820 2128 3821
f 2128 14 1943
f 1943 13 2127
f 2127 111 2128
f 2128 1943 2127
f 2033 70 2072
f 2072 87 2071
f 2071 18 2033
f 2033 2072 2071
f 2072 70 2111
f 2111 106 2114
f 2114 87 2072
f 2072 2111 2114
f 1999 56 2082
f 2082 92 2081
f 2081 20 1999
f 1999 2082 2081
f 2082 56 2152
f 2152 120 2154
f 2154 92 2082
f 2082 2152 2154
f 3402 616 3400
f 3400 124 3393
f 3393 613 3402
f 3402 3400 3393
f 3400 616 3401
f 3401 125 2162
f 2162 124 3400
f 3400 3401 2162
f 2657 362 2643
f 2643 156 2654
f 2654 366 2657
f 2657 2643 2654
f 2643 362 2644
f 2644 157 2210
f 2210 156 2643
f 2643 2644 2210
f 2228 170 2233
f 2233 174 2234
f 2234 171 2228
f 2228 2233 2234
f 2233 170 2236
f 2236 175 2237
f 2237 174 2233
f 2233 2236 2237
f 3823 730 3822
f 3822 283 3812
f 3812 727 3823
f 3823 3822 3812
f 3822 730 3821
f 3821 111 2451
f 2451 283 3822
f 3822 3821 2451
f 2119 107 2483
f 2483 295 2482
f 2482 105 2119
f 2119 2483 2482
f 2483 107 2485
f 2485 296 2487
f 2487 295 2483
f 2483 2485 2487
f 2742 393 2743
f 2743 327 2560
f 2560 200 2742
f 2742 2743 2560
f 2743 393 2744
f 2744 328 2563
f 2563 327 2743
f 2743 2744 2563
f 3367 603 3365
f 3365 331 3356
f 3356 600 3367
f 3367 3365 3356
f 3365 603 3366
f 3366 332 2569
f 2569 331 3365
f 3365 3366 2569
f 2655 366 2656
f 2656 175 2236
f 2236 170 2655
f 2655 2656 2236
f 2656 366 2654
f 2654 156 2235
f 2235 175 2656
f 2656 2654 2235
f 3607 329 2739
f 2739 392 3608
f 3608 681 3607
f 3607 2739 3608
f 2739 329 2565
f 2565 328 2738
f 2738 392 2739
f 2739 2565 2738
f 3857 415 2936
f 2936 466 3858
f 3858 741 3857
f 3857 2936 3858
f 2936 415 2798
f 2798 414 2935
f 2935 466 2936
f 2936 2798 2935
f 2154 120 2153
f 2153 89 2083
f 2083 92 2154
f 2154 2153 2083
f 2153 120 2794
f 2794 414 2793
f 2793 89 2153
f 2153 2794 2793
f 2652 365 2651
f 2651 157 2644
f 2644 362 2652
f 2652 2651 2644
f 2651 365 2939
f 2939 467 2937
f 2937 157 2651
f 2651 2939 2937
f 2960 474 2961
f 2961 470 2947
f 2947 469 2960
f 2960 2961 2947
f 2961 474 2962
f 2962 473 2956
f 2956 470 2961
f 2961 2962 2956
f 3233 76 2044
f 2044 31 3232
f 3232 557 3233
f 3233 2044 3232
f 2044 76 2045
f 2045 32 1966
f 1966 31 2044
f 2044 2045 1966
f 2484 294 2944
f 2944 469 2945
f 2945 295 2484
f 2484 2944 2945
f 2944 294 2958
f 2958 474 2960
f 2960 469 2944
f 2944 2958 2960
f 4206 626 3425
f 3425 515 4205
f 4205 834 4206
f 4206 3425 4205
f 3425 626 3426
f 3426 516 3081
f 3081 515 3425
f 3425 3426 3081
f 2488 297 3239
f 3239 558 3236
f 3236 288 2488
f 2488 3239 3236
f 3239 297 2490
f 2490 296 3238
f 3238 558 3239
f 3239 2490 3238
f 3115 526 3116
f 3116 467 2939
f 2939 365 3115
f 3115 3116 2939
f 3116 526 3245
f 3245 559 3243
f 3243 467 3116
f 3116 3245 3243
f 3965 765 3963
f 3963 610 3566
f 3566 669 3965
f 3965 3963 3566
f 3963 765 3964
f 3964 611 3389
f 3389 610 3963
f 3963 3964 3389
f 3598 678 3596
f 3596 614 3580
f 3580 673 3598
f 3598 3596 3580
f 3596 678 3597
f 3597 615 3399
f 3399 614 3596
f 3596 3597 3399
f 3585 673 3581
f 3581 621 3583
f 3583 674 3585
f 3585 3581 3583
f 3581 673 3580
f 3580 614 3414
f 3414 621 3581
f 3581 3580 3414
f 3430 132 3423
f 3423 625 3431
f 3431 628 3430
f 3430 3423 3431
f 3423 132 3080
f 3080 516 3424
f 3424 625 3423
f 3423 3080 3424
f 2282 200 3457
f 3457 637 3456
f 3456 198 2282
f 2282 3457 3456
f 3457 200 2560
f 2560 327 3458
f 3458 637 3457
f 3457 2560 3458
f 2564 329 3488
f 3488 650 3487
f 3487 326 2564
f 2564 3488 3487
f 3488 329 3491
f 3491 651 3493
f 3493 650 3488
f 3488 3491 3493
f 3607 681 3609
f 3609 651 3491
f 3491 329 3607
f 3607 3609 3491
f 3609 681 3610
f 3610 660 3532
f 3532 651 3609
f 3609 3610 3532
f 3384 326 3386
f 3386 610 3387
f 3387 609 3384
f 3384 3386 3387
f 3386 326 3487
f 3487 650 3489
f 3489 610 3386
f 3386 3487 3489
f 2740 391 3612
f 3612 682 3613
f 3613 392 2740
f 2740 3612 3613
f 3612 391 3636
f 3636 687 3639
f 3639 682 3612
f 3612 3636 3639
f 3618 683 3617
f 3617 660 3610
f 3610 681 3618
f 3618 3617 3610
f 3617 683 3624
f 3624 684 3622
f 3622 660 3617
f 3617 3624 3622
f 3615 683 3616
f 3616 370 2670
f 2670 369 3615
f 3615 3616 2670
f 3616 683 3619
f 3619 682 3611
f 3611 370 3616
f 3616 3619 3611
f 3625 685 3626
f 3626 22 1953
f 1953 21 3625
f 3625 3626 1953
f 3626 685 3628
f 3628 684 3620
f 3620 22 3626
f 3626 3628 3620
f 2595 344 3813
f 3813 728 3814
f 3814 345 2595
f 2595 3813 3814
f 3813 344 3816
f 3816 729 3819
f 3819 728 3813
f 3813 3816 3819
f 2807 418 3817
f 3817 729 3816
f 3816 344 2807
f 2807 3817 3816
f 3817 418 3826
f 3826 731 3828
f 3828 729 3817
f 3817 3826 3828
f 2812 420 3827
f 3827 731 3826
f 3826 418 2812
f 2812 3827 3826
f 3827 420 3832
f 3832 732 3833
f 3833 731 3827
f 3827 3832 3833
f 4487 904 4488
f 4488 732 3832
f 3832 420 4487
f 4487 4488 3832
f 4488 904 4489
f 4489 733 3836
f 3836 732 4488
f 4488 4489 3836
f 3841 735 4497
f 4497 907 4496
f 4496 734 3841
f 3841 4497 4496
f 4497 735 4499
f 4499 908 4502
f 4502 907 4497
f 4497 4499 4502
f 3848 737 3876
f 3876 744 3875
f 3875 736 3848
f 3848 3876 3875
f 3876 737 4509
f 4509 910 4510
f 4510 744 3876
f 3876 4509 4510
f 3877 743 3870
f 3870 736 3875
f 3875 744 3877
f 3877 3870 3875
f 3870 743 3871
f 3871 738 3851
f 3851 736 3870
f 3870 3871 3851
f 3866 739 3872
f 3872 743 3873
f 3873 742 3866
f 3866 3872 3873
f 3872 739 3853
f 3853 738 3871
f 3871 743 3872
f 3872 3853 3871
f 3855 740 3867
f 3867 742 3865
f 3865 563 3855
f 3855 3867 3865
f 3867 740 3856
f 3856 739 3866
f 3866 742 3867
f 3867 3856 3866
f 3113 302 3241
f 3241 559 3245
f 3245 526 3113
f 3113 3241 3245
f 3241 302 2797
f 2797 415 3242
f 3242 559 3241
f 3241 2797 3242
f 3915 756 3917
f 3917 557 3232
f 3232 31 3915
f 3915 3917 3232
f 3917 756 3918
f 3918 558 3240
f 3240 557 3917
f 3917 3918 3240
f 3390 333 3950
f 3950 762 3951
f 3951 612 3390
f 3390 3950 3951
f 3950 333 2571
f 2571 332 3949
f 3949 762 3950
f 3950 2571 3949
f 3966 764 3959
f 3959 611 3964
f 3964 765 3966
f 3966 3959 3964
f 3959 764 3962
f 3962 763 3955
f 3955 611 3959
f 3959 3962 3955
f 4199 832 4198
f 4198 174 2241
f 2241 177 4199
f 4199 4198 2241
f 4198 832 4200
f 4200 778 4017
f 4017 174 4198
f 4198 4200 4017
f 4375 815 4134
f 4134 812 4374
f 4374 872 4375
f 4375 4134 4374
f 4134 815 4135
f 4135 813 4128
f 4128 812 4134
f 4134 4135 4128
f 4234 126 4157
f 4157 822 4237
f 4237 840 4234
f 4234 4157 4237
f 4157 126 2164
f 2164 125 4156
f 4156 822 4157
f 4157 2164 4156
f 3260 471 3854
f 3854 740 3855
f 3855 563 3260
f 3260 3854 3855
f 3854 471 4165
f 4165 825 4167
f 4167 740 3854
f 3854 4165 4167
f 2948 61 4164
f 4164 825 4165
f 4165 471 2948
f 2948 4164 4165
f 4164 61 4170
f 4170 826 4173
f 4173 825 4164
f 4164 4170 4173
f 2009 60 4169
f 4169 826 4170
f 4170 61 2009
f 2009 4169 4170
f 4169 60 4174
f 4174 827 4178
f 4178 826 4169
f 4169 4174 4178
f 2206 154 4175
f 4175 827 4174
f 4174 60 2206
f 2206 4175 4174
f 4175 154 4179
f 4179 828 4183
f 4183 827 4175
f 4175 4179 4183
f 2246 180 4182
f 4182 828 4179
f 4179 154 2246
f 2246 4182 4179
f 4182 180 4187
f 4187 829 4188
f 4188 828 4182
f 4182 4187 4188
f 2248 179 4186
f 4186 829 4187
f 4187 180 2248
f 2248 4186 4187
f 4186 179 4191
f 4191 830 4193
f 4193 829 4186
f 4186 4191 4193
f 4025 780 4192
f 4192 830 4191
f 4191 179 4025
f 4025 4192 4191
f 4192 780 4196
f 4196 831 4197
f 4197 830 4192
f 4192 4196 4197
f 4026 484 4195
f 4195 831 4196
f 4196 780 4026
f 4026 4195 4196
f 4195 484 4202
f 4202 833 4203
f 4203 831 4195
f 4195 4202 4203
f 4216 836 4215
f 4215 483 3420
f 3420 624 4216
f 4216 4215 3420
f 4215 836 4220
f 4220 835 4210
f 4210 483 4215
f 4215 4220 4210
f 4116 809 4219
f 4219 836 4216
f 4216 624 4116
f 4116 4219 4216
f 4219 809 4223
f 4223 837 4225
f 4225 836 4219
f 4219 4223 4225
f 4236 840 4238
f 4238 838 4226
f 4226 808 4236
f 4236 4238 4226
f 4238 840 4237
f 4237 822 4229
f 4229 838 4238
f 4238 4237 4229
f 4130 814 4129
f 4129 625 3428
f 3428 627 4130
f 4130 4129 3428
f 4129 814 4132
f 4132 813 4125
f 4125 625 4129
f 4129 4132 4125
f 4154 821 4155
f 4155 812 4124
f 4124 811 4154
f 4154 4155 4124
f 4155 821 4403
f 4403 878 4402
f 4402 812 4155
f 4155 4403 4402
f 4131 814 4228
f 4228 838 4227
f 4227 811 4131
f 4131 4228 4227
f 4228 814 4224
f 4224 837 4230
f 4230 838 4228
f 4228 4224 4230
f 3391 612 3460
f 3460 637 3459
f 3459 609 3391
f 3391 3460 3459
f 3460 612 3951
f 3951 762 3952
f 3952 637 3460
f 3460 3951 3952
f 4396 877 4395
f 4395 615 3597
f 3597 678 4396
f 4396 4395 3597
f 4395 877 4405
f 4405 878 4400
f 4400 615 4395
f 4395 4405 4400
f 4505 909 4541
f 4541 916 4540
f 4540 906 4505
f 4505 4541 4540
f 4541 909 4524
f 4524 913 4542
f 4542 916 4541
f 4541 4524 4542
f 4543 915 4536
f 4536 906 4540
f 4540 916 4543
f 4543 4536 4540
f 4536 915 4537
f 4537 911 4514
f 4514 906 4536
f 4536 4537 4514
f 2946 470 4539
f 4539 916 4538
f 4538 85 2946
f 2946 4539 4538
f 4539 470 4534
f 4534 915 4543
f 4543 916 4539
f 4539 4534 4543
f 2068 86 4518
f 4518 912 4517
f 4517 15 2068
f 2068 4518 4517
f 4518 86 4522
f 4522 913 4525
f 4525 912 4518
f 4518 4522 4525
f 4557 922 4558
f 4558 283 2452
f 2452 282 4557
f 4557 4558 2452
f 4558 922 4560
f 4560 920 4552
f 4552 283 4558
f 4558 4560 4552
f 4554 921 4555
f 4555 728 3815
f 3815 727 4554
f 4554 4555 3815
f 4555 921 4573
f 4573 926 4571
f 4571 728 4555
f 4555 4573 4571
f 4790 978 4789
f 4789 920 4560
f 4560 922 4790
f 4790 4789 4560
f 4789 978 4794
f 4794 979 4792
f 4792 920 4789
f 4789 4794 4792
f 4795 980 4796
f 4796 926 4573
f 4573 921 4795
f 4795 4796 4573
f 4796 980 4800
f 4800 981 4799
f 4799 926 4796
f 4796 4800 4799
f 3354 600 3355
f 3355 124 2160
f 2160 123 3354
f 3354 3355 2160
f 3355 600 3356
f 3356 331 2566
f 2566 124 3355
f 3355 3356 2566
f 4208 834 4207
f 4207 778 4200
f 4200 832 4208
f 4208 4207 4200
f 4207 834 4205
f 4205 515 4018
f 4018 778 4207
f 4207 4205 4018
f 3960 674 3958
f 3958 763 3962
f 3962 764 3960
f 3960 3958 3962
f 3958 674 3583
f 3583 621 3957
f 3957 763 3958
f 3958 3583 3957
f 4206 834 4214
f 4214 835 4212
f 4212 626 4206
f 4206 4214 4212
f 4214 834 4209
f 4209 833 4213
f 4213 835 4214
f 4214 4209 4213
f 1980 42 1981
f 1981 12 1939
f 1939 11 1980
f 1980 1981 1939
f 1981 42 1983
f 1983 41 1977
f 1977 12 1981
f 1981 1983 1977
f 1982 42 4780
f 4780 976 4779
f 4779 39 1982
f 1982 4780 4779
f 4780 42 3835
f 3835 733 4781
f 4781 976 4780
f 4780 3835 4781
f 2669 368 2666
f 2666 22 2668
f 2668 369 2669
f 2669 2666 2668
f 2666 368 2665
f 2665 19 1952
f 1952 22 2666
f 2666 2665 1952
f 2667 66 2020
f 2020 19 2665
f 2665 368 2667
f 2667 2020 2665
f 2020 66 2021
f 2021 57 2001
f 2001 19 2020
f 2020 2021 2001
f 2021 66 2022
f 2022 58 2006
f 2006 57 2021
f 2021 2022 2006
f 2022 66 2023
f 2023 65 2019
f 2019 58 2022
f 2022 2023 2019
f 3847 737 3846
f 3846 65 3837
f 3837 734 3847
f 3847 3846 3837
f 3846 737 3845
f 3845 58 2019
f 2019 65 3846
f 3846 3845 2019
f 4511 910 4508
f 4508 734 4496
f 4496 907 4511
f 4511 4508 4496
f 4508 910 4509
f 4509 737 3847
f 3847 734 4508
f 4508 4509 3847
f 4514 911 4515
f 4515 907 4498
f 4498 906 4514
f 4514 4515 4498
f 4515 911 4516
f 4516 910 4511
f 4511 907 4515
f 4515 4516 4511
f 2678 371 2680
f 2680 373 2681
f 2681 372 2678
f 2678 2680 2681
f 2680 371 2675
f 2675 370 2679
f 2679 373 2680
f 2680 2675 2679
f 2024 67 2677
f 2677 372 2676
f 2676 40 2024
f 2024 2677 2676
f 2677 67 2672
f 2672 371 2678
f 2678 372 2677
f 2677 2672 2678
f 2027 68 2028
f 2028 40 1976
f 1976 39 2027
f 2027 2028 1976
f 2028 68 2030
f 2030 67 2024
f 2024 40 2028
f 2028 2030 2024
f 4782 735 3839
f 3839 39 4779
f 4779 976 4782
f 4782 3839 4779
f 3839 735 3840
f 3840 68 2027
f 2027 39 3839
f 3839 3840 2027
f 4500 908 4784
f 4784 976 4783
f 4783 903 4500
f 4500 4784 4783
f 4784 908 4499
f 4499 735 4782
f 4782 976 4784
f 4784 4499 4782
f 4503 909 4504
f 4504 903 4486
f 4486 902 4503
f 4503 4504 4486
f 4504 909 4506
f 4506 908 4500
f 4500 903 4504
f 4504 4506 4500
f 4773 722 3919
f 3919 756 4774
f 4774 974 4773
f 4773 3919 4774
f 3919 722 3787
f 3787 289 3916
f 3916 756 3919
f 3919 3787 3916
f 3777 33 2964
f 2964 475 3779
f 3779 720 3777
f 3777 2964 3779
f 2964 33 1967
f 1967 32 2963
f 2963 475 2964
f 2964 1967 2963
f 3264 564 4803
f 4803 982 4801
f 4801 406 3264
f 3264 4803 4801
f 4803 564 4805
f 4805 983 4806
f 4806 982 4803
f 4803 4805 4806
f 4807 984 4808
f 4808 892 4456
f 4456 891 4807
f 4807 4808 4456
f 4808 984 4810
f 4810 895 4464
f 4464 892 4808
f 4808 4810 4464
f 4460 894 4461
f 4461 891 4451
f 4451 786 4460
f 4460 4461 4451
f 4461 894 4809
f 4809 984 4807
f 4807 891 4461
f 4461 4809 4807
f 3266 566 3267
f 3267 247 2374
f 2374 246 3266
f 3266 3267 2374
f 3267 566 4812
f 4812 985 4811
f 4811 247 3267
f 3267 4812 4811
f 4815 986 4816
f 4816 564 3263
f 3263 405 4815
f 4815 4816 3263
f 4816 986 4817
f 4817 983 4805
f 4805 564 4816
f 4816 4817 4805
f 4792 979 4793
f 4793 921 4556
f 4556 920 4792
f 4792 4793 4556
f 4793 979 4797
f 4797 980 4795
f 4795 921 4793
f 4793 4797 4795
f 4567 925 4568
f 4568 922 4559
f 4559 693 4567
f 4567 4568 4559
f 4568 925 4791
f 4791 978 4790
f 4790 922 4568
f 4568 4791 4790
f 4745 969 4744
f 4744 182 3744
f 3744 713 4745
f 4745 4744 3744
f 4744 969 4746
f 4746 888 4442
f 4442 182 4744
f 4744 4746 4442
f 4801 982 4802
f 4802 407 2779
f 2779 406 4801
f 4801 4802 2779
f 4802 982 4804
f 4804 565 3265
f 3265 407 4802
f 4802 4804 3265
f 4444 889 4472
f 4472 897 4470
f 4470 183 4444
f 4444 4472 4470
f 4472 889 4820
f 4820 987 4821
f 4821 897 4472
f 4472 4820 4821
f 4799 981 4798
f 4798 919 4572
f 4572 926 4799
f 4799 4798 4572
f 4798 981 4825
f 4825 988 4823
f 4823 919 4798
f 4798 4825 4823
f 2191 146 4776
f 4776 975 4775
f 4775 143 2191
f 2191 4776 4775
f 4776 146 4482
f 4482 901 4778
f 4778 975 4776
f 4776 4482 4778
f 4823 988 4822
f 4822 745 4551
f 4551 919 4823
f 4823 4822 4551
f 4822 988 4824
f 4824 927 4574
f 4574 745 4822
f 4822 4824 4574
f 4730 964 4729
f 4729 573 4603
f 4603 937 4730
f 4730 4729 4603
f 4729 964 4728
f 4728 571 3281
f 3281 573 4729
f 4729 4728 3281
f 4821 987 4818
f 4818 168 4469
f 4469 897 4821
f 4821 4818 4469
f 4818 987 4819
f 4819 886 4438
f 4438 168 4818
f 4818 4819 4438
f 4811 985 4813
f 4813 795 4074
f 4074 247 4811
f 4811 4813 4074
f 4813 985 4829
f 4829 989 4826
f 4826 795 4813
f 4813 4829 4826
f 4440 887 4477
f 4477 898 4473
f 4473 169 4440
f 4440 4477 4473
f 4477 887 4831
f 4831 990 4832
f 4832 898 4477
f 4477 4831 4832
f 4832 990 4830
f 4830 880 4476
f 4476 898 4832
f 4832 4830 4476
f 4830 990 4833
f 4833 899 4478
f 4478 880 4830
f 4830 4833 4478
f 3276 572 3277
f 3277 570 3274
f 3274 569 3276
f 3276 3277 3274
f 3277 572 4458
f 4458 893 4457
f 4457 570 3277
f 3277 4458 4457
f 4826 989 4827
f 4827 957 4697
f 4697 795 4826
f 4826 4827 4697
f 4827 989 4828
f 4828 965 4734
f 4734 957 4827
f 4827 4828 4734
f 2769 398 4835
f 4835 991 4836
f 4836 404 2769
f 2769 4835 4836
f 4835 398 2755
f 2755 397 4834
f 4834 991 4835
f 4835 2755 4834
f 2775 404 4814
f 4814 986 4815
f 4815 405 2775
f 2775 4814 4815
f 4814 404 4836
f 4836 991 4837
f 4837 986 4814
f 4814 4836 4837
f 2380 251 3338
f 2356 236 4725
f 4725 963 4726
f 4726 237 2356
f 2356 4725 4726
f 4725 236 4785
f 4785 977 4788
f 4788 963 4725
f 4725 4785 4788
f 4842 992 4840
f 4840 399 3794
f 3794 723 4842
f 4842 4840 3794
f 4840 992 4839
f 4839 396 2758
f 2758 399 4840
f 4840 4839 2758
f 2762 401 3795
f 3795 723 3793
f 3793 305 2762
f 2762 3795 3793
f 3795 401 4841
f 4841 992 4842
f 4842 723 3795
f 3795 4841 4842
f 4843 994 4846
f 4846 996 4845
f 4845 993 4843
f 4843 4846 4845
f 4846 994 4844
f 4844 995 4847
f 4847 996 4846
f 4846 4844 4847
f 4850 999 4849
f 4849 997 4848
f 4848 998 4850
f 4850 4849 4848
f 4849 999 4852
f 4852 1000 4851
f 4851 997 4849
f 4849 4852 4851
f 4855 1000 4854
f 4854 1001 4856
f 4856 1002 4855
f 4855 4854 4856
f 4854 1000 4852
f 4852 999 4853
f 4853 1001 4854
f 4854 4852 4853
f 4859 1005 4858
f 4858 1003 4857
f 4857 1004 4859
f 4859 4858 4857
f 4858 1005 4861
f 4861 1006 4860
f 4860 1003 4858
f 4858 4861 4860
f 4862 1008 4865
f 4865 1010 4864
f 4864 1007 4862
f 4862 4865 4864
f 4865 1008 4863
f 4863 1009 4866
f 4866 1010 4865
f 4865 4863 4866
f 4869 1013 4868
f 4868 1011 4867
f 4867 1012 4869
f 4869 4868 4867
f 4868 1013 4871
f 4871 1014 4870
f 4870 1011 4868
f 4868 4871 4870
f 4876 1017 4875
f 4875 1015 4873
f 4873 1016 4876
f 4876 4875 4873
f 4875 1017 4878
f 4878 1018 4877
f 4877 1015 4875
f 4875 4878 4877
f 4881 1021 4880
f 4880 1019 4879
f 4879 1020 4881
f 4881 4880 4879
f 4880 1021 4883
f 4883 1022 4882
f 4882 1019 4880
f 4880 4883 4882
f 4884 1024 4887
f 4887 1026 4886
f 4886 1023 4884
f 4884 4887 4886
f 4887 1024 4885
f 4885 1025 4888
f 4888 1026 4887
f 4887 4885 4888
f 4891 1029 4890
f 4890 1027 4889
f 4889 1028 4891
f 4891 4890 4889
f 4890 1029 4893
f 4893 1030 4892
f 4892 1027 4890
f 4890 4893 4892
f 4899 1033 4898
f 4898 1031 4896
f 4896 1032 4899
f 4899 4898 4896
f 4898 1033 4901
f 4901 1034 4900
f 4900 1031 4898
f 4898 4901 4900
f 4904 1037 4903
f 4903 1035 4902
f 4902 1036 4904
f 4904 4903 4902
f 4903 1037 4906
f 4906 1038 4905
f 4905 1035 4903
f 4903 4906 4905
f 4909 1041 4908
f 4908 1039 4907
f 4907 1040 4909
f 4909 4908 4907
f 4908 1041 4911
f 4911 1042 4910
f 4910 1039 4908
f 4908 4911 4910
f 4912 1044 4915
f 4915 1046 4914
f 4914 1043 4912
f 4912 4915 4914
f 4915 1044 4913
f 4913 1045 4916
f 4916 1046 4915
f 4915 4913 4916
f 4917 1048 4923
f 4923 1050 4922
f 4922 1047 4917
f 4917 4923 4922
f 4923 1048 4920
f 4920 1049 4924
f 4924 1050 4923
f 4923 4920 4924
f 4927 1053 4926
f 4926 1051 4925
f 4925 1052 4927
f 4927 4926 4925
f 4926 1053 4929
f 4929 1054 4928
f 4928 1051 4926
f 4926 4929 4928
f 4933 1028 4931
f 4931 1055 4936
f 4936 1056 4933
f 4933 4931 4936
f 4931 1028 4889
f 4889 1027 4930
f 4930 1055 4931
f 4931 4889 4930
f 4943 1059 4942
f 4942 1057 4940
f 4940 1058 4943
f 4943 4942 4940
f 4942 1059 4948
f 4948 1060 4947
f 4947 1057 4942
f 4942 4948 4947
f 4952 1062 4950
f 4950 1008 4949
f 4949 1061 4952
f 4952 4950 4949
f 4950 1062 4951
f 4951 1009 4863
f 4863 1008 4950
f 4950 4951 4863
f 4956 1065 4955
f 4955 1063 4954
f 4954 1064 4956
f 4956 4955 4954
f 4955 1065 4960
f 4960 1066 4959
f 4959 1063 4955
f 4955 4960 4959
f 4965 1069 4964
f 4964 1067 4963
f 4963 1068 4965
f 4965 4964 4963
f 4964 1069 4969
f 4969 1070 4968
f 4968 1067 4964
f 4964 4969 4968
f 4973 1073 4972
f 4972 1071 4971
f 4971 1072 4973
f 4973 4972 4971
f 4972 1073 4977
f 4977 1074 4976
f 4976 1071 4972
f 4972 4977 4976
f 4982 1002 4979
f 4979 1075 4985
f 4985 1076 4982
f 4982 4979 4985
f 4979 1002 4856
f 4856 1001 4978
f 4978 1075 4979
f 4979 4856 4978
f 4986 1078 4993
f 4993 1080 4992
f 4992 1077 4986
f 4986 4993 4992
f 4993 1078 4990
f 4990 1079 4994
f 4994 1080 4993
f 4993 4990 4994
f 4997 1082 5002
f 5002 1084 5001
f 5001 1081 4997
f 4997 5002 5001
f 5002 1082 5000
f 5000 1083 5003
f 5003 1084 5002
f 5002 5000 5003
f 5006 1042 5005
f 5005 1085 5008
f 5008 1086 5006
f 5006 5005 5008
f 5005 1042 4911
f 4911 1041 5004
f 5004 1085 5005
f 5005 4911 5004
f 5011 1072 5010
f 5010 1087 5012
f 5012 1088 5011
f 5011 5010 5012
f 5010 1072 4971
f 4971 1071 5009
f 5009 1087 5010
f 5010 4971 5009
f 5013 1090 5016
f 5016 1092 5015
f 5015 1089 5013
f 5013 5016 5015
f 5016 1090 5014
f 5014 1091 5017
f 5017 1092 5016
f 5016 5014 5017
f 5022 1095 5021
f 5021 1093 5018
f 5018 1094 5022
f 5022 5021 5018
f 5021 1095 5026
f 5026 1096 5025
f 5025 1093 5021
f 5021 5026 5025
f 5029 1069 5027
f 5027 1097 5031
f 5031 1098 5029
f 5029 5027 5031
f 5027 1069 5034
f 5034 1099 5037
f 5037 1097 5027
f 5027 5034 5037
f 5025 1096 5039
f 5039 1100 5038
f 5038 1093 5025
f 5025 5039 5038
f 5039 1096 5041
f 5041 1101 5042
f 5042 1100 5039
f 5039 5041 5042
f 4983 1005 5043
f 5043 1102 5044
f 5044 1076 4983
f 4983 5043 5044
f 5043 1005 5046
f 5046 1103 5047
f 5047 1102 5043
f 5043 5046 5047
f 5050 1104 5049
f 5049 1076 5044
f 5044 1102 5050
f 5050 5049 5044
f 5049 1104 5048
f 5048 1002 4982
f 4982 1076 5049
f 5049 5048 4982
f 5054 1106 5053
f 5053 1104 5052
f 5052 1105 5054
f 5054 5053 5052
f 5053 1106 5058
f 5058 1107 5057
f 5057 1104 5053
f 5053 5058 5057
f 5059 1108 5060
f 5060 1107 5058
f 5058 1106 5059
f 5059 5060 5058
f 5060 1108 5064
f 5064 1109 5063
f 5063 1107 5060
f 5060 5064 5063
f 5068 1111 5066
f 5066 993 5065
f 5065 1110 5068
f 5068 5066 5065
f 5066 1111 5067
f 5067 994 4843
f 4843 993 5066
f 5066 5067 4843
f 5037 1099 5035
f 5035 1078 5028
f 5028 1097 5037
f 5037 5035 5028
f 5035 1099 5036
f 5036 1079 4990
f 4990 1078 5035
f 5035 5036 4990
f 5073 1047 5069
f 5069 1112 5074
f 5074 1113 5073
f 5073 5069 5074
f 5069 1047 4922
f 4922 1050 5070
f 5070 1112 5069
f 5069 4922 5070
f 5075 1114 5076
f 5076 1071 4970
f 4970 1064 5075
f 5075 5076 4970
f 5076 1114 5077
f 5077 1087 5009
f 5009 1071 5076
f 5076 5077 5009
f 5080 1117 5079
f 5079 1115 5078
f 5078 1116 5080
f 5080 5079 5078
f 5079 1117 5082
f 5082 1118 5081
f 5081 1115 5079
f 5079 5082 5081
f 5083 1119 5084
f 5084 1016 4873
f 4873 1015 5083
f 5083 5084 4873
f 5084 1119 5086
f 5086 1120 5085
f 5085 1016 5084
f 5084 5086 5085
f 5087 1122 5090
f 5090 1124 5089
f 5089 1121 5087
f 5087 5090 5089
f 5090 1122 5088
f 5088 1123 5091
f 5091 1124 5090
f 5090 5088 5091
f 5092 1126 5095
f 5095 1128 5094
f 5094 1125 5092
f 5092 5095 5094
f 5095 1126 5093
f 5093 1127 5096
f 5096 1128 5095
f 5095 5093 5096
f 4909 1040 5097
f 5097 1129 5098
f 5098 1041 4909
f 4909 5097 5098
f 5097 1040 5099
f 5099 1130 5100
f 5100 1129 5097
f 5097 5099 5100
f 5103 1133 5102
f 5102 1131 5101
f 5101 1132 5103
f 5103 5102 5101
f 5102 1133 5105
f 5105 1134 5104
f 5104 1131 5102
f 5102 5105 5104
f 5112 1137 5111
f 5111 1135 5110
f 5110 1136 5112
f 5112 5111 5110
f 5111 1137 5114
f 5114 1138 5113
f 5113 1135 5111
f 5111 5114 5113
f 5117 1141 5116
f 5116 1139 5115
f 5115 1140 5117
f 5117 5116 5115
f 5116 1141 5119
f 5119 1142 5118
f 5118 1139 5116
f 5116 5119 5118
f 5123 1116 5121
f 5121 1143 5124
f 5124 1144 5123
f 5123 5121 5124
f 5121 1116 5078
f 5078 1115 5120
f 5120 1143 5121
f 5121 5078 5120
f 5129 1146 5127
f 5127 1054 5125
f 5125 1145 5129
f 5129 5127 5125
f 5127 1146 5126
f 5126 1051 4928
f 4928 1054 5127
f 5127 5126 4928
f 5132 1149 5131
f 5131 1147 5130
f 5130 1148 5132
f 5132 5131 5130
f 5131 1149 5134
f 5134 1150 5133
f 5133 1147 5131
f 5131 5134 5133
f 5139 1153 5138
f 5138 1151 5136
f 5136 1152 5139
f 5139 5138 5136
f 5138 1153 5137
f 5137 1018 5135
f 5135 1151 5138
f 5138 5137 5135
f 5142 1156 5141
f 5141 1154 5140
f 5140 1155 5142
f 5142 5141 5140
f 5141 1156 5144
f 5144 1157 5143
f 5143 1154 5141
f 5141 5144 5143
f 5151 1160 5150
f 5150 1158 5147
f 5147 1159 5151
f 5151 5150 5147
f 5150 1160 5153
f 5153 1161 5152
f 5152 1158 5150
f 5150 5153 5152
f 5154 1163 5157
f 5157 1165 5156
f 5156 1162 5154
f 5154 5157 5156
f 5157 1163 5155
f 5155 1164 5158
f 5158 1165 5157
f 5157 5155 5158
f 5161 1167 5168
f 5168 1169 5167
f 5167 1166 5161
f 5161 5168 5167
f 5168 1167 5164
f 5164 1168 5169
f 5169 1169 5168
f 5168 5164 5169
f 5178 1172 5177
f 5177 1170 5175
f 5175 1171 5178
f 5178 5177 5175
f 5177 1172 5180
f 5180 1173 5179
f 5179 1170 5177
f 5177 5180 5179
f 5185 1176 5184
f 5184 1174 5183
f 5183 1175 5185
f 5185 5184 5183
f 5184 1176 5189
f 5189 1177 5188
f 5188 1174 5184
f 5184 5189 5188
f 5192 1180 5191
f 5191 1178 5190
f 5190 1179 5192
f 5192 5191 5190
f 5191 1180 5194
f 5194 1181 5193
f 5193 1178 5191
f 5191 5194 5193
f 5197 1184 5196
f 5196 1182 5195
f 5195 1183 5197
f 5197 5196 5195
f 5196 1184 5199
f 5199 1185 5198
f 5198 1182 5196
f 5196 5199 5198
f 5203 1188 5202
f 5202 1186 5201
f 5201 1187 5203
f 5203 5202 5201
f 5202 1188 5205
f 5205 1189 5204
f 5204 1186 5202
f 5202 5205 5204
f 5207 1119 5206
f 5206 1190 5209
f 5209 1191 5207
f 5207 5206 5209
f 5206 1119 5211
f 5211 1192 5212
f 5212 1190 5206
f 5206 5211 5212
f 5213 1194 5217
f 5217 1196 5216
f 5216 1193 5213
f 5213 5217 5216
f 5217 1194 5214
f 5214 1195 5218
f 5218 1196 5217
f 5217 5214 5218
f 4905 1038 5220
f 5220 1197 5219
f 5219 1035 4905
f 4905 5220 5219
f 5220 1038 5221
f 5221 1198 5222
f 5222 1197 5220
f 5220 5221 5222
f 5227 1201 5226
f 5226 1199 5223
f 5223 1200 5227
f 5227 5226 5223
f 5226 1201 5231
f 5231 1202 5230
f 5230 1199 5226
f 5226 5231 5230
f 5232 1203 5233
f 5233 1132 5101
f 5101 1131 5232
f 5232 5233 5101
f 5233 1203 5235
f 5235 1204 5234
f 5234 1132 5233
f 5233 5235 5234
f 5241 1207 5240
f 5240 1205 5238
f 5238 1206 5241
f 5241 5240 5238
f 5240 1207 5243
f 5243 1208 5242
f 5242 1205 5240
f 5240 5243 5242
f 5004 1041 5244
f 5244 1209 5245
f 5245 1085 5004
f 5004 5244 5245
f 5244 1041 5098
f 5098 1129 5246
f 5246 1209 5244
f 5244 5098 5246
f 5250 1206 5248
f 5248 1210 5252
f 5252 1211 5250
f 5250 5248 5252
f 5248 1206 5238
f 5238 1205 5247
f 5247 1210 5248
f 5248 5238 5247
f 5257 1216 5256
f 5256 1214 5255
f 5255 1215 5257
f 5257 5256 5255
f 5256 1216 5259
f 5259 1217 5258
f 5258 1214 5256
f 5256 5259 5258
f 5262 1218 5261
f 5261 1219 5263
f 5263 5262 5261
f 5264 1218 5262
f 5266 1220 5265
f 5265 1214 5258
f 5258 1217 5266
f 5266 5265 5258
f 5265 1220 5268
f 5268 1221 5267
f 5267 1214 5265
f 5265 5268 5267
f 5274 995 5277
f 5275 1223 5272
f 5272 995 5274
f 5274 5275 5272
f 5259 1216 5279
f 5279 1225 5280
f 5280 1217 5259
f 5259 5279 5280
f 5279 1216 5278
f 5278 1224 5281
f 5281 1225 5279
f 5279 5278 5281
f 5283 1226 5282
f 5282 1085 5245
f 5245 1209 5283
f 5283 5282 5245
f 5282 1226 5286
f 5286 1227 5284
f 5284 1085 5282
f 5282 5286 5284
f 5289 1229 5294
f 5294 1231 5293
f 5293 1228 5289
f 5289 5294 5293
f 5294 1229 5290
f 5290 1230 5295
f 5295 1231 5294
f 5294 5290 5295
f 5296 1232 5297
f 5297 1211 5252
f 5252 1210 5296
f 5296 5297 5252
f 5297 1232 5301
f 5301 1233 5299
f 5299 1211 5297
f 5297 5301 5299
f 5284 1227 5285
f 5285 1086 5008
f 5008 1085 5284
f 5284 5285 5008
f 5285 1227 5303
f 5303 1234 5302
f 5302 1086 5285
f 5285 5303 5302
f 5305 1236 5306
f 5306 1235 5304
f 5304 1088 5305
f 5305 5306 5304
f 5306 1236 5308
f 5308 1237 5307
f 5307 1235 5306
f 5306 5308 5307
f 5312 1240 5311
f 5311 1238 5310
f 5310 1239 5312
f 5312 5311 5310
f 5311 1240 5316
f 5316 1241 5315
f 5315 1238 5311
f 5311 5316 5315
f 5325 1246 5324
f 5324 1244 5323
f 5323 1245 5325
f 5325 5324 5323
f 5324 1246 5328
f 5328 1247 5327
f 5327 1244 5324
f 5324 5328 5327
f 5296 1210 5331
f 5331 1249 5332
f 5332 1232 5296
f 5296 5331 5332
f 5331 1210 5330
f 5330 1248 5333
f 5333 1249 5331
f 5331 5330 5333
f 5337 1251 5338
f 5338 1250 5334
f 5334 1248 5337
f 5337 5338 5334
f 5338 1251 5340
f 5340 1252 5339
f 5339 1250 5338
f 5338 5340 5339
f 5346 1255 5345
f 5345 1253 5343
f 5343 1254 5346
f 5346 5345 5343
f 5345 1255 5348
f 5348 1256 5347
f 5347 1253 5345
f 5345 5348 5347
f 5349 1257 5350
f 5350 1138 5114
f 5114 1137 5349
f 5349 5350 5114
f 5350 1257 5353
f 5353 1258 5351
f 5351 1138 5350
f 5350 5353 5351
f 5355 1260 5356
f 5356 1239 5310
f 5310 1238 5355
f 5355 5356 5310
f 5356 1260 5358
f 5358 1261 5357
f 5357 1239 5356
f 5356 5358 5357
f 5365 1263 5363
f 5363 1235 5359
f 5359 1262 5365
f 5365 5363 5359
f 5363 1263 5369
f 5369 1264 5368
f 5368 1235 5363
f 5363 5369 5368
f 5372 1267 5371
f 5371 1265 5370
f 5370 1266 5372
f 5372 5371 5370
f 5371 1267 5374
f 5374 1268 5373
f 5373 1265 5371
f 5371 5374 5373
f 5375 1269 5376
f 5376 1266 5370
f 5370 1265 5375
f 5375 5376 5370
f 5376 1269 5378
f 5378 1270 5377
f 5377 1266 5376
f 5376 5378 5377
f 5383 1272 5384
f 5384 1271 5379
f 5379 1101 5383
f 5383 5384 5379
f 5384 1272 5388
f 5388 1273 5387
f 5387 1271 5384
f 5384 5388 5387
f 5047 1103 5390
f 5390 1274 5389
f 5389 1102 5047
f 5047 5390 5389
f 5390 1103 5392
f 5392 1275 5393
f 5393 1274 5390
f 5390 5392 5393
f 5395 1244 5321
f 5321 1224 5394
f 5394 1276 5395
f 5395 5321 5394
f 5321 1244 5322
f 5322 1225 5281
f 5281 1224 5321
f 5321 5322 5281
f 5327 1247 5326
f 5326 1225 5322
f 5322 1244 5327
f 5327 5326 5322
f 5326 1247 5400
f 5400 1277 5399
f 5399 1225 5326
f 5326 5400 5399
f 5302 1234 5405
f 5405 1278 5403
f 5403 1086 5302
f 5302 5405 5403
f 5405 1234 5407
f 5407 1279 5408
f 5408 1278 5405
f 5405 5407 5408
f 5401 1063 5007
f 5007 1086 5403
f 5403 1278 5401
f 5401 5007 5403
f 5007 1063 4953
f 4953 1042 5006
f 5006 1086 5007
f 5007 4953 5006
f 5409 1027 5410
f 5410 1281 5412
f 5412 1280 5409
f 5409 5410 5412
f 5410 1027 4892
f 4892 1030 5411
f 5411 1281 5410
f 5410 4892 5411
f 5417 1283 5415
f 5415 1094 5413
f 5413 1282 5417
f 5417 5415 5413
f 5415 1283 5416
f 5416 1095 5022
f 5022 1094 5415
f 5415 5416 5022
f 5418 1284 5419
f 5419 1208 5243
f 5243 1207 5418
f 5418 5419 5243
f 5419 1284 5421
f 5421 1285 5420
f 5420 1208 5419
f 5419 5421 5420
f 5426 1288 5425
f 5425 1286 5423
f 5423 1287 5426
f 5426 5425 5423
f 5425 1288 5431
f 5431 1289 5430
f 5430 1286 5425
f 5425 5431 5430
f 5433 1287 5436
f 5436 1291 5437
f 5437 1290 5433
f 5433 5436 5437
f 5436 1287 5423
f 5423 1286 5435
f 5435 1291 5436
f 5436 5423 5435
f 5441 1292 5440
f 5440 1290 5437
f 5437 1291 5441
f 5441 5440 5437
f 5440 1292 5443
f 5443 1293 5442
f 5442 1290 5440
f 5440 5443 5442
f 5001 1084 5445
f 5445 1294 5444
f 5444 1081 5001
f 5001 5445 5444
f 5445 1084 5446
f 5446 1295 5447
f 5447 1294 5445
f 5445 5446 5447
f 5450 1296 5458
f 5458 1298 5457
f 5457 1271 5450
f 5450 5458 5457
f 5458 1296 5454
f 5454 1297 5459
f 5459 1298 5458
f 5458 5454 5459
f 5463 1299 5461
f 5461 1239 5361
f 5361 1262 5463
f 5463 5461 5361
f 5461 1299 5462
f 5462 1240 5312
f 5312 1239 5461
f 5461 5462 5312
f 5472 1303 5469
f 5469 1175 5468
f 5468 1302 5472
f 5472 5469 5468
f 5469 1303 5470
f 5470 1176 5185
f 5185 1175 5469
f 5469 5470 5185
f 5480 1305 5479
f 5479 1138 5473
f 5473 1304 5480
f 5480 5479 5473
f 5479 1305 5478
f 5478 1135 5113
f 5113 1138 5479
f 5479 5478 5113
f 5486 1308 5485
f 5485 1306 5482
f 5482 1307 5486
f 5486 5485 5482
f 5485 1308 5490
f 5490 1309 5489
f 5489 1306 5485
f 5485 5490 5489
f 5493 1218 5264
f 5496 1313 5495
f 5495 1311 5494
f 5494 1312 5496
f 5496 5495 5494
f 5495 1313 5499
f 5499 1314 5498
f 5498 1311 5495
f 5495 5499 5498
f 5152 1161 5501
f 5501 1315 5500
f 5500 1158 5152
f 5152 5501 5500
f 5501 1161 5502
f 5502 1316 5504
f 5504 1315 5501
f 5501 5502 5504
f 5509 1317 5510
f 5510 1222 5269
f 5269 1151 5509
f 5509 5510 5269
f 5510 1317 5511
f 5511 1223 5273
f 5273 1222 5510
f 5510 5511 5273
f 5514 1320 5513
f 5513 1318 5512
f 5512 1319 5514
f 5514 5513 5512
f 5513 1320 5517
f 5517 1321 5516
f 5516 1318 5513
f 5513 5517 5516
f 5520 1324 5519
f 5519 1322 5518
f 5518 1323 5520
f 5520 5519 5518
f 5519 1324 5523
f 5523 1325 5522
f 5522 1322 5519
f 5519 5523 5522
f 5529 1327 5527
f 5527 1228 5526
f 5526 1326 5529
f 5529 5527 5526
f 5527 1327 5528
f 5528 1229 5289
f 5289 1228 5527
f 5527 5528 5289
f 5532 1330 5531
f 5531 1328 5530
f 5530 1329 5532
f 5532 5531 5530
f 5531 1330 5534
f 5534 1331 5533
f 5533 1328 5531
f 5531 5534 5533
f 5503 1256 5535
f 5535 1332 5537
f 5537 1316 5503
f 5503 5535 5537
f 5535 1256 5539
f 5539 1333 5540
f 5540 1332 5535
f 5535 5539 5540
f 5543 1335 5548
f 5548 1337 5547
f 5547 1334 5543
f 5543 5548 5547
f 5548 1335 5544
f 5544 1336 5549
f 5549 1337 5548
f 5548 5544 5549
f 5552 1340 5551
f 5551 1338 5550
f 5550 1339 5552
f 5552 5551 5550
f 5551 1340 5555
f 5555 1341 5554
f 5554 1338 5551
f 5551 5555 5554
f 5299 1233 5298
f 5298 1209 5251
f 5251 1211 5299
f 5299 5298 5251
f 5298 1233 5300
f 5300 1226 5283
f 5283 1209 5298
f 5298 5300 5283
f 5246 1129 5249
f 5249 1211 5251
f 5251 1209 5246
f 5246 5249 5251
f 5249 1129 5236
f 5236 1206 5250
f 5250 1211 5249
f 5249 5236 5250
f 5241 1206 5237
f 5237 1130 5239
f 5239 1207 5241
f 5241 5237 5239
f 5237 1206 5236
f 5236 1129 5100
f 5100 1130 5237
f 5237 5236 5100
f 5560 1344 5559
f 5559 1342 5556
f 5556 1343 5560
f 5560 5559 5556
f 5559 1344 5563
f 5563 1345 5562
f 5562 1342 5559
f 5559 5563 5562
f 5234 1204 5567
f 5567 1346 5566
f 5566 1132 5234
f 5234 5567 5566
f 5567 1204 5570
f 5570 1347 5571
f 5571 1346 5567
f 5567 5570 5571
f 5577 1348 5574
f 5574 1132 5566
f 5566 1346 5577
f 5577 5574 5566
f 5574 1348 5575
f 5575 1133 5103
f 5103 1132 5574
f 5574 5575 5103
f 5178 1171 5173
f 5173 1145 5176
f 5176 1172 5178
f 5178 5173 5176
f 5173 1171 5174
f 5174 1146 5129
f 5129 1145 5173
f 5173 5174 5129
f 5133 1150 5163
f 5163 1168 5162
f 5162 1147 5133
f 5133 5163 5162
f 5163 1150 5165
f 5165 1169 5169
f 5169 1168 5163
f 5163 5165 5169
f 5578 1349 5587
f 5587 1351 5586
f 5586 1125 5578
f 5578 5587 5586
f 5587 1349 5584
f 5584 1350 5588
f 5588 1351 5587
f 5587 5584 5588
f 5213 1193 5593
f 5593 1353 5594
f 5594 1194 5213
f 5213 5593 5594
f 5593 1193 5590
f 5590 1352 5596
f 5596 1353 5593
f 5593 5590 5596
f 5603 1356 5602
f 5602 1354 5600
f 5600 1355 5603
f 5603 5602 5600
f 5602 1356 5607
f 5607 1357 5606
f 5606 1354 5602
f 5602 5607 5606
f 5618 1359 5617
f 5617 1357 5612
f 5612 1358 5618
f 5618 5617 5612
f 5617 1359 5616
f 5616 1354 5606
f 5606 1357 5617
f 5617 5616 5606
f 5618 1358 5609
f 5609 1162 5614
f 5614 1359 5618
f 5618 5609 5614
f 5609 1358 5610
f 5610 1163 5154
f 5154 1162 5609
f 5609 5610 5154
f 4998 1083 4999
f 4999 1014 4871
f 4871 1013 4998
f 4998 4999 4871
f 4999 1083 5000
f 5000 1082 4995
f 4995 1014 4999
f 4999 5000 4995
f 5624 1361 5628
f 5628 1363 5627
f 5627 1360 5624
f 5624 5628 5627
f 5628 1361 5625
f 5625 1362 5629
f 5629 1363 5628
f 5628 5625 5629
f 5641 1366 5640
f 5640 1364 5637
f 5637 1365 5641
f 5641 5640 5637
f 5640 1366 5645
f 5645 1367 5644
f 5644 1364 5640
f 5640 5645 5644
f 5391 1105 5051
f 5051 1102 5389
f 5389 1274 5391
f 5391 5051 5389
f 5051 1105 5052
f 5052 1104 5050
f 5050 1102 5051
f 5051 5052 5050
f 5648 998 5653
f 5653 1369 5655
f 5655 1368 5648
f 5648 5653 5655
f 5653 998 4848
f 4848 997 5652
f 5652 1369 5653
f 5653 4848 5652
f 5652 997 5656
f 5656 1370 5659
f 5659 1369 5652
f 5652 5656 5659
f 5656 997 5061
f 5061 1109 5657
f 5657 1370 5656
f 5656 5061 5657
f 5660 1371 5661
f 5661 1109 5064
f 5064 1108 5660
f 5660 5661 5064
f 5661 1371 5662
f 5662 1370 5657
f 5657 1109 5661
f 5661 5662 5657
f 5253 1152 5270
f 5270 1222 5271
f 5271 1213 5253
f 5253 5270 5271
f 5270 1152 5136
f 5136 1151 5269
f 5269 1222 5270
f 5270 5136 5269
f 5672 1374 5671
f 5671 1372 5669
f 5669 1373 5672
f 5672 5671 5669
f 5671 1374 5677
f 5677 1375 5676
f 5676 1372 5671
f 5671 5677 5676
f 5663 385 5668
f 5668 1373 5669
f 5669 1372 5663
f 5663 5668 5669
f 5668 385 2723
f 2723 384 5667
f 5667 1373 5668
f 5668 2723 5667
f 5648 1368 5649
f 5649 1016 4872
f 4872 998 5648
f 5648 5649 4872
f 5649 1368 5650
f 5650 1017 4876
f 4876 1016 5649
f 5649 5650 4876
f 4844 994 5276
f 5277 995 4844
f 4844 5276 5277
f 5276 994 5678
f 5678 994 5679
f 5679 994 5067
f 5067 1111 5680
f 5679 5067 5680
f 5683 1197 5684
f 5684 1378 5686
f 5686 1377 5683
f 5683 5684 5686
f 5684 1197 5222
f 5222 1198 5685
f 5685 1378 5684
f 5684 5222 5685
f 5688 1379 5687
f 5687 1377 5686
f 5686 1378 5688
f 5688 5687 5686
f 5687 1379 5690
f 5690 1380 5689
f 5689 1377 5687
f 5687 5690 5689
f 5696 1382 5700
f 5700 1383 5699
f 5699 1381 5696
f 5696 5700 5699
f 5700 1382 5694
f 5694 1320 5698
f 5698 1383 5700
f 5700 5694 5698
f 5702 1384 5701
f 5701 1039 4957
f 4957 1066 5702
f 5702 5701 4957
f 5701 1384 5705
f 5705 1385 5703
f 5703 1039 5701
f 5701 5705 5703
f 5714 1387 5710
f 5710 396 5706
f 5706 1386 5714
f 5714 5710 5706
f 5710 1387 5711
f 5711 397 2752
f 2752 396 5710
f 5710 5711 2752
f 5459 1297 5451
f 5451 400 5455
f 5455 1298 5459
f 5459 5451 5455
f 5451 1297 5452
f 5452 401 2763
f 2763 400 5451
f 5451 5452 2763
f 5725 1390 5724
f 5724 1388 5720
f 5720 1389 5725
f 5725 5724 5720
f 5724 1390 5729
f 5729 1391 5728
f 5728 1388 5724
f 5724 5729 5728
f 5731 1260 5736
f 5736 1393 5737
f 5737 1392 5731
f 5731 5736 5737
f 5736 1260 5355
f 5355 1238 5735
f 5735 1393 5736
f 5736 5355 5735
f 5738 1395 5741
f 5741 1397 5740
f 5740 1394 5738
f 5738 5741 5740
f 5741 1395 5739
f 5739 1396 5742
f 5742 1397 5741
f 5741 5739 5742
f 5743 1398 5744
f 5744 1264 5369
f 5369 1263 5743
f 5743 5744 5369
f 5744 1398 5750
f 5750 1399 5749
f 5749 1264 5744
f 5744 5750 5749
f 5751 1081 5754
f 5754 1401 5756
f 5756 1400 5751
f 5751 5754 5756
f 5754 1081 5444
f 5444 1294 5755
f 5755 1401 5754
f 5754 5444 5755
f 5379 1271 5761
f 5761 1402 5760
f 5760 1101 5379
f 5379 5761 5760
f 5761 1271 5457
f 5457 1298 5762
f 5762 1402 5761
f 5761 5457 5762
f 5549 1336 5765
f 5765 1403 5766
f 5766 1337 5549
f 5549 5765 5766
f 5765 1336 5767
f 5767 1404 5768
f 5768 1403 5765
f 5765 5767 5768
f 5773 1406 5772
f 5772 1404 5769
f 5769 1405 5773
f 5773 5772 5769
f 5772 1406 5771
f 5771 1403 5768
f 5768 1404 5772
f 5772 5771 5768
f 4952 1061 5380
f 5380 1272 5381
f 5381 1062 4952
f 4952 5380 5381
f 5380 1061 4962
f 4962 1068 5382
f 5382 1272 5380
f 5380 4962 5382
f 5776 1409 5775
f 5775 1407 5774
f 5774 1408 5776
f 5776 5775 5774
f 5775 1409 5778
f 5778 1410 5777
f 5777 1407 5775
f 5775 5778 5777
f 5784 1413 5783
f 5783 1411 5782
f 5782 1412 5784
f 5784 5783 5782
f 5783 1413 5786
f 5786 1414 5785
f 5785 1411 5783
f 5783 5786 5785
f 5794 1417 5793
f 5793 1415 5792
f 5792 1416 5794
f 5794 5793 5792
f 5793 1417 5797
f 5797 1418 5796
f 5796 1415 5793
f 5793 5797 5796
f 5807 1421 5806
f 5806 1419 5801
f 5801 1420 5807
f 5807 5806 5801
f 5806 1421 5805
f 5805 1418 5798
f 5798 1419 5806
f 5806 5805 5798
f 5498 1314 5800
f 5800 1420 5799
f 5799 1311 5498
f 5498 5800 5799
f 5800 1314 5804
f 5804 1421 5807
f 5807 1420 5800
f 5800 5804 5807
f 5813 1424 5812
f 5812 1422 5809
f 5809 1423 5813
f 5813 5812 5809
f 5812 1424 5818
f 5818 1425 5817
f 5817 1422 5812
f 5812 5818 5817
f 5826 1428 5825
f 5825 1426 5822
f 5822 1427 5826
f 5826 5825 5822
f 5825 1428 5829
f 5829 1429 5828
f 5828 1426 5825
f 5825 5829 5828
f 5836 1432 5835
f 5835 1430 5832
f 5832 1431 5836
f 5836 5835 5832
f 5835 1432 5840
f 5840 1433 5839
f 5839 1430 5835
f 5835 5840 5839
f 5839 1433 5837
f 5837 1036 5830
f 5830 1430 5839
f 5839 5837 5830
f 5837 1433 5838
f 5838 1037 4904
f 4904 1036 5837
f 5837 5838 4904
f 5742 1396 5842
f 5842 1435 5843
f 5843 1397 5742
f 5742 5842 5843
f 5842 1396 5841
f 5841 1434 5844
f 5844 1435 5842
f 5842 5841 5844
f 5851 1438 5850
f 5850 1436 5849
f 5849 1437 5851
f 5851 5850 5849
f 5850 1438 5854
f 5854 1439 5853
f 5853 1436 5850
f 5850 5854 5853
f 5862 1442 5861
f 5861 1440 5858
f 5858 1441 5862
f 5862 5861 5858
f 5861 1442 5866
f 5866 1443 5865
f 5865 1440 5861
f 5861 5866 5865
f 5877 1446 5876
f 5876 1444 5873
f 5873 1445 5877
f 5877 5876 5873
f 5876 1446 5879
f 5879 1447 5878
f 5878 1444 5876
f 5876 5879 5878
f 5889 1449 5886
f 5886 1200 5880
f 5880 1448 5889
f 5889 5886 5880
f 5886 1449 5887
f 5887 1201 5227
f 5227 1200 5886
f 5886 5887 5227
f 5738 1394 5890
f 5890 1450 5891
f 5891 1395 5738
f 5738 5890 5891
f 5890 1394 5892
f 5892 1451 5893
f 5893 1450 5890
f 5890 5892 5893
f 5894 1113 5753
f 5753 1400 5895
f 5895 1452 5894
f 5894 5753 5895
f 5753 1113 5074
f 5074 1112 5752
f 5752 1400 5753
f 5753 5074 5752
f 5901 1454 5898
f 5898 1148 5897
f 5897 1453 5901
f 5901 5898 5897
f 5898 1454 5899
f 5899 1149 5132
f 5132 1148 5898
f 5898 5899 5132
f 4986 1077 5902
f 5902 1455 5903
f 5903 1078 4986
f 4986 5902 5903
f 5902 1077 5906
f 5906 1456 5907
f 5907 1455 5902
f 5902 5906 5907
f 5913 1458 5911
f 5911 1052 5908
f 5908 1457 5913
f 5913 5911 5908
f 5911 1458 5912
f 5912 1053 4927
f 4927 1052 5911
f 5911 5912 4927
f 5438 1292 5439
f 5439 1020 4879
f 4879 1019 5438
f 5438 5439 4879
f 5439 1292 5441
f 5441 1291 5434
f 5434 1020 5439
f 5439 5441 5434
f 4881 1020 5919
f 5919 1460 5920
f 5920 1021 4881
f 4881 5919 5920
f 5919 1020 5914
f 5914 1459 5922
f 5922 1460 5919
f 5919 5914 5922
f 4967 1026 4961
f 4961 1067 4968
f 4968 1070 4967
f 4967 4961 4968
f 4961 1026 5924
f 5924 1461 5925
f 5925 1067 4961
f 4961 5924 5925
f 5434 1291 5916
f 5916 1459 5914
f 5914 1020 5434
f 5434 5916 5914
f 5916 1291 5435
f 5435 1286 5915
f 5915 1459 5916
f 5916 5435 5915
f 4855 1002 5056
f 5056 1107 5055
f 5055 1000 4855
f 4855 5056 5055
f 5056 1002 5048
f 5048 1104 5057
f 5057 1107 5056
f 5056 5048 5057
f 4851 1000 5062
f 5062 1109 5061
f 5061 997 4851
f 4851 5062 5061
f 5062 1000 5055
f 5055 1107 5063
f 5063 1109 5062
f 5062 5055 5063
f 5068 1110 5681
f 5681 1376 5682
f 5682 1111 5068
f 5068 5681 5682
f 5681 1110 5927
f 5927 1462 5930
f 5930 1376 5681
f 5681 5927 5930
f 5028 1078 5427
f 5427 1289 5428
f 5428 1097 5028
f 5028 5427 5428
f 5427 1078 5903
f 5903 1455 5905
f 5905 1289 5427
f 5427 5903 5905
f 4933 1056 5565
f 5565 1346 5564
f 5564 1028 4933
f 4933 5565 5564
f 5565 1056 5573
f 5573 1348 5577
f 5577 1346 5565
f 5565 5573 5577
f 5571 1347 5568
f 5568 1028 5564
f 5564 1346 5571
f 5571 5568 5564
f 5568 1347 5569
f 5569 1029 4891
f 4891 1028 5568
f 5568 5569 4891
f 5931 1463 5934
f 5934 1451 5892
f 5892 1394 5931
f 5931 5934 5892
f 5934 1463 5937
f 5937 1464 5936
f 5936 1451 5934
f 5934 5937 5936
f 5940 1466 5951
f 5951 1468 5950
f 5950 1465 5940
f 5940 5951 5950
f 5951 1466 5945
f 5945 1467 5952
f 5952 1468 5951
f 5951 5945 5952
f 5958 1471 5957
f 5957 1469 5955
f 5955 1470 5958
f 5958 5957 5955
f 5957 1471 5960
f 5960 1472 5959
f 5959 1469 5957
f 5957 5960 5959
f 5963 1475 5962
f 5962 1473 5961
f 5961 1474 5963
f 5963 5962 5961
f 5962 1475 5965
f 5965 1476 5964
f 5964 1473 5962
f 5962 5965 5964
f 5969 1478 5975
f 5975 1480 5974
f 5974 1477 5969
f 5969 5975 5974
f 5975 1478 5972
f 5972 1479 5976
f 5976 1480 5975
f 5975 5972 5976
f 5399 1277 5397
f 5397 1217 5280
f 5280 1225 5399
f 5399 5397 5280
f 5397 1277 5398
f 5398 1220 5266
f 5266 1217 5397
f 5397 5398 5266
f 5978 1215 5977
f 5979 1216 5257
f 5257 1215 5978
f 5978 5979 5257
f 5981 1481 5980
f 5980 1087 5077
f 5077 1114 5981
f 5981 5980 5077
f 5980 1481 5986
f 5986 1482 5983
f 5983 1087 5980
f 5980 5986 5983
f 5987 1259 5464
f 5464 1300 5988
f 5988 1483 5987
f 5987 5464 5988
f 5976 1479 5970
f 5970 1434 5973
f 5973 1480 5976
f 5976 5970 5973
f 5970 1479 5971
f 5971 1435 5844
f 5844 1434 5970
f 5970 5971 5844
f 5989 1216 5979
f 5990 1224 5278
f 5278 1216 5989
f 5989 5990 5278
f 4959 1066 4958
f 4958 1042 4953
f 4953 1063 4959
f 4959 4958 4953
f 4958 1066 4957
f 4957 1039 4910
f 4910 1042 4958
f 4958 4957 4910
f 5992 1484 5993
f 5993 1074 4977
f 4977 1073 5992
f 5992 5993 4977
f 5993 1484 5996
f 5996 1485 5995
f 5995 1074 5993
f 5993 5996 5995
f 6003 1488 6002
f 6002 1486 6000
f 6000 1487 6003
f 6003 6002 6000
f 6002 1488 6006
f 6006 1489 6005
f 6005 1486 6002
f 6002 6006 6005
f 6012 1492 6011
f 6011 1490 6009
f 6009 1491 6012
f 6012 6011 6009
f 6011 1492 6015
f 6015 1493 6014
f 6014 1490 6011
f 6011 6015 6014
f 6016 1494 6017
f 6017 1130 5099
f 5099 1040 6016
f 6016 6017 5099
f 6017 1494 6026
f 6026 1495 6021
f 6021 1130 6017
f 6017 6026 6021
f 6030 1498 6029
f 6029 1496 6028
f 6028 1497 6030
f 6030 6029 6028
f 6029 1498 6033
f 6033 1499 6032
f 6032 1496 6029
f 6029 6033 6032
f 5596 1352 5589
f 5589 1186 5591
f 5591 1353 5596
f 5596 5589 5591
f 5589 1352 6037
f 6037 1500 6035
f 6035 1186 5589
f 5589 6037 6035
f 6038 1501 6039
f 6039 1123 5088
f 5088 1122 6038
f 6038 6039 5088
f 6039 1501 6041
f 6041 1502 6040
f 6040 1123 6039
f 6039 6041 6040
f 6042 1503 6043
f 6043 1479 5972
f 5972 1478 6042
f 6042 6043 5972
f 6043 1503 6047
f 6047 1504 6046
f 6046 1479 6043
f 6043 6047 6046
f 5230 1202 5789
f 5789 1415 5788
f 5788 1199 5230
f 5230 5789 5788
f 5789 1202 5228
f 5228 1189 5787
f 5787 1415 5789
f 5789 5228 5787
f 5857 1441 5856
f 5856 1394 5740
f 5740 1397 5857
f 5857 5856 5740
f 5856 1441 5933
f 5933 1463 5931
f 5931 1394 5856
f 5856 5933 5931
f 5936 1464 6051
f 6051 1505 6050
f 6050 1451 5936
f 5936 6051 6050
f 6051 1464 5935
f 5935 1447 6049
f 6049 1505 6051
f 6051 5935 6049
f 6060 1508 6059
f 6059 1506 6057
f 6057 1507 6060
f 6060 6059 6057
f 6059 1508 6058
f 6058 1043 6052
f 6052 1506 6059
f 6059 6058 6052
f 5780 1412 5781
f 5781 1380 5690
f 5690 1379 5780
f 5780 5781 5690
f 5781 1412 5782
f 5782 1411 5779
f 5779 1380 5781
f 5781 5782 5779
f 6046 1504 6044
f 6044 1435 5971
f 5971 1479 6046
f 6046 6044 5971
f 6044 1504 6045
f 6045 1442 5860
f 5860 1435 6044
f 6044 6045 5860
f 5715 1261 5719
f 5719 1389 5720
f 5720 1388 5715
f 5715 5719 5720
f 5719 1261 5358
f 5358 1260 5718
f 5718 1389 5719
f 5719 5358 5718
f 6064 1510 6066
f 6066 1509 6061
f 6061 1245 6064
f 6064 6066 6061
f 6066 1510 6069
f 6068 1509 6066
f 6066 6069 6068
f 5511 1317 5505
f 5505 995 5272
f 5272 1223 5511
f 5511 5505 5272
f 5505 1317 5506
f 5506 996 4847
f 4847 995 5505
f 5505 5506 4847
f 6072 1120 5691
f 5691 1381 6073
f 6073 1511 6072
f 6072 5691 6073
f 5691 1120 5692
f 5692 1382 5696
f 5696 1381 5691
f 5691 5692 5696
f 5447 1295 6075
f 6075 1512 6074
f 6074 1294 5447
f 5447 6075 6074
f 6075 1295 6078
f 6078 1513 6081
f 6081 1512 6075
f 6075 6078 6081
f 5893 1451 6085
f 6085 1514 6084
f 6084 1450 5893
f 5893 6085 6084
f 6085 1451 6050
f 6050 1505 6086
f 6086 1514 6085
f 6085 6050 6086
f 5820 1413 6087
f 6087 1515 6088
f 6088 1427 5820
f 5820 6087 6088
f 6087 1413 6091
f 6091 1516 6092
f 6092 1515 6087
f 6087 6091 6092
f 6093 1180 6048
f 6048 1505 6098
f 6098 1517 6093
f 6093 6048 6098
f 6048 1180 6083
f 6083 1514 6086
f 6086 1505 6048
f 6048 6083 6086
f 5853 1439 6101
f 6101 1518 6100
f 6100 1436 5853
f 5853 6101 6100
f 6101 1439 6105
f 6105 1519 6106
f 6106 1518 6101
f 6101 6105 6106
f 6128 1526 6127
f 6127 1527 6129
f 6129 6128 6127
f 6131 1526 6128
f 6109 1521 6110
f 6110 1312 5494
f 5494 1311 6109
f 6109 6110 5494
f 6110 1521 6111
f 6111 1520 6107
f 6107 1312 6110
f 6110 6111 6107
f 6118 1431 6120
f 6120 1525 6121
f 6121 1524 6118
f 6118 6120 6121
f 6120 1431 5832
f 5832 1430 6119
f 6119 1525 6120
f 6120 5832 6119
f 6125 1527 6126
f 6126 1036 4902
f 4902 1035 6125
f 6125 6126 4902
f 6126 1527 6127
f 6127 1526 6122
f 6122 1036 6126
f 6126 6127 6122
f 5689 1380 6133
f 6133 1528 6132
f 6132 1377 5689
f 5689 6133 6132
f 6133 1380 6134
f 6134 1529 6136
f 6136 1528 6133
f 6133 6134 6136
f 5779 1411 6135
f 6135 1529 6134
f 6134 1380 5779
f 5779 6135 6134
f 6135 1411 6137
f 6137 1530 6139
f 6139 1529 6135
f 6135 6137 6139
f 6115 1523 6116
f 6116 1420 5801
f 5801 1419 6115
f 6115 6116 5801
f 6116 1523 6117
f 6117 1522 6113
f 6113 1420 6116
f 6116 6117 6113
f 6146 1531 6142
f 6150 1531 6149
f 6149 1533 6151
f 6151 6150 6149
f 6142 1531 6150
f 6156 1528 6140
f 6148 1533 6147
f 6147 1426 5828
f 5828 1429 6148
f 6148 6147 5828
f 6147 1533 6149
f 6149 1531 6141
f 6141 1426 6147
f 6147 6149 6141
f 5683 1377 6154
f 6154 1534 6153
f 6153 1197 5683
f 5683 6154 6153
f 6154 1377 6132
f 6132 1528 6156
f 6156 1534 6154
f 6154 6132 6156
f 6146 1532 6144
f 6144 1426 6141
f 6141 1531 6146
f 6146 6144 6141
f 6144 1532 6143
f 6143 1414 5819
f 5819 1426 6144
f 6144 6143 5819
f 6158 1423 6162
f 6162 1536 6164
f 6164 1535 6158
f 6158 6162 6164
f 6162 1423 5809
f 5809 1422 6161
f 6161 1536 6162
f 6162 5809 6161
f 6175 1538 6174
f 6174 1524 6167
f 6167 1537 6175
f 6175 6174 6167
f 6174 1538 6173
f 6173 1431 6118
f 6118 1524 6174
f 6174 6173 6118
f 6175 1537 6165
f 6165 1419 6172
f 6172 1538 6175
f 6175 6165 6172
f 6165 1537 6166
f 6166 1523 6115
f 6115 1419 6165
f 6165 6166 6115
f 6113 1522 6112
f 6112 1311 5799
f 5799 1420 6113
f 6113 6112 5799
f 6112 1522 6114
f 6114 1521 6109
f 6109 1311 6112
f 6112 6114 6109
f 6145 1530 6138
f 6138 1414 6143
f 6143 1532 6145
f 6145 6138 6143
f 6138 1530 6137
f 6137 1411 5785
f 5785 1414 6138
f 6138 6137 5785
f 6129 1527 6155
f 6153 1534 6152
f 6152 1035 5219
f 5219 1197 6153
f 6153 6152 5219
f 6152 1534 6155
f 6155 1527 6125
f 6125 1035 6152
f 6152 6155 6125
f 6122 1526 6123
f 6123 1430 5830
f 5830 1036 6122
f 6122 6123 5830
f 6123 1526 6124
f 6124 1525 6119
f 6119 1430 6123
f 6123 6124 6119
f 6130 1525 6124
f 6124 1526 6131
f 6130 6124 6131
f 6176 555 5477
f 5477 1305 6179
f 6179 1539 6176
f 6176 5477 6179
f 5477 555 3225
f 3225 554 5476
f 5476 1305 5477
f 5477 3225 5476
f 6183 1540 6181
f 6181 1027 5409
f 5409 1280 6183
f 6183 6181 5409
f 6181 1540 6182
f 6182 1055 4930
f 4930 1027 6181
f 6181 6182 4930
f 5424 1288 6190
f 6190 1541 6189
f 6189 1098 5424
f 5424 6190 6189
f 6190 1288 6194
f 6194 1542 6195
f 6195 1541 6190
f 6190 6194 6195
f 6203 1544 6200
f 6200 1453 6197
f 6197 1543 6203
f 6203 6200 6197
f 6200 1544 6201
f 6201 1454 5901
f 5901 1453 6200
f 6200 6201 5901
f 6213 1546 6209
f 6209 1091 6204
f 6204 1545 6213
f 6213 6209 6204
f 6209 1546 6210
f 6210 1092 5017
f 5017 1091 6209
f 6209 6210 5017
f 5790 1188 5869
f 5869 1445 5870
f 5870 1416 5790
f 5790 5869 5870
f 5869 1188 5875
f 5875 1446 5877
f 5877 1445 5869
f 5869 5875 5877
f 5871 1432 5833
f 5833 1416 5870
f 5870 1445 5871
f 5871 5833 5870
f 5833 1432 5834
f 5834 1417 5794
f 5794 1416 5833
f 5833 5834 5794
f 6214 1547 6215
f 6215 1457 5910
f 5910 1293 6214
f 6214 6215 5910
f 6215 1547 6216
f 6216 1458 5913
f 5913 1457 6215
f 6215 6216 5913
f 5603 1355 6079
f 6079 1513 6080
f 6080 1356 5603
f 5603 6079 6080
f 6079 1355 6076
f 6076 1512 6081
f 6081 1513 6079
f 6079 6076 6081
f 6168 1523 6166
f 6166 1537 6169
f 6168 6166 6169
f 6183 1280 5432
f 5432 1290 6184
f 6184 1540 6183
f 6183 5432 6184
f 5432 1280 5422
f 5422 1287 5433
f 5433 1290 5432
f 5432 5422 5433
f 5718 1260 6220
f 6220 1548 6221
f 6221 1389 5718
f 5718 6220 6221
f 6220 1260 5731
f 5731 1392 6222
f 6222 1548 6220
f 6220 5731 6222
f 5309 566 5733
f 5733 1393 5735
f 5735 1238 5309
f 5309 5733 5735
f 5733 566 3269
f 3269 565 5732
f 5732 1393 5733
f 5733 3269 5732
f 6229 1551 6228
f 6228 1549 6225
f 6225 1550 6229
f 6229 6228 6225
f 6228 1551 6231
f 6231 1552 6230
f 6230 1549 6228
f 6228 6231 6230
f 6234 1551 6226
f 6226 571 6232
f 6232 1553 6234
f 6234 6226 6232
f 6226 1551 6227
f 6227 572 3278
f 3278 571 6226
f 6226 6227 3278
f 6238 1555 6242
f 6242 1557 6241
f 6241 1554 6238
f 6238 6242 6241
f 6242 1555 6240
f 6240 1556 6243
f 6243 1557 6242
f 6242 6240 6243
f 6245 1556 6244
f 6244 1558 6246
f 6246 1559 6245
f 6245 6244 6246
f 6244 1556 6248
f 6248 1560 6249
f 6249 1558 6244
f 6244 6248 6249
f 6249 1560 6254
f 6254 1562 6253
f 6253 1558 6249
f 6249 6254 6253
f 6254 1560 6252
f 6252 1561 6255
f 6255 1562 6254
f 6254 6252 6255
f 6255 1561 6259
f 6259 1564 6260
f 6260 1562 6255
f 6255 6259 6260
f 6259 1561 6258
f 6258 1563 6261
f 6261 1564 6259
f 6259 6258 6261
f 6262 1565 6263
f 6263 1277 5400
f 5400 1247 6262
f 6262 6263 5400
f 6263 1565 6264
f 6264 1563 6257
f 6257 1277 6263
f 6263 6264 6257
f 6265 1566 6266
f 6266 1247 5328
f 5328 1246 6265
f 6265 6266 5328
f 6266 1566 6267
f 6267 1565 6262
f 6262 1247 6266
f 6266 6267 6262
f 6272 1568 6273
f 6273 1567 6270
f 6270 1483 6272
f 6272 6273 6270
f 6273 1568 6277
f 6277 1569 6276
f 6276 1567 6273
f 6273 6277 6276
f 6279 1570 6278
f 6278 1300 5467
f 5467 1301 6279
f 6279 6278 5467
f 6278 1570 6283
f 6283 1571 6280
f 6280 1300 6278
f 6278 6283 6280
f 6286 1572 6287
f 6287 1243 5320
f 5320 1242 6286
f 6286 6287 5320
f 6287 1572 6291
f 6291 1573 6288
f 6288 1243 6287
f 6287 6291 6288
f 3339 594 5318
f 5318 1242 5319
f 5319 595 3339
f 3339 5318 5319
f 5318 594 6284
f 6284 1572 6286
f 6286 1242 5318
f 5318 6284 6286
f 4850 998 6292
f 6292 1574 6293
f 6293 999 4850
f 4850 6292 6293
f 6292 998 6070
f 6070 1511 6296
f 6296 1574 6292
f 6292 6070 6296
f 6300 1576 6299
f 6299 1153 6298
f 6298 1575 6300
f 6300 6299 6298
f 6299 1576 6305
f 6305 1577 6303
f 6303 1153 6299
f 6299 6305 6303
f 6314 1580 6313
f 6313 1578 6311
f 6311 1579 6314
f 6314 6313 6311
f 6313 1580 6320
f 6320 1581 6319
f 6319 1578 6313
f 6313 6320 6319
f 6325 1583 6323
f 6323 1156 6321
f 6321 1582 6325
f 6325 6323 6321
f 6323 1583 6324
f 6324 1157 5144
f 5144 1156 6323
f 6323 6324 5144
f 6328 1584 6326
f 6326 1575 6322
f 6322 1582 6328
f 6328 6326 6322
f 6326 1584 6327
f 6327 1576 6300
f 6300 1575 6326
f 6326 6327 6300
f 6329 1585 6330
f 6330 1156 5142
f 5142 1155 6329
f 6329 6330 5142
f 6330 1585 6335
f 6335 1586 6332
f 6332 1156 6330
f 6330 6335 6332
f 6341 1589 6340
f 6340 1587 6339
f 6339 1588 6341
f 6341 6340 6339
f 6340 1589 6344
f 6344 1590 6343
f 6343 1587 6340
f 6340 6344 6343
f 6352 1593 6351
f 6351 1591 6350
f 6350 1592 6352
f 6352 6351 6350
f 6351 1593 6355
f 6355 1594 6354
f 6354 1591 6351
f 6351 6355 6354
f 6359 1597 6358
f 6358 1595 6357
f 6357 1596 6359
f 6359 6358 6357
f 6358 1597 6363
f 6363 1598 6362
f 6362 1595 6358
f 6358 6363 6362
f 6354 1594 6353
f 6353 1322 6346
f 6346 1591 6354
f 6354 6353 6346
f 6353 1594 6366
f 6366 1599 6364
f 6364 1322 6353
f 6353 6366 6364
f 5537 1332 5536
f 5536 1315 5504
f 5504 1316 5537
f 5537 5536 5504
f 5536 1332 6368
f 6368 1600 6367
f 6367 1315 5536
f 5536 6368 6367
f 6370 1470 6373
f 6373 1602 6374
f 6374 1601 6370
f 6370 6373 6374
f 6373 1470 5955
f 5955 1469 6372
f 6372 1602 6373
f 6373 5955 6372
f 6378 1604 6377
f 6377 1501 6376
f 6376 1603 6378
f 6378 6377 6376
f 6377 1604 6381
f 6381 1605 6379
f 6379 1501 6377
f 6377 6381 6379
f 6382 1122 6385
f 6385 1607 6386
f 6386 1606 6382
f 6382 6385 6386
f 6385 1122 5087
f 5087 1121 6384
f 6384 1607 6385
f 6385 5087 6384
f 6394 1609 6393
f 6393 1508 6390
f 6390 1608 6394
f 6394 6393 6390
f 6393 1609 6398
f 6398 1610 6397
f 6397 1508 6393
f 6393 6398 6397
f 6405 1613 6404
f 6404 1611 6401
f 6401 1612 6405
f 6405 6404 6401
f 6404 1613 6407
f 6407 1614 6406
f 6406 1611 6404
f 6404 6407 6406
f 5516 1321 6337
f 6337 1587 6336
f 6336 1318 5516
f 5516 6337 6336
f 6337 1321 6410
f 6410 1615 6411
f 6411 1587 6337
f 6337 6410 6411
f 6362 1598 6360
f 6360 1045 6356
f 6356 1595 6362
f 6362 6360 6356
f 6360 1598 6361
f 6361 1046 4916
f 4916 1045 6360
f 6360 6361 4916
f 6418 1618 6417
f 6417 1616 6416
f 6416 1617 6418
f 6418 6417 6416
f 6417 1618 6420
f 6420 1619 6419
f 6419 1616 6417
f 6417 6420 6419
f 6424 1621 6427
f 6427 1623 6426
f 6426 1620 6424
f 6424 6427 6426
f 6427 1621 6425
f 6425 1622 6428
f 6428 1623 6427
f 6427 6425 6428
f 6432 1612 6430
f 6430 1624 6433
f 6433 1625 6432
f 6432 6430 6433
f 6430 1612 6401
f 6401 1611 6429
f 6429 1624 6430
f 6430 6401 6429
f 6053 1506 6054
f 6054 1434 5841
f 5841 1396 6053
f 6053 6054 5841
f 6054 1506 6438
f 6438 1626 6436
f 6436 1434 6054
f 6054 6438 6436
f 6052 1043 6434
f 6434 1626 6438
f 6438 1506 6052
f 6052 6434 6438
f 6434 1043 4914
f 4914 1046 6435
f 6435 1626 6434
f 6434 4914 6435
f 6442 1629 6441
f 6441 1627 6439
f 6439 1628 6442
f 6442 6441 6439
f 6441 1629 6447
f 6447 1630 6446
f 6446 1627 6441
f 6441 6447 6446
f 6450 1631 6451
f 6451 1500 6037
f 6037 1352 6450
f 6450 6451 6037
f 6451 1631 6457
f 6457 1632 6455
f 6455 1500 6451
f 6451 6457 6455
f 6449 1631 6448
f 6448 1089 5015
f 5015 1092 6449
f 6449 6448 5015
f 6448 1631 6462
f 6462 1633 6458
f 6458 1089 6448
f 6448 6462 6458
f 5601 1091 5605
f 5605 1357 5607
f 5607 1356 5601
f 5601 5605 5607
f 5605 1091 5014
f 5014 1090 5604
f 5604 1357 5605
f 5605 5014 5604
f 5579 1349 5580
f 5580 1164 5155
f 5155 1163 5579
f 5579 5580 5155
f 5580 1349 6466
f 6466 1634 6465
f 6465 1164 5580
f 5580 6466 6465
f 5578 1125 6463
f 6463 1634 6466
f 6466 1349 5578
f 5578 6463 6466
f 6463 1125 5094
f 5094 1128 6464
f 6464 1634 6463
f 6463 5094 6464
f 5941 1467 5942
f 5942 1127 5093
f 5093 1126 5941
f 5941 5942 5093
f 5942 1467 5945
f 5945 1466 5939
f 5939 1127 5942
f 5942 5945 5939
f 6099 1518 6102
f 6102 1513 6078
f 6078 1295 6099
f 6099 6102 6078
f 6102 1518 6207
f 6207 1545 6206
f 6206 1513 6102
f 6102 6207 6206
f 5611 1358 5608
f 5608 1090 5582
f 5582 1350 5611
f 5611 5608 5582
f 5608 1358 5612
f 5612 1357 5604
f 5604 1090 5608
f 5608 5612 5604
f 5013 1089 5581
f 5581 1350 5582
f 5582 1090 5013
f 5013 5581 5582
f 5581 1089 5585
f 5585 1351 5588
f 5588 1350 5581
f 5581 5585 5588
f 6459 1633 6461
f 6461 1352 5590
f 5590 1193 6459
f 6459 6461 5590
f 6461 1633 6462
f 6462 1631 6450
f 6450 1352 6461
f 6461 6462 6450
f 6470 1635 6469
f 6469 1193 5216
f 5216 1196 6470
f 6470 6469 5216
f 6469 1635 6472
f 6472 1633 6459
f 6459 1193 6469
f 6469 6472 6459
f 5611 1350 5583
f 5583 1163 5610
f 5610 1358 5611
f 5611 5583 5610
f 5583 1350 5584
f 5584 1349 5579
f 5579 1163 5583
f 5583 5584 5579
f 6480 1450 6476
f 6476 1636 6483
f 6483 1637 6480
f 6480 6476 6483
f 6476 1450 6084
f 6084 1514 6477
f 6477 1636 6476
f 6476 6084 6477
f 6474 1636 6475
f 6475 1439 5854
f 5854 1438 6474
f 6474 6475 5854
f 6475 1636 6473
f 6473 1179 5852
f 5852 1439 6475
f 6475 6473 5852
f 5845 1084 5848
f 5848 1437 5849
f 5849 1436 5845
f 5845 5848 5849
f 5848 1084 5003
f 5003 1083 5847
f 5847 1437 5848
f 5848 5003 5847
f 6487 1639 6485
f 6485 1628 6484
f 6484 1638 6487
f 6487 6485 6484
f 6485 1639 6486
f 6486 1629 6442
f 6442 1628 6485
f 6485 6486 6442
f 6397 1610 6395
f 6395 1043 6058
f 6058 1508 6397
f 6397 6395 6058
f 6395 1610 6396
f 6396 1044 4912
f 4912 1043 6395
f 6395 6396 4912
f 6055 1507 6056
f 6056 1396 5739
f 5739 1395 6055
f 6055 6056 5739
f 6056 1507 6057
f 6057 1506 6053
f 6053 1396 6056
f 6056 6057 6053
f 6477 1514 6082
f 6082 1179 6473
f 6473 1636 6477
f 6477 6082 6473
f 6082 1514 6083
f 6083 1180 5192
f 5192 1179 6082
f 6082 6083 5192
f 6099 1295 5846
f 5846 1436 6100
f 6100 1518 6099
f 6099 5846 6100
f 5846 1295 5446
f 5446 1084 5845
f 5845 1436 5846
f 5846 5446 5845
f 5601 1356 6205
f 6205 1545 6204
f 6204 1091 5601
f 5601 6205 6204
f 6205 1356 6080
f 6080 1513 6206
f 6206 1545 6205
f 6205 6080 6206
f 6494 1477 6489
f 6489 1640 6497
f 6497 1641 6494
f 6494 6489 6497
f 6489 1477 5974
f 5974 1480 6490
f 6490 1640 6489
f 6489 5974 6490
f 6495 1641 6496
f 6496 1598 6363
f 6363 1597 6495
f 6495 6496 6363
f 6496 1641 6497
f 6497 1640 6491
f 6491 1598 6496
f 6496 6497 6491
f 6055 1395 6478
f 6478 1637 6481
f 6481 1507 6055
f 6055 6478 6481
f 6478 1395 5891
f 5891 1450 6480
f 6480 1637 6478
f 6478 5891 6480
f 6504 1643 6502
f 6502 1182 6498
f 6498 1642 6504
f 6504 6502 6498
f 6502 1643 6507
f 6507 1644 6505
f 6505 1182 6502
f 6502 6507 6505
f 6406 1614 6501
f 6501 1642 6500
f 6500 1611 6406
f 6406 6501 6500
f 6501 1614 6503
f 6503 1643 6504
f 6504 1642 6501
f 6501 6503 6504
f 6517 1646 6512
f 6512 1124 6509
f 6509 1645 6517
f 6517 6512 6509
f 6512 1646 6514
f 6514 1613 6403
f 6403 1124 6512
f 6512 6514 6403
f 6490 1480 6437
f 6437 1626 6492
f 6492 1640 6490
f 6490 6437 6492
f 6437 1480 5973
f 5973 1434 6436
f 6436 1626 6437
f 6437 5973 6436
f 6491 1640 6488
f 6488 1046 6361
f 6361 1598 6491
f 6491 6488 6361
f 6488 1640 6492
f 6492 1626 6435
f 6435 1046 6488
f 6488 6492 6435
f 6446 1630 6520
f 6520 1647 6519
f 6519 1627 6446
f 6446 6520 6519
f 6520 1630 6445
f 6445 1590 6518
f 6518 1647 6520
f 6520 6445 6518
f 6521 1648 6522
f 6522 1476 5965
f 5965 1475 6521
f 6521 6522 5965
f 6522 1648 6529
f 6529 1649 6527
f 6527 1476 6522
f 6522 6529 6527
f 6419 1619 6525
f 6525 1648 6524
f 6524 1616 6419
f 6419 6525 6524
f 6525 1619 6528
f 6528 1649 6529
f 6529 1648 6525
f 6525 6528 6529
f 6537 1652 6536
f 6536 1650 6534
f 6534 1651 6537
f 6537 6536 6534
f 6536 1652 6541
f 6541 1653 6540
f 6540 1650 6536
f 6536 6541 6540
f 6547 1655 6545
f 6545 1408 6542
f 6542 1654 6547
f 6547 6545 6542
f 6545 1655 6546
f 6546 1409 5776
f 5776 1408 6545
f 6545 6546 5776
f 6554 1657 6553
f 6553 1653 6550
f 6550 1656 6554
f 6554 6553 6550
f 6553 1657 6552
f 6552 1650 6540
f 6540 1653 6553
f 6553 6552 6540
f 6558 1642 6499
f 6499 1185 6555
f 6555 1658 6558
f 6558 6499 6555
f 6499 1642 6498
f 6498 1182 5198
f 5198 1185 6499
f 6499 6498 5198
f 6429 1611 6556
f 6556 1658 6557
f 6557 1624 6429
f 6429 6556 6557
f 6556 1611 6500
f 6500 1642 6558
f 6558 1658 6556
f 6556 6500 6558
f 6399 1612 6400
f 6400 1607 6384
f 6384 1121 6399
f 6399 6400 6384
f 6400 1612 6432
f 6432 1625 6431
f 6431 1607 6400
f 6400 6432 6431
f 6571 1661 6570
f 6570 1659 6566
f 6566 1660 6571
f 6571 6570 6566
f 6570 1661 6569
f 6569 1383 6560
f 6560 1659 6570
f 6570 6569 6560
f 6580 1663 6577
f 6577 1638 6574
f 6574 1662 6580
f 6580 6577 6574
f 6577 1663 6578
f 6578 1639 6487
f 6487 1638 6577
f 6577 6578 6487
f 6585 1664 6581
f 6581 1013 6573
f 6573 1662 6585
f 6585 6581 6573
f 6581 1664 6582
f 6582 1083 4998
f 4998 1013 6581
f 6581 6582 4998
f 6583 1609 6391
f 6391 1083 6582
f 6582 1664 6583
f 6583 6391 6582
f 6391 1609 6392
f 6392 1437 5847
f 5847 1083 6391
f 6391 6392 5847
f 6394 1608 6387
f 6387 1437 6392
f 6392 1609 6394
f 6394 6387 6392
f 6387 1608 6388
f 6388 1438 5851
f 5851 1437 6387
f 6387 6388 5851
f 6294 1366 5638
f 5638 999 6293
f 6293 1574 6294
f 6294 5638 6293
f 5638 1366 5639
f 5639 1001 4853
f 4853 999 5638
f 5638 5639 4853
f 6587 1665 6586
f 6586 1362 5643
f 5643 1367 6587
f 6587 6586 5643
f 6586 1665 6591
f 6591 1661 6567
f 6567 1362 6586
f 6586 6591 6567
f 6579 1663 6576
f 6576 1363 6564
f 6564 1660 6579
f 6579 6576 6564
f 6576 1663 6575
f 6575 1012 5626
f 5626 1363 6576
f 6576 6575 5626
f 6482 1608 6389
f 6389 1507 6481
f 6481 1637 6482
f 6482 6389 6481
f 6389 1608 6390
f 6390 1508 6060
f 6060 1507 6389
f 6389 6390 6060
f 6474 1438 6479
f 6479 1637 6483
f 6483 1636 6474
f 6474 6479 6483
f 6479 1438 6388
f 6388 1608 6482
f 6482 1637 6479
f 6479 6388 6482
f 6103 1178 6211
f 6211 1546 6212
f 6212 1519 6103
f 6103 6211 6212
f 6211 1178 6453
f 6453 1632 6456
f 6456 1546 6211
f 6211 6453 6456
f 6449 1092 6452
f 6452 1632 6457
f 6457 1631 6449
f 6449 6452 6457
f 6452 1092 6210
f 6210 1546 6456
f 6456 1632 6452
f 6452 6210 6456
f 6458 1633 6460
f 6460 1351 5585
f 5585 1089 6458
f 6458 6460 5585
f 6460 1633 6472
f 6472 1635 6471
f 6471 1351 6460
f 6460 6472 6471
f 6471 1635 6467
f 6467 1125 5586
f 5586 1351 6471
f 6471 6467 5586
f 6467 1635 6468
f 6468 1126 5092
f 5092 1125 6467
f 6467 6468 5092
f 6470 1196 5215
f 5215 1126 6468
f 6468 1635 6470
f 6470 5215 6468
f 5215 1196 5944
f 5944 1467 5941
f 5941 1126 5215
f 5215 5944 5941
f 5218 1195 5943
f 5943 1467 5944
f 5944 1196 5218
f 5218 5943 5944
f 5943 1195 5946
f 5946 1468 5952
f 5952 1467 5943
f 5943 5946 5952
f 5885 1449 5949
f 5949 1468 5946
f 5946 1195 5885
f 5885 5949 5946
f 5949 1449 5888
f 5888 1340 5948
f 5948 1468 5949
f 5949 5888 5948
f 5881 1313 5553
f 5553 1341 5884
f 5884 1448 5881
f 5881 5553 5884
f 5553 1313 5815
f 5815 1425 5816
f 5816 1341 5553
f 5553 5815 5816
f 6107 1520 6108
f 6108 1422 5808
f 5808 1312 6107
f 6107 6108 5808
f 6108 1520 6163
f 6163 1536 6161
f 6161 1422 6108
f 6108 6163 6161
f 6600 1668 6599
f 6599 1666 6596
f 6596 1667 6600
f 6600 6599 6596
f 6599 1668 6598
f 6598 1644 6593
f 6593 1666 6599
f 6599 6598 6593
f 5810 1424 6602
f 6602 1669 6601
f 6601 1338 5810
f 5810 6602 6601
f 6602 1424 5824
f 5824 1428 6603
f 6603 1669 6602
f 6602 5824 6603
f 6158 1535 6159
f 6159 1429 5827
f 5827 1423 6158
f 6158 6159 5827
f 6159 1535 6160
f 6160 1533 6148
f 6148 1429 6159
f 6159 6160 6148
f 6157 1533 6160
f 6151 1533 6157
f 5054 1105 6607
f 6607 1670 6608
f 6608 1106 5054
f 5054 6607 6608
f 6607 1105 6611
f 6611 1671 6613
f 6613 1670 6607
f 6607 6611 6613
f 6614 1672 6615
f 6615 1038 4906
f 4906 1037 6614
f 6614 6615 4906
f 6615 1672 6624
f 6624 1673 6619
f 6619 1038 6615
f 6615 6624 6619
f 6619 1673 6620
f 6620 1198 5221
f 5221 1038 6619
f 6619 6620 5221
f 6620 1673 6621
f 6621 1440 5855
f 5855 1198 6620
f 6620 6621 5855
f 5881 1448 5882
f 5882 1314 5499
f 5499 1313 5881
f 5881 5882 5499
f 5882 1448 5880
f 5880 1200 5497
f 5497 1314 5882
f 5882 5880 5497
f 5685 1198 5863
f 5863 1443 5864
f 5864 1378 5685
f 5685 5863 5864
f 5863 1198 5855
f 5855 1440 5865
f 5865 1443 5863
f 5863 5855 5865
f 5688 1378 6625
f 6625 1674 6626
f 6626 1379 5688
f 5688 6625 6626
f 6625 1378 5864
f 5864 1443 6629
f 6629 1674 6625
f 6625 5864 6629
f 5784 1412 6090
f 6090 1516 6091
f 6091 1413 5784
f 5784 6090 6091
f 6090 1412 6631
f 6631 1675 6634
f 6634 1516 6090
f 6090 6631 6634
f 6170 1538 6171
f 6171 1418 5797
f 5797 1417 6170
f 6170 6171 5797
f 6171 1538 6172
f 6172 1419 5798
f 5798 1418 6171
f 6171 6172 5798
f 5802 1199 5795
f 5795 1418 5805
f 5805 1421 5802
f 5802 5795 5805
f 5795 1199 5788
f 5788 1415 5796
f 5796 1418 5795
f 5795 5788 5796
f 5497 1200 5803
f 5803 1421 5804
f 5804 1314 5497
f 5497 5803 5804
f 5803 1200 5223
f 5223 1199 5802
f 5802 1421 5803
f 5803 5223 5802
f 5818 1424 5811
f 5811 1341 5816
f 5816 1425 5818
f 5818 5811 5816
f 5811 1424 5810
f 5810 1338 5554
f 5554 1341 5811
f 5811 5810 5554
f 6603 1428 6089
f 6089 1515 6604
f 6604 1669 6603
f 6603 6089 6604
f 6089 1428 5826
f 5826 1427 6088
f 6088 1515 6089
f 6089 5826 6088
f 5871 1445 5872
f 5872 1433 5840
f 5840 1432 5871
f 5871 5872 5840
f 5872 1445 5873
f 5873 1444 5868
f 5868 1433 5872
f 5872 5873 5868
f 5868 1444 5867
f 5867 1037 5838
f 5838 1433 5868
f 5868 5867 5838
f 5867 1444 6616
f 6616 1672 6614
f 6614 1037 5867
f 5867 6616 6614
f 6631 1412 6627
f 6627 1674 6635
f 6635 1675 6631
f 6631 6627 6635
f 6627 1412 5780
f 5780 1379 6626
f 6626 1674 6627
f 6627 5780 6626
f 5820 1427 5821
f 5821 1414 5786
f 5786 1413 5820
f 5820 5821 5786
f 5821 1427 5822
f 5822 1426 5819
f 5819 1414 5821
f 5821 5822 5819
f 5836 1431 5831
f 5831 1417 5834
f 5834 1432 5836
f 5836 5831 5834
f 5831 1431 6173
f 6173 1538 6170
f 6170 1417 5831
f 5831 6173 6170
f 5496 1312 5814
f 5814 1425 5815
f 5815 1313 5496
f 5496 5814 5815
f 5814 1312 5808
f 5808 1422 5817
f 5817 1425 5814
f 5814 5808 5817
f 5829 1428 5823
f 5823 1423 5827
f 5827 1429 5829
f 5829 5823 5827
f 5823 1428 5824
f 5824 1424 5813
f 5813 1423 5823
f 5823 5824 5813
f 5790 1416 5791
f 5791 1189 5205
f 5205 1188 5790
f 5790 5791 5205
f 5791 1416 5792
f 5792 1415 5787
f 5787 1189 5791
f 5791 5792 5787
f 5224 1194 5229
f 5229 1202 5231
f 5231 1201 5224
f 5224 5229 5231
f 5229 1194 5594
f 5594 1353 5595
f 5595 1202 5229
f 5229 5594 5595
f 5552 1339 5947
f 5947 1468 5948
f 5948 1340 5552
f 5552 5947 5948
f 5947 1339 5938
f 5938 1465 5950
f 5950 1468 5947
f 5947 5938 5950
f 5860 1442 5859
f 5859 1397 5843
f 5843 1435 5860
f 5860 5859 5843
f 5859 1442 5862
f 5862 1441 5857
f 5857 1397 5859
f 5859 5862 5857
f 6096 1517 6097
f 6097 1447 5879
f 5879 1446 6096
f 6096 6097 5879
f 6097 1517 6098
f 6098 1505 6049
f 6049 1447 6097
f 6097 6098 6049
f 5885 1195 5225
f 5225 1201 5887
f 5887 1449 5885
f 5885 5225 5887
f 5225 1195 5214
f 5214 1194 5224
f 5224 1201 5225
f 5225 5214 5224
f 6622 1673 6623
f 6623 1464 5937
f 5937 1463 6622
f 6622 6623 5937
f 6623 1673 6624
f 6624 1672 6618
f 6618 1464 6623
f 6623 6624 6618
f 6630 1504 6633
f 6633 1675 6635
f 6635 1674 6630
f 6630 6633 6635
f 6633 1504 6047
f 6047 1503 6632
f 6632 1675 6633
f 6633 6047 6632
f 5595 1353 5592
f 5592 1189 5228
f 5228 1202 5595
f 5595 5592 5228
f 5592 1353 5591
f 5591 1186 5204
f 5204 1189 5592
f 5592 5591 5204
f 5858 1440 5932
f 5932 1463 5933
f 5933 1441 5858
f 5858 5932 5933
f 5932 1440 6621
f 6621 1673 6622
f 6622 1463 5932
f 5932 6621 6622
f 6618 1672 6617
f 6617 1447 5935
f 5935 1464 6618
f 6618 6617 5935
f 6617 1672 6616
f 6616 1444 5878
f 5878 1447 6617
f 6617 6616 5878
f 5866 1442 6628
f 6628 1674 6629
f 6629 1443 5866
f 5866 6628 6629
f 6628 1442 6045
f 6045 1504 6630
f 6630 1674 6628
f 6628 6045 6630
f 6096 1446 5874
f 5874 1187 6095
f 6095 1517 6096
f 6096 5874 6095
f 5874 1446 5875
f 5875 1188 5203
f 5203 1187 5874
f 5874 5875 5203
f 5889 1448 5883
f 5883 1340 5888
f 5888 1449 5889
f 5889 5883 5888
f 5883 1448 5884
f 5884 1341 5555
f 5555 1340 5883
f 5883 5884 5555
f 6636 1676 6637
f 6637 1268 5374
f 5374 1267 6636
f 6636 6637 5374
f 6637 1676 6638
f 6638 1391 5726
f 5726 1268 6637
f 6637 6638 5726
f 5560 1343 6642
f 6642 1677 6643
f 6643 1344 5560
f 5560 6642 6643
f 6642 1343 6645
f 6645 1678 6648
f 6648 1677 6642
f 6642 6645 6648
f 6652 1302 6650
f 6650 1679 6657
f 6657 1680 6652
f 6652 6650 6657
f 6650 1302 5468
f 5468 1175 6649
f 6649 1679 6650
f 6650 5468 6649
f 5557 1284 5561
f 5561 1345 5563
f 5563 1344 5557
f 5557 5561 5563
f 5561 1284 6023
f 6023 1495 6024
f 6024 1345 5561
f 5561 6023 6024
f 6666 1682 6665
f 6665 1493 6662
f 6662 1681 6666
f 6666 6665 6662
f 6665 1682 6664
f 6664 1490 6014
f 6014 1493 6665
f 6665 6664 6014
f 5714 1386 5709
f 5709 1268 5713
f 5713 1387 5714
f 5714 5709 5713
f 5709 1386 5708
f 5708 1265 5373
f 5373 1268 5709
f 5709 5708 5373
f 6673 1684 6672
f 6672 1489 6669
f 6669 1683 6673
f 6673 6672 6669
f 6672 1684 6671
f 6671 1486 6005
f 6005 1489 6672
f 6672 6671 6005
f 6678 1685 6679
f 6679 1489 6006
f 6006 1488 6678
f 6678 6679 6006
f 6679 1685 6677
f 6677 1485 6004
f 6004 1489 6679
f 6679 6677 6004
f 6019 1494 6020
f 6020 1493 6015
f 6015 1492 6019
f 6019 6020 6015
f 6020 1494 6018
f 6018 1385 6013
f 6013 1493 6020
f 6020 6018 6013
f 6012 1491 6008
f 6008 1345 6010
f 6010 1492 6012
f 6012 6008 6010
f 6008 1491 6007
f 6007 1342 5562
f 5562 1345 6008
f 6008 6007 5562
f 6691 1688 6690
f 6690 1686 6686
f 6686 1687 6691
f 6691 6690 6686
f 6690 1688 6697
f 6697 1689 6696
f 6696 1686 6690
f 6690 6697 6696
f 6707 1691 6706
f 6706 1679 6702
f 6702 1690 6707
f 6707 6706 6702
f 6706 1691 6705
f 6705 1331 6651
f 6651 1679 6706
f 6706 6705 6651
f 6715 1491 6711
f 6711 1692 6716
f 6716 1693 6715
f 6715 6711 6716
f 6711 1491 6009
f 6009 1490 6710
f 6710 1692 6711
f 6711 6009 6710
f 6724 1678 6720
f 6720 1694 6725
f 6725 1695 6724
f 6724 6720 6725
f 6720 1678 6645
f 6645 1343 6718
f 6718 1694 6720
f 6720 6645 6718
f 6728 1696 6729
f 6729 1499 6033
f 6033 1498 6728
f 6728 6729 6033
f 6729 1696 6736
f 6736 1697 6735
f 6735 1499 6729
f 6729 6736 6735
f 6741 1699 6746
f 6746 1698 6738
f 6738 1270 6741
f 6741 6746 6738
f 6746 1699 6745
f 6745 1461 6739
f 6739 1698 6746
f 6746 6745 6739
f 6710 1490 6748
f 6748 1700 6750
f 6750 1692 6710
f 6710 6748 6750
f 6748 1490 6664
f 6664 1682 6749
f 6749 1700 6748
f 6748 6664 6749
f 5375 1265 6753
f 6753 1701 6754
f 6754 1269 5375
f 5375 6753 6754
f 6753 1265 5708
f 5708 1386 6756
f 6756 1701 6753
f 6753 5708 6756
f 6761 1702 6758
f 6758 1176 5470
f 5470 1303 6761
f 6761 6758 5470
f 6758 1702 6766
f 6766 1703 6764
f 6764 1176 6758
f 6758 6766 6764
f 6718 1343 6769
f 6769 1704 6772
f 6772 1694 6718
f 6718 6769 6772
f 6769 1343 5556
f 5556 1342 6768
f 6768 1704 6769
f 6769 5556 6768
f 6768 1342 6714
f 6714 1693 6771
f 6771 1704 6768
f 6768 6714 6771
f 6714 1342 6007
f 6007 1491 6715
f 6715 1693 6714
f 6714 6007 6715
f 6781 1707 6780
f 6780 1705 6777
f 6777 1706 6781
f 6781 6780 6777
f 6780 1707 6785
f 6785 1708 6784
f 6784 1705 6780
f 6780 6785 6784
f 6786 1709 6789
f 6789 1706 6774
f 6774 1004 6786
f 6786 6789 6774
f 6789 1709 6790
f 6790 1707 6781
f 6781 1706 6789
f 6789 6790 6781
f 6791 1710 6792
f 6792 1004 4857
f 4857 1003 6791
f 6791 6792 4857
f 6792 1710 6794
f 6794 1709 6786
f 6786 1004 6792
f 6792 6794 6786
f 6796 1711 6795
f 6795 1003 4894
f 4894 1032 6796
f 6796 6795 4894
f 6795 1711 6797
f 6797 1710 6791
f 6791 1003 6795
f 6795 6797 6791
f 6801 1058 6799
f 6799 1712 6802
f 6802 1713 6801
f 6801 6799 6802
f 6799 1058 4940
f 4940 1057 6798
f 6798 1712 6799
f 6799 4940 6798
f 6806 1048 6804
f 6804 1714 6809
f 6809 1715 6806
f 6806 6804 6809
f 6804 1048 4917
f 4917 1047 6803
f 6803 1714 6804
f 6804 4917 6803
f 5073 1113 6805
f 6805 1714 6803
f 6803 1047 5073
f 5073 6805 6803
f 6805 1113 6810
f 6810 1716 6812
f 6812 1714 6805
f 6805 6810 6812
f 5894 1452 6811
f 6811 1716 6810
f 6810 1113 5894
f 5894 6811 6810
f 6811 1452 6813
f 6813 1717 6814
f 6814 1716 6811
f 6811 6813 6814
f 6816 1718 6818
f 6818 1717 6813
f 6813 1452 6816
f 6816 6818 6813
f 6818 1718 6822
f 6822 1719 6821
f 6821 1717 6818
f 6818 6822 6821
f 6815 1401 6196
f 6196 1543 6817
f 6817 1718 6815
f 6815 6196 6817
f 6196 1401 6199
f 6199 1544 6203
f 6203 1543 6196
f 6196 6199 6203
f 6214 1293 6825
f 6825 1720 6826
f 6826 1547 6214
f 6214 6825 6826
f 6825 1293 5443
f 5443 1292 6824
f 6824 1720 6825
f 6825 5443 6824
f 5438 1019 6823
f 6823 1720 6824
f 6824 1292 5438
f 5438 6823 6824
f 6823 1019 6829
f 6829 1721 6834
f 6834 1720 6823
f 6823 6829 6834
f 4882 1022 6830
f 6830 1721 6829
f 6829 1019 4882
f 4882 6830 6829
f 6830 1022 6835
f 6835 1722 6838
f 6838 1721 6830
f 6830 6835 6838
f 5763 1403 5764
f 5764 1282 5413
f 5413 1094 5763
f 5763 5764 5413
f 5764 1403 5771
f 5771 1406 5770
f 5770 1282 5764
f 5764 5771 5770
f 5545 1337 5546
f 5546 1094 5018
f 5018 1093 5545
f 5545 5546 5018
f 5546 1337 5766
f 5766 1403 5763
f 5763 1094 5546
f 5546 5766 5763
f 5542 1334 5541
f 5541 1093 5038
f 5038 1100 5542
f 5542 5541 5038
f 5541 1334 5547
f 5547 1337 5545
f 5545 1093 5541
f 5541 5547 5545
f 6847 1724 6845
f 6845 1100 6841
f 6841 1723 6847
f 6847 6845 6841
f 6845 1724 6846
f 6846 1334 5542
f 5542 1100 6845
f 6845 6846 5542
f 6852 1725 6850
f 6850 1106 6608
f 6608 1670 6852
f 6852 6850 6608
f 6850 1725 6851
f 6851 1108 5059
f 5059 1106 6850
f 6850 6851 5059
f 5760 1402 5759
f 5759 1100 5042
f 5042 1101 5760
f 5760 5759 5042
f 5759 1402 6842
f 6842 1723 6841
f 6841 1100 5759
f 5759 6842 6841
f 5507 1317 5508
f 5508 1018 4878
f 4878 1017 5507
f 5507 5508 4878
f 5508 1317 5509
f 5509 1151 5135
f 5135 1018 5508
f 5508 5509 5135
f 6303 1577 6302
f 6302 1018 5137
f 5137 1153 6303
f 6303 6302 5137
f 6302 1577 6301
f 6301 1015 4877
f 4877 1018 6302
f 6302 6301 4877
f 6862 1727 6859
f 6859 1373 6857
f 6857 1726 6862
f 6862 6859 6857
f 6859 1727 6860
f 6860 1374 5672
f 5672 1373 6859
f 6859 6860 5672
f 5647 1368 5646
f 5646 993 4845
f 4845 996 5647
f 5647 5646 4845
f 5646 1368 5655
f 5655 1369 5651
f 5651 993 5646
f 5646 5655 5651
f 5658 1110 5654
f 5654 1369 5659
f 5659 1370 5658
f 5658 5654 5659
f 5654 1110 5065
f 5065 993 5651
f 5651 1369 5654
f 5654 5065 5651
f 5929 1462 5928
f 5928 1370 5662
f 5662 1371 5929
f 5929 5928 5662
f 5928 1462 5927
f 5927 1110 5658
f 5658 1370 5928
f 5928 5927 5658
f 5647 996 4874
f 4874 1017 5650
f 5650 1368 5647
f 5647 4874 5650
f 4874 996 5506
f 5506 1317 5507
f 5507 1017 4874
f 4874 5506 5507
f 6854 751 5484
f 5484 1308 6856
f 6856 1726 6854
f 6854 5484 6856
f 5484 751 3900
f 3900 750 5483
f 5483 1308 5484
f 5484 3900 5483
f 6864 1728 6863
f 6863 1576 6327
f 6327 1584 6864
f 6864 6863 6327
f 6863 1728 6868
f 6868 1729 6866
f 6866 1576 6863
f 6863 6868 6866
f 6335 1585 6870
f 6870 1730 6871
f 6871 1586 6335
f 6335 6870 6871
f 6870 1585 6874
f 6874 1731 6876
f 6876 1730 6870
f 6870 6874 6876
f 6712 1693 6713
f 6713 1030 4893
f 4893 1029 6712
f 6712 6713 4893
f 6713 1693 6716
f 6716 1692 6708
f 6708 1030 6713
f 6713 6716 6708
f 6721 1695 6722
f 6722 1204 5235
f 5235 1203 6721
f 6721 6722 5235
f 6722 1695 6725
f 6725 1694 6717
f 6717 1204 6722
f 6722 6725 6717
f 6727 1254 6732
f 6732 1697 6736
f 6736 1696 6727
f 6727 6732 6736
f 6732 1254 5343
f 5343 1253 6731
f 6731 1697 6732
f 6732 5343 6731
f 6708 1692 6709
f 6709 1281 5411
f 5411 1030 6708
f 6708 6709 5411
f 6709 1692 6750
f 6750 1700 6747
f 6747 1281 6709
f 6709 6750 6747
f 6755 1297 5453
f 5453 1269 6754
f 6754 1701 6755
f 6755 5453 6754
f 5453 1297 5454
f 5454 1296 5448
f 5448 1269 5453
f 5453 5454 5448
f 6717 1694 6719
f 6719 1347 5570
f 5570 1204 6717
f 6717 6719 5570
f 6719 1694 6772
f 6772 1704 6770
f 6770 1347 6719
f 6719 6772 6770
f 6770 1704 6767
f 6767 1029 5569
f 5569 1347 6770
f 6770 6767 5569
f 6767 1704 6771
f 6771 1693 6712
f 6712 1029 6767
f 6767 6771 6712
f 6880 1542 6192
f 6192 1281 6878
f 6878 1732 6880
f 6880 6192 6878
f 6192 1542 6191
f 6191 1280 5412
f 5412 1281 6192
f 6192 6191 5412
f 5925 1461 5926
f 5926 1273 5385
f 5385 1067 5925
f 5925 5926 5385
f 5926 1461 6745
f 6745 1699 6743
f 6743 1273 5926
f 5926 6745 6743
f 6766 1702 6757
f 6757 1161 6763
f 6763 1703 6766
f 6766 6757 6763
f 6757 1702 6762
f 6762 1316 5502
f 5502 1161 6757
f 6757 6762 5502
f 6887 1733 6886
f 6886 1309 6180
f 6180 1539 6887
f 6887 6886 6180
f 6886 1733 6885
f 6885 1306 5489
f 5489 1309 6886
f 6886 6885 5489
f 5117 1140 6888
f 6888 1734 6889
f 6889 1141 5117
f 5117 6888 6889
f 6888 1140 6893
f 6893 1735 6897
f 6897 1734 6888
f 6888 6893 6897
f 6314 1579 6898
f 6898 1736 6899
f 6899 1580 6314
f 6314 6898 6899
f 6898 1579 6907
f 6907 1737 6909
f 6909 1736 6898
f 6898 6907 6909
f 6309 1324 6906
f 6906 1737 6907
f 6907 1579 6309
f 6309 6906 6907
f 6906 1324 6912
f 6912 1738 6915
f 6915 1737 6906
f 6906 6912 6915
f 6916 1739 6917
f 6917 1588 6338
f 6338 1323 6916
f 6916 6917 6338
f 6917 1739 6918
f 6918 1589 6341
f 6341 1588 6917
f 6917 6918 6341
f 6928 1741 6937
f 6937 1743 6936
f 6936 1740 6928
f 6928 6937 6936
f 6937 1741 6932
f 6932 1742 6938
f 6938 1743 6937
f 6937 6932 6938
f 6416 1616 6413
f 6413 1596 6415
f 6415 1617 6416
f 6416 6413 6415
f 6413 1616 6414
f 6414 1597 6359
f 6359 1596 6413
f 6413 6414 6359
f 6524 1648 6523
f 6523 1597 6414
f 6414 1616 6524
f 6524 6523 6414
f 6523 1648 6526
f 6526 1641 6495
f 6495 1597 6523
f 6523 6526 6495
f 6521 1475 6493
f 6493 1641 6526
f 6526 1648 6521
f 6521 6493 6526
f 6493 1475 5967
f 5967 1477 6494
f 6494 1641 6493
f 6493 5967 6494
f 5963 1474 5966
f 5966 1477 5967
f 5967 1475 5963
f 5963 5966 5967
f 5966 1474 5968
f 5968 1478 5969
f 5969 1477 5966
f 5966 5968 5969
f 6939 1744 6940
f 6940 1478 5968
f 5968 1474 6939
f 6939 6940 5968
f 6940 1744 6941
f 6941 1503 6042
f 6042 1478 6940
f 6940 6941 6042
f 6947 1746 6946
f 6946 1675 6943
f 6943 1745 6947
f 6947 6946 6943
f 6946 1746 6945
f 6945 1516 6634
f 6634 1675 6946
f 6946 6945 6634
f 6951 1747 6949
f 6949 1516 6945
f 6945 1746 6951
f 6951 6949 6945
f 6949 1747 6948
f 6948 1515 6092
f 6092 1516 6949
f 6949 6948 6092
f 6948 1747 6950
f 6950 1669 6604
f 6604 1515 6948
f 6948 6950 6604
f 6950 1747 6954
f 6954 1748 6953
f 6953 1669 6950
f 6950 6954 6953
f 6955 1338 6952
f 6952 1748 6957
f 6957 1749 6955
f 6955 6952 6957
f 6952 1338 6601
f 6601 1669 6953
f 6953 1748 6952
f 6952 6601 6953
f 6958 1750 6959
f 6959 1465 5938
f 5938 1339 6958
f 6958 6959 5938
f 6959 1750 6960
f 6960 1667 6594
f 6594 1465 6959
f 6959 6960 6594
f 6592 1466 6595
f 6595 1667 6596
f 6596 1666 6592
f 6592 6595 6596
f 6595 1466 5940
f 5940 1465 6594
f 6594 1667 6595
f 6595 5940 6594
f 6966 1751 6963
f 6963 1466 6592
f 6592 1666 6966
f 6966 6963 6592
f 6963 1751 6962
f 6962 1127 5939
f 5939 1466 6963
f 6963 6962 5939
f 6972 1752 6967
f 6967 1127 6962
f 6962 1751 6972
f 6972 6967 6962
f 6967 1752 6968
f 6968 1128 5096
f 5096 1127 6967
f 6967 6968 5096
f 6971 1646 6513
f 6513 1128 6968
f 6968 1752 6971
f 6971 6513 6968
f 6513 1646 6516
f 6516 1634 6464
f 6464 1128 6513
f 6513 6516 6464
f 6517 1645 6511
f 6511 1634 6516
f 6516 1646 6517
f 6517 6511 6516
f 6511 1645 6510
f 6510 1164 6465
f 6465 1634 6511
f 6511 6510 6465
f 6977 1753 6974
f 6974 1164 6510
f 6510 1645 6977
f 6977 6974 6510
f 6974 1753 6975
f 6975 1165 5158
f 5158 1164 6974
f 6974 6975 5158
f 6981 1754 6978
f 6978 1165 6975
f 6975 1753 6981
f 6981 6978 6975
f 6978 1754 6979
f 6979 1166 5160
f 5160 1165 6978
f 6978 6979 5160
f 6989 1756 6986
f 6986 1173 6982
f 6982 1755 6989
f 6989 6986 6982
f 6986 1756 6985
f 6985 1170 5179
f 5179 1173 6986
f 6986 6985 5179
f 6991 1757 6990
f 6990 1131 5104
f 5104 1134 6991
f 6991 6990 5104
f 6990 1757 6992
f 6992 1255 5344
f 5344 1131 6990
f 6990 6992 5344
f 5346 1254 5341
f 5341 1131 5344
f 5344 1255 5346
f 5346 5341 5344
f 5341 1254 5342
f 5342 1203 5232
f 5232 1131 5341
f 5341 5342 5232
f 6727 1696 6726
f 6726 1203 5342
f 5342 1254 6727
f 6727 6726 5342
f 6726 1696 6730
f 6730 1695 6721
f 6721 1203 6726
f 6726 6730 6721
f 6728 1498 6723
f 6723 1695 6730
f 6730 1696 6728
f 6728 6723 6730
f 6723 1498 6647
f 6647 1678 6724
f 6724 1695 6723
f 6723 6647 6724
f 6030 1497 6646
f 6646 1678 6647
f 6647 1498 6030
f 6030 6646 6647
f 6646 1497 6644
f 6644 1677 6648
f 6648 1678 6646
f 6646 6644 6648
f 6688 1688 6689
f 6689 1677 6644
f 6644 1497 6688
f 6688 6689 6644
f 6689 1688 6687
f 6687 1285 6641
f 6641 1677 6689
f 6689 6687 6641
f 6683 1251 5336
f 5336 1208 6682
f 6682 1687 6683
f 6683 5336 6682
f 5336 1251 5335
f 5335 1205 5242
f 5242 1208 5336
f 5336 5335 5242
f 5337 1248 5329
f 5329 1205 5335
f 5335 1251 5337
f 5337 5329 5335
f 5329 1248 5330
f 5330 1210 5247
f 5247 1205 5329
f 5329 5330 5247
f 6997 1759 7003
f 7003 1761 7002
f 7002 1758 6997
f 6997 7003 7002
f 7003 1759 7000
f 7000 1760 7004
f 7004 1761 7003
f 7003 7000 7004
f 7005 1762 7006
f 7006 1550 6225
f 6225 1549 7005
f 7005 7006 6225
f 7006 1762 7010
f 7010 1763 7009
f 7009 1550 7006
f 7006 7010 7009
f 7011 1764 7012
f 7012 1227 5286
f 5286 1226 7011
f 7011 7012 5286
f 7012 1764 7019
f 7019 1765 7015
f 7015 1227 7012
f 7012 7019 7015
f 7020 1766 7021
f 7021 1233 5301
f 5301 1232 7020
f 7020 7021 5301
f 7021 1766 7027
f 7027 1767 7024
f 7024 1233 7021
f 7021 7027 7024
f 7028 1234 7016
f 7016 1765 7032
f 7032 1768 7028
f 7028 7016 7032
f 7016 1234 5303
f 5303 1227 7015
f 7015 1765 7016
f 7016 5303 7015
f 7033 1769 7034
f 7034 1237 5308
f 5308 1236 7033
f 7033 7034 5308
f 7034 1769 7037
f 7037 1770 7035
f 7035 1237 7034
f 7034 7037 7035
f 7038 1771 7039
f 7039 1241 5316
f 5316 1240 7038
f 7038 7039 5316
f 7039 1771 7043
f 7043 1772 7042
f 7042 1241 7039
f 7039 7043 7042
f 6999 1760 6998
f 6998 1232 5332
f 5332 1249 6999
f 6999 6998 5332
f 6998 1760 7022
f 7022 1766 7020
f 7020 1232 6998
f 6998 7022 7020
f 7028 1768 7029
f 7029 1279 5407
f 5407 1234 7028
f 7028 7029 5407
f 7029 1768 7047
f 7047 1773 7044
f 7044 1279 7029
f 7029 7047 7044
f 7049 1774 7048
f 7048 1240 5462
f 5462 1299 7049
f 7049 7048 5462
f 7048 1774 7051
f 7051 1771 7038
f 7038 1240 7048
f 7048 7051 7038
f 7024 1767 7023
f 7023 1226 5300
f 5300 1233 7024
f 7024 7023 5300
f 7023 1767 7026
f 7026 1764 7011
f 7011 1226 7023
f 7023 7026 7011
f 7052 1775 7053
f 7053 1482 5986
f 5986 1481 7052
f 7052 7053 5986
f 7053 1775 7058
f 7058 1776 7056
f 7056 1482 7053
f 7053 7058 7056
f 7066 1778 7063
f 7063 1250 7059
f 7059 1777 7066
f 7066 7063 7059
f 7063 1778 7071
f 7071 1779 7069
f 7069 1250 7063
f 7063 7071 7069
f 6944 1745 6942
f 6942 1503 6941
f 6941 1744 6944
f 6944 6942 6941
f 6942 1745 6943
f 6943 1675 6632
f 6632 1503 6942
f 6942 6943 6632
f 6955 1749 6956
f 6956 1339 5550
f 5550 1338 6955
f 6955 6956 5550
f 6956 1749 6961
f 6961 1750 6958
f 6958 1339 6956
f 6956 6961 6958
f 7072 1158 7074
f 7074 1781 7076
f 7076 1780 7072
f 7072 7074 7076
f 7074 1158 5500
f 5500 1315 7075
f 7075 1781 7074
f 7074 5500 7075
f 7075 1315 7077
f 7077 1782 7079
f 7079 1781 7075
f 7075 7077 7079
f 7077 1315 6367
f 6367 1600 7078
f 7078 1782 7077
f 7077 6367 7078
f 7087 1785 7086
f 7086 1783 7083
f 7083 1784 7087
f 7087 7086 7083
f 7086 1785 7089
f 7089 1786 7088
f 7088 1783 7086
f 7086 7089 7088
f 7096 1789 7095
f 7095 1787 7092
f 7092 1788 7096
f 7096 7095 7092
f 7095 1789 7098
f 7098 1790 7097
f 7097 1787 7095
f 7095 7098 7097
f 7099 1606 7102
f 7102 1792 7105
f 7105 1791 7099
f 7099 7102 7105
f 7102 1606 6386
f 6386 1607 7103
f 7103 1792 7102
f 7102 6386 7103
f 6431 1625 7104
f 7104 1792 7103
f 7103 1607 6431
f 6431 7104 7103
f 7104 1625 7106
f 7106 1793 7107
f 7107 1792 7104
f 7104 7106 7107
f 7108 1794 7109
f 7109 1625 6433
f 6433 1624 7108
f 7108 7109 6433
f 7109 1794 7110
f 7110 1793 7106
f 7106 1625 7109
f 7109 7110 7106
f 7112 1795 7113
f 7113 1654 6544
f 6544 1623 7112
f 7112 7113 6544
f 7113 1795 7114
f 7114 1655 6547
f 6547 1654 7113
f 7113 7114 6547
f 6428 1622 7111
f 7111 1795 7112
f 7112 1623 6428
f 6428 7111 7112
f 7111 1622 7115
f 7115 1796 7117
f 7117 1795 7111
f 7111 7115 7117
f 6348 1117 7118
f 7118 1797 7119
f 7119 1592 6348
f 6348 7118 7119
f 7118 1117 7123
f 7123 1798 7125
f 7125 1797 7118
f 7118 7123 7125
f 5112 1136 7126
f 7126 1799 7127
f 7127 1137 5112
f 5112 7126 7127
f 7126 1136 7130
f 7130 1800 7131
f 7131 1799 7126
f 7126 7130 7131
f 7134 1801 7135
f 7135 1718 6817
f 6817 1543 7134
f 7134 7135 6817
f 7135 1801 7136
f 7136 1719 6822
f 6822 1718 7135
f 7135 7136 6822
f 7139 1802 7140
f 7140 1543 6197
f 6197 1453 7139
f 7139 7140 6197
f 7140 1802 7141
f 7141 1801 7134
f 7134 1543 7140
f 7140 7141 7134
f 7144 1803 7145
f 7145 1453 5897
f 5897 1148 7144
f 7144 7145 5897
f 7145 1803 7146
f 7146 1802 7139
f 7139 1453 7145
f 7145 7146 7139
f 7148 1804 7149
f 7149 1148 5130
f 5130 1147 7148
f 7148 7149 5130
f 7149 1804 7151
f 7151 1803 7144
f 7144 1148 7149
f 7149 7151 7144
f 7153 1805 7152
f 7152 1147 5162
f 5162 1168 7153
f 7153 7152 5162
f 7152 1805 7156
f 7156 1804 7148
f 7148 1147 7152
f 7152 7156 7148
f 7157 1806 7158
f 7158 1168 5164
f 5164 1167 7157
f 7157 7158 5164
f 7158 1806 7161
f 7161 1805 7153
f 7153 1168 7158
f 7158 7161 7153
f 7157 1167 7165
f 7165 1808 7168
f 7168 1806 7157
f 7157 7165 7168
f 7165 1167 7163
f 7163 1807 7169
f 7169 1808 7165
f 7165 7163 7169
f 7169 1807 7175
f 7175 1810 7176
f 7176 1808 7169
f 7169 7175 7176
f 7175 1807 7173
f 7173 1809 7177
f 7177 1810 7175
f 7175 7173 7177
f 7180 1605 7186
f 7186 1812 7188
f 7188 1811 7180
f 7180 7186 7188
f 7186 1605 6381
f 6381 1604 7185
f 7185 1812 7186
f 7186 6381 7185
f 7185 1604 7189
f 7189 1813 7193
f 7193 1812 7185
f 7185 7189 7193
f 7189 1604 7091
f 7091 1788 7192
f 7192 1813 7189
f 7189 7091 7192
f 7125 1798 7124
f 7124 1787 7120
f 7120 1797 7125
f 7125 7124 7120
f 7124 1798 7197
f 7197 1814 7195
f 7195 1787 7124
f 7124 7197 7195
f 7207 1816 7206
f 7206 1786 7201
f 7201 1815 7207
f 7207 7206 7201
f 7206 1816 7205
f 7205 1783 7088
f 7088 1786 7206
f 7206 7205 7088
f 7208 1144 7215
f 7215 1818 7217
f 7217 1817 7208
f 7208 7215 7217
f 7215 1144 5124
f 5124 1143 7214
f 7214 1818 7215
f 7215 5124 7214
f 6903 1735 6894
f 6894 1580 6899
f 6899 1736 6903
f 6903 6894 6899
f 6894 1735 6893
f 6893 1140 6312
f 6312 1580 6894
f 6894 6893 6312
f 6903 1736 6902
f 6902 1730 6895
f 6895 1735 6903
f 6903 6902 6895
f 6902 1736 6900
f 6900 1728 6872
f 6872 1730 6902
f 6902 6900 6872
f 6328 1582 6333
f 6333 1586 6334
f 6334 1584 6328
f 6328 6333 6334
f 6333 1582 6321
f 6321 1156 6332
f 6332 1586 6333
f 6333 6321 6332
f 6186 1540 6185
f 6185 1293 5910
f 5910 1457 6186
f 6186 6185 5910
f 6185 1540 6184
f 6184 1290 5442
f 5442 1293 6185
f 6185 6184 5442
f 4932 1055 5909
f 5909 1457 5908
f 5908 1052 4932
f 4932 5909 5908
f 5909 1055 6182
f 6182 1540 6186
f 6186 1457 5909
f 5909 6182 6186
f 4934 1056 4935
f 4935 1052 4925
f 4925 1051 4934
f 4934 4935 4925
f 4935 1056 4936
f 4936 1055 4932
f 4932 1052 4935
f 4935 4936 4932
f 5576 1348 5572
f 5572 1051 5126
f 5126 1146 5576
f 5576 5572 5126
f 5572 1348 5573
f 5573 1056 4934
f 4934 1051 5572
f 5572 5573 4934
f 5171 1133 5128
f 5128 1146 5174
f 5174 1171 5171
f 5171 5128 5174
f 5128 1133 5575
f 5575 1348 5576
f 5576 1146 5128
f 5128 5575 5576
f 5170 1134 5172
f 5172 1171 5175
f 5175 1170 5170
f 5170 5172 5175
f 5172 1134 5105
f 5105 1133 5171
f 5171 1171 5172
f 5172 5105 5171
f 6985 1756 6984
f 6984 1134 5170
f 5170 1170 6985
f 6985 6984 5170
f 6984 1756 6995
f 6995 1757 6991
f 6991 1134 6984
f 6984 6995 6991
f 6987 1471 6994
f 6994 1757 6995
f 6995 1756 6987
f 6987 6994 6995
f 6994 1471 5956
f 5956 1333 6993
f 6993 1757 6994
f 6994 5956 6993
f 6370 1601 6369
f 6369 1332 5953
f 5953 1470 6370
f 6370 6369 5953
f 6369 1601 6371
f 6371 1600 6368
f 6368 1332 6369
f 6369 6371 6368
f 7081 1784 7080
f 7080 1600 6371
f 6371 1601 7081
f 7081 7080 6371
f 7080 1784 7082
f 7082 1782 7078
f 7078 1600 7080
f 7080 7082 7078
f 7220 1819 7219
f 7219 1783 7205
f 7205 1816 7220
f 7220 7219 7205
f 7219 1819 7226
f 7226 1820 7224
f 7224 1783 7219
f 7219 7226 7224
f 7216 1258 7210
f 7210 1817 7217
f 7217 1818 7216
f 7216 7210 7217
f 7210 1258 5353
f 5353 1257 7209
f 7209 1817 7210
f 7210 5353 7209
f 6316 1581 6317
f 6317 1140 5115
f 5115 1139 6316
f 6316 6317 5115
f 6317 1581 6320
f 6320 1580 6312
f 6312 1140 6317
f 6317 6320 6312
f 5474 1304 5475
f 5475 1258 5352
f 5352 1142 5474
f 5474 5475 5352
f 5475 1304 5473
f 5473 1138 5351
f 5351 1258 5475
f 5475 5473 5351
f 6890 1306 5481
f 5481 1141 6889
f 6889 1734 6890
f 6890 5481 6889
f 5481 1306 6885
f 6885 1733 6882
f 6882 1141 5481
f 5481 6885 6882
f 6873 1307 6891
f 6891 1734 6892
f 6892 1731 6873
f 6873 6891 6892
f 6891 1307 5482
f 5482 1306 6890
f 6890 1734 6891
f 6891 5482 6890
f 5670 1374 6331
f 6331 1585 6329
f 6329 1155 5670
f 5670 6331 6329
f 6331 1374 6860
f 6860 1727 6861
f 6861 1585 6331
f 6331 6860 6861
f 5673 1375 5674
f 5674 1155 5140
f 5140 1154 5673
f 5673 5674 5140
f 5674 1375 5677
f 5677 1374 5670
f 5670 1155 5674
f 5674 5677 5670
f 6325 1582 7231
f 7231 1821 7232
f 7232 1583 6325
f 6325 7231 7232
f 7231 1582 6322
f 6322 1575 7230
f 7230 1821 7231
f 7231 6322 7230
f 6324 1583 7239
f 7239 1822 7234
f 7234 1157 6324
f 6324 7239 7234
f 7239 1583 7232
f 7232 1821 7240
f 7240 1822 7239
f 7239 7232 7240
f 5673 1154 7233
f 7233 1822 7238
f 7238 1375 5673
f 5673 7233 7238
f 7233 1154 5143
f 5143 1157 7234
f 7234 1822 7233
f 7233 5143 7234
f 7250 1825 7249
f 7249 1823 7245
f 7245 1824 7250
f 7250 7249 7245
f 7249 1825 7254
f 7254 1826 7253
f 7253 1823 7249
f 7249 7254 7253
f 7255 1827 7256
f 7256 1749 6957
f 6957 1748 7255
f 7255 7256 6957
f 7256 1827 7257
f 7257 1826 7251
f 7251 1749 7256
f 7256 7257 7251
f 7261 1829 7267
f 7267 1830 7266
f 7266 1828 7261
f 7261 7267 7266
f 7267 1829 7260
f 7260 1827 7265
f 7265 1830 7267
f 7267 7260 7265
f 7273 1828 7270
f 7270 1831 7274
f 7274 1832 7273
f 7273 7270 7274
f 7270 1828 7266
f 7266 1830 7271
f 7271 1831 7270
f 7270 7266 7271
f 6947 1745 7268
f 7268 1831 7269
f 7269 1746 6947
f 6947 7268 7269
f 7268 1745 7276
f 7276 1833 7277
f 7277 1831 7268
f 7268 7276 7277
f 7286 1835 7287
f 7287 1834 7282
f 7282 1833 7286
f 7286 7287 7282
f 7287 1835 7291
f 7291 1836 7290
f 7290 1834 7287
f 7287 7291 7290
f 7283 1835 7284
f 7284 1474 5961
f 5961 1473 7283
f 7283 7284 5961
f 7284 1835 7285
f 7285 1744 6939
f 6939 1474 7284
f 7284 7285 6939
f 7248 1825 7246
f 7246 1667 6960
f 6960 1750 7248
f 7248 7246 6960
f 7246 1825 7247
f 7247 1668 6600
f 6600 1667 7246
f 7246 7247 6600
f 6544 1654 6543
f 6543 1620 6426
f 6426 1623 6544
f 6544 6543 6426
f 6543 1654 7295
f 7295 1837 7293
f 7293 1620 6543
f 6543 7295 7293
f 7296 1838 7299
f 7299 1654 6542
f 6542 1408 7296
f 7296 7299 6542
f 7299 1838 7300
f 7300 1837 7295
f 7295 1654 7299
f 7299 7300 7295
f 7301 1839 7302
f 7302 1408 5774
f 5774 1407 7301
f 7301 7302 5774
f 7302 1839 7306
f 7306 1838 7296
f 7296 1408 7302
f 7302 7306 7296
f 7308 1840 7307
f 7307 1624 6557
f 6557 1658 7308
f 7308 7307 6557
f 7307 1840 7309
f 7309 1794 7108
f 7108 1624 7307
f 7307 7309 7108
f 7310 1841 7311
f 7311 1658 6555
f 6555 1185 7310
f 7310 7311 6555
f 7311 1841 7312
f 7312 1840 7308
f 7308 1658 7311
f 7311 7312 7308
f 7313 1842 7314
f 7314 1185 5199
f 5199 1184 7313
f 7313 7314 5199
f 7314 1842 7318
f 7318 1841 7310
f 7310 1185 7314
f 7314 7318 7310
f 7301 1407 7288
f 7288 1836 7305
f 7305 1839 7301
f 7301 7288 7305
f 7288 1407 7279
f 7279 1834 7290
f 7290 1836 7288
f 7288 7279 7290
f 7242 1824 7243
f 7243 1184 5197
f 5197 1183 7242
f 7242 7243 5197
f 7243 1824 7245
f 7245 1823 7241
f 7241 1184 7243
f 7243 7245 7241
f 7323 1842 7316
f 7316 1828 7320
f 7320 1843 7323
f 7323 7316 7320
f 7316 1842 7317
f 7317 1829 7261
f 7261 1828 7316
f 7316 7317 7261
f 7273 1832 7321
f 7321 1843 7320
f 7320 1828 7273
f 7273 7321 7320
f 7321 1832 7272
f 7272 1410 7319
f 7319 1843 7321
f 7321 7272 7319
f 7324 1844 7325
f 7325 1410 5778
f 5778 1409 7324
f 7324 7325 5778
f 7325 1844 7328
f 7328 1843 7319
f 7319 1410 7325
f 7325 7328 7319
f 7330 1845 7329
f 7329 1409 6546
f 6546 1655 7330
f 7330 7329 6546
f 7329 1845 7333
f 7333 1844 7324
f 7324 1409 7329
f 7329 7333 7324
f 7334 1780 7337
f 7337 1847 7341
f 7341 1846 7334
f 7334 7337 7341
f 7337 1780 7076
f 7076 1781 7338
f 7338 1847 7337
f 7337 7076 7338
f 7338 1781 7222
f 7222 1820 7340
f 7340 1847 7338
f 7338 7222 7340
f 7222 1781 7079
f 7079 1782 7223
f 7223 1820 7222
f 7222 7079 7223
f 7085 1785 7084
f 7084 1601 6374
f 6374 1602 7085
f 7085 7084 6374
f 7084 1785 7087
f 7087 1784 7081
f 7081 1601 7084
f 7084 7087 7081
f 7100 1789 7094
f 7094 1606 7099
f 7099 1791 7100
f 7100 7094 7099
f 7094 1789 7093
f 7093 1603 6383
f 6383 1606 7094
f 7094 7093 6383
f 7105 1792 7344
f 7344 1848 7343
f 7343 1791 7105
f 7105 7344 7343
f 7344 1792 7345
f 7345 1849 7346
f 7346 1848 7344
f 7344 7345 7346
f 7345 1792 7347
f 7347 1850 7350
f 7350 1849 7345
f 7345 7347 7350
f 7347 1792 7107
f 7107 1793 7348
f 7348 1850 7347
f 7347 7107 7348
f 7353 1851 7352
f 7352 1793 7110
f 7110 1794 7353
f 7353 7352 7110
f 7352 1851 7357
f 7357 1850 7348
f 7348 1793 7352
f 7352 7357 7348
f 7354 1851 7351
f 7351 1655 7114
f 7114 1795 7354
f 7354 7351 7114
f 7351 1851 7356
f 7356 1845 7330
f 7330 1655 7351
f 7351 7356 7330
f 7117 1796 7355
f 7355 1851 7354
f 7354 1795 7117
f 7117 7355 7354
f 7355 1796 7349
f 7349 1850 7357
f 7357 1851 7355
f 7355 7349 7357
f 7360 1852 7362
f 7362 1850 7349
f 7349 1796 7360
f 7360 7362 7349
f 7362 1852 7361
f 7361 1849 7350
f 7350 1850 7362
f 7362 7361 7350
f 7367 1853 7366
f 7366 1849 7361
f 7361 1852 7367
f 7367 7366 7361
f 7366 1853 7365
f 7365 1848 7346
f 7346 1849 7366
f 7366 7365 7346
f 7373 1854 7372
f 7372 1848 7365
f 7365 1853 7373
f 7373 7372 7365
f 7372 1854 7370
f 7370 1790 7342
f 7342 1848 7372
f 7372 7370 7342
f 7377 1855 7378
f 7378 1820 7226
f 7226 1819 7377
f 7377 7378 7226
f 7378 1855 7379
f 7379 1847 7340
f 7340 1820 7378
f 7378 7379 7340
f 7376 1799 7339
f 7339 1847 7379
f 7379 1855 7376
f 7376 7339 7379
f 7339 1799 7335
f 7335 1846 7341
f 7341 1847 7339
f 7339 7335 7341
f 7131 1800 7336
f 7336 1846 7335
f 7335 1799 7131
f 7131 7336 7335
f 7336 1800 7383
f 7383 1856 7384
f 7384 1846 7336
f 7336 7383 7384
f 7190 1813 7191
f 7191 1786 7089
f 7089 1785 7190
f 7190 7191 7089
f 7191 1813 7198
f 7198 1814 7194
f 7194 1786 7191
f 7191 7198 7194
f 7082 1784 7225
f 7225 1820 7223
f 7223 1782 7082
f 7082 7225 7223
f 7225 1784 7083
f 7083 1783 7224
f 7224 1820 7225
f 7225 7083 7224
f 7332 1845 7331
f 7331 1794 7309
f 7309 1840 7332
f 7332 7331 7309
f 7331 1845 7356
f 7356 1851 7353
f 7353 1794 7331
f 7331 7356 7353
f 7327 1844 7326
f 7326 1840 7312
f 7312 1841 7327
f 7327 7326 7312
f 7326 1844 7333
f 7333 1845 7332
f 7332 1840 7326
f 7326 7333 7332
f 7323 1843 7322
f 7322 1841 7318
f 7318 1842 7323
f 7323 7322 7318
f 7322 1843 7328
f 7328 1844 7327
f 7327 1841 7322
f 7322 7328 7327
f 7281 1834 7280
f 7280 1410 7272
f 7272 1832 7281
f 7281 7280 7272
f 7280 1834 7279
f 7279 1407 5777
f 5777 1410 7280
f 7280 7279 5777
f 7317 1842 7315
f 7315 1823 7258
f 7258 1829 7317
f 7317 7315 7258
f 7315 1842 7313
f 7313 1184 7241
f 7241 1823 7315
f 7315 7313 7241
f 7386 1610 6584
f 6584 1664 7389
f 7389 1857 7386
f 7386 6584 7389
f 6584 1610 6398
f 6398 1609 6583
f 6583 1664 6584
f 6584 6398 6583
f 7390 1044 7385
f 7385 1857 7394
f 7394 1858 7390
f 7390 7385 7394
f 7385 1044 6396
f 6396 1610 7386
f 7386 1857 7385
f 7385 6396 7386
f 7395 1045 7391
f 7391 1858 7399
f 7399 1859 7395
f 7395 7391 7399
f 7391 1045 4913
f 4913 1044 7390
f 7390 1858 7391
f 7391 4913 7390
f 7400 1595 7396
f 7396 1859 7405
f 7405 1860 7400
f 7400 7396 7405
f 7396 1595 6356
f 6356 1045 7395
f 7395 1859 7396
f 7396 6356 7395
f 6929 1596 7401
f 7401 1860 7404
f 7404 1742 6929
f 6929 7401 7404
f 7401 1596 6357
f 6357 1595 7400
f 7400 1860 7401
f 7401 6357 7400
f 6929 1742 6930
f 6930 1617 6415
f 6415 1596 6929
f 6929 6930 6415
f 6930 1742 6932
f 6932 1741 6925
f 6925 1617 6930
f 6930 6932 6925
f 6532 1618 6926
f 6926 1741 6927
f 6927 1651 6532
f 6532 6926 6927
f 6926 1618 6418
f 6418 1617 6925
f 6925 1741 6926
f 6926 6418 6925
f 6551 1622 6531
f 6531 1650 6552
f 6552 1657 6551
f 6551 6531 6552
f 6531 1622 6425
f 6425 1621 6530
f 6530 1650 6531
f 6531 6425 6530
f 7387 1857 7388
f 7388 1662 6574
f 6574 1638 7387
f 7387 7388 6574
f 7388 1857 7389
f 7389 1664 6585
f 6585 1662 7388
f 7388 7389 6585
f 7392 1858 7393
f 7393 1638 6484
f 6484 1628 7392
f 7392 7393 6484
f 7393 1858 7394
f 7394 1857 7387
f 7387 1638 7393
f 7393 7394 7387
f 7397 1859 7398
f 7398 1628 6439
f 6439 1627 7397
f 7397 7398 6439
f 7398 1859 7399
f 7399 1858 7392
f 7392 1628 7398
f 7398 7399 7392
f 7403 1860 7402
f 7402 1627 6519
f 6519 1647 7403
f 7403 7402 6519
f 7402 1860 7405
f 7405 1859 7397
f 7397 1627 7402
f 7402 7405 7397
f 6938 1742 6931
f 6931 1647 6935
f 6935 1743 6938
f 6938 6931 6935
f 6931 1742 7404
f 7404 1860 7403
f 7403 1647 6931
f 6931 7404 7403
f 6915 1738 6910
f 6910 1190 6904
f 6904 1737 6915
f 6915 6910 6904
f 6910 1738 6914
f 6914 1615 6408
f 6408 1190 6910
f 6910 6914 6408
f 6866 1729 6867
f 6867 1577 6305
f 6305 1576 6866
f 6866 6867 6305
f 6867 1729 6865
f 6865 1192 6304
f 6304 1577 6867
f 6867 6865 6304
f 7230 1575 6297
f 6297 1152 7227
f 7227 1821 7230
f 7230 6297 7227
f 6297 1575 6298
f 6298 1153 5139
f 5139 1152 6297
f 6297 6298 5139
f 7228 1821 7229
f 7229 1213 5254
f 5254 1212 7228
f 7228 7229 5254
f 7229 1821 7227
f 7227 1152 5253
f 5253 1213 7229
f 7229 7227 5253
f 7228 1212 7235
f 7235 1822 7240
f 7240 1821 7228
f 7228 7235 7240
f 7235 1212 5260
f 5260 1219 7237
f 7237 1822 7235
f 7235 5260 7237
f 5261 1218 7236
f 7236 1822 7237
f 7237 1219 5261
f 5261 7236 7237
f 7236 1218 5675
f 5675 1375 7238
f 7238 1822 7236
f 7236 5675 7238
f 5666 1372 5665
f 5665 1218 5493
f 5493 1310 5666
f 5666 5665 5493
f 5665 1372 5676
f 5676 1375 5675
f 5675 1218 5665
f 5665 5676 5675
f 5492 885 5664
f 5664 1372 5666
f 5666 1310 5492
f 5492 5664 5666
f 5664 885 4437
f 4437 385 5663
f 5663 1372 5664
f 5664 4437 5663
f 7360 1796 7116
f 7116 1657 7359
f 7359 1852 7360
f 7360 7116 7359
f 7116 1796 7115
f 7115 1622 6551
f 6551 1657 7116
f 7116 7115 6551
f 7367 1852 7358
f 7358 1656 7364
f 7364 1853 7367
f 7367 7358 7364
f 7358 1852 7359
f 7359 1657 6554
f 6554 1656 7358
f 7358 7359 6554
f 7371 1854 7368
f 7368 1592 7119
f 7119 1797 7371
f 7371 7368 7119
f 7368 1854 7369
f 7369 1593 6352
f 6352 1592 7368
f 7368 7369 6352
f 5123 1144 7200
f 7200 1815 7199
f 7199 1116 5123
f 5123 7200 7199
f 7200 1144 7204
f 7204 1816 7207
f 7207 1815 7200
f 7200 7204 7207
f 7220 1816 7211
f 7211 1817 7221
f 7221 1819 7220
f 7220 7211 7221
f 7211 1816 7204
f 7204 1144 7208
f 7208 1817 7211
f 7211 7204 7208
f 7377 1819 7218
f 7218 1257 7375
f 7375 1855 7377
f 7377 7218 7375
f 7218 1819 7221
f 7221 1817 7209
f 7209 1257 7218
f 7218 7221 7209
f 7376 1855 7374
f 7374 1137 7127
f 7127 1799 7376
f 7376 7374 7127
f 7374 1855 7375
f 7375 1257 5349
f 5349 1137 7374
f 7374 7375 5349
f 5151 1159 5145
f 5145 886 5148
f 5148 1160 5151
f 5151 5145 5148
f 5145 1159 5146
f 5146 887 4441
f 4441 886 5145
f 5145 5146 4441
f 5188 1177 5186
f 5186 888 5181
f 5181 1174 5188
f 5188 5186 5181
f 5186 1177 5187
f 5187 889 4445
f 4445 888 5186
f 5186 5187 4445
f 7415 1862 7413
f 7413 1328 7408
f 7408 1861 7415
f 7415 7413 7408
f 7413 1862 7420
f 7420 1863 7416
f 7416 1328 7413
f 7413 7420 7416
f 7414 1763 7419
f 7419 1863 7420
f 7420 1862 7414
f 7414 7419 7420
f 7419 1763 7010
f 7010 1762 7418
f 7418 1863 7419
f 7419 7010 7418
f 7009 1763 7007
f 7007 893 6224
f 6224 1550 7009
f 7009 7007 6224
f 7007 1763 7008
f 7008 894 4462
f 4462 893 7007
f 7007 7008 4462
f 6700 1690 6701
f 6701 1175 5183
f 5183 1174 6700
f 6700 6701 5183
f 6701 1690 6702
f 6702 1679 6649
f 6649 1175 6701
f 6701 6702 6649
f 7410 1691 6703
f 6703 895 7406
f 7406 1861 7410
f 7410 6703 7406
f 6703 1691 6704
f 6704 896 4467
f 4467 895 6703
f 6703 6704 4467
f 7425 1177 6765
f 6765 1703 7426
f 7426 1864 7425
f 7425 6765 7426
f 6765 1177 5189
f 5189 1176 6764
f 6764 1703 6765
f 6765 5189 6764
f 7423 1864 7424
f 7424 1161 5153
f 5153 1160 7423
f 7423 7424 5153
f 7424 1864 7426
f 7426 1703 6763
f 6763 1161 7424
f 7424 7426 6763
f 7429 1159 7073
f 7073 1780 7430
f 7430 1865 7429
f 7429 7073 7430
f 7073 1159 5147
f 5147 1158 7072
f 7072 1780 7073
f 7073 5147 7072
f 7432 1865 7431
f 7431 1846 7384
f 7384 1856 7432
f 7432 7431 7384
f 7431 1865 7430
f 7430 1780 7334
f 7334 1846 7431
f 7431 7430 7334
f 7128 900 7381
f 7381 1856 7383
f 7383 1800 7128
f 7128 7381 7383
f 7381 900 4481
f 4481 899 7380
f 7380 1856 7381
f 7381 4481 7380
f 5108 901 7129
f 7129 1800 7130
f 7130 1136 5108
f 5108 7129 7130
f 7129 901 4484
f 4484 900 7128
f 7128 1800 7129
f 7129 4484 7128
f 7440 1868 7439
f 7439 1866 7435
f 7435 1867 7440
f 7440 7439 7435
f 7439 1868 7443
f 7443 1869 7442
f 7442 1866 7439
f 7439 7443 7442
f 7450 1872 7449
f 7449 1870 7446
f 7446 1871 7450
f 7450 7449 7446
f 7449 1872 7454
f 7454 1873 7453
f 7453 1870 7449
f 7449 7454 7453
f 7464 1875 7459
f 7459 1022 7456
f 7456 1874 7464
f 7464 7459 7456
f 7459 1875 7462
f 7462 1722 6835
f 6835 1022 7459
f 7459 7462 6835
f 7468 1876 7467
f 7467 1866 7444
f 7444 1871 7468
f 7468 7467 7444
f 7467 1876 7473
f 7473 1877 7471
f 7471 1866 7467
f 7467 7473 7471
f 5770 1406 7478
f 7478 1878 7476
f 7476 1282 5770
f 5770 7478 7476
f 7478 1406 7434
f 7434 1867 7479
f 7479 1878 7478
f 7478 7434 7479
f 7485 1874 7455
f 7455 1021 7481
f 7481 1879 7485
f 7485 7455 7481
f 7455 1874 7456
f 7456 1022 4883
f 4883 1021 7455
f 7455 7456 4883
f 7482 1879 7483
f 7483 1460 5921
f 5921 1456 7482
f 7482 7483 5921
f 7483 1879 7481
f 7481 1021 5920
f 5920 1460 7483
f 7483 7481 5920
f 7466 1876 7465
f 7465 1077 4992
f 4992 1080 7466
f 7466 7465 4992
f 7465 1876 7490
f 7490 1880 7486
f 7486 1077 7465
f 7465 7490 7486
f 7469 1007 7474
f 7474 1878 7480
f 7480 1877 7469
f 7469 7474 7480
f 7474 1007 4864
f 4864 1010 7475
f 7475 1878 7474
f 7474 4864 7475
f 5200 1181 6094
f 6094 1517 6095
f 6095 1187 5200
f 5200 6094 6095
f 6094 1181 5194
f 5194 1180 6093
f 6093 1517 6094
f 6094 5194 6093
f 5193 1181 6454
f 6454 1632 6453
f 6453 1178 5193
f 5193 6454 6453
f 6454 1181 6034
f 6034 1500 6455
f 6455 1632 6454
f 6454 6034 6455
f 5200 1187 6036
f 6036 1500 6034
f 6034 1181 5200
f 5200 6036 6034
f 6036 1187 5201
f 5201 1186 6035
f 6035 1500 6036
f 6036 5201 6035
f 7499 1882 7498
f 7498 1462 7495
f 7495 1881 7499
f 7499 7498 7495
f 7498 1882 7497
f 7497 1376 5930
f 5930 1462 7498
f 7498 7497 5930
f 7504 1883 7502
f 7502 1334 6846
f 6846 1724 7504
f 7504 7502 6846
f 7502 1883 7503
f 7503 1335 5543
f 5543 1334 7502
f 7502 7503 5543
f 7513 1885 7512
f 7512 1705 7507
f 7507 1884 7513
f 7513 7512 7507
f 7512 1885 7511
f 7511 1275 6773
f 6773 1705 7512
f 7512 7511 6773
f 7518 1671 6612
f 6612 1274 7516
f 7516 1886 7518
f 7518 6612 7516
f 6612 1671 6611
f 6611 1105 5391
f 5391 1274 6612
f 6612 6611 5391
f 7525 1881 7494
f 7494 1371 7523
f 7523 1887 7525
f 7525 7494 7523
f 7494 1881 7495
f 7495 1462 5929
f 5929 1371 7494
f 7494 7495 5929
f 6613 1671 6609
f 6609 924 6605
f 6605 1670 6613
f 6613 6609 6605
f 6609 1671 6610
f 6610 925 4569
f 4569 924 6609
f 6609 6610 4569
f 7530 1888 7528
f 7528 1335 7503
f 7503 1883 7530
f 7530 7528 7503
f 7528 1888 7529
f 7529 1708 6782
f 6782 1335 7528
f 7528 7529 6782
f 6847 1723 6839
f 6839 927 6843
f 6843 1724 6847
f 6847 6839 6843
f 6839 1723 6840
f 6840 928 4578
f 4578 927 6839
f 6839 6840 4578
f 6852 1670 6606
f 6606 929 6848
f 6848 1725 6852
f 6852 6606 6848
f 6606 1670 6605
f 6605 924 4581
f 4581 929 6606
f 6606 6605 4581
f 6842 1402 5757
f 5757 928 6840
f 6840 1723 6842
f 6842 5757 6840
f 5757 1402 5758
f 5758 930 4585
f 4585 928 5757
f 5757 5758 4585
f 7524 1887 7522
f 7522 1108 6851
f 6851 1725 7524
f 7524 7522 6851
f 7522 1887 7523
f 7523 1371 5660
f 5660 1108 7522
f 7522 7523 5660
f 5762 1298 5456
f 5456 930 5758
f 5758 1402 5762
f 5762 5456 5758
f 5456 1298 5455
f 5455 400 4583
f 4583 930 5456
f 5456 5455 4583
f 5977 1215 7532
f 7534 1890 7535
f 7535 1215 5255
f 5255 1214 7534
f 7534 7535 5255
f 7535 1890 7538
f 7538 1889 7532
f 7532 1215 7535
f 7535 7538 7532
f 7534 1214 6236
f 6236 1555 7537
f 7537 1890 7534
f 7534 6236 7537
f 6236 1214 5267
f 5267 1221 6237
f 6237 1555 6236
f 6236 5267 6237
f 6238 1554 7536
f 7536 1890 7537
f 7537 1555 6238
f 6238 7536 7537
f 7536 1554 7539
f 7539 1891 7541
f 7541 1890 7536
f 7536 7539 7541
f 7542 1889 7540
f 7540 1891 7543
f 7543 1892 7542
f 7542 7540 7543
f 7540 1889 7538
f 7538 1890 7541
f 7541 1891 7540
f 7540 7538 7541
f 7549 1894 7550
f 7550 1893 7545
f 7545 1553 7549
f 7549 7550 7545
f 7550 1894 7553
f 7553 1895 7552
f 7552 1893 7550
f 7550 7553 7552
f 7557 1759 6996
f 6996 1557 7555
f 7555 1896 7557
f 7557 6996 7555
f 6996 1759 7564
f 7564 1897 7562
f 7562 1557 6996
f 6996 7564 7562
f 7571 1900 7570
f 7570 1898 7569
f 7569 1899 7571
f 7571 7570 7569
f 7570 1900 7573
f 7573 1901 7572
f 7572 1898 7570
f 7570 7573 7572
f 7574 1902 7575
f 7575 1891 7539
f 7539 1554 7574
f 7574 7575 7539
f 7575 1902 7580
f 7580 1903 7577
f 7577 1891 7575
f 7575 7580 7577
f 7572 1901 7584
f 7584 1904 7583
f 7583 1898 7572
f 7572 7584 7583
f 7584 1901 7585
f 7585 1905 7588
f 7588 1904 7584
f 7584 7585 7588
f 7590 1906 7591
f 7591 1902 7576
f 7576 1897 7590
f 7590 7591 7576
f 7591 1906 7592
f 7592 1905 7586
f 7586 1902 7591
f 7591 7592 7586
f 7577 1903 7578
f 7578 1892 7543
f 7543 1891 7577
f 7577 7578 7543
f 7578 1903 7596
f 7596 1907 7593
f 7593 1892 7578
f 7578 7596 7593
f 7568 1327 7599
f 7600 1899 7568
f 7568 7599 7600
f 7599 1327 7598
f 5529 1326 7597
f 7598 1327 5529
f 5529 7597 7598
f 7597 1326 7603
f 5524 950 7602
f 7603 1326 5524
f 5524 7602 7603
f 7565 1229 7567
f 7567 1899 7569
f 7569 1898 7565
f 7565 7567 7569
f 7567 1229 5528
f 5528 1327 7568
f 7568 1899 7567
f 7567 5528 7568
f 7565 1898 7566
f 7566 1230 5290
f 5290 1229 7565
f 7565 7566 5290
f 7566 1898 7583
f 7583 1904 7581
f 7581 1230 7566
f 7566 7583 7581
f 7581 1904 7582
f 7582 1895 7551
f 7551 1230 7581
f 7581 7582 7551
f 7582 1904 7606
f 7606 1908 7605
f 7605 1895 7582
f 7582 7606 7605
f 7619 1910 7618
f 7618 1893 7611
f 7611 1909 7619
f 7619 7618 7611
f 7618 1910 7614
f 7614 1552 7544
f 7544 1893 7618
f 7618 7614 7544
f 7066 1777 7061
f 7061 1549 7064
f 7064 1778 7066
f 7066 7061 7064
f 7061 1777 7062
f 7062 1762 7005
f 7005 1549 7061
f 7061 7062 7005
f 7624 1911 7623
f 7623 1762 7062
f 7062 1777 7624
f 7624 7623 7062
f 7623 1911 7625
f 7625 1863 7418
f 7418 1762 7623
f 7623 7625 7418
f 7621 1911 7622
f 7622 1686 6681
f 6681 1329 7621
f 7621 7622 6681
f 7622 1911 7620
f 7620 1252 6680
f 6680 1686 7622
f 7622 7620 6680
f 7416 1863 7417
f 7417 1329 5530
f 5530 1328 7416
f 7416 7417 5530
f 7417 1863 7625
f 7625 1911 7621
f 7621 1329 7417
f 7417 7625 7621
f 5991 1276 5394
f 5394 1224 5990
f 5990 5991 5394
f 7626 1276 5991
f 7628 1510 7627
f 7627 1510 6065
f 6065 1276 7626
f 7627 6065 7626
f 7533 1889 7542
f 7630 1907 7631
f 7629 1892 7593
f 7593 1907 7630
f 7630 7629 7593
f 7601 1900 7571
f 7571 1899 7600
f 7600 7601 7571
f 7632 1900 7601
f 6234 1553 6235
f 6235 1552 6231
f 6231 1551 6234
f 6234 6235 6231
f 6235 1553 7545
f 7545 1893 7544
f 7544 1552 6235
f 6235 7545 7544
f 7070 1779 7617
f 7617 1910 7615
f 7615 1761 7070
f 7070 7617 7615
f 7617 1779 7071
f 7071 1778 7616
f 7616 1910 7617
f 7617 7071 7616
f 7013 1558 7017
f 7017 1765 7019
f 7019 1764 7013
f 7013 7017 7019
f 7017 1558 6253
f 6253 1562 7018
f 7018 1765 7017
f 7017 6253 7018
f 7559 1896 7560
f 7560 1767 7027
f 7027 1766 7559
f 7559 7560 7027
f 7560 1896 7556
f 7556 1559 7025
f 7025 1767 7560
f 7560 7556 7025
f 7031 1768 7030
f 7030 1562 6260
f 6260 1564 7031
f 7031 7030 6260
f 7030 1768 7032
f 7032 1765 7018
f 7018 1562 7030
f 7030 7032 7018
f 7636 1912 7637
f 7637 1770 7037
f 7037 1769 7636
f 7636 7637 7037
f 7637 1912 7642
f 7642 1913 7640
f 7640 1770 7637
f 7637 7642 7640
f 7645 1914 7646
f 7646 1772 7043
f 7043 1771 7645
f 7645 7646 7043
f 7646 1914 7652
f 7652 1915 7651
f 7651 1772 7646
f 7646 7652 7651
f 7022 1760 7558
f 7558 1896 7559
f 7559 1766 7022
f 7022 7558 7559
f 7558 1760 7000
f 7000 1759 7557
f 7557 1896 7558
f 7558 7000 7557
f 7031 1564 7046
f 7046 1773 7047
f 7047 1768 7031
f 7031 7046 7047
f 7046 1564 7654
f 7654 1916 7656
f 7656 1773 7046
f 7046 7654 7656
f 7661 1917 7660
f 7660 1771 7051
f 7051 1774 7661
f 7661 7660 7051
f 7660 1917 7663
f 7663 1914 7645
f 7645 1771 7660
f 7660 7663 7645
f 7025 1559 7014
f 7014 1764 7026
f 7026 1767 7025
f 7025 7014 7026
f 7014 1559 6246
f 6246 1558 7013
f 7013 1764 7014
f 7014 6246 7013
f 7666 1918 7667
f 7667 1776 7058
f 7058 1775 7666
f 7666 7667 7058
f 7667 1918 7674
f 7674 1919 7672
f 7672 1776 7667
f 7667 7674 7672
f 7616 1778 7065
f 7065 1552 7614
f 7614 1910 7616
f 7616 7065 7614
f 7065 1778 7064
f 7064 1549 6230
f 6230 1552 7065
f 7065 7064 6230
f 5557 1344 5558
f 5558 1285 5421
f 5421 1284 5557
f 5557 5558 5421
f 5558 1344 6643
f 6643 1677 6641
f 6641 1285 5558
f 5558 6643 6641
f 6653 1680 6654
f 6654 1331 5534
f 5534 1330 6653
f 6653 6654 5534
f 6654 1680 6657
f 6657 1679 6651
f 6651 1331 6654
f 6654 6657 6651
f 6658 1681 6659
f 6659 1385 5705
f 5705 1384 6658
f 6658 6659 5705
f 6659 1681 6662
f 6662 1493 6013
f 6013 1385 6659
f 6659 6662 6013
f 5723 1387 5727
f 5727 1391 5729
f 5729 1390 5723
f 5723 5727 5729
f 5727 1387 5713
f 5713 1268 5726
f 5726 1391 5727
f 5727 5713 5726
f 6667 1683 6668
f 6668 1485 5996
f 5996 1484 6667
f 6667 6668 5996
f 6668 1683 6669
f 6669 1489 6004
f 6004 1485 6668
f 6668 6669 6004
f 6019 1492 6025
f 6025 1495 6026
f 6026 1494 6019
f 6019 6025 6026
f 6025 1492 6010
f 6010 1345 6024
f 6024 1495 6025
f 6025 6010 6024
f 6639 1398 5746
f 5746 1391 6638
f 6638 1676 6639
f 6639 5746 6638
f 5746 1398 5745
f 5745 1388 5728
f 5728 1391 5746
f 5746 5745 5728
f 5418 1207 6022
f 6022 1495 6023
f 6023 1284 5418
f 5418 6022 6023
f 6022 1207 5239
f 5239 1130 6021
f 6021 1495 6022
f 6022 5239 6021
f 6674 1065 5994
f 5994 1485 6677
f 6677 1685 6674
f 6674 5994 6677
f 5994 1065 4975
f 4975 1074 5995
f 5995 1485 5994
f 5994 4975 5995
f 6016 1040 5704
f 5704 1385 6018
f 6018 1494 6016
f 6016 5704 6018
f 5704 1040 4907
f 4907 1039 5703
f 5703 1385 5704
f 5704 4907 5703
f 6694 1496 6027
f 6027 1330 6693
f 6693 1689 6694
f 6694 6027 6693
f 6027 1496 6655
f 6655 1680 6653
f 6653 1330 6027
f 6027 6655 6653
f 7410 1861 7409
f 7409 1331 6705
f 6705 1691 7410
f 7410 7409 6705
f 7409 1861 7408
f 7408 1328 5533
f 5533 1331 7409
f 7409 7408 5533
f 6691 1687 6685
f 6685 1285 6687
f 6687 1688 6691
f 6691 6685 6687
f 6685 1687 6682
f 6682 1208 5420
f 5420 1285 6685
f 6685 6682 5420
f 7546 964 5292
f 5292 1231 7548
f 7548 1894 7546
f 7546 5292 7548
f 5292 964 4731
f 4731 963 5291
f 5291 1231 5292
f 5292 4731 5291
f 6243 1556 7554
f 7554 1896 7555
f 7555 1557 6243
f 6243 7554 7555
f 7554 1556 6245
f 6245 1559 7556
f 7556 1896 7554
f 7554 6245 7556
f 6248 1556 6239
f 6239 1221 6247
f 6247 1560 6248
f 6248 6239 6247
f 6239 1556 6240
f 6240 1555 6237
f 6237 1221 6239
f 6239 6240 6237
f 6250 1561 6251
f 6251 1221 5268
f 5268 1220 6250
f 6250 6251 5268
f 6251 1561 6252
f 6252 1560 6247
f 6247 1221 6251
f 6251 6252 6247
f 6257 1563 6256
f 6256 1220 5398
f 5398 1277 6257
f 6257 6256 5398
f 6256 1563 6258
f 6258 1561 6250
f 6250 1220 6256
f 6256 6258 6250
f 7655 1916 7653
f 7653 1563 6264
f 6264 1565 7655
f 7655 7653 6264
f 7653 1916 7654
f 7654 1564 6261
f 6261 1563 7653
f 7653 7654 6261
f 7665 1918 7664
f 7664 1565 6267
f 6267 1566 7665
f 7665 7664 6267
f 7664 1918 7668
f 7668 1916 7655
f 7655 1565 7664
f 7664 7668 7655
f 7634 1912 7635
f 7635 1569 6277
f 6277 1568 7634
f 7634 7635 6277
f 7635 1912 7673
f 7673 1919 7670
f 7670 1569 7635
f 7635 7673 7670
f 7658 1917 7659
f 7659 1571 6283
f 6283 1570 7658
f 7658 7659 6283
f 7659 1917 7662
f 7662 1913 7639
f 7639 1571 7659
f 7659 7662 7639
f 7649 1915 7650
f 7650 1573 6291
f 6291 1572 7649
f 7649 7650 6291
f 7650 1915 7652
f 7652 1914 7644
f 7644 1573 7650
f 7650 7652 7644
f 4733 965 6285
f 6285 1572 6284
f 6284 594 4733
f 4733 6285 6284
f 6285 965 7647
f 7647 1915 7649
f 7649 1572 6285
f 6285 7647 7649
f 7553 1894 7547
f 7547 1230 7551
f 7551 1895 7553
f 7553 7547 7551
f 7547 1894 7548
f 7548 1231 5295
f 5295 1230 7547
f 7547 7548 5295
f 7562 1897 7561
f 7561 1554 6241
f 6241 1557 7562
f 7562 7561 6241
f 7561 1897 7576
f 7576 1902 7574
f 7574 1554 7561
f 7561 7576 7574
f 7608 1906 7612
f 7612 1909 7613
f 7613 1908 7608
f 7608 7612 7613
f 7612 1906 7589
f 7589 1758 7609
f 7609 1909 7612
f 7612 7589 7609
f 7605 1908 7604
f 7604 1893 7552
f 7552 1895 7605
f 7605 7604 7552
f 7604 1908 7613
f 7613 1909 7611
f 7611 1893 7604
f 7604 7613 7611
f 4739 966 7492
f 7492 1881 7493
f 7493 967 4739
f 4739 7492 7493
f 7492 966 7496
f 7496 1882 7499
f 7499 1881 7492
f 7492 7496 7499
f 4743 967 7520
f 7520 1887 7521
f 7521 968 4743
f 4743 7520 7521
f 7520 967 7493
f 7493 1881 7525
f 7525 1887 7520
f 7520 7493 7525
f 4742 968 6849
f 6849 1725 6848
f 6848 929 4742
f 4742 6849 6848
f 6849 968 7521
f 7521 1887 7524
f 7524 1725 6849
f 6849 7521 7524
f 4747 896 6698
f 6698 1690 6699
f 6699 969 4747
f 4747 6698 6699
f 6698 896 6704
f 6704 1691 6707
f 6707 1690 6698
f 6698 6704 6707
f 6106 1519 6208
f 6208 1545 6207
f 6207 1518 6106
f 6106 6208 6207
f 6208 1519 6212
f 6212 1546 6213
f 6213 1545 6208
f 6208 6212 6213
f 6103 1519 6104
f 6104 1179 5190
f 5190 1178 6103
f 6103 6104 5190
f 6104 1519 6105
f 6105 1439 5852
f 5852 1179 6104
f 6104 6105 5852
f 4748 885 5491
f 5491 885 5492
f 6854 1726 6853
f 6853 384 3898
f 3898 751 6854
f 6854 6853 3898
f 6853 1726 6857
f 6857 1373 5667
f 5667 384 6853
f 6853 6857 5667
f 5488 970 6177
f 6177 1539 6180
f 6180 1309 5488
f 5488 6177 6180
f 6177 970 4751
f 4751 555 6176
f 6176 1539 6177
f 6177 4751 6176
f 4973 1072 5747
f 5747 1399 5748
f 5748 1073 4973
f 4973 5747 5748
f 5747 1072 5366
f 5366 1264 5749
f 5749 1399 5747
f 5747 5366 5749
f 5011 1088 5367
f 5367 1264 5366
f 5366 1072 5011
f 5011 5367 5366
f 5367 1088 5304
f 5304 1235 5368
f 5368 1264 5367
f 5367 5304 5368
f 5305 1088 5984
f 5984 1482 5985
f 5985 1236 5305
f 5305 5984 5985
f 5984 1088 5012
f 5012 1087 5983
f 5983 1482 5984
f 5984 5012 5983
f 5354 1259 6067
f 6067 1259 6062
f 6062 1509 6068
f 6067 6062 6068
f 5987 1483 6063
f 6063 1509 6062
f 6062 1259 5987
f 5987 6063 6062
f 6063 1483 6270
f 6270 1567 6271
f 6271 1509 6063
f 6063 6270 6271
f 5992 1073 7675
f 7675 1920 7678
f 7678 1484 5992
f 5992 7675 7678
f 7675 1073 5748
f 5748 1399 7677
f 7677 1920 7675
f 7675 5748 7677
f 6272 1483 6281
f 6281 1571 6282
f 6282 1568 6272
f 6272 6281 6282
f 6281 1483 5988
f 5988 1300 6280
f 6280 1571 6281
f 6281 5988 6280
f 6673 1683 7682
f 7682 1921 7683
f 7683 1684 6673
f 6673 7682 7683
f 7682 1683 7688
f 7688 1922 7690
f 7690 1921 7682
f 7682 7688 7690
f 7033 1236 7055
f 7055 1776 7057
f 7057 1769 7033
f 7033 7055 7057
f 7055 1236 5985
f 5985 1482 7056
f 7056 1776 7055
f 7055 5985 7056
f 7636 1769 7671
f 7671 1919 7673
f 7673 1912 7636
f 7636 7671 7673
f 7671 1769 7057
f 7057 1776 7672
f 7672 1919 7671
f 7671 7057 7672
f 6667 1484 7687
f 7687 1922 7688
f 7688 1683 6667
f 6667 7687 7688
f 7687 1484 7678
f 7678 1920 7689
f 7689 1922 7687
f 7687 7678 7689
f 7634 1568 7638
f 7638 1913 7642
f 7642 1912 7634
f 7634 7638 7642
f 7638 1568 6282
f 6282 1571 7639
f 7639 1913 7638
f 7638 6282 7639
f 4956 1064 4974
f 4974 1074 4975
f 4975 1065 4956
f 4956 4974 4975
f 4974 1064 4970
f 4970 1071 4976
f 4976 1074 4974
f 4974 4970 4976
f 5075 1064 5402
f 5402 1278 5404
f 5404 1114 5075
f 5075 5402 5404
f 5402 1064 4954
f 4954 1063 5401
f 5401 1278 5402
f 5402 4954 5401
f 5325 1245 6268
f 6268 1567 6269
f 6269 1246 5325
f 5325 6268 6269
f 6268 1245 6061
f 6061 1509 6271
f 6271 1567 6268
f 6268 6061 6271
f 5981 1114 5406
f 5406 1279 5982
f 5982 1481 5981
f 5981 5406 5982
f 5406 1114 5404
f 5404 1278 5408
f 5408 1279 5406
f 5406 5404 5408
f 6003 1487 6660
f 6660 1681 6661
f 6661 1488 6003
f 6003 6660 6661
f 6660 1487 6663
f 6663 1682 6666
f 6666 1681 6660
f 6660 6663 6666
f 6064 1245 5396
f 5396 1276 6065
f 6065 1510 6064
f 6064 5396 6065
f 5396 1245 5323
f 5323 1244 5395
f 5395 1276 5396
f 5396 5323 5395
f 6265 1246 6274
f 6274 1569 6275
f 6275 1566 6265
f 6265 6274 6275
f 6274 1246 6269
f 6269 1567 6276
f 6276 1569 6274
f 6274 6269 6276
f 6678 1488 6001
f 6001 1384 6676
f 6676 1685 6678
f 6678 6001 6676
f 6001 1488 6661
f 6661 1681 6658
f 6658 1384 6001
f 6001 6661 6658
f 7052 1481 7045
f 7045 1773 7054
f 7054 1775 7052
f 7052 7045 7054
f 7045 1481 5982
f 5982 1279 7044
f 7044 1773 7045
f 7045 5982 7044
f 6069 1510 7628
f 7666 1775 7657
f 7657 1916 7668
f 7668 1918 7666
f 7666 7657 7668
f 7657 1775 7054
f 7054 1773 7656
f 7656 1916 7657
f 7657 7054 7656
f 6674 1685 6675
f 6675 1066 4960
f 4960 1065 6674
f 6674 6675 4960
f 6675 1685 6676
f 6676 1384 5702
f 5702 1066 6675
f 6675 6676 5702
f 7665 1566 7669
f 7669 1919 7674
f 7674 1918 7665
f 7665 7669 7674
f 7669 1566 6275
f 6275 1569 7670
f 7670 1919 7669
f 7669 6275 7670
f 4884 1023 7691
f 7691 1923 7692
f 7692 1024 4884
f 4884 7691 7692
f 7691 1023 6877
f 6877 1732 7696
f 7696 1923 7691
f 7691 6877 7696
f 6670 1684 6740
f 6740 1698 6737
f 6737 1025 6670
f 6670 6740 6737
f 6740 1684 7683
f 7683 1921 7684
f 7684 1698 6740
f 6740 7683 7684
f 5997 1486 5998
f 5998 1025 4885
f 4885 1024 5997
f 5997 5998 4885
f 5998 1486 6671
f 6671 1684 6670
f 6670 1025 5998
f 5998 6671 6670
f 5997 1024 5999
f 5999 1487 6000
f 6000 1486 5997
f 5997 5999 6000
f 5999 1024 7692
f 7692 1923 7693
f 7693 1487 5999
f 5999 7692 7693
f 7693 1923 7694
f 7694 1682 6663
f 6663 1487 7693
f 7693 7694 6663
f 7694 1923 7695
f 7695 1700 6749
f 6749 1682 7694
f 7694 7695 6749
f 5091 1123 6508
f 6508 1645 6509
f 6509 1124 5091
f 5091 6508 6509
f 6508 1123 6973
f 6973 1753 6977
f 6977 1645 6508
f 6508 6973 6977
f 5118 1142 7213
f 7213 1818 7212
f 7212 1139 5118
f 5118 7213 7212
f 7213 1142 5352
f 5352 1258 7216
f 7216 1818 7213
f 7213 5352 7216
f 5339 1252 7060
f 7060 1777 7059
f 7059 1250 5339
f 5339 7060 7059
f 7060 1252 7620
f 7620 1911 7624
f 7624 1777 7060
f 7060 7620 7624
f 5347 1256 6760
f 6760 1702 6759
f 6759 1253 5347
f 5347 6760 6759
f 6760 1256 5503
f 5503 1316 6762
f 6762 1702 6760
f 6760 5503 6762
f 5480 1304 6178
f 6178 1539 6179
f 6179 1305 5480
f 5480 6178 6179
f 6178 1304 6884
f 6884 1733 6887
f 6887 1539 6178
f 6178 6884 6887
f 5522 1325 6347
f 6347 1591 6346
f 6346 1322 5522
f 5522 6347 6346
f 6347 1325 5521
f 5521 1118 6345
f 6345 1591 6347
f 6347 5521 6345
f 5348 1255 5538
f 5538 1333 5539
f 5539 1256 5348
f 5348 5538 5539
f 5538 1255 6992
f 6992 1757 6993
f 6993 1333 5538
f 5538 6992 6993
f 6987 1756 6988
f 6988 1472 5960
f 5960 1471 6987
f 6987 6988 5960
f 6988 1756 6989
f 6989 1755 6983
f 6983 1472 6988
f 6988 6989 6983
f 5964 1476 7304
f 7304 1839 7303
f 7303 1473 5964
f 5964 7304 7303
f 7304 1476 7297
f 7297 1838 7306
f 7306 1839 7304
f 7304 7297 7306
f 6032 1499 6656
f 6656 1680 6655
f 6655 1496 6032
f 6032 6656 6655
f 6656 1499 6031
f 6031 1302 6652
f 6652 1680 6656
f 6656 6031 6652
f 6040 1502 6976
f 6976 1753 6973
f 6973 1123 6040
f 6040 6976 6973
f 6976 1502 6980
f 6980 1754 6981
f 6981 1753 6976
f 6976 6980 6981
f 5107 1135 5106
f 5106 554 4777
f 4777 975 5107
f 5107 5106 4777
f 5106 1135 5478
f 5478 1305 5476
f 5476 554 5106
f 5106 5478 5476
f 6319 1581 6315
f 6315 1115 6306
f 6306 1578 6319
f 6319 6315 6306
f 6315 1581 6318
f 6318 1143 5120
f 5120 1115 6315
f 6315 6318 5120
f 6364 1599 6365
f 6365 1323 5518
f 5518 1322 6364
f 6364 6365 5518
f 6365 1599 6919
f 6919 1739 6916
f 6916 1323 6365
f 6365 6919 6916
f 6514 1646 6515
f 6515 1614 6407
f 6407 1613 6514
f 6514 6515 6407
f 6515 1646 6971
f 6971 1752 6969
f 6969 1614 6515
f 6515 6971 6969
f 6420 1618 6421
f 6421 1620 6422
f 6422 1619 6420
f 6420 6421 6422
f 6421 1618 6423
f 6423 1621 6424
f 6424 1620 6421
f 6421 6423 6424
f 6964 1751 6965
f 6965 1644 6507
f 6507 1643 6964
f 6964 6965 6507
f 6965 1751 6966
f 6966 1666 6593
f 6593 1644 6965
f 6965 6966 6593
f 6969 1752 6970
f 6970 1643 6503
f 6503 1614 6969
f 6969 6970 6503
f 6970 1752 6972
f 6972 1751 6964
f 6964 1643 6970
f 6970 6972 6964
f 6403 1613 6402
f 6402 1121 5089
f 5089 1124 6403
f 6403 6402 5089
f 6402 1613 6405
f 6405 1612 6399
f 6399 1121 6402
f 6402 6405 6399
f 6527 1649 7298
f 7298 1838 7297
f 7297 1476 6527
f 6527 7298 7297
f 7298 1649 7294
f 7294 1837 7300
f 7300 1838 7298
f 7298 7294 7300
f 6528 1619 7292
f 7292 1837 7294
f 7294 1649 6528
f 6528 7292 7294
f 7292 1619 6422
f 6422 1620 7293
f 7293 1837 7292
f 7292 6422 7293
f 6537 1651 6922
f 6922 1740 6923
f 6923 1652 6537
f 6537 6922 6923
f 6922 1651 6927
f 6927 1741 6928
f 6928 1740 6922
f 6922 6927 6928
f 6597 1183 6506
f 6506 1644 6598
f 6598 1668 6597
f 6597 6506 6598
f 6506 1183 5195
f 5195 1182 6505
f 6505 1644 6506
f 6506 5195 6505
f 6696 1689 6692
f 6692 1329 6681
f 6681 1686 6696
f 6696 6692 6681
f 6692 1689 6693
f 6693 1330 5532
f 5532 1329 6692
f 6692 6693 5532
f 6735 1697 6733
f 6733 1302 6031
f 6031 1499 6735
f 6735 6733 6031
f 6733 1697 6734
f 6734 1303 5472
f 5472 1302 6733
f 6733 6734 5472
f 6731 1253 5471
f 5471 1303 6734
f 6734 1697 6731
f 6731 5471 6734
f 5471 1253 6759
f 6759 1702 6761
f 6761 1303 5471
f 5471 6759 6761
f 7002 1761 7610
f 7610 1909 7609
f 7609 1758 7002
f 7002 7610 7609
f 7610 1761 7615
f 7615 1910 7619
f 7619 1909 7610
f 7610 7615 7619
f 7069 1779 7067
f 7067 1248 5334
f 5334 1250 7069
f 7069 7067 5334
f 7067 1779 7068
f 7068 1249 5333
f 5333 1248 7067
f 7067 7068 5333
f 7182 1811 7179
f 7179 1472 7174
f 7174 1810 7182
f 7182 7179 7174
f 7179 1811 7178
f 7178 1469 5959
f 5959 1472 7179
f 7179 7178 5959
f 5958 1470 5954
f 5954 1333 5956
f 5956 1471 5958
f 5958 5954 5956
f 5954 1470 5953
f 5953 1332 5540
f 5540 1333 5954
f 5954 5953 5540
f 6316 1139 5122
f 5122 1143 6318
f 6318 1581 6316
f 6316 5122 6318
f 5122 1139 7212
f 7212 1818 7214
f 7214 1143 5122
f 5122 7212 7214
f 5474 1142 6883
f 6883 1733 6884
f 6884 1304 5474
f 5474 6883 6884
f 6883 1142 5119
f 5119 1141 6882
f 6882 1733 6883
f 6883 5119 6882
f 7248 1750 7252
f 7252 1826 7254
f 7254 1825 7248
f 7248 7252 7254
f 7252 1750 6961
f 6961 1749 7251
f 7251 1826 7252
f 7252 6961 7251
f 7260 1829 7259
f 7259 1826 7257
f 7257 1827 7260
f 7260 7259 7257
f 7259 1829 7258
f 7258 1823 7253
f 7253 1826 7259
f 7259 7258 7253
f 7255 1748 7264
f 7264 1830 7265
f 7265 1827 7255
f 7255 7264 7265
f 7264 1748 6954
f 6954 1747 7263
f 7263 1830 7264
f 7264 6954 7263
f 7271 1830 7262
f 7262 1746 7269
f 7269 1831 7271
f 7271 7262 7269
f 7262 1830 7263
f 7263 1747 6951
f 6951 1746 7262
f 7262 7263 6951
f 7277 1833 7278
f 7278 1832 7274
f 7274 1831 7277
f 7277 7278 7274
f 7278 1833 7282
f 7282 1834 7281
f 7281 1832 7278
f 7278 7282 7281
f 7286 1833 7275
f 7275 1744 7285
f 7285 1835 7286
f 7286 7275 7285
f 7275 1833 7276
f 7276 1745 6944
f 6944 1744 7275
f 7275 7276 6944
f 7283 1473 7289
f 7289 1836 7291
f 7291 1835 7283
f 7283 7289 7291
f 7289 1473 7303
f 7303 1839 7305
f 7305 1836 7289
f 7289 7303 7305
f 7250 1824 7244
f 7244 1668 7247
f 7247 1825 7250
f 7250 7244 7247
f 7244 1824 7242
f 7242 1183 6597
f 6597 1668 7244
f 7244 7242 6597
f 6532 1651 6533
f 6533 1621 6423
f 6423 1618 6532
f 6532 6533 6423
f 6533 1651 6534
f 6534 1650 6530
f 6530 1621 6533
f 6533 6534 6530
f 7594 1907 7595
f 7595 1901 7573
f 7573 1900 7594
f 7594 7595 7573
f 7595 1907 7596
f 7596 1903 7579
f 7579 1901 7595
f 7595 7596 7579
f 7579 1903 7587
f 7587 1905 7585
f 7585 1901 7579
f 7579 7587 7585
f 7587 1903 7580
f 7580 1902 7586
f 7586 1905 7587
f 7587 7580 7586
f 7608 1908 7607
f 7607 1905 7592
f 7592 1906 7608
f 7608 7607 7592
f 7607 1908 7606
f 7606 1904 7588
f 7588 1905 7607
f 7607 7606 7588
f 6680 1252 6684
f 6684 1687 6686
f 6686 1686 6680
f 6680 6684 6686
f 6684 1252 5340
f 5340 1251 6683
f 6683 1687 6684
f 6684 5340 6683
f 7633 1907 7594
f 7594 1900 7632
f 7632 7633 7594
f 7631 1907 7633
f 7070 1761 7001
f 7001 1249 7068
f 7068 1779 7070
f 7070 7001 7068
f 7001 1761 7004
f 7004 1760 6999
f 6999 1249 7001
f 7001 7004 6999
f 6694 1689 6695
f 6695 1497 6028
f 6028 1496 6694
f 6694 6695 6028
f 6695 1689 6697
f 6697 1688 6688
f 6688 1497 6695
f 6695 6697 6688
f 7590 1897 7563
f 7563 1758 7589
f 7589 1906 7590
f 7590 7563 7589
f 7563 1897 7564
f 7564 1759 6997
f 6997 1758 7563
f 7563 7564 6997
f 5414 1010 5020
f 5020 1095 5416
f 5416 1283 5414
f 5414 5020 5416
f 5020 1010 4866
f 4866 1009 5019
f 5019 1095 5020
f 5020 4866 5019
f 5634 1033 4981
f 4981 1075 5636
f 5636 1365 5634
f 5634 4981 5636
f 4981 1033 4897
f 4897 1006 4980
f 4980 1075 4981
f 4981 4897 4980
f 5019 1009 5023
f 5023 1096 5026
f 5026 1095 5019
f 5019 5023 5026
f 5023 1009 4951
f 4951 1062 5024
f 5024 1096 5023
f 5023 4951 5024
f 5207 1191 5208
f 5208 1120 5086
f 5086 1119 5207
f 5207 5208 5086
f 5208 1191 5693
f 5693 1382 5692
f 5692 1120 5208
f 5208 5693 5692
f 5083 1015 5210
f 5210 1192 5211
f 5211 1119 5083
f 5083 5210 5211
f 5210 1015 6301
f 6301 1577 6304
f 6304 1192 5210
f 5210 6301 6304
f 5365 1262 5362
f 5362 1261 5364
f 5364 1263 5365
f 5365 5362 5364
f 5362 1262 5361
f 5361 1239 5357
f 5357 1261 5362
f 5362 5361 5357
f 5372 1266 7685
f 7685 1922 7686
f 7686 1267 5372
f 5372 7685 7686
f 7685 1266 7680
f 7680 1921 7690
f 7690 1922 7685
f 7685 7680 7690
f 5377 1270 7681
f 7681 1921 7680
f 7680 1266 5377
f 5377 7681 7680
f 7681 1270 6738
f 6738 1698 7684
f 7684 1921 7681
f 7681 6738 7684
f 5382 1068 5386
f 5386 1273 5388
f 5388 1272 5382
f 5382 5386 5388
f 5386 1068 4963
f 4963 1067 5385
f 5385 1273 5386
f 5386 4963 5385
f 5463 1262 5360
f 5360 1237 5460
f 5460 1299 5463
f 5463 5360 5460
f 5360 1262 5359
f 5359 1235 5307
f 5307 1237 5360
f 5360 5359 5307
f 5465 1243 5466
f 5486 1307 6855
f 6855 1726 6856
f 6856 1308 5486
f 5486 6855 6856
f 6855 1307 6858
f 6858 1727 6862
f 6862 1726 6855
f 6855 6858 6862
f 5641 1365 5633
f 5633 1001 5639
f 5639 1366 5641
f 5641 5633 5639
f 5633 1365 5636
f 5636 1075 4978
f 4978 1001 5633
f 5633 5636 4978
f 5743 1263 5716
f 5716 1388 5745
f 5745 1398 5743
f 5743 5716 5745
f 5716 1263 5364
f 5364 1261 5715
f 5715 1388 5716
f 5716 5364 5715
f 5024 1062 5040
f 5040 1101 5041
f 5041 1096 5024
f 5024 5040 5041
f 5040 1062 5381
f 5381 1272 5383
f 5383 1101 5040
f 5040 5381 5383
f 6072 1511 6071
f 6071 1016 5085
f 5085 1120 6072
f 6072 6071 5085
f 6071 1511 6070
f 6070 998 4872
f 4872 1016 6071
f 6071 6070 4872
f 6279 1301 6289
f 6289 1573 6290
f 6290 1570 6279
f 6279 6289 6290
f 6289 1301 5466
f 5466 1243 6288
f 6288 1573 6289
f 6289 5466 6288
f 6296 1511 6589
f 6589 1665 6590
f 6590 1574 6296
f 6296 6589 6590
f 6589 1511 6073
f 6073 1381 6588
f 6588 1665 6589
f 6589 6073 6588
f 6294 1574 6295
f 6295 1367 5645
f 5645 1366 6294
f 6294 6295 5645
f 6295 1574 6590
f 6590 1665 6587
f 6587 1367 6295
f 6295 6590 6587
f 6636 1267 7676
f 7676 1920 7679
f 7679 1676 6636
f 6636 7676 7679
f 7676 1267 7686
f 7686 1922 7689
f 7689 1920 7676
f 7676 7686 7689
f 6741 1270 5449
f 5449 1296 6744
f 6744 1699 6741
f 6741 5449 6744
f 5449 1270 5378
f 5378 1269 5448
f 5448 1296 5449
f 5449 5378 5448
f 7438 1711 7441
f 7441 1869 7443
f 7443 1868 7438
f 7438 7441 7443
f 7441 1711 7699
f 7699 1924 7701
f 7701 1869 7441
f 7441 7699 7701
f 5483 750 5487
f 5487 1309 5490
f 5490 1308 5483
f 5483 5487 5490
f 5487 750 4752
f 4752 970 5488
f 5488 1309 5487
f 5487 4752 5488
f 6900 1736 6901
f 6901 1729 6868
f 6868 1728 6900
f 6900 6901 6868
f 6901 1736 6909
f 6909 1737 6908
f 6908 1729 6901
f 6901 6909 6908
f 6876 1731 6896
f 6896 1735 6895
f 6895 1730 6876
f 6876 6896 6895
f 6896 1731 6892
f 6892 1734 6897
f 6897 1735 6896
f 6896 6892 6897
f 6743 1699 6742
f 6742 1271 5387
f 5387 1273 6743
f 6743 6742 5387
f 6742 1699 6744
f 6744 1296 5450
f 5450 1271 6742
f 6742 6744 5450
f 7049 1299 7036
f 7036 1770 7050
f 7050 1774 7049
f 7049 7036 7050
f 7036 1299 5460
f 5460 1237 7035
f 7035 1770 7036
f 7036 5460 7035
f 6871 1730 6869
f 6869 1584 6334
f 6334 1586 6871
f 6871 6869 6334
f 6869 1730 6872
f 6872 1728 6864
f 6864 1584 6869
f 6869 6872 6864
f 6873 1731 6875
f 6875 1727 6858
f 6858 1307 6873
f 6873 6875 6858
f 6875 1731 6874
f 6874 1585 6861
f 6861 1727 6875
f 6875 6874 6861
f 6908 1737 6905
f 6905 1192 6865
f 6865 1729 6908
f 6908 6905 6865
f 6905 1737 6904
f 6904 1190 5212
f 5212 1192 6905
f 6905 6904 5212
f 7440 1867 7433
f 7433 1405 7436
f 7436 1868 7440
f 7440 7433 7436
f 7433 1867 7434
f 7434 1406 5773
f 5773 1405 7433
f 7433 7434 5773
f 7479 1867 7472
f 7472 1877 7480
f 7480 1878 7479
f 7479 7472 7480
f 7472 1867 7435
f 7435 1866 7471
f 7471 1877 7472
f 7472 7435 7471
f 5414 1283 7477
f 7477 1878 7475
f 7475 1010 5414
f 5414 7477 7475
f 7477 1283 5417
f 5417 1282 7476
f 7476 1878 7477
f 7477 5417 7476
f 7661 1774 7641
f 7641 1913 7662
f 7662 1917 7661
f 7661 7641 7662
f 7641 1774 7050
f 7050 1770 7640
f 7640 1913 7641
f 7641 7050 7640
f 6639 1676 6640
f 6640 1399 5750
f 5750 1398 6639
f 6639 6640 5750
f 6640 1676 7679
f 7679 1920 7677
f 7677 1399 6640
f 6640 7679 7677
f 7658 1570 7643
f 7643 1914 7663
f 7663 1917 7658
f 7658 7643 7663
f 7643 1570 6290
f 6290 1573 7644
f 7644 1914 7643
f 7643 6290 7644
f 5524 1326 5525
f 5525 977 4787
f 4787 950 5524
f 5524 5525 4787
f 5525 1326 5526
f 5526 1228 5288
f 5288 977 5525
f 5525 5526 5288
f 4983 1076 4984
f 4984 1006 4861
f 4861 1005 4983
f 4983 4984 4861
f 4984 1076 4985
f 4985 1075 4980
f 4980 1006 4984
f 4984 4985 4980
f 5634 1365 5635
f 5635 1034 4901
f 4901 1033 5634
f 5634 5635 4901
f 5635 1365 5637
f 5637 1364 5630
f 5630 1034 5635
f 5635 5637 5630
f 4924 1049 4919
f 4919 1014 4921
f 4921 1050 4924
f 4924 4919 4921
f 4919 1049 4918
f 4918 1011 4870
f 4870 1014 4919
f 4919 4918 4870
f 5622 1361 5623
f 5623 1060 4948
f 4948 1059 5622
f 5622 5623 4948
f 5623 1361 5624
f 5624 1360 5621
f 5621 1060 5623
f 5623 5624 5621
f 5029 1098 5030
f 5030 1070 4969
f 4969 1069 5029
f 5029 5030 4969
f 5030 1098 6189
f 6189 1541 6188
f 6188 1070 5030
f 5030 6189 6188
f 4994 1079 4987
f 4987 1007 4991
f 4991 1080 4994
f 4994 4987 4991
f 4987 1079 4988
f 4988 1008 4862
f 4862 1007 4987
f 4987 4988 4862
f 4965 1068 5033
f 5033 1099 5034
f 5034 1069 4965
f 4965 5033 5034
f 5033 1068 4962
f 4962 1061 5032
f 5032 1099 5033
f 5033 4962 5032
f 4859 1004 5045
f 5045 1103 5046
f 5046 1005 4859
f 4859 5045 5046
f 5045 1004 6774
f 6774 1706 6775
f 6775 1103 5045
f 5045 6774 6775
f 5032 1061 4989
f 4989 1079 5036
f 5036 1099 5032
f 5032 4989 5036
f 4989 1061 4949
f 4949 1008 4988
f 4988 1079 4989
f 4989 4949 4988
f 5070 1050 4996
f 4996 1082 5072
f 5072 1112 5070
f 5070 4996 5072
f 4996 1050 4921
f 4921 1014 4995
f 4995 1082 4996
f 4996 4921 4995
f 6348 1592 6349
f 6349 1118 5082
f 5082 1117 6348
f 6348 6349 5082
f 6349 1592 6350
f 6350 1591 6345
f 6345 1118 6349
f 6349 6350 6345
f 5597 1354 5598
f 5598 1150 5134
f 5134 1149 5597
f 5597 5598 5134
f 5598 1354 5616
f 5616 1359 5613
f 5613 1150 5598
f 5598 5616 5613
f 5160 1166 5159
f 5159 1162 5156
f 5156 1165 5160
f 5160 5159 5156
f 5159 1166 5167
f 5167 1169 5166
f 5166 1162 5159
f 5159 5167 5166
f 6775 1706 6776
f 6776 1275 5392
f 5392 1103 6775
f 6775 6776 5392
f 6776 1706 6777
f 6777 1705 6773
f 6773 1275 6776
f 6776 6777 6773
f 5424 1098 5429
f 5429 1289 5431
f 5431 1288 5424
f 5424 5429 5431
f 5429 1098 5031
f 5031 1097 5428
f 5428 1289 5429
f 5429 5031 5428
f 5694 1382 5695
f 5695 1321 5517
f 5517 1320 5694
f 5694 5695 5517
f 5695 1382 5693
f 5693 1191 5515
f 5515 1321 5695
f 5695 5693 5515
f 6309 1579 6310
f 6310 1325 5523
f 5523 1324 6309
f 6309 6310 5523
f 6310 1579 6311
f 6311 1578 6308
f 6308 1325 6310
f 6310 6311 6308
f 5613 1359 5615
f 5615 1169 5165
f 5165 1150 5613
f 5613 5615 5165
f 5615 1359 5614
f 5614 1162 5166
f 5166 1169 5615
f 5615 5614 5166
f 5514 1319 5697
f 5697 1383 5698
f 5698 1320 5514
f 5514 5697 5698
f 5697 1319 6559
f 6559 1659 6560
f 6560 1383 5697
f 5697 6559 6560
f 5756 1401 5896
f 5896 1452 5895
f 5895 1400 5756
f 5756 5896 5895
f 5896 1401 6815
f 6815 1718 6816
f 6816 1452 5896
f 5896 6815 6816
f 5752 1112 5071
f 5071 1081 5751
f 5751 1400 5752
f 5752 5071 5751
f 5071 1112 5072
f 5072 1082 4997
f 4997 1081 5071
f 5071 5072 4997
f 5900 1355 5599
f 5599 1149 5899
f 5899 1454 5900
f 5900 5599 5899
f 5599 1355 5600
f 5600 1354 5597
f 5597 1149 5599
f 5599 5600 5597
f 5907 1456 5918
f 5918 1459 5917
f 5917 1455 5907
f 5907 5918 5917
f 5918 1456 5921
f 5921 1460 5922
f 5922 1459 5918
f 5918 5921 5922
f 4967 1070 4966
f 4966 1023 4886
f 4886 1026 4967
f 4967 4966 4886
f 4966 1070 6188
f 6188 1541 6187
f 6187 1023 4966
f 4966 6188 6187
f 5905 1455 5904
f 5904 1286 5430
f 5430 1289 5905
f 5905 5904 5430
f 5904 1455 5917
f 5917 1459 5915
f 5915 1286 5904
f 5904 5917 5915
f 7170 1502 6380
f 6380 1605 7171
f 7171 1809 7170
f 7170 6380 7171
f 6380 1502 6041
f 6041 1501 6379
f 6379 1605 6380
f 6380 6041 6379
f 5426 1287 6193
f 6193 1542 6194
f 6194 1288 5426
f 5426 6193 6194
f 6193 1287 5422
f 5422 1280 6191
f 6191 1542 6193
f 6193 5422 6191
f 6202 1512 6077
f 6077 1454 6201
f 6201 1544 6202
f 6202 6077 6201
f 6077 1512 6076
f 6076 1355 5900
f 5900 1454 6077
f 6077 6076 5900
f 6933 1743 6934
f 6934 1590 6344
f 6344 1589 6933
f 6933 6934 6344
f 6934 1743 6935
f 6935 1647 6518
f 6518 1590 6934
f 6934 6935 6518
f 6548 1656 6549
f 6549 1594 6355
f 6355 1593 6548
f 6548 6549 6355
f 6549 1656 6550
f 6550 1653 6538
f 6538 1594 6549
f 6549 6550 6538
f 6538 1653 6539
f 6539 1599 6366
f 6366 1594 6538
f 6538 6539 6366
f 6539 1653 6541
f 6541 1652 6535
f 6535 1599 6539
f 6539 6541 6535
f 6383 1603 6375
f 6375 1122 6382
f 6382 1606 6383
f 6383 6375 6382
f 6375 1603 6376
f 6376 1501 6038
f 6038 1122 6375
f 6375 6376 6038
f 5515 1191 6409
f 6409 1615 6410
f 6410 1321 5515
f 5515 6409 6410
f 6409 1191 5209
f 5209 1190 6408
f 6408 1615 6409
f 6409 5209 6408
f 6440 1319 6444
f 6444 1630 6447
f 6447 1629 6440
f 6440 6444 6447
f 6444 1319 5512
f 5512 1318 6443
f 6443 1630 6444
f 6444 5512 6443
f 6562 1659 6561
f 6561 1629 6486
f 6486 1639 6562
f 6562 6561 6486
f 6561 1659 6559
f 6559 1319 6440
f 6440 1629 6561
f 6561 6559 6440
f 6443 1318 6342
f 6342 1590 6445
f 6445 1630 6443
f 6443 6342 6445
f 6342 1318 6336
f 6336 1587 6343
f 6343 1590 6342
f 6342 6336 6343
f 6569 1661 6568
f 6568 1381 5699
f 5699 1383 6569
f 6569 6568 5699
f 6568 1661 6591
f 6591 1665 6588
f 6588 1381 6568
f 6568 6591 6588
f 6579 1660 6565
f 6565 1639 6578
f 6578 1663 6579
f 6579 6565 6578
f 6565 1660 6566
f 6566 1659 6562
f 6562 1639 6565
f 6565 6566 6562
f 5629 1362 6563
f 6563 1660 6564
f 6564 1363 5629
f 5629 6563 6564
f 6563 1362 6567
f 6567 1661 6571
f 6571 1660 6563
f 6563 6567 6571
f 6580 1662 6572
f 6572 1012 6575
f 6575 1663 6580
f 6580 6572 6575
f 6572 1662 6573
f 6573 1013 4869
f 4869 1012 6572
f 6572 6573 4869
f 6778 1336 6783
f 6783 1708 6785
f 6785 1707 6778
f 6778 6783 6785
f 6783 1336 5544
f 5544 1335 6782
f 6782 1708 6783
f 6783 5544 6782
f 6787 1404 6779
f 6779 1707 6790
f 6790 1709 6787
f 6787 6779 6790
f 6779 1404 5767
f 5767 1336 6778
f 6778 1707 6779
f 6779 5767 6778
f 6793 1405 6788
f 6788 1709 6794
f 6794 1710 6793
f 6793 6788 6794
f 6788 1405 5769
f 5769 1404 6787
f 6787 1709 6788
f 6788 5769 6787
f 7438 1868 7437
f 7437 1710 6797
f 6797 1711 7438
f 7438 7437 6797
f 7437 1868 7436
f 7436 1405 6793
f 6793 1710 7437
f 7437 7436 6793
f 7447 1713 7452
f 7452 1873 7454
f 7454 1872 7447
f 7447 7452 7454
f 7452 1713 6802
f 6802 1712 7451
f 7451 1873 7452
f 7452 6802 7451
f 7461 1715 6837
f 6837 1722 7462
f 7462 1875 7461
f 7461 6837 7462
f 6837 1715 6809
f 6809 1714 6836
f 6836 1722 6837
f 6837 6809 6836
f 6836 1714 6831
f 6831 1721 6838
f 6838 1722 6836
f 6836 6831 6838
f 6831 1714 6812
f 6812 1716 6832
f 6832 1721 6831
f 6831 6812 6832
f 6814 1717 6833
f 6833 1721 6832
f 6832 1716 6814
f 6814 6833 6832
f 6833 1717 6827
f 6827 1720 6834
f 6834 1721 6833
f 6833 6827 6834
f 6821 1719 6828
f 6828 1720 6827
f 6827 1717 6821
f 6821 6828 6827
f 6828 1719 6820
f 6820 1547 6826
f 6826 1720 6828
f 6828 6820 6826
f 5755 1294 6198
f 6198 1544 6199
f 6199 1401 5755
f 5755 6198 6199
f 6198 1294 6074
f 6074 1512 6202
f 6202 1544 6198
f 6198 6074 6202
f 6880 1732 6879
f 6879 1541 6195
f 6195 1542 6880
f 6880 6879 6195
f 6879 1732 6877
f 6877 1023 6187
f 6187 1541 6879
f 6879 6877 6187
f 5520 1323 6911
f 6911 1738 6912
f 6912 1324 5520
f 5520 6911 6912
f 6911 1323 6338
f 6338 1588 6913
f 6913 1738 6911
f 6911 6338 6913
f 6924 1740 6921
f 6921 1589 6918
f 6918 1739 6924
f 6924 6921 6918
f 6921 1740 6936
f 6936 1743 6933
f 6933 1589 6921
f 6921 6936 6933
f 5161 1166 7162
f 7162 1807 7163
f 7163 1167 5161
f 5161 7162 7163
f 7162 1166 6979
f 6979 1754 7164
f 7164 1807 7162
f 7162 6979 7164
f 7100 1791 7101
f 7101 1790 7098
f 7098 1789 7100
f 7100 7101 7098
f 7101 1791 7343
f 7343 1848 7342
f 7342 1790 7101
f 7101 7343 7342
f 5080 1116 7122
f 7122 1798 7123
f 7123 1117 5080
f 5080 7122 7123
f 7122 1116 7199
f 7199 1815 7202
f 7202 1798 7122
f 7122 7199 7202
f 7133 1458 6819
f 6819 1719 7136
f 7136 1801 7133
f 7133 6819 7136
f 6819 1458 6216
f 6216 1547 6820
f 6820 1719 6819
f 6819 6216 6820
f 7137 1053 7132
f 7132 1801 7141
f 7141 1802 7137
f 7137 7132 7141
f 7132 1053 5912
f 5912 1458 7133
f 7133 1801 7132
f 7132 5912 7133
f 7142 1054 7138
f 7138 1802 7146
f 7146 1803 7142
f 7142 7138 7146
f 7138 1054 4929
f 4929 1053 7137
f 7137 1802 7138
f 7138 4929 7137
f 7147 1145 7143
f 7143 1803 7151
f 7151 1804 7147
f 7147 7143 7151
f 7143 1145 5125
f 5125 1054 7142
f 7142 1803 7143
f 7143 5125 7142
f 7154 1172 7150
f 7150 1804 7156
f 7156 1805 7154
f 7154 7150 7156
f 7150 1172 5176
f 5176 1145 7147
f 7147 1804 7150
f 7150 5176 7147
f 7159 1173 7155
f 7155 1805 7161
f 7161 1806 7159
f 7159 7155 7161
f 7155 1173 5180
f 5180 1172 7154
f 7154 1805 7155
f 7155 5180 7154
f 7159 1806 7160
f 7160 1755 6982
f 6982 1173 7159
f 7159 7160 6982
f 7160 1806 7168
f 7168 1808 7167
f 7167 1755 7160
f 7160 7168 7167
f 7167 1808 7166
f 7166 1472 6983
f 6983 1755 7167
f 7167 7166 6983
f 7166 1808 7176
f 7176 1810 7174
f 7174 1472 7166
f 7166 7176 7174
f 7188 1812 7183
f 7183 1469 7178
f 7178 1811 7188
f 7188 7183 7178
f 7183 1812 7184
f 7184 1602 6372
f 6372 1469 7183
f 7183 7184 6372
f 7184 1812 7187
f 7187 1785 7085
f 7085 1602 7184
f 7184 7187 7085
f 7187 1812 7193
f 7193 1813 7190
f 7190 1785 7187
f 7187 7193 7190
f 7202 1815 7203
f 7203 1814 7197
f 7197 1798 7202
f 7202 7203 7197
f 7203 1815 7201
f 7201 1786 7194
f 7194 1814 7203
f 7203 7201 7194
f 6378 1603 7090
f 7090 1788 7091
f 7091 1604 6378
f 6378 7090 7091
f 7090 1603 7093
f 7093 1789 7096
f 7096 1788 7090
f 7090 7093 7096
f 7371 1797 7121
f 7121 1790 7370
f 7370 1854 7371
f 7371 7121 7370
f 7121 1797 7120
f 7120 1787 7097
f 7097 1790 7121
f 7121 7120 7097
f 7192 1788 7196
f 7196 1814 7198
f 7198 1813 7192
f 7192 7196 7198
f 7196 1788 7092
f 7092 1787 7195
f 7195 1814 7196
f 7196 7092 7195
f 6913 1588 6412
f 6412 1615 6914
f 6914 1738 6913
f 6913 6412 6914
f 6412 1588 6339
f 6339 1587 6411
f 6411 1615 6412
f 6412 6339 6411
f 7373 1853 7363
f 7363 1593 7369
f 7369 1854 7373
f 7373 7363 7369
f 7363 1853 7364
f 7364 1656 6548
f 6548 1593 7363
f 7363 7364 6548
f 7468 1871 7489
f 7489 1880 7490
f 7490 1876 7468
f 7468 7489 7490
f 7489 1871 7446
f 7446 1870 7488
f 7488 1880 7489
f 7489 7446 7488
f 7485 1879 7484
f 7484 1870 7457
f 7457 1874 7485
f 7485 7484 7457
f 7484 1879 7491
f 7491 1880 7488
f 7488 1870 7484
f 7484 7491 7488
f 7482 1456 7487
f 7487 1880 7491
f 7491 1879 7482
f 7482 7487 7491
f 7487 1456 5906
f 5906 1077 7486
f 7486 1880 7487
f 7487 5906 7486
f 7466 1080 7470
f 7470 1877 7473
f 7473 1876 7466
f 7466 7470 7473
f 7470 1080 4991
f 4991 1007 7469
f 7469 1877 7470
f 7470 4991 7469
f 7519 1886 7517
f 7517 1275 7511
f 7511 1885 7519
f 7519 7517 7511
f 7517 1886 7516
f 7516 1274 5393
f 5393 1275 7517
f 7517 7516 5393
f 7531 1884 7508
f 7508 1708 7529
f 7529 1888 7531
f 7531 7508 7529
f 7508 1884 7507
f 7507 1705 6784
f 6784 1708 7508
f 7508 7507 6784
f 4794 978 7509
f 7509 1885 7510
f 7510 979 4794
f 4794 7509 7510
f 7509 978 7515
f 7515 1886 7519
f 7519 1885 7509
f 7509 7515 7519
f 4800 980 7526
f 7526 1888 7527
f 7527 981 4800
f 4800 7526 7527
f 7526 980 7506
f 7506 1884 7531
f 7531 1888 7526
f 7526 7506 7531
f 6308 1578 6307
f 6307 1118 5521
f 5521 1325 6308
f 6308 6307 5521
f 6307 1578 6306
f 6306 1115 5081
f 5081 1118 6307
f 6307 6306 5081
f 7164 1754 7172
f 7172 1809 7173
f 7173 1807 7164
f 7164 7172 7173
f 7172 1754 6980
f 6980 1502 7170
f 7170 1809 7172
f 7172 6980 7170
f 6535 1652 6920
f 6920 1739 6919
f 6919 1599 6535
f 6535 6920 6919
f 6920 1652 6923
f 6923 1740 6924
f 6924 1739 6920
f 6920 6923 6924
f 7180 1811 7181
f 7181 1809 7171
f 7171 1605 7180
f 7180 7181 7171
f 7181 1811 7182
f 7182 1810 7177
f 7177 1809 7181
f 7181 7182 7177
f 4899 1032 4895
f 4895 1006 4897
f 4897 1033 4899
f 4899 4895 4897
f 4895 1032 4894
f 4894 1003 4860
f 4860 1006 4895
f 4895 4894 4860
f 6796 1032 7698
f 7698 1924 7699
f 7699 1711 6796
f 6796 7698 7699
f 7698 1032 4896
f 4896 1031 7697
f 7697 1924 7698
f 7698 4896 7697
f 5619 1360 5620
f 5620 1012 4867
f 4867 1011 5619
f 5619 5620 4867
f 5620 1360 5627
f 5627 1363 5626
f 5626 1012 5620
f 5620 5627 5626
f 4946 1060 4944
f 4944 1011 4918
f 4918 1049 4946
f 4946 4944 4918
f 4944 1060 5621
f 5621 1360 5619
f 5619 1011 4944
f 4944 5621 5619
f 4947 1060 4945
f 4945 1048 4937
f 4937 1057 4947
f 4947 4945 4937
f 4945 1060 4946
f 4946 1049 4920
f 4920 1048 4945
f 4945 4946 4920
f 6806 1715 6807
f 6807 1057 4937
f 4937 1048 6806
f 6806 6807 4937
f 6807 1715 6808
f 6808 1712 6798
f 6798 1057 6807
f 6807 6808 6798
f 7461 1875 7460
f 7460 1712 6808
f 6808 1715 7461
f 7461 7460 6808
f 7460 1875 7463
f 7463 1873 7451
f 7451 1712 7460
f 7460 7463 7451
f 7464 1874 7458
f 7458 1873 7463
f 7463 1875 7464
f 7464 7458 7463
f 7458 1874 7457
f 7457 1870 7453
f 7453 1873 7458
f 7458 7457 7453
f 5625 1361 5642
f 5642 1367 5643
f 5643 1362 5625
f 5625 5642 5643
f 5642 1361 5632
f 5632 1364 5644
f 5644 1367 5642
f 5642 5632 5644
f 5622 1059 5631
f 5631 1364 5632
f 5632 1361 5622
f 5622 5631 5632
f 5631 1059 4941
f 4941 1034 5630
f 5630 1364 5631
f 5631 4941 5630
f 4943 1058 4939
f 4939 1034 4941
f 4941 1059 4943
f 4943 4939 4941
f 4939 1058 4938
f 4938 1031 4900
f 4900 1034 4939
f 4939 4938 4900
f 6801 1713 6800
f 6800 1031 4938
f 4938 1058 6801
f 6801 6800 4938
f 6800 1713 7700
f 7700 1924 7697
f 7697 1031 6800
f 6800 7700 7697
f 7447 1872 7702
f 7702 1924 7700
f 7700 1713 7447
f 7447 7702 7700
f 7702 1872 7448
f 7448 1869 7701
f 7701 1924 7702
f 7702 7448 7701
f 7450 1871 7445
f 7445 1869 7448
f 7448 1872 7450
f 7450 7445 7448
f 7445 1871 7444
f 7444 1866 7442
f 7442 1869 7445
f 7445 7444 7442
f 7696 1732 6881
f 6881 1700 7695
f 7695 1923 7696
f 7696 6881 7695
f 6881 1732 6878
f 6878 1281 6747
f 6747 1700 6881
f 6881 6878 6747
f 4888 1025 5923
f 5923 1461 5924
f 5924 1026 4888
f 4888 5923 5924
f 5923 1025 6737
f 6737 1698 6739
f 6739 1461 5923
f 5923 6737 6739
f 6218 1548 6217
f 6217 982 4806
f 4806 983 6218
f 6218 6217 4806
f 6217 1548 6222
f 6222 1392 5730
f 5730 982 6217
f 6217 6222 5730
f 4810 984 7407
f 7407 1861 7406
f 7406 895 4810
f 4810 7407 7406
f 7407 984 7412
f 7412 1862 7415
f 7415 1861 7407
f 7407 7412 7415
f 4809 894 7411
f 7411 1862 7412
f 7412 984 4809
f 4809 7411 7412
f 7411 894 7008
f 7008 1763 7414
f 7414 1862 7411
f 7411 7008 7414
f 4812 566 5313
f 5313 1241 5314
f 5314 985 4812
f 4812 5313 5314
f 5313 566 5309
f 5309 1238 5315
f 5315 1241 5313
f 5313 5309 5315
f 4817 986 6219
f 6219 1548 6218
f 6218 983 4817
f 4817 6219 6218
f 6219 986 5717
f 5717 1389 6221
f 6221 1548 6219
f 6219 5717 6221
f 4797 979 7505
f 7505 1884 7506
f 7506 980 4797
f 4797 7505 7506
f 7505 979 7510
f 7510 1885 7513
f 7513 1884 7505
f 7505 7510 7513
f 4791 925 7514
f 7514 1886 7515
f 7515 978 4791
f 4791 7514 7515
f 7514 925 6610
f 6610 1671 7518
f 7518 1886 7514
f 7514 6610 7518
f 6700 1174 5182
f 5182 969 6699
f 6699 1690 6700
f 6700 5182 6699
f 5182 1174 5181
f 5181 888 4746
f 4746 969 5182
f 5182 5181 4746
f 4804 982 5734
f 5734 1393 5732
f 5732 565 4804
f 4804 5734 5732
f 5734 982 5730
f 5730 1392 5737
f 5737 1393 5734
f 5734 5730 5737
f 4820 889 7421
f 7421 1864 7422
f 7422 987 4820
f 4820 7421 7422
f 7421 889 5187
f 5187 1177 7425
f 7425 1864 7421
f 7421 5187 7425
f 4825 981 7500
f 7500 1883 7501
f 7501 988 4825
f 4825 7500 7501
f 7500 981 7527
f 7527 1888 7530
f 7530 1883 7500
f 7500 7527 7530
f 5108 1136 5109
f 5109 975 4778
f 4778 901 5108
f 5108 5109 4778
f 5109 1136 5110
f 5110 1135 5107
f 5107 975 5109
f 5109 5110 5107
f 4824 988 6844
f 6844 1724 6843
f 6843 927 4824
f 4824 6844 6843
f 6844 988 7501
f 7501 1883 7504
f 7504 1724 6844
f 6844 7501 7504
f 4728 964 6233
f 6233 1553 6232
f 6232 571 4728
f 4728 6233 6232
f 6233 964 7546
f 7546 1894 7549
f 7549 1553 6233
f 6233 7546 7549
f 4819 987 5149
f 5149 1160 5148
f 5148 886 4819
f 4819 5149 5148
f 5149 987 7422
f 7422 1864 7423
f 7423 1160 5149
f 5149 7422 7423
f 4829 985 7040
f 7040 1772 7041
f 7041 989 4829
f 4829 7040 7041
f 7040 985 5314
f 5314 1241 7042
f 7042 1772 7040
f 7040 5314 7042
f 4831 887 7427
f 7427 1865 7428
f 7428 990 4831
f 4831 7427 7428
f 7427 887 5146
f 5146 1159 7429
f 7429 1865 7427
f 7427 5146 7429
f 4833 990 7382
f 7382 1856 7380
f 7380 899 4833
f 4833 7382 7380
f 7382 990 7428
f 7428 1865 7432
f 7432 1856 7382
f 7382 7428 7432
f 4458 572 6223
f 6223 1550 6224
f 6224 893 4458
f 4458 6223 6224
f 6223 572 6227
f 6227 1551 6229
f 6229 1550 6223
f 6223 6227 6229
f 4828 989 7648
f 7648 1915 7647
f 7647 965 4828
f 4828 7648 7647
f 7648 989 7041
f 7041 1772 7651
f 7651 1915 7648
f 7648 7041 7651
f 5711 1387 5712
f 5712 991 4834
f 4834 397 5711
f 5711 5712 4834
f 5712 1387 5723
f 5723 1390 5722
f 5722 991 5712
f 5712 5723 5722
f 5722 1390 5721
f 5721 986 4837
f 4837 991 5722
f 5722 5721 4837
f 5721 1390 5725
f 5725 1389 5717
f 5717 986 5721
f 5721 5725 5717
f 4838 595 5317
f 5317 595 5319
f 5288 1228 5287
f 5287 963 4788
f 4788 977 5288
f 5288 5287 4788
f 5287 1228 5293
f 5293 1231 5291
f 5291 963 5287
f 5287 5293 5291
f 4839 992 5707
f 5707 1386 5706
f 5706 396 4839
f 4839 5707 5706
f 5707 992 6752
f 6752 1701 6756
f 6756 1386 5707
f 5707 6752 6756
f 4841 401 6751
f 6751 1701 6752
f 6752 992 4841
f 4841 6751 6752
f 6751 401 5452
f 5452 1297 6755
f 6755 1701 6751
f 6751 5452 6755
